{
    "time": "2022-10-07-05-39-31",
    "generations": 200,
    "fitness history": [
        0.30619354548592037,
        0.345626820347421,
        0.4368097983394297,
        0.36629984446584885,
        0.27149561034896463,
        0.3543873992542574,
        0.4095122525036001,
        0.3227882532672883,
        0.4626443151779018,
        0.44195999870153435,
        0.3853078412210579,
        0.2491633245041128,
        0.4114644121114388,
        0.3135836539591722,
        0.3021425112359129,
        0.3428788674641215,
        0.352728150397928,
        0.23754482323170187,
        0.2614597943348102,
        0.3703915105169925,
        0.42271529898959903,
        0.4131939393489374,
        0.4201295400500447,
        0.39527674018477943,
        0.45628532181143044,
        0.39346058601803363,
        0.35840022950031963,
        0.27585838092226406,
        0.4558649318315341,
        0.4381094105908139,
        0.32748168336896427,
        0.342891734266126,
        0.32903560788759395,
        0.3267036656130493,
        0.32555489325935844,
        0.30580303015192817,
        0.25065684518048953,
        0.32383178041813565,
        0.3117599631456825,
        0.29894918557186867,
        0.3138460762466893,
        0.35714082559397264,
        0.4177877142017968,
        0.4154148257530999,
        0.4054533533228221,
        0.3588911405702009,
        0.3654859729802488,
        0.32176435825466065,
        0.323319400116005,
        0.45345289149712625,
        0.2829973636889246,
        0.335955237470151,
        0.36512476570342917,
        0.3730649968701696,
        0.3250735649050581,
        0.32629568572221723,
        0.3995965123410998,
        0.34027696353581327,
        0.3823468807958939,
        0.4330502262257106,
        0.36175684635766364,
        0.35477917021090966,
        0.3890950015342011,
        0.36847086272435803,
        0.37185650777743473,
        0.44496252435421774,
        0.3581291659611553,
        0.4520438316283377,
        0.3315212489636177,
        0.38158560357504123,
        0.3058311150230127,
        0.2877954477947132,
        0.4015754877940476,
        0.4579385886794759,
        0.4623011388266454,
        0.3104379408209127,
        0.43794689403882275,
        0.2690283849449392,
        0.35928325053301763,
        0.2922481096746718,
        0.2539797156307545,
        0.30445053884743656,
        0.34909914903085265,
        0.3836947632952345,
        0.37323339256397065,
        0.3191135937061614,
        0.3839040523680945,
        0.4111955068959473,
        0.38006549379183374,
        0.28913401460089333,
        0.3545639474232566,
        0.3627939105421132,
        0.3714719647942749,
        0.3906563944424045,
        0.3224997448316328,
        0.3735523098488674,
        0.23306948765988378,
        0.3828338743456124,
        0.2779843758483744,
        0.2784701560099626,
        0.3578544192029036,
        0.32457560223365456,
        0.42902395702018103,
        0.4517414544827196,
        0.3034731717904583,
        0.4424769189034533,
        0.3574718221259659,
        0.3033249729170996,
        0.24847704993661476,
        0.19085377897727338,
        0.268597654247773,
        0.3788654159123591,
        0.3497666877269159,
        0.39954315337856267,
        0.3338902542725533,
        0.3404502818412108,
        0.2503104770326634,
        0.3487340367899693,
        0.32239526425357334,
        0.1584949422040655,
        0.24613605575657332,
        0.45254716332024125,
        0.3132115052740812,
        0.3693942689167822,
        0.4027840690964556,
        0.37381610567560636,
        0.395275567364105,
        0.36803473937323344,
        0.4565916465714372,
        0.3207575832424776,
        0.46062103771122487,
        0.29737112020104395,
        0.3170120750026547,
        0.3557127399855998,
        0.36874550462361166,
        0.30621813043736185,
        0.46554224115315646,
        0.29220705898335786,
        0.3095899631985065,
        0.23184334721631447,
        0.32551645707283605,
        0.29747208196252595,
        0.3561145800019645,
        0.2648236300728059,
        0.39753858346796433,
        0.35710421227500616,
        0.3292277817112442,
        0.2954528239120885,
        0.32209459148568387,
        0.31668864494278554,
        0.3549432680297732,
        0.4405211004103869,
        0.3629413062570635,
        0.18357748325281173,
        0.37020329613407177,
        0.3949566028569824,
        0.40034325589768166,
        0.27604527378230576,
        0.31831120995296464,
        0.2910173775512389,
        0.33698921541825405,
        0.292312211706643,
        0.29164518331425815,
        0.3996839776291389,
        0.3034328373216594,
        0.33879558569687973,
        0.3674082802716177,
        0.40173916792771586,
        0.3008402068389034,
        0.33346756318005766,
        0.3413144581137375,
        0.33583536511661616,
        0.344839252855086,
        0.2881774803295616,
        0.22911080415292612,
        0.31749922428528354,
        0.45484020691330285,
        0.44612203830618485,
        0.37057540889793983,
        0.3855767331764963,
        0.42246451607654145,
        0.3284560281833438,
        0.30568087296316554,
        0.38230024149399633,
        0.30914286462937496,
        0.28930622643035947,
        0.3091261032171012,
        0.2701923014804325,
        0.3449713326320419,
        0.39551316298993233,
        0.3813567258345336,
        0.25136534260717575,
        0.31838874148543256,
        0.33948887299870256,
        0.40728915502777047,
        0.3855771000863431,
        0.2359811207581118,
        0.34338979231774525,
        0.1957564044239988,
        0.32221742406496373
    ],