{
    "time": "2022-10-07-06-31-16",
    "generations": 200,
    "fitness history": [
        0.33311866964258685,
        0.45828315796136065,
        0.3775592334097037,
        0.3514023382662163,
        0.2996646233735713,
        0.25816693826094467,
        0.4786843595638273,
        0.3832153868687485,
        0.3694208851172789,
        0.34153335141641095,
        0.3269049301927475,
        0.3844685324451465,
        0.3124251588775563,
        0.25456227670701287,
        0.3749957819344349,
        0.33086024745287596,
        0.3507919414275721,
        0.306271842402236,
        0.4179863218507236,
        0.4639933867106885,
        0.3144396798047939,
        0.33687596079503784,
        0.37889536097585025,
        0.38651708730097556,
        0.325175348373924,
        0.3536161661236153,
        0.35512818154386466,
        0.34820315582445394,
        0.29168803712263913,
        0.24444999183971416,
        0.48366873820528006,
        0.3368403677824465,
        0.49866497459071446,
        0.33093358233072484,
        0.34847345704726657,
        0.3754858405792307,
        0.3636683463703138,
        0.3621661125103352,
        0.29572322691075764,
        0.3695062642162913,
        0.31020835293681487,
        0.298670698980633,
        0.30143984839020466,
        0.35152824324414345,
        0.32270008866257405,
        0.5292974341495778,
        0.333837202979585,
        0.44116424802134274,
        0.3354249463342919,
        0.38903145804294803,
        0.4415628757686427,
        0.3353666054955221,
        0.37950283759701603,
        0.28252122437375443,
        0.379706099418722,
        0.43125254628410653,
        0.29914367432567557,
        0.25681311458239053,
        0.30248878620489217,
        0.29680705866502816,
        0.3971921502862428,
        0.33771170064503286,
        0.4435701176533766,
        0.3317615947112326,
        0.46117114138103504,
        0.44876740496242845,
        0.33245092524286557,
        0.41233484228257333,
        0.38875470624731145,
        0.41892870611510064,
        0.44311740342299655,
        0.278902064601143,
        0.45039437738706156,
        0.40500540977731064,
        0.3513365779294046,
        0.25972212517169807,
        0.2588493033035509,
        0.42166853182223685,
        0.32431701833270343,
        0.28332350612103185,
        0.30048446322292177,
        0.2890109032299514,
        0.28149703406270815,
        0.3610539316158237,
        0.34419924538694063,
        0.3009211783797641,
        0.2687242043537892,
        0.3300712833739453,
        0.28118986737026097,
        0.3724741016603543,
        0.3670780246737743,
        0.503495643929223,
        0.34718351007456205,
        0.45714062949550444,
        0.3456356289072462,
        0.3433597399731994,
        0.30875241723241215,
        0.3947721102155947,
        0.4490260244320534,
        0.3806049316968458,
        0.3706817899695707,
        0.35312613360918105,
        0.3624189849341177,
        0.365689543040086,
        0.417500229879648,
        0.4082970568575571,
        0.36451373105429213,
        0.4045038914396935,
        0.26261475821945146,
        0.3288766414226397,
        0.451225929506007,
        0.4004882368506908,
        0.33166656687266605,
        0.4371781092216744,
        0.2948871739104019,
        0.3787746815290094,
        0.30780903944712934,
        0.3577936393603433,
        0.41642937637155536,
        0.363246020960511,
        0.3580948846599305,
        0.37606496286079294,
        0.29238362427941605,
        0.35572471061184935,
        0.38359134297268127,
        0.39586976141955377,
        0.3833654784671206,
        0.327817205681541,
        0.29462354339797353,
        0.2560869675863551,
        0.2542561892251833,
        0.4363742276602513,
        0.3031997369433244,
        0.3216409762261386,
        0.3822876352416371,
        0.2845761391223188,
        0.3452210754105201,
        0.3769255706480352,
        0.3188748968039617,
        0.3741613964901763,
        0.27533781035918037,
        0.3705450659958452,
        0.3617407548958512,
        0.42999227173609916,
        0.304927174548227,
        0.29339407526185635,
        0.3025309769854444,
        0.3772615024287061,
        0.313284839031305,
        0.33776004473220667,
        0.4117215721285193,
        0.37102748875607633,
        0.4120113366983581,
        0.2887652915720204,
        0.447616932443203,
        0.3136421667190804,
        0.3374003386368877,
        0.3393793174983364,
        0.20465125986605745,
        0.35022194507194937,
        0.35744018639468167,
        0.3229885391183585,
        0.3744076277715833,
        0.3191330345209566,
        0.31202651909394985,
        0.3744575494931413,
        0.5616147141061505,
        0.37973265194394473,
        0.299286945707516,
        0.28543198673808773,
        0.3512480462322166,
        0.26325043416571353,
        0.3403772489945648,
        0.37946192128094564,
        0.24260333982711735,
        0.2598195235052278,
        0.4046147095858989,
        0.29290140269021875,
        0.3787784348599906,
        0.36404059386255083,
        0.3628236257680257,
        0.2707896209213166,
        0.26872272207344494,
        0.3740266909436214,
        0.29561484938719707,
        0.28049191429184095,
        0.38360445808315513,
        0.27459032815840306,
        0.28012910162950755,
        0.35791690580778074,
        0.4651021414674688,
        0.24880844708126587,
        0.26734722948878703,
        0.30965595494554704,
        0.34646990417758766,
        0.368759705041833,
        0.3433208992828648,
        0.33906105547843973,
        0.3996716520043424,
        0.27435311287509717
    ],