{
    "time": "2022-10-07-10-56-53",
    "generations": 200,
    "fitness history": [
        0.31707662705394457,
        0.3846731275997967,
        0.3190730122059288,
        0.33556373835530545,
        0.26462752482709984,
        0.33964139721913256,
        0.45451129742932567,
        0.38315344493329156,
        0.3577672427383486,
        0.28921936199276055,
        0.3965956206439048,
        0.27843655717156546,
        0.5001403911715806,
        0.30189803301997153,
        0.46703641943058527,
        0.2901004830377223,
        0.26621698584658143,
        0.34620594711000413,
        0.2920980186159183,
        0.34824998699235626,
        0.3400404580435991,
        0.37142201350707454,
        0.40583082536335463,
        0.2975658919901204,
        0.39026773559821754,
        0.2821826982591335,
        0.36465554720181986,
        0.4868881467512323,
        0.2453484340170509,
        0.26716965480587906,
        0.2059752367118217,
        0.4041341713484201,
        0.4315539241556322,
        0.2692510356162298,
        0.4032921072418152,
        0.4460915850921772,
        0.3574916978300407,
        0.3390050101133649,
        0.24875182536018012,
        0.323841972684059,
        0.48879829062224706,
        0.3525095469364608,
        0.3314707176408029,
        0.35381444211890395,
        0.4270380495333294,
        0.30483325400037814,
        0.3906602803224994,
        0.4615279401765337,
        0.28480092076591457,
        0.3640366788031005,
        0.3141355805241443,
        0.24540336500601634,
        0.2990922462083416,
        0.503013991971115,
        0.7528490038018276,
        0.6483784672583667,
        0.27897277158623296,
        0.4139876095652092,
        0.3227790984999364,
        0.47472281897893887,
        1.1775396219633785,
        0.4329821070881578,
        0.380935562497416,
        0.226391410103811,
        0.45050003414931794,
        0.4726421942641094,
        0.44439083001945456,
        0.30187274149422305,
        0.3961884626086721,
        0.3167451976526606,
        0.1848206695335431,
        0.5621802820876759,
        0.2577768464898041,
        0.28479453661815113,
        0.38348822985112496,
        0.5263065692230383,
        0.355942440261596,
        0.19734356689332053,
        0.2634619545139365,
        0.32785457543772056,
        0.33226557949455815,
        0.30479980249341476,
        0.3119533426233868,
        0.3915769976476804,
        0.35665037678576345,
        0.5073392441191215,
        0.45954868185992426,
        0.2587825534013684,
        0.5733115111219436,
        0.34390978041983805,
        0.33665083125129946,
        0.4235004247850582,
        0.33177035297377877,
        0.44255709310223423,
        0.42347177679353964,
        0.2066331275397728,
        0.3380728286647433,
        0.42870428701570906,
        0.4885134779393316,
        0.3249691151168912,
        0.321580419500646,
        0.34837391467544115,
        0.40142900672381265,
        0.33027657213059697,
        0.25862497096086273,
        0.37082280982329957,
        0.3980003751796432,
        0.35938805341969543,
        0.42398808937996024,
        0.24599268495587598,
        0.18730572770473553,
        0.33815333402026077,
        0.38393363963275257,
        0.4028354295326529,
        0.42793645963393195,
        0.5495092121609358,
        0.34799502548583916,
        0.453851019258579,
        0.34926062013341486,
        0.3865280397844147,
        0.34706053571930356,
        0.33513151571034344,
        0.3494240084992212,
        0.367384022310481,
        0.38403794849954087,
        0.3113666155973891,
        0.47342336036702576,
        0.3405726135273618,
        0.32681182648436086,
        0.3526544342144375,
        0.3066945309207888,
        0.3461907300335333,
        0.40923140687387344,
        0.41599512751029816,
        0.31796192455305755,
        0.2845820176109163,
        0.5208015817991238,
        0.2737193524871758,
        0.37096467293819946,
        0.36555623275232124,
        0.34961142844194676,
        0.3217905206786773,
        0.22175812764593467,
        0.43001675398419464,
        0.9459958000561768,
        0.3353345186161814,
        0.3991853435151447,
        0.3869436472012242,
        0.402852254036913,
        0.5136940711606464,
        0.3780580555229547,
        0.23532072183315875,
        0.3303315790649186,
        0.3124311348705179,
        0.2944071904638894,
        0.41198792946375723,
        0.32634046640198755,
        0.3819591739621059,
        0.40674307114104846,
        0.22856707471586557,
        0.418871871570695,
        0.3345136518296721,
        0.42401071404357454,
        1.0429219920839023,
        0.5185570787869787,
        0.31448818386830935,
        0.33707591172616913,
        0.35523753695676336,
        0.31729794207080564,
        0.40649211754248477,
        0.352481968671527,
        0.3139683561974637,
        0.40635426154872634,
        0.28884476185868524,
        0.3911968491976865,
        0.27228394144856777,
        0.44679862121252467,
        0.3054076584170756,
        0.2783205575179553,
        0.5121639343824607,
        0.21838751370951442,
        0.3248409430550447,
        0.4013670888395363,
        0.43925335360938644,
        0.30462512299749367,
        0.35771566348855954,
        0.6900949869093683,
        0.26944025889861334,
        0.4346045695940374,
        0.3306789317801922,
        0.3192349218390682,
        0.07812658653431599,
        0.49305353022045795,
        0.3335998043624744,
        0.10519430840857759,
        0.3245066119375119,
        0.39605342668734167,
        0.3310938671901144,
        0.45912101021434865,
        0.4388717376986529
    ],