{
    "time": "2022-10-07-09-09-03",
    "generations": 200,
    "fitness history": [
        0.2520999912215616,
        0.21900865907408143,
        0.2010831698269192,
        0.32998398568775206,
        0.3243643375582233,
        0.3228211977988057,
        0.27808613914243696,
        0.2196631032981162,
        0.331969637067332,
        0.3353195225431106,
        0.2759368818733216,
        0.2607293774264354,
        0.27722158404199,
        0.3546603024103434,
        0.3476001634385977,
        0.3194382413667338,
        0.2782982124657822,
        0.3047731859443611,
        0.30630365172024016,
        0.37862624465863126,
        0.3514538456569877,
        0.3166559836612713,
        0.35991349930587035,
        0.4372744148525724,
        0.3374306967412729,
        0.3604588020915681,
        0.4381033334870773,
        0.40258002846881785,
        0.2949812913835541,
        0.26786973377889295,
        0.3277076366313675,
        0.4658124750920216,
        0.3400471264775122,
        0.25684640137919024,
        0.305660092183762,
        0.4516305785951651,
        0.349750063260261,
        0.37458505191303465,
        0.3711925610415207,
        0.4958910763186072,
        0.3855537009303845,
        0.4727938627502645,
        0.3246910666839545,
        0.29620741505774584,
        0.2961004336452072,
        0.3749617061489085,
        0.31424802788696515,
        0.3087521167170271,
        0.3021999994607819,
        0.42041765901084127,
        0.4435427438406162,
        0.3066091969345068,
        0.36161867225555416,
        0.4219027900379026,
        0.3813788686606701,
        0.27917154134507255,
        0.3600625234285979,
        0.442924929547163,
        0.41188037411510514,
        0.4176989166401172,
        0.3846562883777655,
        0.3433923927627417,
        0.20544626322441686,
        0.3631464152801939,
        0.32900491391477876,
        0.2752665972949957,
        0.22481671072302262,
        0.23897560649377866,
        0.3496266793518806,
        0.35005017868563953,
        0.43267209062184486,
        0.3990409135949001,
        0.2902439178196367,
        0.3467291961360523,
        0.3583609475205798,
        0.37517329591922355,
        0.2103185043125511,
        0.36396463604183443,
        0.4857568988470165,
        0.3128372862633391,
        0.4023226262772896,
        0.37342299996983314,
        0.33806884831084455,
        0.25967466989452426,
        0.216432826771136,
        0.2419919317631419,
        0.22309027089579928,
        0.35028843036227575,
        0.24370332642521808,
        0.4980661530866005,
        0.5509377307566299,
        0.43662221474017854,
        0.4298245022045934,
        0.3616729938883801,
        0.3435030378181881,
        0.2680395067458008,
        0.2415566662825242,
        0.4410439882333796,
        0.23332507543508607,
        0.3774787132537746,
        0.27664286787132863,
        0.4191249750267413,
        0.3286949693776133,
        0.4943470401562062,
        0.24818781221874517,
        0.24387836068048835,
        0.4740107479103268,
        0.25851587671772835,
        0.3699262652934953,
        0.30553474548494974,
        0.5355054387369315,
        0.43025152707384995,
        0.3433907885715806,
        0.39163174690933933,
        0.43671061889706103,
        0.31182413188563873,
        0.28636745754190723,
        0.36678288517223,
        0.3705073174075546,
        0.42763759349494895,
        0.2441737734205116,
        0.3239575019679924,
        0.2901103565344717,
        0.37899840458758727,
        0.39154312332660723,
        0.32087845329839676,
        0.4160357180514503,
        0.34857780820095075,
        0.4517163556290991,
        0.289959590252068,
        0.19993330502572196,
        0.4423235472185341,
        0.3839079695249862,
        0.43245165979813227,
        0.3009188343992251,
        0.32409487483814947,
        0.27531917149214846,
        0.39261888303466563,
        0.31658994284014547,
        0.3858236039446324,
        0.3766079754767774,
        0.47201570477775684,
        0.45694305687429554,
        0.2844744446490234,
        0.33864597834646687,
        0.347699193649593,
        0.314128240369895,
        0.3818181419662911,
        0.37857752784712667,
        0.2550624589756945,
        0.4606911531338881,
        0.43278206777470196,
        0.3067275736806645,
        0.2957688210421611,
        0.3734458272270599,
        0.2947979847862399,
        0.3160872340272035,
        0.25093649560414216,
        0.43657835299999886,
        0.4541720261033116,
        0.22543513150391206,
        0.2220000144020781,
        0.3329197077809938,
        0.3132849311149623,
        0.7439451063832142,
        0.46507515862169574,
        0.313989158971533,
        0.3207695180488559,
        0.3724388731852832,
        0.3158516368271562,
        0.215622266523617,
        0.34752404130964204,
        0.2757003183973385,
        0.5483965421784306,
        0.47182432973400956,
        0.2654337096139187,
        0.5406235568277582,
        0.28285776865144885,
        0.28409715613339026,
        0.3513381848214414,
        0.4273333263821219,
        0.352008704432164,
        0.28698305338283686,
        0.3838800479850633,
        0.31792046665245033,
        0.5021322188935863,
        0.4347409963240554,
        0.3124054125924837,
        0.2843816553255418,
        0.3223232003428517,
        0.4380537256750424,
        0.3060441825664496,
        0.45323038133144466,
        0.4326549337393966,
        0.40836347405285167,
        0.26200593848073545,
        0.4679809692288642,
        0.41607727637990316,
        0.3776364363812559,
        0.248873637045046
    ],