{
    "time": "2022-10-07-04-33-11",
    "generations": 200,
    "fitness history": [
        0.2756253239052493,
        0.42652236233992274,
        0.33558880206467107,
        0.25812476800289796,
        0.22688419696005913,
        0.1936809400843527,
        0.30901021156712666,
        0.374049678479126,
        0.39782421336019447,
        0.3106003882581608,
        0.34671441864323754,
        0.3869577349248515,
        0.4812275374363449,
        0.29511735362901004,
        0.35007314327762357,
        0.22145450688395724,
        0.2966078528903859,
        0.5165446274485586,
        0.30495010687457463,
        0.3268137769558518,
        0.3594501501457809,
        0.4230215993563406,
        0.2960229941214185,
        0.30795529863884996,
        0.35354361464318645,
        0.3703315893502797,
        0.312820563246183,
        0.40994367908678625,
        0.602079704466189,
        0.3356987714341975,
        0.2708644824059443,
        0.417019940606728,
        0.2668836303201293,
        0.4374963194521581,
        0.26521966411585646,
        0.36616812627469986,
        0.4977084340004398,
        0.255821202278303,
        0.306657593369609,
        0.3034978073044026,
        0.18874336676045658,
        0.4035173437803509,
        0.43750512500637084,
        0.44584909632407366,
        0.13325139576797798,
        0.3117433505418043,
        0.2829235188296076,
        0.3482562519421959,
        0.2855951454213354,
        0.24427120732546986,
        0.3245482508552907,
        0.5234255227542222,
        0.2158947159051459,
        0.24727804378012996,
        0.4022818749108751,
        0.22987248906357338,
        0.36311089839015104,
        0.24105378992407142,
        0.29893562823028186,
        0.3234194577705214,
        0.2842165347364157,
        0.37483996435871353,
        0.4475007856335915,
        0.35706114297389646,
        0.33588020850300787,
        0.3536527143291668,
        0.30600067401991393,
        0.42233987047997124,
        0.267395317112677,
        0.4247626500827596,
        0.36599337410458277,
        0.4606615020138745,
        0.3550910909779557,
        0.28766815171708626,
        0.31035810701267985,
        0.3147123298025486,
        0.3222741866572768,
        0.2428373766603729,
        0.2165187937524785,
        0.2987025562230675,
        0.3204182141934253,
        0.8408591660881374,
        0.3784774284681191,
        0.2814037663323311,
        0.3187849332945364,
        0.4062501618655439,
        0.22227415144036583,
        0.37173022750569873,
        0.2288543100114616,
        0.2992319943074542,
        0.24501566902074853,
        0.3552294836757161,
        0.3147157915299687,
        0.36741330948426243,
        0.9331286934645172,
        0.2709349475359074,
        0.31665531617175996,
        0.2615898190770018,
        0.3890584103257468,
        0.44267685177263627,
        0.3939756734359809,
        0.32892749250937114,
        0.2871882972228459,
        0.36327130671492974,
        0.35299701737837624,
        0.3633632388276218,
        0.3116739903554128,
        0.394896523928527,
        0.38826149738791854,
        0.28621990600722624,
        0.3557714468660153,
        0.46761771062678775,
        0.32578777648172563,
        0.2617386887248475,
        0.36988583235570727,
        0.3625951067279487,
        0.4692991036790404,
        0.3802588559778394,
        0.37133466844077057,
        0.19812428010704672,
        0.27266451303092276,
        0.3260675798900066,
        0.5795468912749283,
        0.47829036155617716,
        0.36083887221735234,
        0.26551227431091234,
        0.2414270175714947,
        0.3481977057600294,
        0.3309342579911118,
        0.33602531889653536,
        0.3909788593243993,
        0.2681817275139666,
        0.31467683012329273,
        0.4395344106948083,
        0.19372314632842152,
        0.3889210122930876,
        0.44645629863766023,
        0.2096080743082841,
        0.3806341861132527,
        0.3743769007578227,
        0.2754322592467544,
        0.3629510807656971,
        0.3421030259737924,
        0.47861254829449557,
        0.4661291013718939,
        0.46162732219982233,
        0.3673019558495445,
        0.44238647215895505,
        0.3418657272676565,
        0.3531805125428623,
        0.42171771566955635,
        0.2693573352233692,
        0.3972057905711325,
        0.2804835627504003,
        0.2560818234432592,
        0.35074831400493245,
        0.2597604065938018,
        0.48158340876439587,
        0.3532872125543537,
        0.37681207179479587,
        0.17235321457168432,
        0.368782806684652,
        0.33549062363294974,
        0.2869737782287077,
        0.4484906719304943,
        0.40473504081363054,
        0.3772714241471173,
        0.37398492674010697,
        0.4382730466332586,
        0.2978716134928608,
        0.379931259812468,
        0.3739743551397452,
        0.36988233507462276,
        0.3802772584602424,
        0.33253069635631877,
        0.34875800210606916,
        0.1700305023023642,
        0.2961450357773274,
        0.19511694576498434,
        0.3493292024475312,
        0.5488510946513298,
        0.32545166991796776,
        0.26331066356434024,
        0.39896636544692254,
        0.3190755792934709,
        0.3735015792820011,
        0.4614538983494949,
        0.3882175247443878,
        0.22901333827397333,
        0.4499018621786643,
        0.33984700800650686,
        0.3562885756619567,
        0.31535986876894484,
        0.6882770579069367,
        0.30023352953892335,
        0.35277850719178505,
        0.4860665171682632,
        0.43203481400842975,
        0.22723564344389488,
        0.3827725529752975
    ],