{
    "time": "2022-10-07-11-24-49",
    "generations": 200,
    "fitness history": [
        0.3019168776634688,
        0.3521876862940045,
        0.4487443840418588,
        0.43616666126062603,
        0.3166995237958011,
        0.28740601788445175,
        0.29600904229288366,
        0.2988537214589016,
        0.3568362666237463,
        0.2814312003368581,
        0.3005365199511532,
        0.34089091996913945,
        0.2806970461674902,
        0.33617438653673676,
        0.36203402836703236,
        0.33434275619616927,
        0.2650987116624537,
        0.35462974574161427,
        0.3477265061946811,
        0.3354731240944932,
        0.41692624619884083,
        0.30003828486953243,
        0.43994015037940315,
        0.40849066309803866,
        0.2434205518034865,
        0.31782700420790355,
        0.46945704340430333,
        0.25197038827177415,
        0.34435423359795403,
        0.3032365623309522,
        0.36615807783389875,
        0.2727701384214325,
        0.3348415044328004,
        0.33741455581743274,
        0.3821995424871427,
        0.3080383086089861,
        0.32451852379383356,
        0.26460226723225877,
        0.4240600418691336,
        0.3387542799572802,
        0.19631754438529042,
        0.36824501638918333,
        0.3115291030278396,
        0.40611979800116055,
        0.27506781138438646,
        0.441443854167738,
        0.259237622123058,
        0.2547736428124171,
        0.26532670223791566,
        0.3675876754126297,
        0.3988631904233951,
        0.35781215961765894,
        0.3907027085439452,
        0.37591045259019734,
        0.2298625657300726,
        0.4196335837031483,
        0.3003800443225105,
        0.3105100540502425,
        0.7858001131320071,
        0.3912467721617186,
        0.22423854936880258,
        1.5251389283168586,
        1.4391826839585775,
        0.4652602053844958,
        0.28479011812176525,
        0.31231982200368225,
        0.4974961876839776,
        0.299205282501568,
        0.4439435399362663,
        0.32527358321987876,
        0.3323603291890161,
        0.16271086499351625,
        1.108788893319059,
        0.40834270578683535,
        0.2919599599469148,
        0.3491003057993132,
        0.4055834142736684,
        0.35535874610106377,
        0.3197429046213764,
        0.10362944670358396,
        0.3231013348812079,
        0.7145985820183519,
        0.4879832855674428,
        0.437108231380628,
        0.3938436481300684,
        0.35665392885797514,
        0.2837698754129903,
        0.32216551715140435,
        0.5292213582412125,
        0.2375225522469438,
        0.26514245224169103,
        0.3048541099113726,
        0.5110632275308541,
        0.29612520422237976,
        0.38301604293037533,
        0.3400626567812809,
        0.45993066266629895,
        0.45098052675337064,
        0.3103184773049151,
        0.3894621285584146,
        0.286770890700893,
        0.45467554446779895,
        0.32633335058735724,
        0.26144604605294797,
        0.3699135483865426,
        0.38145030530156193,
        0.3787670803225818,
        0.13050174055212174,
        0.2752177877491172,
        0.6394633445073782,
        0.3549149640670249,
        0.3453762754834988,
        0.356781212225398,
        0.5920133218623287,
        0.32284572899131553,
        0.3073621058362805,
        0.38942195083668485,
        0.45372610506370736,
        0.31720000734428094,
        0.3527660074505867,
        0.3801649474709241,
        0.3687529555261312,
        0.10486027483513968,
        0.4070492727322614,
        0.34238263935829927,
        0.3724134308208451,
        0.2617385330372366,
        0.3799528813620006,
        0.41433894211963695,
        0.38714516608124555,
        0.2690950212347619,
        0.4304047354823415,
        0.40295253549043847,
        0.2822311856012683,
        0.317387290852838,
        0.3822593680553644,
        0.41519086671133637,
        0.340427089969914,
        0.41882882544005784,
        0.2952355850579847,
        0.44496433659468076,
        0.39786005452983875,
        0.20874864389344525,
        0.36923651665475654,
        0.3803405317211726,
        0.6465716050186291,
        0.267824061513535,
        0.38808362228246085,
        0.4284278381821294,
        0.38751356011618127,
        0.46354550896238833,
        0.8616240085724637,
        0.4476959107977387,
        0.3030563298113291,
        0.2625307840962999,
        0.47578538515402646,
        0.3142637372979014,
        0.7106084383717346,
        0.3663951236100123,
        0.3158930486142163,
        0.2487174396829478,
        0.3414221894273336,
        0.07681217511137815,
        0.38086127138165254,
        0.2439457005002421,
        0.31252961077461155,
        0.35928877362501443,
        0.37078328142383815,
        0.4671520339172604,
        0.393653120993352,
        0.3815446197072896,
        0.3593877159668756,
        0.5609853560138713,
        0.30242957671886733,
        0.4128913340104558,
        0.17677105164111545,
        0.21980758609169407,
        0.37562039229159344,
        0.4035372870912329,
        0.2918423544991758,
        0.2603496170555837,
        0.3457203863734665,
        0.45862737121738933,
        0.4893691603562082,
        0.30464898129088985,
        0.30821830483476753,
        0.3325661594003304,
        0.326178507230359,
        0.34519055140574173,
        0.30773392561397495,
        0.32451224489413066,
        0.5618616690122951,
        0.22639815476519193,
        0.267875899635329,
        0.37415808954251495,
        0.23912070645680628,
        0.23438246570800453,
        0.394186647707674,
        0.19057570633069187,
        0.3413302784292086
    ],