{
    "time": "2022-10-07-03-36-19",
    "generations": 200,
    "fitness history": [
        0.3514665362171453,
        0.29135889058258463,
        0.29490744719941875,
        0.35710531800672435,
        0.42926314606363747,
        0.3152645563938225,
        0.3157606319247257,
        0.26491948076672106,
        0.42433081957557817,
        0.3683959164094809,
        0.4499489411993277,
        0.30120675821896764,
        0.5006867993534856,
        0.4840850430700732,
        0.30089492074846486,
        0.2813114868085895,
        0.3672578457075448,
        0.2755095114193244,
        0.39991484542718436,
        0.29431146421530224,
        0.48011867739154296,
        0.323902907125157,
        0.5653465845072155,
        0.30861777972294785,
        0.2960174402957939,
        0.2676682907482462,
        0.3063589584318953,
        0.3913320230293902,
        0.34760616229308217,
        0.3871648438835026,
        0.4908181871278178,
        0.40052892891454284,
        0.34753998118690255,
        0.3752851197166727,
        0.4586226091927199,
        0.30648884645246577,
        0.3221846154974852,
        0.2702195396470469,
        0.25854328349622013,
        0.44615761641541263,
        0.4787272838722682,
        0.3318460770021754,
        0.4161972045416858,
        0.37447227545815504,
        0.34804967059865993,
        0.23932366608760128,
        0.4035835486801028,
        0.2567091484607418,
        0.22331333792628677,
        0.2671869279673585,
        0.40419078049211504,
        0.24354575568059467,
        0.35655037378996374,
        0.41000032291731986,
        0.3892741667523335,
        0.40732182384179155,
        0.21900829346393091,
        0.4427847481463921,
        0.427993415355561,
        0.4284234700204367,
        0.46765770505649884,
        0.31141147956138293,
        0.26941595973040633,
        0.6182634093818347,
        0.34042343755402243,
        0.3526275779257821,
        0.2700876965296243,
        0.28216912805430455,
        0.26736610094158475,
        0.30431473346311516,
        1.7760137210521487,
        1.7137651760605908,
        0.33849995132248817,
        0.35687896630951454,
        0.6646681850766109,
        0.3154126374027198,
        0.29840796041967815,
        0.4241765523772642,
        0.4933457615825993,
        0.3141930756247614,
        0.31723204486957196,
        0.45655061562451105,
        0.33941305154785495,
        0.38430091433542074,
        0.27197989657351856,
        0.4427018139427153,
        0.4410585887152878,
        0.2688640133678014,
        0.37847060942313326,
        0.2877847325263724,
        0.23992279442454043,
        0.39880980806354116,
        0.47707477705501583,
        0.2737824633917881,
        0.6346213082361565,
        0.3297635120215008,
        0.2853287122301064,
        0.3433864728014218,
        0.1626439147117996,
        0.46151954164319453,
        0.2304048481485352,
        0.3259755238773873,
        0.2908230257103786,
        0.3023374288994252,
        0.4802361315302022,
        0.31762905618250276,
        0.5998726306296359,
        0.2978520117041911,
        0.42933721826665106,
        0.36544515406498407,
        0.34243071441291195,
        0.3091238441840491,
        0.3956513850826915,
        0.3125328509351119,
        0.11111650273550362,
        0.11849079306367981,
        0.43349779118609083,
        0.3352388577946838,
        0.3957701803497213,
        0.5717441573028662,
        0.4546286092039935,
        0.2668740538296836,
        0.3120974163989285,
        0.45164525857920884,
        0.4138889407190118,
        0.3124376701696886,
        0.19726323532617626,
        0.2916942351524605,
        0.39219335543753675,
        0.4901782543665004,
        0.29802407025707967,
        0.18538704438092865,
        0.30313915257894697,
        0.31711056827814543,
        0.4774392073993151,
        0.39418744683283097,
        0.2978480532329732,
        0.34992584835097573,
        0.3243075872432764,
        0.3335740155388923,
        0.26837106550456846,
        0.37990911233980745,
        0.48344400826096257,
        0.36473145273421664,
        0.2866494746855559,
        0.2850363450738719,
        0.2639561484836426,
        0.40243954053128417,
        0.37080633523292195,
        0.33365379630172876,
        0.4579802882568533,
        0.33102170855551494,
        0.32862886430421556,
        0.31663226433600095,
        0.3020074740799636,
        0.4320146751679744,
        0.3795894899904995,
        0.09407270718304683,
        0.3484951940813459,
        0.3481234456926362,
        0.6226238444048863,
        0.3445237653893429,
        0.4955807944539595,
        0.3356578823129946,
        0.3184618457090542,
        0.31329890936987664,
        0.3392229757523204,
        0.4023321706587992,
        0.30643958957830986,
        0.22126504717455311,
        0.2142858197224987,
        0.4653507136275779,
        0.3718993759035104,
        0.3746653851348358,
        0.34313582177732127,
        0.4302049228524501,
        0.30716853289910806,
        0.4235279043773088,
        0.29551734744044966,
        0.27105171953392615,
        0.4906817830064367,
        0.33405461210304566,
        0.346609771078149,
        0.4736811310210912,
        0.31890735460946695,
        0.5359328500228246,
        0.1885339807225922,
        0.2953799418289203,
        0.3211913126392181,
        0.38264183201888785,
        0.35185888008703176,
        0.33780657350810145,
        0.37276204640063554,
        0.38926533612531034,
        0.2782336455510633,
        0.47033236589179794,
        0.23531049300817283,
        0.3531313328256904,
        0.3780631883027254,
        0.4166736357703054
    ],