{
    "time": "2022-10-07-08-27-56",
    "generations": 200,
    "fitness history": [
        0.35574675159463504,
        0.2744479519109331,
        0.32819191057408587,
        0.3164500720539686,
        0.36958652443165035,
        0.3595543997097653,
        0.36849587843253695,
        0.38445942856059484,
        0.30318905630315995,
        0.273969093995672,
        0.2978617199949157,
        0.3281246693956588,
        0.3378160605456648,
        0.4135463849036683,
        0.3641851071191752,
        0.30757244046903687,
        0.49436372416422164,
        0.2807853604113615,
        0.48547811102659183,
        0.3540220718647544,
        0.3944411755213736,
        0.4275320020221652,
        0.3397316266945184,
        0.46037615186961445,
        0.3012483203122741,
        0.4747392903170391,
        0.30382550568993993,
        0.3378788486234771,
        0.3274103283238069,
        0.26231636229525623,
        0.3216444842904584,
        0.31001118551604107,
        0.3299345191053393,
        0.2883035578935542,
        0.27220921436365475,
        0.27472990599797353,
        0.24036616427392846,
        0.3320506317998176,
        0.2855876055861393,
        0.42577780832160533,
        0.39562841811879884,
        0.3566809398927067,
        0.4803201348245252,
        0.4740379718397966,
        0.38705352508446267,
        0.4050084276046255,
        0.17885310948377714,
        0.4426881007213806,
        0.2902427329507702,
        0.44552523166593105,
        0.3970616777072793,
        0.36983944612287123,
        0.32798035323481584,
        0.4542079745499241,
        0.2820986274901187,
        0.42313826349142863,
        0.3135591484878993,
        0.22495291481035212,
        0.37234005515695445,
        0.36361094341356315,
        0.3333440171633827,
        0.4325840347160142,
        0.3136604126256434,
        0.42965194994420874,
        0.238973545003172,
        0.36078778993659505,
        0.417181601182548,
        0.4446567668724871,
        0.31986292526751003,
        0.4923740793448896,
        0.4255020453505397,
        0.3975757735375669,
        0.3006409222608848,
        0.3114379382019478,
        0.30720789916467856,
        0.3721435340250336,
        0.4121104331386324,
        0.2000903612811544,
        0.32172232062962197,
        0.33953079870882674,
        0.46619885378301185,
        0.42109922811533596,
        0.3529560120189597,
        0.3004559519921983,
        0.21690501578472138,
        0.3900028975728587,
        0.2980016972481827,
        0.29784974777865275,
        0.33395939674565256,
        0.42699907339499765,
        0.3051827090044205,
        0.3175123241874034,
        0.3879417076832056,
        0.3137493292301053,
        0.3558582798261006,
        0.3972227030587127,
        0.35583002115578316,
        0.27713023970351286,
        0.4362196209547558,
        0.35259587879717763,
        0.3460798068047163,
        0.2846348667965936,
        0.374496453751547,
        0.36400280155008496,
        0.3148666160667908,
        0.32665166642701043,
        0.25583213007369726,
        0.3754615271321278,
        0.29871815552602504,
        0.3532027391608217,
        0.4477035566353687,
        0.33954483107200945,
        0.5758816518678865,
        0.2550510767949376,
        0.3121536647591988,
        0.42018046696824884,
        0.238476953417393,
        0.3649104493137315,
        0.4874495743784393,
        0.35353777236749806,
        0.37475977961453827,
        0.2945426150286292,
        0.31711288938438,
        0.3756453274164515,
        0.31681526664148707,
        0.356294059854587,
        0.24669354812702016,
        0.26414042817259975,
        0.3335051480781132,
        0.302747972026075,
        0.24215264700482603,
        0.1983527453174169,
        0.4866844114355792,
        0.2861601376084494,
        0.45774478123158246,
        0.44795810634630784,
        0.243083242372738,
        0.3737389833519847,
        0.3434960862314754,
        0.38863579503848117,
        0.33696206859471545,
        0.29931015629486546,
        0.31869901674365514,
        0.40177289026625407,
        0.43413203776352033,
        0.4166272016473323,
        0.4324365288680163,
        0.39768819881359385,
        0.23711015598401622,
        0.4513087204251156,
        0.31435787358457556,
        0.1982637411063405,
        0.36361896551514095,
        0.36041456429488167,
        0.3633802182918182,
        0.35895785862860785,
        0.4461133862121537,
        0.39192978900388953,
        0.28911095028872774,
        0.3236856260556532,
        0.3473723437948961,
        0.29645285898210927,
        0.357064173869714,
        0.3878937596933465,
        0.20918394777227634,
        0.411578959983208,
        0.27168987923272514,
        0.27928638708698234,
        0.5490543095174218,
        0.34406775089645897,
        0.4759790213295743,
        0.32278960708902055,
        0.4795339821156569,
        0.446095686510353,
        0.5027698976055106,
        0.3044927059354076,
        0.42573367731947115,
        0.3994103813374595,
        0.38841494598728593,
        0.3785832415599699,
        0.4054309235451891,
        0.47924272357001774,
        0.30467964152665755,
        0.40177044930129857,
        0.3823505591652952,
        0.3738989253818218,
        0.367605944196074,
        0.30655406894465903,
        0.45411461453336677,
        0.39754306511767046,
        0.33055843062013357,
        0.4389384766109377,
        0.334429049735844,
        0.3215907999273852,
        0.3337307885707699,
        0.40373028671359307,
        0.32913155560358887,
        0.3655969203306234,
        0.2311491616558433,
        0.41589447405842817
    ],