{
    "time": "2022-10-07-07-58-06",
    "generations": 200,
    "fitness history": [
        0.293941724737576,
        0.3014714133386072,
        0.2630032832994982,
        0.3163966287875789,
        0.283127148032732,
        0.39756135426265077,
        0.3871438532163321,
        0.3576158119559978,
        0.37502886197694096,
        0.319068364443156,
        0.3694729308495442,
        0.37406743233834944,
        0.46953600262465606,
        0.2838481438592746,
        0.2909799643891931,
        0.2929353861295498,
        0.27412951152319825,
        0.45223392518368577,
        0.2620134717307842,
        0.5090398320544292,
        0.45650962464574213,
        0.4478421500406871,
        0.36147118234403863,
        0.546459191721874,
        0.29562289419681875,
        0.38893399798475026,
        0.5099870267728638,
        0.2642926920807473,
        0.40128102042725144,
        0.4932118626958531,
        0.2878632196565072,
        0.3657302725626502,
        0.4020074907062751,
        0.23891397700101266,
        0.2087209297304247,
        0.1533571269107444,
        0.3853987836389068,
        0.34687198297331606,
        0.45275918262052733,
        0.36104326413036375,
        0.33486075932551274,
        0.45263677649173517,
        0.4408777467782326,
        0.4296802510281052,
        0.6105805501192129,
        0.31992718179276747,
        0.39098459067471963,
        0.39190585195343886,
        0.394690547757374,
        0.24593212652145455,
        0.27655883193130515,
        0.32557894533116416,
        0.14306862978118776,
        0.6700127805767984,
        0.46205595171334124,
        0.39194712627298883,
        0.2862184436345628,
        0.3999074414378912,
        0.2802581376328619,
        0.4402835725468039,
        0.369263238099589,
        0.2632183947248451,
        0.32307336843032997,
        0.315636709411382,
        0.43673556840515326,
        0.3988035221545545,
        0.2254563730177515,
        0.2426946711618023,
        0.37635976263765225,
        0.4079372834199163,
        0.4837292877025305,
        0.3752621381446377,
        0.3333671099012579,
        0.35090625230891376,
        0.2683668867113439,
        0.39806681215263445,
        0.444097819455072,
        0.354622116882662,
        0.35923447343420484,
        0.2442982339422017,
        0.4005588342078194,
        0.36110776114469006,
        0.42396591617061075,
        0.3920593303915487,
        0.33419276558316396,
        0.3727267518757802,
        0.3028058192948868,
        0.2855259194751745,
        0.25842492193197836,
        0.3199499507252249,
        0.386621642169133,
        0.39003054672618886,
        0.3858863157000968,
        0.2799789394733318,
        0.33387107600048743,
        0.4274561976092885,
        0.4549100337953771,
        0.47288348878887254,
        0.38603649706663545,
        0.3050317028996077,
        0.335526208850775,
        0.3042188939582434,
        0.2783494139692609,
        0.3750713289017401,
        0.3560644436010086,
        0.35375284234701354,
        0.3463277642734945,
        0.4076461206555817,
        0.23338675635486592,
        0.20332682575405858,
        0.4234227872969704,
        0.3640507418665426,
        0.3734958741088289,
        0.22358812736102707,
        0.3596877944150517,
        0.3274183249318839,
        0.4311726551387362,
        0.20131974053261076,
        0.40637465378573523,
        0.38763437419817676,
        0.2550771623869847,
        0.269374291902767,
        0.4982216145262729,
        0.3478519533094151,
        0.34521772907867887,
        0.4110125774792973,
        0.47357580027733465,
        0.35345308317546154,
        0.3385094846625536,
        0.299384989351954,
        0.322972356462322,
        0.22696519370502333,
        0.2648592002614984,
        0.43619958006167436,
        0.20567891841891456,
        0.4146284612249994,
        0.2670524144160572,
        0.4682724116685846,
        0.27702339039554047,
        0.44102358335199815,
        0.4357176743096325,
        0.7231168294049993,
        0.4346056464678577,
        0.38038992597357657,
        0.36721367082205425,
        0.2920467139238976,
        0.386482154624445,
        0.39558414737240527,
        0.23684749342796646,
        0.19659016380936867,
        0.3331908429049338,
        0.3085557742667145,
        0.2952130117398999,
        0.3089043248017715,
        0.3931210458100322,
        0.407468523562897,
        0.3338892809159572,
        0.3348620446276275,
        0.7690574019266905,
        0.3632951529017578,
        0.32587858113102136,
        0.3856098598792512,
        0.3961953327732884,
        0.16885068861012884,
        0.31902232077345416,
        0.5024308401480805,
        0.40416855835925825,
        0.39915102117445245,
        0.2702857733781055,
        0.2771640911734617,
        0.3756697211163597,
        0.34148062356522113,
        0.39859615959302125,
        0.39325797698076576,
        0.47423562241201767,
        0.33907416005484037,
        0.428927747017032,
        0.3308199829564123,
        0.44877029280676445,
        0.36086043970597165,
        0.3769314507573601,
        0.2921301715444503,
        0.3786353200980698,
        0.3508171583575917,
        0.24803173914612486,
        0.2918353392246219,
        0.3357606736923411,
        0.40016346377837564,
        0.3603605888950894,
        0.47174874860525107,
        0.3556607378899584,
        0.5413492469628917,
        0.7016172964674291,
        0.3105396309957305,
        0.39987236477417487,
        0.2869293703105836,
        0.34351316317689745,
        0.32785501402672956,
        0.26142037683643077,
        0.6783885104599972
    ],