{
    "time": "2022-10-07-02-42-50",
    "generations": 200,
    "fitness history": [
        0.3597628774241134,
        0.4749317380648283,
        0.28345327574362045,
        0.2958590678467554,
        0.32748054754124306,
        0.3149955637926783,
        0.307269300831793,
        0.3217309938943677,
        0.3628072496604852,
        0.3212527461694338,
        0.46255109667555716,
        0.2682814461892262,
        0.39339407947884075,
        0.35981111496088886,
        0.2443327106681669,
        0.32832765462620805,
        0.3595671160486165,
        0.3710227931674846,
        0.31967540061090544,
        0.18795342501528156,
        0.5149451653229068,
        0.3681176838039134,
        0.33604605052769876,
        0.46116202075318297,
        0.249103642475781,
        0.2631253981945879,
        0.3730310144893554,
        0.40702816669315517,
        0.41454548472568864,
        0.40940339097095346,
        0.36797358710075434,
        0.4365537703888944,
        0.4223604567783868,
        0.3741846853777096,
        0.2812832977179074,
        0.323783275828838,
        0.31641402977002864,
        0.45990053216437743,
        0.329113832688561,
        0.2591296343583741,
        0.40132460283717414,
        0.265894404718256,
        0.2831949084746327,
        0.42442160929370154,
        0.4180301565219922,
        0.2696354536003114,
        0.42117343831082416,
        0.28589462147508693,
        0.49970882238239483,
        0.34882929069941704,
        0.45406271634197864,
        0.2410449631493217,
        0.38737834134179494,
        0.39807942763143606,
        0.35866509992650775,
        0.5091657971329074,
        0.41224713093022614,
        0.46339854470755093,
        0.38700814304057324,
        0.3196671399315778,
        0.4681322058426371,
        0.3838674796711875,
        0.3309746792468971,
        0.3128465990427136,
        0.37793553764366977,
        0.4347789951989805,
        0.29877095111976915,
        0.37165362560357357,
        0.45484992475863706,
        0.20655506210368052,
        0.34299619871266357,
        0.38514649676671714,
        0.4057521274952257,
        0.31261820260503764,
        0.32186568574761765,
        0.3067671111428817,
        0.2795218980176732,
        0.3340873373350612,
        0.3817617977469236,
        0.3137668333360286,
        0.390124827702011,
        0.38137429909868203,
        0.3799968984857498,
        0.4242695365853823,
        0.47081526817402325,
        0.41051378065318017,
        0.4160829341223004,
        0.43913981843113786,
        0.40076825686581247,
        0.3103210720774541,
        0.3658311714638123,
        0.3654136854816196,
        0.2718335785199591,
        0.2792687657616465,
        0.2956140014304233,
        0.3575513133896947,
        0.4665690165184076,
        0.3721557167935097,
        0.3504219987403778,
        0.4270993114472504,
        0.31699929009754313,
        0.34939801314130586,
        0.4161321612019336,
        0.48829047298191486,
        0.364197874272384,
        0.29246802011968726,
        0.46710660348249616,
        0.36648885166270256,
        0.5053892872703922,
        0.3209125394434661,
        0.41066935854914866,
        0.3489145020497406,
        0.27979652733372506,
        0.37912925368938827,
        0.30967781248721477,
        0.3435821048457934,
        0.4022313441291706,
        0.3150705641805897,
        0.2692170383503194,
        0.37540105562159576,
        0.25608603217614395,
        0.35134854230225643,
        0.33225719687999183,
        0.37051104779844396,
        0.43766666536468685,
        0.32487665020680845,
        0.35528474459620385,
        0.39101752259162376,
        0.35102547533014394,
        0.35208955640097495,
        0.28739515068697646,
        0.4303955794014307,
        0.3669276051572175,
        0.4567452248847054,
        0.41417610368048313,
        0.47069023912444463,
        0.41038879983492843,
        0.41049616197427996,
        0.4460848981580686,
        0.39702706242191504,
        0.5105350273964905,
        0.37612786502377793,
        0.33140606566987385,
        0.4403120313455765,
        0.4396901803794252,
        0.3364876923852449,
        0.30855403723742425,
        0.47622198365947427,
        0.5389114034365119,
        0.3543354285815272,
        0.3932948487044857,
        0.3454205060350997,
        0.3118225908981411,
        0.28520784681922895,
        0.39482663544785324,
        0.3213152328537351,
        0.4473867020746551,
        0.37953463966838635,
        0.40709077587198145,
        0.3777043138666059,
        0.465169562314522,
        0.32597103676598393,
        0.35824037869253195,
        0.49021452996489656,
        0.4524359740466872,
        0.42971615890039894,
        0.47959516822462844,
        0.39067407373347635,
        0.46171828631401246,
        0.4140071938491661,
        0.4124529956260831,
        0.47701680653313916,
        0.4586212578419547,
        0.46077057253957443,
        0.5750943580949665,
        0.31497964028701064,
        0.47217115791252257,
        0.4708720098713688,
        0.510029057885197,
        0.45943833112103755,
        0.28227752124294153,
        0.4934168325194077,
        0.2833457783606268,
        0.29103735538445596,
        0.5376583355748388,
        0.44647699055863943,
        0.4662127706966175,
        0.3546922480180983,
        0.3666368085502382,
        0.4656708300970117,
        0.3459135913437556,
        0.4216549584422457,
        0.45169747429934615,
        0.3559772537700687,
        0.46245069148558016,
        0.44276680840460864,
        0.4114770492381746,
        0.3377238546505045,
        0.38972413213199375,
        0.39883223842243576
    ],