{
    "time": "2022-10-07-10-26-03",
    "generations": 200,
    "fitness history": [
        0.2864063051263797,
        0.3053251803875047,
        0.2783735459451617,
        0.37074809133498704,
        0.30241865443926685,
        0.36801885953924424,
        0.2659439651969638,
        0.4020202070175325,
        0.3462202672522971,
        0.2147898383636018,
        0.4316434777517508,
        0.2934943011313149,
        0.31512689366907376,
        0.42556858109712126,
        0.3685892923291562,
        0.4339716037251182,
        0.40675087581733516,
        0.29121775660046917,
        0.31609979007401084,
        0.26326215216234927,
        0.36389855229876233,
        0.4016459173379588,
        0.39661236127585575,
        0.3973887400262212,
        0.5443043499546767,
        0.5314136891943866,
        0.35888696474061865,
        0.33669626226813926,
        0.7411013723078897,
        0.33631559496338775,
        0.3328621676491186,
        0.413346339901615,
        0.3247623711242589,
        0.48149487928990004,
        0.17084358694681875,
        0.27017331426615215,
        0.2707960350076072,
        0.35344919958604054,
        0.4045630705118272,
        0.3705595194813212,
        0.2845248180495047,
        0.42713451311911776,
        0.35566396314372023,
        0.2453789742467084,
        0.2776753564080882,
        0.3021536872645349,
        0.2360526378714385,
        0.3043058944366096,
        0.4293337882258998,
        0.3205763267905609,
        0.43111389612334766,
        0.3011599623883852,
        0.3954067078149181,
        0.327923846761786,
        0.3742922211178064,
        0.2397925597591857,
        0.4276127475497345,
        0.3185465820323652,
        0.2861745992613563,
        0.43500325907959314,
        0.26405047556446865,
        0.4505343757697526,
        0.3842903406999097,
        0.1902020545586759,
        0.22455593756878717,
        0.393539570610006,
        0.3353290234804308,
        0.4747997898852388,
        0.3546622887034197,
        0.38035071531071935,
        0.3739943712070768,
        0.33098058853350154,
        0.3084079198895574,
        0.2883051131279731,
        0.4248476153778275,
        0.40646394295652016,
        0.44643494322256566,
        0.24600281850806408,
        0.4066072461633554,
        0.3011361791729518,
        0.4682145733695621,
        0.36971337804568494,
        0.3170470513077826,
        0.32873378211897825,
        0.20623242802885638,
        0.26028286783866905,
        0.24878890583670318,
        0.38371449153355186,
        0.32667624277480123,
        0.33094551537075195,
        1.1145012147673896,
        0.29667740580066526,
        0.3545802331875562,
        0.6359522879782054,
        0.4316256354014027,
        0.7390969995941603,
        0.33790899065342633,
        0.34099085488245934,
        0.3024469334264931,
        0.4289970551208244,
        0.28192888259627247,
        0.43350820060202244,
        0.3553914479764927,
        0.29429148547236583,
        0.24793820348827963,
        0.3204913949161742,
        0.34983338796106817,
        0.31105036635789274,
        0.2654951104300622,
        0.3247977704275728,
        0.26917877155330433,
        0.3730086555739463,
        0.2615976842345626,
        0.3101791989656042,
        0.4429344548482127,
        0.3469251647667103,
        0.44134436278242084,
        0.4034568826113496,
        0.4828796533421926,
        0.7781829839939572,
        0.7140921370454866,
        0.32494876349891205,
        0.32685902511026443,
        0.33668488859188656,
        0.2310178021015895,
        0.3847813324597964,
        0.31373176882480863,
        0.386315653848634,
        0.33426960393951094,
        0.26747540571846484,
        0.5609906978028691,
        0.3242209120827255,
        0.4047906886905557,
        0.32009440144746526,
        0.34722997675314,
        0.28479328579058005,
        0.5616047518909368,
        0.30399155437330927,
        0.34542222551474566,
        0.5269773440585194,
        0.13990858645768942,
        0.13636269579375443,
        0.4064508206093263,
        0.3440355091780421,
        0.4763148768299192,
        0.4451069365898148,
        0.44849867029243273,
        0.5507034863567956,
        0.29156163157184084,
        0.3496361131447903,
        0.281901575562807,
        0.3848200502719486,
        1.0871206142251828,
        0.41015894137814385,
        0.537563434455718,
        0.4043545420650902,
        0.239284858084034,
        0.22545199770324056,
        0.26684356670752263,
        1.0582325372420005,
        0.49252865788022787,
        0.8129606356171114,
        0.35366226084037516,
        0.3516071745667768,
        0.31757389522810875,
        0.4221257869955778,
        0.07662500733303514,
        0.19893563961797064,
        0.19516649768784067,
        0.4088927018717681,
        0.1984998034206161,
        0.3731483158797675,
        0.37049275809606813,
        0.350555985514991,
        0.19229801613989828,
        0.4151354834115954,
        0.3141589811482332,
        0.3407841755149104,
        0.3020959912485296,
        0.4412446925393539,
        0.463994754357853,
        0.4314078169800937,
        0.290694391355687,
        0.303786057896549,
        0.37994348823051055,
        0.4079597727578463,
        0.39553238307917155,
        0.2639598858271627,
        0.437680771813613,
        0.3924283149733901,
        0.46393175751385796,
        0.512180754468464,
        0.3393850084132981,
        0.31116224375088597,
        0.3603400548001344,
        0.2654633807224163,
        0.43113967115826557,
        0.377049697160092,
        0.38573310520029686,
        0.16998449180097686
    ],