{
    "time": "2022-10-07-08-51-31",
    "generations": 200,
    "fitness history": [
        0.35261872140114625,
        0.3488711944326509,
        0.2695271619864979,
        0.23819520614478978,
        0.2293077148150565,
        0.32460500270143344,
        0.2523188781883773,
        0.3042095897912059,
        0.3316257487748527,
        0.30878041955804003,
        0.41494269594947136,
        0.3640614933033081,
        0.25320490597770573,
        0.55747578120883,
        0.44904520973667256,
        0.3757256074927684,
        0.3717465536098599,
        0.3524596689275441,
        0.41810205875406586,
        0.3428766655054941,
        0.3770042282187079,
        0.3325005882212551,
        0.34936749305921144,
        0.4027393640504892,
        0.43646899808444795,
        0.33170120984902196,
        0.3854609734663266,
        0.36306131118185797,
        0.35164682223428156,
        0.4028781999889304,
        0.3679182077493266,
        0.25185039503023593,
        0.3924207209132555,
        0.28253171011396916,
        0.2624013072997274,
        0.35698003352715596,
        0.3064801496078234,
        0.3606203522440752,
        0.39080746002910643,
        0.3604642579452464,
        0.4132422344754046,
        0.31469282148633243,
        0.3419596221455321,
        0.29419447512700075,
        0.37436528343093495,
        0.30490817085086247,
        0.41977756747138345,
        0.3939889656447335,
        0.41128666950305187,
        0.3893702032344242,
        0.39342265658061654,
        0.38040546091728605,
        0.31715270470361384,
        0.3616540163829383,
        0.40474361058931213,
        0.2881836626502464,
        0.35909373847777,
        0.428891539920034,
        0.42206254933853316,
        0.4079812989310359,
        0.36817872891892717,
        0.3758926808867035,
        0.38421864030279884,
        0.4162055746067898,
        0.34036959448594234,
        0.4478795343647276,
        0.4425009486523702,
        0.39512756076048183,
        0.44618611534641595,
        0.33918267220424425,
        0.32904830764387133,
        0.35228592674014914,
        0.40801690410777475,
        0.38050868450321085,
        0.33842007818491887,
        0.424478783168132,
        0.3256331017462057,
        0.3874294665221418,
        0.39473718669879637,
        0.2918782493985016,
        0.2647355907631575,
        0.5395145207319156,
        0.34799627757799767,
        0.41210428145663064,
        0.3692575582556804,
        0.3280041092393396,
        0.3466379020099057,
        0.34184211885082744,
        0.4060505941756199,
        0.29499642973623985,
        0.36109562378947396,
        0.36014591600455353,
        0.30010023552977494,
        0.43382102870390254,
        0.3776826016782228,
        0.23062372522520058,
        0.36578806305444117,
        0.31616670296150334,
        0.294393165342739,
        0.35828322712847116,
        0.2864143303713779,
        0.34696276793930564,
        0.4940596941505294,
        0.42418511767584177,
        0.43105860918365607,
        0.43741922156903046,
        0.3419289078584502,
        0.3007194821829852,
        0.4752556920597952,
        0.2896934933194669,
        0.38605469567612927,
        0.2972186114508248,
        0.38056013830392116,
        0.40215038193496533,
        0.3702880367374492,
        0.34980560187040693,
        0.4576738716586788,
        0.4057281697488969,
        0.41864852376358724,
        0.40784822466893017,
        0.4236266950894007,
        0.4595040514568021,
        0.35881854101962235,
        0.3747876642855274,
        0.27606668294527514,
        0.3423942906134666,
        0.27985213322725594,
        0.315875519923002,
        0.4070206235373691,
        0.3803376416497612,
        0.5162171746410208,
        0.38926745971491994,
        0.29543006594377963,
        0.3330117165551808,
        0.4266437418759853,
        0.4559922443615726,
        0.2511593769907016,
        0.26515471646875843,
        0.5126910480951402,
        0.4112332797354593,
        0.46976138270885187,
        0.36278642000023503,
        0.37089417562714877,
        0.3013668906819628,
        0.4420192355016937,
        0.3833138092946984,
        0.47014722142021087,
        0.38804593234665885,
        0.3905087648470027,
        0.4221130323406973,
        0.3935706869294022,
        0.43748613403082254,
        0.3037507338080026,
        0.31446617946418515,
        0.5093580522548894,
        0.3350776264198001,
        0.39203573197615876,
        0.33975122256965257,
        0.3434610528673309,
        0.3920060182773603,
        0.36143637315065874,
        0.24846026472027297,
        0.3949214611319667,
        0.27694881167814583,
        0.3156206034803258,
        0.345463972342479,
        0.39668802936846265,
        0.42259497951299685,
        0.25582463830203606,
        0.4163992837695194,
        0.39573561052555367,
        0.4069979768135887,
        0.3757996036752966,
        0.4474742345064925,
        0.37263165690082417,
        0.4017838916120137,
        0.28454819972000533,
        0.19929887209556987,
        0.33311353249725917,
        0.24825930791408854,
        0.26780310489311726,
        0.3040028946851815,
        0.40900256984474637,
        0.2818087745350421,
        0.416502603288241,
        0.3722956863504569,
        0.3706817511510911,
        0.338384625422403,
        0.28257961760821426,
        0.41455914903734986,
        0.3737630464734502,
        0.5027226624864624,
        0.3667198755159501,
        0.3334759938999554,
        0.29745594834330386,
        0.24904795033351598,
        0.2581815381159762,
        0.4327897012731245,
        0.3854086649129958,
        0.39463978000865646
    ],