{
    "time": "2022-10-07-09-36-34",
    "generations": 200,
    "fitness history": [
        0.3386345657430293,
        0.4599740165010386,
        0.2437542669947557,
        0.311018866711615,
        0.33220392986820413,
        0.20749560598053082,
        0.2979091074311476,
        0.32229653735666114,
        0.1941109482828598,
        0.3171767524836599,
        0.35561929932971714,
        0.2877090897140198,
        0.3855322288029432,
        0.3072981514166759,
        0.3135395181659759,
        0.36473792641190905,
        0.2759557136177551,
        0.33910991506573884,
        0.33393813011587686,
        0.42237726317754914,
        0.2864778638630013,
        0.3037976658927258,
        0.28496706075506345,
        0.4066518351419204,
        0.3049749031058351,
        0.3252661587602881,
        0.33506773538617013,
        0.40822866167569627,
        0.39970849125053803,
        0.39169862453664916,
        0.4287127099336356,
        0.39458696023664097,
        0.299941140673855,
        0.3555665032576112,
        0.3105601284979657,
        0.466669629826766,
        0.3363302601097752,
        0.4892154442354847,
        0.2658311320726163,
        0.3376160780695517,
        0.3922724277734534,
        0.23782564931126263,
        0.2941557192738941,
        0.3348207392798075,
        0.3116378639052633,
        0.3506215572915184,
        0.41802901627275646,
        0.41450922830665704,
        0.37566993543198085,
        0.362798552023137,
        0.3076546469596839,
        0.36686469607227834,
        0.35072297200513236,
        0.3004204216056465,
        0.4113557623899458,
        0.3922599333270073,
        0.3439075939471318,
        0.2982402158870302,
        0.3877543179568703,
        0.2875316497050916,
        0.3444008490967214,
        0.37106108281658046,
        0.3239884544163109,
        0.3285988763798857,
        0.3926265425946039,
        0.28519036676664355,
        0.32142629262872985,
        0.3647278796445842,
        0.345791522197793,
        0.36465308402238406,
        0.30514896701407296,
        0.34125787896174137,
        0.3688896672648739,
        0.3651023156228987,
        0.39280003461582913,
        0.3248379783443414,
        0.33611397173988794,
        0.25346158043918576,
        0.3425702733795591,
        0.3335794774244556,
        0.33333928453578715,
        0.49357754306364543,
        0.3469236128680317,
        0.3194887078620018,
        0.3594703758430041,
        0.38877142479413335,
        0.39484935156339573,
        0.35194483904141405,
        0.30534073885901586,
        0.4116854711137829,
        0.38865933039031925,
        0.3764832829820585,
        0.3571177154306143,
        0.3504693295550102,
        0.31759987631602693,
        0.40365946862494567,
        0.484091843701056,
        0.30881122552110185,
        0.33992597382690465,
        0.2853544422337503,
        0.3829947848991144,
        0.4385396249373051,
        0.4175368431494482,
        0.40735600181852627,
        0.3379262172055666,
        0.40909479604919363,
        0.4049998327010538,
        0.391365465947325,
        0.3157769388027448,
        0.2984117429656394,
        0.3529794380860494,
        0.36294987811458385,
        0.2544779155126484,
        0.29953323036298474,
        0.3399078928494538,
        0.44463309151721825,
        0.49376551625490595,
        0.39976000055967975,
        0.23804395049963656,
        0.4801912618290254,
        0.3239936799915887,
        0.47239975685394187,
        0.37370517022892846,
        0.3271704273271777,
        0.24984232661183917,
        0.26443862646923105,
        0.3624507893098721,
        0.4080123704435561,
        0.360916621208332,
        0.40544760724261975,
        0.2532886347253111,
        0.39336610238438263,
        0.514804510873522,
        0.38347726160522916,
        0.250570970725444,
        0.28311138052865314,
        0.45761897242912,
        0.3308939175338301,
        0.2937433413349182,
        0.3638555576322022,
        0.28023123937205485,
        0.4943248936478158,
        0.26988218656249785,
        0.31885737301699235,
        0.34808505142484797,
        0.2700990648665893,
        0.3839033315396088,
        0.36007231423759734,
        0.31226911891590486,
        0.3758701308732097,
        0.28284321020253883,
        0.26355982373649317,
        0.29194420559550094,
        0.3386946574873133,
        0.39457696945988097,
        0.29391641846087935,
        0.3019950397704198,
        0.3551918346984069,
        0.384357273151364,
        0.19754192674608376,
        0.25726675198926996,
        0.31913503861975245,
        0.34100728767752003,
        0.39509505115439647,
        0.2770521135361014,
        0.4327142652269682,
        0.3606997740399627,
        0.28576783594733884,
        0.3417703765159999,
        0.2863699461016514,
        0.29289410068652305,
        0.3510240386246262,
        0.3794410184201047,
        0.28699683496548306,
        0.3357898941507125,
        0.3504568971937154,
        0.3052143265760902,
        0.32582022660536125,
        0.32949472874859576,
        0.3028492375434636,
        0.3425252298203638,
        0.3283363197777362,
        0.30123382896464274,
        0.448488497532291,
        0.36648654895375915,
        0.34116814846993715,
        0.38043261037239545,
        0.21447902434089197,
        0.3489316177623671,
        0.3814357042558413,
        0.3342163226124918,
        0.29265716490216787,
        0.36991741770269715,
        0.38828477882090545,
        0.4495969939859586,
        0.43651586970874234,
        0.41226018584662066,
        0.4650575312581486,
        0.21802000861880735,
        0.3581845945122734
    ],