{
    "time": "2022-10-07-10-38-40",
    "generations": 200,
    "fitness history": [
        0.41446234178096053,
        0.3766691572298667,
        0.36763469864144194,
        0.35872252882679156,
        0.42291492374023143,
        0.3029163494465348,
        0.2701546464278779,
        0.3037748458109192,
        0.17645506552711063,
        0.354526333511541,
        0.21062956982885495,
        0.3161597425269678,
        0.40326615826351586,
        0.30964419870850346,
        0.21332322818453964,
        0.3181271689897235,
        0.36628835355068495,
        0.3601281115868759,
        0.29921823242647305,
        0.49793407649509497,
        0.29811050308113296,
        0.5468439949166224,
        0.37502811457669916,
        0.3643810050376496,
        0.2690734924454132,
        0.256970388726413,
        0.3339238846367958,
        0.31175202280198383,
        0.4446398667321263,
        0.324951827561552,
        0.3396183439830361,
        0.28978487950073384,
        0.3910198505891113,
        0.4178971723505633,
        0.4429788368040805,
        0.251517158228886,
        0.3804111348189717,
        0.4696996565849634,
        0.26371016782500817,
        0.35114412142185936,
        0.40027667804185035,
        0.24028683468902348,
        0.3197263114659977,
        0.4291915657853415,
        0.32698597384753975,
        0.43346263239936905,
        0.34882219318706376,
        0.4644226804412914,
        0.46418595663428996,
        0.3862657621354045,
        0.38037748850502007,
        0.4061186955521864,
        0.47234916123762255,
        0.3272994546740881,
        0.3909661553814592,
        0.3667208473895902,
        0.37825999980344444,
        0.3323681043675551,
        0.32564081240615134,
        0.4180031499962011,
        0.37824215196979777,
        0.3634257520423313,
        0.3587393421609713,
        0.33516582978515536,
        0.36787891899420744,
        0.35538290935809763,
        0.4479255247199284,
        0.4508510351818977,
        0.2786313529426566,
        0.33933085865890933,
        0.3745888955147241,
        0.35342630524991386,
        0.3431578421979629,
        0.2834375398208049,
        0.3381529071886981,
        0.3981793105631318,
        0.3207148954710699,
        0.305625295761187,
        0.24670941152506726,
        0.332450355060594,
        0.2728890077752533,
        0.27631765501882943,
        0.45236024805002906,
        0.33849190127619566,
        0.30382333306206594,
        0.29352885098022363,
        0.37333638815770803,
        0.2891115851396692,
        0.41263289557815375,
        0.35075021491984215,
        0.30694858341774883,
        0.3531982571329548,
        0.3590242289551015,
        0.368931138517647,
        0.40144006206716737,
        0.4080375288204446,
        0.3799901408303258,
        0.4342657352568168,
        0.3601167510470026,
        0.4321153705280563,
        0.4564519141633092,
        0.40251745379491843,
        0.4249230745296766,
        0.4005934305496386,
        0.38716329248573045,
        0.3471296633026839,
        0.2780412767942532,
        0.3962833945276807,
        0.4479327032579622,
        0.32740858086861707,
        0.34383114425235206,
        0.30285103711040123,
        0.3779432724750001,
        0.44629766101280915,
        0.389711491258591,
        0.2955736923190726,
        0.3404684213291407,
        0.3239438395632038,
        0.36975275201033325,
        0.5595039894336145,
        0.44683459772666617,
        0.35655313001625594,
        0.3868818604387193,
        0.25856498445417986,
        0.38226978814983953,
        0.2637781190452733,
        0.3466035169455059,
        0.36258665139368706,
        0.3357521849471459,
        0.3639344160943232,
        0.353054224932384,
        0.41231006359326494,
        0.36503255410217356,
        0.40959674035754695,
        0.3928605945247692,
        0.425848661010614,
        0.3660102267908328,
        0.4462989250032928,
        0.4251972917364242,
        0.485038777118146,
        0.33542144996415013,
        0.30101356286275194,
        0.36719803439134274,
        0.32903854666291266,
        0.3502293561952588,
        0.33848954539174836,
        0.39927783338110523,
        0.4239285250228203,
        0.36272572125779257,
        0.33550321477378126,
        0.3535960750665316,
        0.2835140711287031,
        0.40175740667262405,
        0.2577233392815855,
        0.39172185629083084,
        0.4736463315351099,
        0.34890705982542414,
        0.28645897904923734,
        0.3399790911176583,
        0.31316884039795684,
        0.27385509645279865,
        0.2976613590373079,
        0.3492151031659919,
        0.46736804084912653,
        0.45750984650606524,
        0.47261636009012425,
        0.4559120089767253,
        0.4095381146252173,
        0.2808103456148272,
        0.3084487776667717,
        0.38145445995048727,
        0.4021530116385626,
        0.3119685343277285,
        0.39210364958237437,
        0.26852208323957893,
        0.47443016475959915,
        0.31482335110574255,
        0.40865569645808003,
        0.39082993288339696,
        0.29202482022310794,
        0.2839765287507191,
        0.44404875374441133,
        0.2860229282793156,
        0.4312140743810699,
        0.33027516678719954,
        0.30068165070029057,
        0.39089155601199205,
        0.3324013560307169,
        0.22389951714043324,
        0.40134454780167644,
        0.3551748119254222,
        0.3214112336459568,
        0.3071474165128703,
        0.36720374202506856,
        0.38639529113606813,
        0.3200397907623131,
        0.34446759881142547,
        0.3846739288535229,
        0.22250684128158393,
        0.4610081708155633
    ],