{
    "time": "2022-10-07-00-33-22",
    "generations": 200,
    "fitness history": [
        0.3017373503589758,
        0.26213669419648405,
        0.3467830197304629,
        0.38197211114133184,
        0.36770560293846416,
        0.21658861283932163,
        0.2474245631737989,
        0.27087920742294286,
        0.4625706670762301,
        0.34146208824638163,
        0.3162789887360258,
        0.4211926384346269,
        0.2849506035518116,
        0.3348379744072229,
        0.1997967421257945,
        0.25996103067660464,
        0.5267470276871993,
        0.3324767970968482,
        0.37141867433110776,
        0.42845623071687833,
        0.3364313661443836,
        0.1973162999957821,
        0.4086100340421104,
        0.4086779099566801,
        0.2902878486608249,
        0.39504577273670294,
        0.47988745496362606,
        0.2593063623331718,
        0.32740518125009366,
        0.3367198266626659,
        0.31926145216442225,
        0.4810482058596762,
        0.37536098448613214,
        0.2874575914312584,
        0.3248868840881646,
        0.3970237073249384,
        0.4900793557596785,
        0.23843463761511186,
        0.4830962469785189,
        0.44432139989288116,
        0.3466602120440724,
        0.33444386525722936,
        0.4261064676768014,
        0.4687615908248672,
        0.5137312767614579,
        0.2513243841648329,
        0.4732277400940044,
        0.29227437696590586,
        0.3447407607624507,
        0.5026206486298477,
        0.3398528822313181,
        0.2868686545939504,
        0.24685275589939148,
        0.28927718637525035,
        0.43884207688678756,
        0.25838968089113246,
        0.4179713246024976,
        0.4953433165747977,
        0.40679441740476874,
        0.3457966260127886,
        0.2326934003556568,
        0.4107995847566147,
        0.24296635345372017,
        0.280930550419788,
        0.3760601724895687,
        0.38228375266171605,
        0.3299376354795707,
        0.4684272081851514,
        0.40584181354504834,
        0.43305358735250754,
        0.41849016557603863,
        0.4219327201109533,
        0.5560920299789538,
        0.3923216264842879,
        0.34739488962462417,
        0.3855971955667485,
        0.3290269826793055,
        0.0879138607469407,
        0.2457007901894992,
        0.3599571529669343,
        0.2937647628895361,
        0.3336465444853799,
        0.323089193700328,
        0.23300308864791192,
        0.5339866192509868,
        0.41451583951179743,
        0.44670911038660227,
        0.4060374614728623,
        0.30228094917670156,
        0.2411867088692199,
        0.2242048761955909,
        0.3310954433337481,
        0.8465311295122717,
        0.3471998988285746,
        0.31556309751726114,
        0.3939905643070605,
        0.37839544980658674,
        0.3877768992164105,
        0.4037836326290729,
        0.3494305533904031,
        0.11634862908127104,
        0.35048596711389396,
        0.2933014585774492,
        0.2312252733176644,
        0.33755862012136056,
        0.22548712217070233,
        0.26124156254610464,
        0.10277521492042858,
        0.2608710052368879,
        0.3425904517621413,
        0.4477603092817336,
        0.3231423807624688,
        0.4944610490989878,
        0.499276759840932,
        0.31354761896390476,
        0.2305668046978022,
        0.3368411427772716,
        0.3522075078427477,
        0.4486977940910719,
        0.2897346584449994,
        0.3322624132569891,
        0.28167377618646916,
        0.5563118312961185,
        0.22811024052705584,
        0.4303749687529234,
        0.2774185119549192,
        0.3284156688006331,
        0.3311595969538416,
        0.3634552102843558,
        0.3416763447710474,
        0.17895403415482256,
        0.40348826976097224,
        0.37094720636697154,
        0.30919689986902005,
        0.4067186165977214,
        0.2583230707286635,
        0.1287803619758097,
        0.40140897460727687,
        0.31394213003732313,
        0.29349973613197117,
        0.13815923539218122,
        0.4369170215848653,
        0.31281944065785205,
        0.39253479968258786,
        0.27813020169840597,
        0.2911608854954618,
        0.08378871280662942,
        0.2370187294140333,
        0.22516617527300775,
        0.439901618451312,
        0.3904933331549904,
        0.33385138804781433,
        0.27755887134512874,
        0.37758733479198514,
        0.33548777612414393,
        0.3091860548011161,
        0.09618955309719907,
        1.242995115990194,
        0.35989620985097687,
        0.33963940325104014,
        0.3326217621896199,
        0.6266006862275383,
        0.5635690135381087,
        0.37539533757477045,
        0.3253616175506042,
        0.23297203595165913,
        0.5265889059763302,
        0.24379513666846425,
        0.2831003360263047,
        0.24887901760382924,
        0.30241057078062644,
        0.3760443410121759,
        0.5079120255281172,
        0.28927463490723604,
        0.34279624148604754,
        0.2620411979537263,
        0.23068712882032114,
        0.44426394128615754,
        0.65751355862836,
        0.09871010014402387,
        0.3832238029602313,
        0.3618608923240591,
        0.27170608625887477,
        0.25873784763536867,
        0.40718297892198785,
        0.3801314230938284,
        0.5474171386603829,
        0.30466949251513964,
        0.39084246117266425,
        0.35714562609522743,
        0.7634092383551558,
        0.2980584136147051,
        0.6444488086514961,
        0.3622819670708895,
        0.35053729146537554,
        0.2924387081499157,
        0.4541016789787748,
        0.345245023659061,
        0.42011320985381795,
        0.3833131405203666
    ],