{
    "time": "2022-10-07-07-35-57",
    "generations": 200,
    "fitness history": [
        0.3663681971413528,
        0.31116085662427895,
        0.27653908013711365,
        0.3375196581337904,
        0.3294513698085843,
        0.4107375816768524,
        0.3429346504056097,
        0.31798784620710485,
        0.3342922162146408,
        0.4077946087113954,
        0.4126544215116027,
        0.2906745168258421,
        0.5136953765617275,
        0.38153474650729957,
        0.3017837926097852,
        0.32075685258231684,
        0.3362262770635917,
        0.5003747156145774,
        0.3137902887077856,
        0.3268450681859866,
        0.30539063488792473,
        0.31716398061458556,
        0.38717174548799443,
        0.33479090522975163,
        0.37243118465505387,
        0.3135690315315935,
        0.4231741876583113,
        0.4588404496914139,
        0.34645802163713246,
        0.3332311245990872,
        0.4463595030369509,
        0.2628704066519416,
        0.341134867749305,
        0.31648292567851344,
        0.31754650095394554,
        0.3906179372283763,
        0.4196540958161739,
        0.3258490180372117,
        0.33946597318957245,
        0.3426807467691041,
        0.4254112075648978,
        0.42652781227687037,
        0.5391375075285645,
        0.38088667841876606,
        0.39511470413622696,
        0.308987955544324,
        0.40065083955442043,
        0.4186252680626444,
        0.28234267503677346,
        0.42655973116588114,
        0.37259220897989215,
        0.3109395081702299,
        0.23860497254108673,
        0.3562714132753022,
        0.4246134343007087,
        0.3622656982500725,
        0.3435261577477665,
        0.4168838696513285,
        0.3812572193804471,
        0.3884132113295077,
        0.30085205010116023,
        0.34357448332338764,
        0.5563865331264939,
        0.38221462124556704,
        0.43116252978102254,
        0.3992346433033973,
        0.4081524524877464,
        0.2984332827461176,
        0.38163052124956953,
        0.41471903589752374,
        0.4151008272757604,
        0.27517480857102233,
        0.4010789881574983,
        0.400865674602676,
        0.3508431601572957,
        0.3024077795773119,
        0.3012770796165156,
        0.3199585720449888,
        0.3239380802178107,
        0.3213991285361778,
        0.34876329353438285,
        0.38547574767118337,
        0.42306110513166884,
        0.43045748051142185,
        0.34939555579501724,
        0.43001696738524303,
        0.28620439492914806,
        0.24112010886306237,
        0.46684349881305637,
        0.28767953681808955,
        0.4320400028946171,
        0.38577831313699257,
        0.3313550115076505,
        0.42588795637275956,
        0.35578150516479845,
        0.4111619415382768,
        0.31523429076092674,
        0.31070903938671235,
        0.33480603760447425,
        0.4982331999859126,
        0.3263785418639887,
        0.33728459108077047,
        0.40707418682271646,
        0.3291297536692918,
        0.327641093642412,
        0.2909620251149642,
        0.3428333275694979,
        0.36861652969844655,
        0.2696833941243403,
        0.43197712547248157,
        0.3336887938810163,
        0.2791501062076922,
        0.4565573547564268,
        0.4441144988069348,
        0.3970598610921489,
        0.3504660471758498,
        0.30765291788772847,
        0.4046413067254453,
        0.2993164012899167,
        0.29326122357618556,
        0.4706601628148224,
        0.4511372209119452,
        0.38881527660225745,
        0.29097747660503187,
        0.37747467422671277,
        0.44620509614380893,
        0.29068894085092234,
        0.3618551740079136,
        0.32933403386528887,
        0.37308076325332856,
        0.4087168635927204,
        0.4751922900976479,
        0.22054440695748714,
        0.39130046150200487,
        0.41377903422878576,
        0.3559675974064529,
        0.48610412260561986,
        0.3254304473030235,
        0.33669065269114484,
        0.26384849380288306,
        0.5412891500653392,
        0.22951540014890365,
        0.38833957892944737,
        0.3996464479295062,
        0.36752414486414425,
        0.31221443872500426,
        0.4829616859571742,
        0.3081494202164641,
        0.32684094758756926,
        0.42280678446524894,
        0.3769582627157098,
        0.2899757684433139,
        0.31991267261560613,
        0.3895288736588447,
        0.3533710262756986,
        0.32115666918504054,
        0.2619874019778907,
        0.3208473546860716,
        0.30548606220074853,
        0.31436155909518737,
        0.3990329262784836,
        0.2852267025527486,
        0.294170264983925,
        0.26757662115891856,
        0.35209014618184087,
        0.35497017617457227,
        0.4332145256430553,
        0.35224183346535953,
        0.3501940505630725,
        0.2982329881972428,
        0.40267549593875407,
        0.31125919852275297,
        0.37981021555121974,
        0.3467123267484501,
        0.3349961922346505,
        0.2946936879987954,
        0.32595549656080364,
        0.27636134735033036,
        0.44076963247812956,
        0.3524839602246754,
        0.2944339330331078,
        0.3067785532849947,
        0.3087444636891265,
        0.3035421326334952,
        0.35920231219332754,
        0.3671097336722685,
        0.31524892388638237,
        0.37762044055574173,
        0.4322241574409603,
        0.2806247775600634,
        0.3305987649394249,
        0.34106007988837134,
        0.3561094736917759,
        0.44433354874520165,
        0.35724094368179266,
        0.4466593844729042,
        0.4431374954581818,
        0.41439670143477214,
        0.3874283870798618,
        0.40504325433805655
    ],