{
    "time": "2022-10-07-04-08-17",
    "generations": 200,
    "fitness history": [
        0.2715358257295156,
        0.43059546890444217,
        0.40235176212863744,
        0.17170504905937062,
        0.3524103924177564,
        0.39863104520869647,
        0.23696644230051067,
        0.32193759105710257,
        0.2062464717996282,
        0.4256968174642338,
        0.26234051895763977,
        0.3789408111469713,
        0.4538666284153718,
        0.27823544117585114,
        0.34969648886739363,
        0.3623414892496687,
        0.3961276648279671,
        0.2760772886304443,
        0.24530174617597195,
        0.28263871686910874,
        0.37612792490318275,
        0.2711608098357189,
        0.3023930135854005,
        0.2527586657213004,
        0.20745905940495454,
        0.3371647519953984,
        0.33250738305448946,
        0.44137397352396185,
        0.43498959185381314,
        0.3302065465620301,
        0.33898394288724903,
        0.3252390689129632,
        0.35483138643954654,
        0.348450708337498,
        0.3829138875767222,
        0.27349417926577857,
        0.2850962334667967,
        0.5006966718826384,
        0.264153695320926,
        0.19337524025051367,
        0.439044475860255,
        0.4154227465002427,
        0.33369584654988066,
        0.4209028911140591,
        0.4502128148405897,
        0.17959064992873291,
        0.398022037590045,
        0.32179574317566356,
        0.1530740281694187,
        0.44845960529257156,
        0.2358148442049451,
        0.38602131506537757,
        0.3120958859091603,
        0.45625473242242365,
        0.3640311873076279,
        0.41665779073119596,
        0.32999159845898307,
        0.3188598517747806,
        0.38757447603346407,
        0.44181926304721597,
        0.3479781995248124,
        0.3499800053248227,
        0.2830513590063283,
        0.3574466676656365,
        0.5968858930412706,
        0.24615932334565171,
        0.3602556803653219,
        0.3957973429070441,
        0.37327665119395426,
        0.37376514612474165,
        0.33084707350848647,
        0.37296893677195364,
        0.38903099735591246,
        0.317060129738217,
        0.3542372636514316,
        0.22499656411016844,
        0.3325644438832414,
        0.24473216245504903,
        0.47372639251449805,
        0.28200409792108866,
        0.3131574747500744,
        0.31758169475668746,
        0.3642225795686925,
        0.3722777661362695,
        0.4521806705683812,
        0.31952246765213177,
        0.3352757326794903,
        0.3475566870848212,
        0.3727088629991374,
        0.49991510539099876,
        0.2620900868362261,
        0.3033952366145214,
        0.3870689138063467,
        0.4247664182987607,
        0.6690167943246499,
        0.3747606910900936,
        0.3687480158893179,
        0.4067205138972582,
        0.4040133708183732,
        0.41401428166914,
        0.22131004096348975,
        0.32376113550707303,
        0.330258053533038,
        0.36481360723590067,
        0.491389225256168,
        0.45376598852931926,
        0.2539760006611196,
        0.5396950222829376,
        0.4587917671687196,
        0.2965781567967424,
        0.2716538666589586,
        0.4254170853575503,
        0.44010050821670277,
        0.2845568726815437,
        0.44835494923136615,
        0.35259144622180344,
        0.26347974560882487,
        0.3278552901229972,
        0.5461932596991259,
        0.26939091837829304,
        0.4100558569021164,
        0.3225115012092181,
        0.35575898293464225,
        0.2645702825666414,
        0.347815239398548,
        0.39973161821338826,
        0.4653633488787187,
        0.31720144301566305,
        0.4801581578128667,
        0.4748426069265417,
        0.26238429796354273,
        0.32227946284390513,
        0.37164235005980584,
        0.29705203391028345,
        0.3124440534358682,
        0.21801870593663444,
        0.30047188764045485,
        0.2899194591781243,
        0.2823594325886306,
        0.29290221867233357,
        0.5429218834378967,
        0.48951369906408737,
        0.5461615148606284,
        0.2520958843721391,
        0.3532304907237476,
        0.25589861306912953,
        0.3761111172779451,
        0.3517601552406318,
        0.2751780352068887,
        0.4736688418990857,
        0.29993180490889715,
        0.35218975827147597,
        0.43134892067155894,
        0.5331949361527495,
        0.3876654104018717,
        0.4155610254422078,
        0.3181657801259017,
        0.26853495041685127,
        0.450802230456023,
        0.2797333215190999,
        0.5401602195473203,
        0.43389373639202383,
        0.2930232729459781,
        0.3985988945245083,
        0.32353589545148426,
        0.25728955005404097,
        0.36325989945860143,
        0.3722603041596669,
        0.32802963202725793,
        0.42656476093971435,
        0.32211671882736576,
        0.42655971072001186,
        0.29762109765497646,
        0.2959658206074242,
        0.2605243684904142,
        0.3643339602185979,
        0.30332964825831055,
        0.3379321573662104,
        0.285572914738932,
        0.32709665866711324,
        0.30467856988872,
        0.25701401020904574,
        0.24590311677014673,
        0.46991938522232424,
        0.3905159594246963,
        0.3909303815575027,
        0.29722792292739364,
        0.4140260990434316,
        0.30534035608166404,
        0.38488596582724327,
        0.32336811955871914,
        0.3036676323031721,
        0.38136194872365364,
        0.3264958039977694,
        0.39207430093092055,
        0.2998942948411479,
        0.27925243733270744,
        0.2285887658074397,
        0.3607322712425895,
        0.42942407139867234
    ],