{
    "time": "2022-10-07-02-55-37",
    "generations": 200,
    "fitness history": [
        0.26906471211517896,
        0.2714752159746205,
        0.4156288172994239,
        0.2506386613125171,
        0.31095592626718327,
        0.33984830703228164,
        0.27453744979844324,
        0.39293686573249575,
        0.3470506343750588,
        0.36739124621026514,
        0.39422955372209956,
        0.3467108382102918,
        0.32277675570496067,
        0.38295481465803893,
        0.37076679358038,
        0.31553944885792135,
        0.4236388861673906,
        0.4000575253203065,
        0.4552035665016085,
        0.46498831924402106,
        0.28389750804349123,
        0.3328804358726218,
        0.3122566379411039,
        0.3287420545932524,
        0.4544138758122866,
        0.3205525132555887,
        0.40643262859859614,
        0.4028817933527432,
        0.3536116854154418,
        0.38819528545264265,
        0.3989738711135665,
        0.3171346676052251,
        0.3596636414540732,
        0.3906021618468303,
        0.365262258603801,
        0.43236019611122883,
        0.32694533864002095,
        0.46463579341958644,
        0.30973239648611206,
        0.29014054903311437,
        0.4075281387808001,
        0.3309203533134595,
        0.30233472456412236,
        0.3258002038524978,
        0.43260430186328086,
        0.3559779351340484,
        0.33373299808505263,
        0.37737479047520317,
        0.3578292666537749,
        0.32983020096736854,
        0.33337539434807995,
        0.27244279208104993,
        0.38257322489914636,
        0.21507383939398023,
        0.3116748830628494,
        0.34973638251528155,
        0.36199287893364257,
        0.2929998148930295,
        0.3318505354696912,
        0.3576320344811749,
        0.41756221141788125,
        0.2722602953598604,
        0.3661142539885507,
        0.2857295140097575,
        0.2851186940285767,
        0.38679585274764233,
        0.31773140489737994,
        0.29480208533770663,
        0.3538854922790718,
        0.38555956610302355,
        0.417472579667664,
        0.2599035759112154,
        0.35417440706844827,
        0.3212370475031518,
        0.3737191059885058,
        0.3629718363250214,
        0.38872030915211364,
        0.4487280855659656,
        0.42510614834424454,
        0.31427391469196414,
        0.334279670946515,
        0.32424744370235425,
        0.4438304914534195,
        0.39256312084662315,
        0.40570657428444723,
        0.32433699144349204,
        0.3905763059941048,
        0.288500830453379,
        0.32717235708778075,
        0.41744323839381686,
        0.373251621828157,
        0.29907067386210623,
        0.44931364922852096,
        0.23523028255138093,
        0.2701258738321219,
        0.3722189717730928,
        0.3193518162213006,
        0.36719171384793303,
        0.3934730352251192,
        0.3518589649054647,
        0.3284610452613135,
        0.3566353911570062,
        0.38644535195168084,
        0.306759763579266,
        0.29982500019249453,
        0.3093350293183713,
        0.4286505972033448,
        0.3334444921067735,
        0.3496764992078363,
        0.4058703371664362,
        0.4492834430750051,
        0.28367082542525024,
        0.434843156436349,
        0.28827326756419863,
        0.48414999565959504,
        0.442301417327098,
        0.2977281013755691,
        0.4008332984574877,
        0.2861189824354091,
        0.37501286615516427,
        0.41896533860344354,
        0.3235281375515689,
        0.28034346593716514,
        0.3788828337323803,
        0.3692224254113775,
        0.3121243234256566,
        0.4002721412905597,
        0.36671941661489493,
        0.3759990250359397,
        0.343001753291973,
        0.33474065748349574,
        0.34174351277722914,
        0.31645744446639257,
        0.3969122759919879,
        0.27407433566852446,
        0.3387423366745832,
        0.36525753217109874,
        0.45866815264170946,
        0.3803903165353284,
        0.5193607224729058,
        0.2574276837009553,
        0.4154325325962096,
        0.3281760603973814,
        0.4644536493398905,
        0.3056385970184077,
        0.3126451788367391,
        0.4136983708723957,
        0.28469898065419164,
        0.3176968722352765,
        0.301416271601575,
        0.30060900121930567,
        0.314027393201314,
        0.34770998149491816,
        0.3071382105821509,
        0.3349902872677542,
        0.399456220320329,
        0.3210263429162374,
        0.4179997897955419,
        0.3450647197757217,
        0.3500339562686918,
        0.3440105448103747,
        0.34514870674911213,
        0.30394335284440993,
        0.3398917042971512,
        0.30554606481500424,
        0.3778276329790027,
        0.29405836416783027,
        0.4217933886553339,
        0.3690047243047577,
        0.42407253747934187,
        0.35235339566576485,
        0.3558770792107912,
        0.35090989055576577,
        0.3453723622732432,
        0.3274734782942319,
        0.3247863341415541,
        0.4522679381667824,
        0.47716661195680793,
        0.45237972648992,
        0.3227477869498349,
        0.4184766775272288,
        0.35466080599054556,
        0.3714597296016892,
        0.45196770194815966,
        0.384903047890414,
        0.4007484845782876,
        0.31576364028889303,
        0.28915433943493085,
        0.4256486933158563,
        0.3452515515007903,
        0.3533273450976865,
        0.5110129666133403,
        0.3275084680028463,
        0.3077479287952743,
        0.37075745425952844,
        0.38222107270209027,
        0.45369324932161453,
        0.22713298229684767,
        0.3754619492347018,
        0.422967358545332
    ],