{
    "time": "2022-10-07-00-46-06",
    "generations": 200,
    "fitness history": [
        0.4336575846697723,
        0.3899643234245774,
        0.30741021485623254,
        0.21540736037655642,
        0.28193109102402664,
        0.31067794486693967,
        0.3297619522251552,
        0.3019783039998907,
        0.31891749502120403,
        0.2812547919641501,
        0.34368074046306746,
        0.35113595434727984,
        0.3295573858308298,
        0.3146865083125527,
        0.3760636113564974,
        0.37011332216934617,
        0.36807348834166886,
        0.23398170026501114,
        0.38548310736213465,
        0.4122535498918133,
        0.2849759447950537,
        0.2973238081537328,
        0.48202243994992927,
        0.3511731343393006,
        0.42057790683212254,
        0.21745021083392152,
        0.38180656770704147,
        0.2592877109139346,
        0.47094879322929223,
        0.3629481483807497,
        0.3305558580678538,
        0.29604025350662366,
        0.2763055451464416,
        0.40888608996282044,
        0.4201568200514298,
        0.22006399176201838,
        0.42343131534817813,
        0.4211349103299974,
        0.4333641514389096,
        0.3791411651807475,
        0.40796294213427386,
        0.4143871763571979,
        0.33182902228078254,
        0.41640752146423005,
        0.3473589533254043,
        0.3545519936105687,
        0.4057056818491946,
        0.3489115375861443,
        0.27879227115814853,
        0.3843158100876712,
        0.49584933017878574,
        0.31570832159091,
        0.3622006523011903,
        0.40664539560327795,
        0.3177776347529393,
        0.3279296984231563,
        0.44318373990193977,
        0.282719574427669,
        0.34775943936533354,
        0.3790081301664437,
        0.3336260570126806,
        0.3569186085918593,
        0.35279513899814885,
        0.3868705593607079,
        0.43261119999367526,
        0.42589645270999,
        0.4293010190396571,
        0.41373276333009557,
        0.44716336842256366,
        0.33552563435749483,
        0.288504437484889,
        0.49417845654184267,
        0.27957898677063825,
        0.4205648739695596,
        0.4383753163742296,
        0.23836858040840883,
        0.362610175764219,
        0.32386966150924196,
        0.31036462330957165,
        0.3713374070798047,
        0.35158915811331937,
        0.32256961675427825,
        0.3851141999167048,
        0.45879079420085284,
        0.363133053282832,
        0.42876812053444696,
        0.5865995545050815,
        0.38948420937549344,
        0.4664268099475746,
        0.4138327066012431,
        0.3213480442964187,
        0.3337754946137494,
        0.43369755307112534,
        0.34309988503615585,
        0.3518340121409942,
        0.5241694735109184,
        0.26134686966474324,
        0.321248595468011,
        0.4632604905084797,
        0.5096158880790107,
        0.5381376978738511,
        0.4963441808765232,
        0.3530054050168821,
        0.5115200937208304,
        0.43830777112102887,
        0.37032232458347514,
        0.4897445586466591,
        0.4058490406349505,
        0.46786264249542214,
        0.2906142444141141,
        0.2989812940080751,
        0.41190996192474466,
        0.5193121384790609,
        0.36978488469964305,
        0.3693354137960575,
        0.43885841685785104,
        0.46466788568802264,
        0.4200779942376507,
        0.39279960200084035,
        0.3725767334738769,
        0.3293366713965448,
        0.5179820346392927,
        0.36425316150099435,
        0.33134061218345745,
        0.3072641561225619,
        0.5174545127589574,
        0.34253067896120953,
        0.42142099112855624,
        0.3300936459961195,
        0.4030102270132004,
        0.4609178146308848,
        0.5297424144523498,
        0.3361219619706105,
        0.3420568247683791,
        0.49608959815740084,
        0.32365863151429913,
        0.30829939948091717,
        0.36240796840784073,
        0.44293630687620156,
        0.4049116163311251,
        0.40653611002828294,
        0.31538617890701837,
        0.35503514007011944,
        0.4594118584720012,
        0.41979662722103567,
        0.3288170412286206,
        0.4713103538598147,
        0.3749574634126376,
        0.515102590213117,
        0.4319629606188362,
        0.4497953122943468,
        0.4038665451226391,
        0.42020544684606664,
        0.46419364876022984,
        0.3603127891949779,
        0.4005673981120667,
        0.38834321245178144,
        0.1882994270696197,
        0.4925085059171718,
        0.37100604936795734,
        0.3965610300379226,
        0.44472539265591676,
        0.3125750785473191,
        0.43810118956290756,
        0.4409442652442817,
        0.4166576157109724,
        0.3581564631310036,
        0.3853268002567768,
        0.5791242177050909,
        0.31303163532901906,
        0.3777033063221697,
        0.434318399433574,
        0.3387920408996728,
        0.49898053756268057,
        0.31240239874503223,
        0.36204522525898625,
        0.48475715905382116,
        0.4179204225390014,
        0.45653475831504936,
        0.37948075177017027,
        0.48210699010076224,
        0.25774202894930165,
        0.4870951643110846,
        0.3852986661831228,
        0.4677199217738545,
        0.2825829685331025,
        0.38855566454079576,
        0.33952210934192406,
        0.28554028341160875,
        0.49862268622771067,
        0.3506885409720498,
        0.3625152878656893,
        0.44970209154455437,
        0.4415345435715735,
        0.47691190851053283,
        0.3757984995617948,
        0.3380520676083336,
        0.3492287360302042,
        0.3665448251862645,
        0.34277255124297595
    ],