{
    "time": "2022-10-07-04-53-03",
    "generations": 200,
    "fitness history": [
        0.32958050969838915,
        0.29570067813741735,
        0.3001095446453402,
        0.27369808675232227,
        0.3916753330914597,
        0.29599456119040146,
        0.3605697748247969,
        0.24432189465515705,
        0.19204186989335081,
        0.4277878799272587,
        0.2586676205684329,
        0.3353878870939537,
        0.25112082154526766,
        0.38738054970908065,
        0.2525759077254088,
        0.27761468539811135,
        0.31989877957445545,
        0.2914526384846042,
        0.2982130267157175,
        0.3703180198224165,
        0.36897542547848033,
        0.35285134032652704,
        0.28862418445294835,
        0.369001939695657,
        0.2590740948183391,
        0.34282479358485374,
        0.3531197570949831,
        0.22884711950643266,
        0.4424883096829827,
        0.25717567469207564,
        0.29552734059641894,
        0.3521755901832233,
        0.3845873437478399,
        0.3942315735830276,
        0.30978768543804036,
        0.2641960655298107,
        0.2844179720847106,
        0.2982265135647747,
        0.28958142477196697,
        0.50358699841385,
        0.29532072864470466,
        0.2673803509130986,
        0.425900243930379,
        0.37600303801124724,
        0.4020287436027515,
        0.38492681103145254,
        0.2259891824789254,
        0.3437346623716527,
        0.3156924423700642,
        0.26785610406260946,
        0.4172641320267734,
        0.42828192099870693,
        0.3931249876341866,
        0.29349130598227763,
        0.38124899047923316,
        0.3857209949611524,
        0.42778136544722445,
        0.32348399407580586,
        0.45429819921852405,
        0.3057727154859414,
        0.23848546432541645,
        0.36748627381511634,
        0.3007078555690888,
        1.143161342723005,
        0.2065102172957066,
        0.13805858358003595,
        0.34378529158439897,
        0.5301118869106902,
        0.3521055628302605,
        0.074141759827183,
        0.4234338565566878,
        0.2609818985178801,
        0.8432438562151338,
        0.41265658556324497,
        0.14604692796818936,
        0.2284847566985732,
        0.449600153346951,
        0.24875290592056257,
        0.4097446089954058,
        0.25714848023492887,
        0.4073584450115701,
        0.28611113356704293,
        0.3529233431621761,
        0.3053377727595622,
        0.4904132976622433,
        0.10911693043376307,
        0.33197328640651286,
        0.3525346794882893,
        0.6079002405613744,
        0.2902566247192311,
        0.4610135607275438,
        0.3212221900288639,
        0.26619895068845917,
        0.2737890498421087,
        0.462402467937959,
        0.2348760426094515,
        0.3062840767566208,
        0.3220484797706028,
        0.20558133466309528,
        0.2633498469656384,
        0.46037809545255437,
        0.3184790359163392,
        0.3127242579170528,
        0.13067756453626742,
        0.7030315240375988,
        0.3431239965376236,
        0.41463443222600005,
        0.2597595977606375,
        0.4092680390335088,
        0.23487147561275143,
        0.34629731645635936,
        0.2875212514344671,
        0.19279812902054047,
        0.21382546352646847,
        0.29335968336103774,
        0.2603076329817869,
        0.28253290671228565,
        0.42853251474318993,
        0.27718309858681506,
        0.31270886398769354,
        0.4021102398659337,
        0.3458882025674827,
        0.4437487647526234,
        0.4142979448732447,
        0.32097377442337643,
        0.2578190146287605,
        0.2881869329104089,
        0.3113666132536893,
        0.3974428380583501,
        0.49193172103638927,
        0.3588630232111776,
        0.38806986201185995,
        0.4070905171838654,
        0.38499290768929334,
        0.5408679989117093,
        0.3962314115956622,
        0.41630071241503463,
        0.2219798139837296,
        0.24963062571641095,
        0.47500629200646166,
        0.3229440991686146,
        0.47300648248121435,
        0.3510376871499068,
        0.32475811190337484,
        0.31851285242002936,
        0.4200644245167185,
        0.3923524699190384,
        0.30765987253934696,
        0.22127181027661189,
        0.4337165742435971,
        0.4057943816529076,
        0.3824928599722048,
        0.34306462990892334,
        0.28863570630189145,
        0.20659998188529236,
        0.414842699804538,
        0.48045015283717035,
        0.3508687282435592,
        0.26892782836910856,
        1.0517227767589936,
        0.3316919250590625,
        1.6907512403549,
        0.5131846732392134,
        0.3428358970029121,
        0.29735129900593227,
        0.4154720255070925,
        0.3841832249776717,
        0.30008758079954295,
        0.3996022206814627,
        0.22374659268731878,
        0.4286351507922656,
        0.43090471026154903,
        0.3018356993186711,
        0.06620685580636483,
        0.28620120202403965,
        0.3848117999389137,
        0.3287838432508307,
        0.3625323995011447,
        0.330059642367518,
        0.353500787303769,
        0.37381867278304554,
        0.6586221820851038,
        0.30199808507500087,
        0.7423338787438775,
        0.27837285012560414,
        0.3226777596158498,
        0.4584328948593197,
        0.30737075670932407,
        0.46507989115296766,
        0.2714122514040158,
        0.2892672971864955,
        0.4240993658838906,
        0.4147885416106625,
        0.40903533531384545,
        0.26525110435129945,
        0.46522489161460095,
        0.34851656614710597,
        0.41783366614246253,
        0.34254484441171085,
        0.22980504266095603
    ],