{
    "time": "2022-10-03-19-34-17",
    "episodes": 200,
    "performance history": [
        0.6637835062932667,
        0.7163459735002295,
        0.6394050598269216,
        0.7509246953683317,
        0.7534030360583935,
        0.8519196134045375,
        0.6394050598269216,
        0.6500622508888447,
        0.670441038924811,
        0.6429930394308526,
        0.6284233089779543,
        0.6357810204284766,
        0.7654297119062023,
        1.0507928338648984,
        0.6284233089779543,
        0.6769667435777471,
        0.7106157820609493,
        0.7484214469402435,
        0.6671289163019205,
        0.6737202053769605,
        0.6429930394308526,
        0.9909952224175634,
        0.7328646980341497,
        1.0561347628341338,
        0.6988057880877978,
        0.6927212613988687,
        0.7134952031398099,
        0.7018027205701126,
        0.6769667435777471,
        0.6927212613988687,
        0.7047698330759857,
        0.680180978183696,
        1.0561347628341338,
        0.6500622508888447,
        0.6927212613988687,
        0.7534030360583935,
        0.6357810204284766,
        0.6321205588285577,
        0.6569914825812934,
        0.6465453180412198,
        0.6988057880877978,
        0.7877520261732569,
        0.6604044743550609,
        0.7191683782216203,
        0.8869584693595501,
        0.7191683782216203,
        0.680180978183696,
        1.013704925297365,
        0.6429930394308526,
        1.0561347628341338,
        0.6569914825812934,
        1.0544757298691898,
        0.7219626995468058,
        0.7898639287992353,
        0.6988057880877978,
        1.0572687602654673,
        1.0523397059484323,
        0.6394050598269216,
        0.7301799436153131,
        0.7219626995468058,
        1.0578443208748385,
        0.6284233089779543,
        0.7191683782216203,
        0.7582859831029636,
        0.8858223830891635,
        0.7219626995468058,
        0.6357810204284766,
        0.6833632306209467,
        0.7534030360583935,
        0.6284233089779543,
        0.6394050598269216,
        0.7018027205701126,
        0.6833632306209467,
        0.6927212613988687,
        0.8117529343612532,
        0.6604044743550609,
        0.6535441896699425,
        0.6637835062932667,
        0.6833632306209467,
        0.6321205588285577,
        0.7106157820609493,
        1.0156075579199828,
        0.6321205588285577,
        0.6569914825812934,
        0.8379742490661193,
        0.6535441896699425,
        0.6927212613988687,
        0.6769667435777471,
        0.7484214469402435,
        0.6321205588285577,
        1.0528657287383503,
        0.6569914825812934,
        0.6500622508888447,
        0.6321205588285577,
        0.9909952224175634,
        0.6569914825812934,
        0.6569914825812934,
        0.6988057880877978,
        0.7746273444605613,
        0.8504313807773649,
        0.9909952224175634,
        0.7018027205701126,
        0.6637835062932667,
        0.6737202053769605,
        0.6429930394308526,
        0.6988057880877978,
        0.6927212613988687,
        0.6284233089779543,
        0.6284233089779543,
        1.0005931875119074,
        1.0262523439656879,
        0.6357810204284766,
        0.7458930404471997,
        1.0000050304556072,
        0.8296670111745905,
        1.0507928338648984,
        1.04285212686704,
        1.0130365282034377,
        1.0270518468663503,
        0.6865138191173947,
        1.0287246396542393,
        0.6357810204284766,
        1.000018831115057,
        0.6357810204284766,
        1.0270518468663503,
        0.9980305481033603,
        0.6284233089779543,
        0.8725460301051793,
        0.689633058734515,
        0.6535441896699425,
        0.670441038924811,
        0.785618898573022,
        0.8395864322248272,
        0.9997817785096096,
        0.6465453180412198,
        0.6604044743550609,
        0.6284233089779543,
        0.6321205588285577,
        0.6500622508888447,
        0.7047698330759857,
        0.6604044743550609,
        0.7630722413178782,
        0.8173164759472653,
        0.8686644788515069,
        0.6535441896699425,
        0.6500622508888447,
        1.0578443208748385,
        0.7106157820609493,
        0.6637835062932667,
        0.6737202053769605,
        1.0544757298691898,
        0.7191683782216203,
        0.6833632306209467,
        0.6637835062932667,
        0.680180978183696,
        0.6321205588285577,
        0.7018027205701126,
        0.6284233089779543,
        0.7018027205701126,
        0.6833632306209467,
        0.7047698330759857,
        0.6957787359332959,
        0.8427628336863724,
        0.9999819072635258,
        0.6284233089779543,
        0.6284233089779543,
        0.9996063309593449,
        0.9994995485665594,
        0.6394050598269216,
        0.6500622508888447,
        0.6284233089779543,
        0.6604044743550609,
        0.7534030360583935,
        0.6988057880877978,
        0.8191342073828779,
        0.6321205588285577,
        0.7219626995468058,
        1.0561347628341338,
        1.0578443208748385,
        0.7163459735002295,
        0.6357810204284766,
        0.6500622508888447,
        0.9937175798591988,
        0.9996063309593449,
        0.9996255304250139,
        0.7606910777562454,
        0.6394050598269216,
        1.0114473158505057,
        1.04285212686704,
        1.0347352589447385,
        0.6429930394308526,
        0.7047698330759857,
        0.8577259284134864,
        0.6604044743550609,
        0.7301799436153131,
        0.6357810204284766,
        0.6394050598269216,
        0.7677637252702412,
        0.7630722413178782,
        0.9994843075513876
    ],