{
    "time": "2022-10-05-06-30-34",
    "episodes": 200,
    "performance history": [
        1.0492916787604623,
        1.0424257410805113,
        0.6357810204284766,
        0.6357810204284766,
        0.6500622508888447,
        0.6321205588285577,
        0.9998477520323147,
        1.0544757298691898,
        1.0561347628341338,
        0.6321205588285577,
        0.6604044743550609,
        0.6284233089779543,
        1.0544757298691898,
        0.8619307626891072,
        0.8117529343612532,
        0.7077074223191406,
        0.6957787359332959,
        0.8427628336863724,
        0.6604044743550609,
        0.994023977104994,
        0.6604044743550609,
        1.0003255482089204,
        1.0333732699603262,
        0.8021013009163853,
        0.6284233089779543,
        0.6284233089779543,
        0.8750697878014175,
        0.6357810204284766,
        0.6321205588285577,
        0.7328646980341497,
        0.7919548176429796,
        1.0544757298691898,
        0.9937175798591988,
        1.0399550582606538,
        1.0455019544046216,
        0.7898639287992353,
        0.6284233089779543,
        0.6394050598269216,
        1.0017820337691015,
        0.9977118233470779,
        0.6535441896699425,
        0.7484214469402435,
        1.0305008721712174,
        0.7746273444605613,
        0.6394050598269216,
        0.6284233089779543,
        0.6321205588285577,
        0.6357810204284766,
        0.6284233089779543,
        0.7106157820609493,
        0.6394050598269216,
        0.670441038924811,
        0.8209338520885068,
        0.6429930394308526,
        1.0275983304232492,
        0.6394050598269216,
        0.7077074223191406,
        0.6429930394308526,
        0.6671289163019205,
        0.6284233089779543,
        0.7018027205701126,
        1.050287436723592,
        1.0354369577215987,
        0.6500622508888447,
        0.81362602396059,
        0.6357810204284766,
        0.6465453180412198,
        0.6394050598269216,
        0.8060199577091081,
        0.738154331419674,
        0.8262260565495548,
        0.7047698330759857,
        0.6429930394308526,
        0.6357810204284766,
        1.001836304777029,
        0.6284233089779543,
        0.6737202053769605,
        0.6284233089779543,
        0.7407597393541085,
        0.6394050598269216,
        1.0399550582606538,
        0.7981034820053446,
        0.9999112777629039,
        1.0403566132720312,
        0.7047698330759857,
        1.0343896373434727,
        0.7018027205701126,
        0.6429930394308526,
        1.0365161737537405,
        0.6284233089779543,
        0.7047698330759857,
        0.7630722413178782,
        0.6284233089779543,
        0.6637835062932667,
        0.6357810204284766,
        0.6429930394308526,
        0.6357810204284766,
        0.6394050598269216,
        0.8209338520885068,
        0.6394050598269216,
        1.0411718709390678,
        0.9937175798591988,
        1.0145523905484162,
        1.0284388247141845,
        0.7630722413178782,
        0.6284233089779543,
        0.7163459735002295,
        1.038774207831722,
        0.6284233089779543,
        0.7790900220406218,
        0.7654297119062023,
        0.8117529343612532,
        1.0305008721712174,
        0.8244795993830032,
        0.6284233089779543,
        0.6284233089779543,
        0.7077074223191406,
        1.0399550582606538,
        0.7768698398515702,
        0.6394050598269216,
        0.6284233089779543,
        0.6500622508888447,
        0.680180978183696,
        0.6284233089779543,
        0.6465453180412198,
        0.8098610198984795,
        0.6321205588285577,
        0.6535441896699425,
        0.6284233089779543,
        0.6321205588285577,
        0.6321205588285577,
        0.7047698330759857,
        0.785618898573022,
        0.8395864322248272,
        0.6957787359332959,
        0.6465453180412198,
        0.6284233089779543,
        0.6284233089779543,
        0.8313618527314045,
        0.7106157820609493,
        0.6957787359332959,
        0.8040704258730906,
        0.6321205588285577,
        0.6988057880877978,
        1.0497870683678638,
        0.6429930394308526,
        0.7274682069659875,
        0.6394050598269216,
        0.6429930394308526,
        1.0544757298691898,
        0.6429930394308526,
        0.6535441896699425,
        0.6284233089779543,
        0.994023977104994,
        0.7433392230464442,
        0.6833632306209467,
        0.7274682069659875,
        0.6357810204284766,
        0.6465453180412198,
        0.6284233089779543,
        0.8262260565495548,
        0.7919548176429796,
        0.6284233089779543,
        0.6429930394308526,
        0.6429930394308526,
        0.6284233089779543,
        0.8173164759472653,
        0.6394050598269216,
        0.7018027205701126,
        0.689633058734515,
        0.6284233089779543,
        1.0051953047187052,
        0.6671289163019205,
        0.6988057880877978,
        0.7606910777562454,
        0.6357810204284766,
        0.7768698398515702,
        0.7919548176429796,
        1.0175974724156234,
        1.0497870683678638,
        0.6284233089779543,
        1.0497870683678638,
        0.6865138191173947,
        0.8443273696320027,
        0.6737202053769605,
        1.0578443208748385,
        1.0578443208748385,
        1.0523397059484323,
        0.6321205588285577,
        0.6284233089779543,
        0.6284233089779543,
        0.6500622508888447,
        0.8823451569782208,
        0.6394050598269216,
        0.6357810204284766,
        0.7606910777562454,
        0.6429930394308526,
        0.8313618527314045,
        0.7433392230464442,
        0.6465453180412198
    ],