{
    "time": "2022-10-03-12-33-37",
    "episodes": 200,
    "performance history": [
        0.7077074223191406,
        0.6671289163019205,
        0.994023977104994,
        0.6284233089779543,
        0.7877520261732569,
        0.689633058734515,
        0.6357810204284766,
        0.6284233089779543,
        0.8619307626891072,
        0.680180978183696,
        0.7219626995468058,
        0.6321205588285577,
        0.9937175798591988,
        0.738154331419674,
        0.6429930394308526,
        0.6465453180412198,
        0.9999048446748553,
        0.7018027205701126,
        0.6394050598269216,
        0.9994945189460358,
        0.6321205588285577,
        0.6833632306209467,
        0.6284233089779543,
        0.6927212613988687,
        0.8060199577091081,
        0.6865138191173947,
        0.6284233089779543,
        0.7247292169102477,
        1.0528657287383503,
        0.6637835062932667,
        0.6429930394308526,
        0.6284233089779543,
        0.6284233089779543,
        0.7812881130477852,
        0.6569914825812934,
        0.6284233089779543,
        0.6284233089779543,
        0.6637835062932667,
        0.6284233089779543,
        0.6394050598269216,
        0.6535441896699425,
        0.6988057880877978,
        0.6429930394308526,
        0.6284233089779543,
        0.6284233089779543,
        1.0165726754017612,
        0.6284233089779543,
        0.6284233089779543,
        0.8313618527314045,
        1.0000134034288422,
        0.6927212613988687,
        1.0528657287383503,
        0.6500622508888447,
        0.8173164759472653,
        1.0513033103319191,
        0.6357810204284766,
        0.9996711799771859,
        0.6321205588285577,
        0.6284233089779543,
        0.6500622508888447,
        0.6833632306209467,
        0.6284233089779543,
        0.6927212613988687,
        0.6737202053769605,
        0.6357810204284766,
        0.6284233089779543,
        0.6671289163019205,
        0.6500622508888447,
        0.8209338520885068,
        0.6637835062932667,
        1.0561347628341338,
        0.6429930394308526,
        0.6284233089779543,
        0.6865138191173947,
        0.6465453180412198,
        0.6637835062932667,
        0.8725460301051793,
        0.7407597393541085,
        0.8021013009163853,
        0.7018027205701126,
        0.6284233089779543,
        0.6284233089779543,
        0.8869584693595501,
        0.6500622508888447,
        0.6569914825812934,
        0.7898639287992353,
        0.7134952031398099,
        0.7898639287992353,
        1.0058576897133356,
        0.6833632306209467,
        1.0561347628341338,
        0.6671289163019205,
        0.6284233089779543,
        0.6865138191173947,
        1.0513033103319191,
        1.0528657287383503,
        0.6737202053769605,
        0.8519196134045375,
        0.6569914825812934,
        0.6284233089779543,
        1.0206508251817126,
        1.0544757298691898,
        0.7134952031398099,
        0.7558567168465629,
        0.6769667435777471,
        1.0544757298691898,
        1.0395574987883986,
        0.6357810204284766,
        1.0561347628341338,
        0.6604044743550609,
        0.7274682069659875,
        0.6284233089779543,
        0.6769667435777471,
        0.6357810204284766,
        0.6429930394308526,
        0.6321205588285577,
        0.6769667435777471,
        0.999215135918689,
        0.7134952031398099,
        0.8021013009163853,
        1.0513033103319191,
        1.0544757298691898,
        0.6535441896699425,
        0.7700745148132762,
        0.6865138191173947,
        1.019254701775387,
        0.8411825738930794,
        1.0144075918431124,
        0.6284233089779543,
        0.8227155900301222,
        0.7134952031398099,
        0.8775435717470181,
        1.0561347628341338,
        0.6284233089779543,
        0.8173164759472653,
        0.6500622508888447,
        0.6569914825812934,
        0.6357810204284766,
        0.6604044743550609,
        0.7247292169102477,
        1.0528657287383503,
        0.8646647167633873,
        0.6321205588285577,
        0.6284233089779543,
        0.7981034820053446,
        0.6284233089779543,
        0.7134952031398099,
        0.6321205588285577,
        0.6284233089779543,
        1.0047481509994114,
        0.6833632306209467,
        0.7812881130477852,
        0.7877520261732569,
        0.6535441896699425,
        1.0217096156298486,
        0.7960743882657866,
        0.7700745148132762,
        0.8619307626891072,
        0.6865138191173947,
        1.0561347628341338,
        0.6321205588285577,
        0.6833632306209467,
        1.0160828788225884,
        1.0528657287383503,
        0.670441038924811,
        1.020040501061684,
        0.6284233089779543,
        1.00535352530266,
        0.9999094854548244,
        0.6284233089779543,
        0.6833632306209467,
        0.7301799436153131,
        0.7077074223191406,
        0.9937175798591988,
        0.8699712891215741,
        0.7790900220406218,
        0.8902993514844886,
        0.6604044743550609,
        0.8686644788515069,
        1.0513033103319191,
        0.9980305481033603,
        0.7981034820053446,
        1.0507928338648984,
        0.7981034820053446,
        0.6284233089779543,
        0.6284233089779543,
        0.670441038924811,
        0.7106157820609493,
        1.0513033103319191,
        0.9943154311807804,
        0.6500622508888447,
        0.6284233089779543,
        0.6927212613988687,
        1.0513033103319191,
        0.6284233089779543,
        0.6833632306209467,
        0.6284233089779543,
        0.8799683714885432,
        0.6637835062932667,
        0.6535441896699425
    ],