{
    "time": "2022-10-03-17-35-36",
    "episodes": 200,
    "performance history": [
        0.6394050598269216,
        0.7458930404471997,
        0.6429930394308526,
        0.6769667435777471,
        0.9933954732906852,
        0.7558567168465629,
        0.866011325331195,
        0.7191683782216203,
        0.7274682069659875,
        0.6284233089779543,
        0.735522738700176,
        0.9943154311807804,
        0.7606910777562454,
        0.8227155900301222,
        0.6321205588285577,
        0.6284233089779543,
        0.6357810204284766,
        0.7700745148132762,
        0.6321205588285577,
        0.7106157820609493,
        1.0196436725530653,
        0.6284233089779543,
        0.6284233089779543,
        0.6321205588285577,
        1.0068740625574963,
        0.6988057880877978,
        0.6284233089779543,
        0.7484214469402435,
        0.6500622508888447,
        0.7407597393541085,
        0.7509246953683317,
        0.6465453180412198,
        0.6737202053769605,
        0.6988057880877978,
        0.6535441896699425,
        0.6429930394308526,
        0.6500622508888447,
        0.6671289163019205,
        1.0270518468663503,
        0.8154804760070107,
        0.8330398303329594,
        0.6284233089779543,
        0.6394050598269216,
        1.002997430072326,
        0.6284233089779543,
        0.7509246953683317,
        0.7723623116161873,
        0.6321205588285577,
        1.0026584819887763,
        0.7558567168465629,
        0.689633058734515,
        0.6429930394308526,
        0.9933954732906852,
        1.0483156381260679,
        0.6988057880877978,
        0.689633058734515,
        0.6865138191173947,
        0.6394050598269216,
        0.6284233089779543,
        0.6284233089779543,
        0.6357810204284766,
        0.6569914825812934,
        0.6321205588285577,
        0.9979087639994849,
        0.8924715698642051,
        0.6284233089779543,
        0.6284233089779543,
        0.7134952031398099,
        0.6284233089779543,
        0.6321205588285577,
        0.6321205588285577,
        0.8060199577091081,
        0.6357810204284766,
        0.9943154311807804,
        1.038774207831722,
        0.6569914825812934,
        1.0507928338648984,
        0.6637835062932667,
        0.7328646980341497,
        0.7328646980341497,
        0.6284233089779543,
        0.7077074223191406,
        0.6284233089779543,
        0.8347011117784134,
        0.6500622508888447,
        0.6321205588285577,
        0.6357810204284766,
        0.6833632306209467,
        0.6284233089779543,
        0.8060199577091081,
        0.6284233089779543,
        0.7790900220406218,
        0.6394050598269216,
        1.032386940772907,
        0.6429930394308526,
        0.6284233089779543,
        0.670441038924811,
        1.0076733652878955,
        0.7484214469402435,
        0.7981034820053446,
        0.735522738700176,
        0.8279551361769495,
        0.7877520261732569,
        0.8646647167633873,
        1.0111089965382423,
        0.6321205588285577,
        0.7558567168465629,
        0.8548518015163763,
        0.6321205588285577,
        0.6321205588285577,
        0.6737202053769605,
        1.0578443208748385,
        0.6604044743550609,
        0.6465453180412198,
        0.6394050598269216,
        0.6284233089779543,
        0.9936544404870908,
        0.6357810204284766,
        0.7191683782216203,
        0.6284233089779543,
        0.7677637252702412,
        0.6284233089779543,
        0.6535441896699425,
        0.6284233089779543,
        0.6671289163019205,
        0.6637835062932667,
        0.6394050598269216,
        0.6957787359332959,
        0.9999923438399587,
        1.0301973834223186,
        0.6321205588285577,
        1.0267826764926382,
        1.0267826764926382,
        1.0578443208748385,
        0.6535441896699425,
        0.7134952031398099,
        0.9979087639994849,
        0.6321205588285577,
        0.7558567168465629,
        0.81362602396059,
        0.6284233089779543,
        0.7582859831029636,
        1.0528657287383503,
        0.7018027205701126,
        0.6957787359332959,
        0.6988057880877978,
        1.0000146656871525,
        1.027875698255247,
        0.7328646980341497,
        0.6465453180412198,
        0.6284233089779543,
        0.836345863197296,
        0.6284233089779543,
        0.7163459735002295,
        0.6357810204284766,
        0.6927212613988687,
        0.689633058734515,
        0.6569914825812934,
        0.6957787359332959,
        0.6927212613988687,
        1.0064093334462565,
        0.6284233089779543,
        0.9931943355077695,
        1.0544757298691898,
        0.6637835062932667,
        0.6833632306209467,
        0.6284233089779543,
        0.6394050598269216,
        1.0305008721712174,
        0.6284233089779543,
        0.8001123859248556,
        0.6284233089779543,
        0.9978234190392848,
        0.7877520261732569,
        0.6535441896699425,
        0.6394050598269216,
        0.6394050598269216,
        0.7301799436153131,
        0.6394050598269216,
        1.0068056644922305,
        0.6284233089779543,
        1.038774207831722,
        0.6357810204284766,
        1.0411718709390678,
        1.0056845688192195,
        1.0578443208748385,
        0.7163459735002295,
        0.6357810204284766,
        0.6604044743550609,
        0.6321205588285577,
        1.0578443208748385,
        1.0561347628341338,
        0.680180978183696,
        0.6284233089779543,
        1.0198410947443703,
        1.0270518468663503,
        0.6357810204284766,
        0.6927212613988687,
        0.836345863197296,
        0.6284233089779543
    ],