{
    "time": "2022-10-05-01-22-57",
    "episodes": 200,
    "performance history": [
        0.7191683782216203,
        0.6865138191173947,
        0.6535441896699425,
        0.7790900220406218,
        0.6284233089779543,
        0.8902993514844886,
        0.8079500913792459,
        0.8699712891215741,
        0.6284233089779543,
        0.7677637252702412,
        0.8858223830891635,
        0.7509246953683317,
        0.6321205588285577,
        0.6321205588285577,
        0.8379742490661193,
        0.6429930394308526,
        0.8040704258730906,
        0.6394050598269216,
        0.6500622508888447,
        1.0117959385197515,
        1.002554241418993,
        0.7877520261732569,
        0.6737202053769605,
        1.0561347628341338,
        0.670441038924811,
        0.8279551361769495,
        1.0561347628341338,
        0.6569914825812934,
        0.7700745148132762,
        0.6535441896699425,
        0.9936544404870908,
        0.6357810204284766,
        0.8154804760070107,
        0.6957787359332959,
        0.7247292169102477,
        0.6284233089779543,
        1.0561347628341338,
        0.6394050598269216,
        0.8504313807773649,
        0.6321205588285577,
        0.7018027205701126,
        0.6321205588285577,
        0.6321205588285577,
        0.6284233089779543,
        1.0561347628341338,
        0.670441038924811,
        0.6321205588285577,
        0.6394050598269216,
        0.6927212613988687,
        0.7433392230464442,
        0.7723623116161873,
        0.6394050598269216,
        1.039163895098987,
        0.7077074223191406,
        0.6737202053769605,
        0.6569914825812934,
        0.785618898573022,
        0.6284233089779543,
        0.6284233089779543,
        0.8605431437849491,
        0.6569914825812934,
        0.7134952031398099,
        0.6284233089779543,
        0.6321205588285577,
        1.0544757298691898,
        0.7407597393541085,
        0.6535441896699425,
        0.7106157820609493,
        0.7047698330759857,
        1.0267826764926382,
        0.8001123859248556,
        1.014122302410164,
        0.6284233089779543,
        0.7191683782216203,
        0.7509246953683317,
        1.0343896373434727,
        0.6988057880877978,
        1.0146986445049018,
        0.6284233089779543,
        0.7407597393541085,
        0.7484214469402435,
        0.6284233089779543,
        0.6833632306209467,
        0.6284233089779543,
        1.0544757298691898,
        0.6284233089779543,
        0.6500622508888447,
        0.6569914825812934,
        0.7219626995468058,
        0.6535441896699425,
        0.7301799436153131,
        0.6833632306209467,
        0.7877520261732569,
        1.0555762126114832,
        0.6535441896699425,
        0.6284233089779543,
        0.6284233089779543,
        0.6321205588285577,
        0.6988057880877978,
        0.6321205588285577,
        0.7898639287992353,
        0.8458763381848686,
        0.6569914825812934,
        1.0056845688192195,
        0.6604044743550609,
        0.7247292169102477,
        0.670441038924811,
        0.8296670111745905,
        0.6284233089779543,
        0.9978234190392848,
        0.7940249017951165,
        0.6284233089779543,
        0.680180978183696,
        0.6321205588285577,
        0.6321205588285577,
        0.6394050598269216,
        0.8209338520885068,
        0.8474098942431161,
        0.8427628336863724,
        0.7746273444605613,
        0.6535441896699425,
        0.6465453180412198,
        1.0411718709390678,
        0.6569914825812934,
        0.7677637252702412,
        1.0424257410805113,
        1.0383883980175521,
        0.8098610198984795,
        0.8395864322248272,
        0.6957787359332959,
        0.6833632306209467,
        0.7940249017951165,
        0.6284233089779543,
        0.6321205588285577,
        0.6284233089779543,
        0.9936544404870908,
        0.7677637252702412,
        0.7191683782216203,
        0.6500622508888447,
        0.6671289163019205,
        0.6988057880877978,
        0.7700745148132762,
        0.6604044743550609,
        0.8443273696320027,
        0.8330398303329594,
        0.6321205588285577,
        0.8244795993830032,
        0.6569914825812934,
        0.6865138191173947,
        0.6465453180412198,
        0.7981034820053446,
        0.7047698330759857,
        0.6284233089779543,
        0.8533930378696498,
        1.0578443208748385,
        0.6604044743550609,
        0.6833632306209467,
        0.7163459735002295,
        0.6429930394308526,
        0.6284233089779543,
        0.6321205588285577,
        0.6284233089779543,
        0.6927212613988687,
        0.7407597393541085,
        0.7582859831029636,
        0.6357810204284766,
        0.8173164759472653,
        0.8846748789619375,
        0.8902993514844886,
        0.6321205588285577,
        0.6394050598269216,
        0.8296670111745905,
        0.7301799436153131,
        1.0578443208748385,
        0.6284233089779543,
        0.7301799436153131,
        0.6604044743550609,
        0.6429930394308526,
        1.0561347628341338,
        0.6671289163019205,
        0.6284233089779543,
        0.680180978183696,
        0.6284233089779543,
        0.6284233089779543,
        0.8891968416376661,
        0.7407597393541085,
        0.6500622508888447,
        0.6465453180412198,
        0.6321205588285577,
        0.6535441896699425,
        0.7106157820609493,
        0.6637835062932667,
        0.866011325331195,
        0.6988057880877978,
        0.7219626995468058,
        0.7106157820609493,
        0.8891968416376661,
        0.689633058734515,
        0.7047698330759857,
        0.8001123859248556
    ],