{
    "time": "2022-10-03-14-59-10",
    "episodes": 200,
    "performance history": [
        0.9936544404870908,
        0.9970911573741874,
        0.6394050598269216,
        0.6284233089779543,
        0.6284233089779543,
        1.0027394448187683,
        0.8605431437849491,
        1.0399550582606538,
        1.0287246396542393,
        0.6394050598269216,
        1.0314297620183677,
        0.8699712891215741,
        0.9939639170764004,
        1.0376282568071762,
        1.0020704278546402,
        1.0028228733340154,
        0.670441038924811,
        0.670441038924811,
        0.6737202053769605,
        1.0411718709390678,
        0.6535441896699425,
        0.6284233089779543,
        0.6321205588285577,
        0.6927212613988687,
        1.0399550582606538,
        0.6284233089779543,
        0.6321205588285577,
        0.6500622508888447,
        0.6737202053769605,
        0.9979295721453597,
        0.6284233089779543,
        0.6637835062932667,
        0.7274682069659875,
        0.8738142182949612,
        0.6284233089779543,
        1.0424257410805113,
        0.8021013009163853,
        0.6284233089779543,
        0.7484214469402435,
        0.7677637252702412,
        0.8040704258730906,
        1.027875698255247,
        0.8347011117784134,
        0.6284233089779543,
        0.6284233089779543,
        1.0383883980175521,
        1.0544757298691898,
        0.7301799436153131,
        0.6284233089779543,
        0.6284233089779543,
        0.7163459735002295,
        0.7484214469402435,
        1.0145523905484162,
        0.7723623116161873,
        0.6957787359332959,
        1.0114473158505057,
        0.6394050598269216,
        0.7723623116161873,
        0.6357810204284766,
        1.029599435167892,
        0.6865138191173947,
        0.6737202053769605,
        1.0383883980175521,
        0.738154331419674,
        0.6284233089779543,
        0.7981034820053446,
        1.0578443208748385,
        1.029599435167892,
        0.7558567168465629,
        0.7484214469402435,
        0.7134952031398099,
        0.6769667435777471,
        0.6357810204284766,
        0.6569914825812934,
        1.0365161737537405,
        0.7191683782216203,
        0.6284233089779543,
        0.6569914825812934,
        0.6394050598269216,
        0.7582859831029636,
        0.6988057880877978,
        0.7407597393541085,
        0.6429930394308526,
        0.7509246953683317,
        0.6465453180412198,
        0.6927212613988687,
        0.6321205588285577,
        0.6769667435777471,
        0.6284233089779543,
        0.6429930394308526,
        1.038774207831722,
        0.8411825738930794,
        0.689633058734515,
        0.6569914825812934,
        0.738154331419674,
        0.6321205588285577,
        0.6769667435777471,
        0.7606910777562454,
        0.8021013009163853,
        0.6357810204284766,
        0.7191683782216203,
        0.6284233089779543,
        0.6465453180412198,
        0.8244795993830032,
        0.6671289163019205,
        0.7746273444605613,
        0.7700745148132762,
        0.6394050598269216,
        0.6284233089779543,
        0.6284233089779543,
        0.6535441896699425,
        0.6429930394308526,
        0.6284233089779543,
        0.6429930394308526,
        1.0029088426258126,
        0.6357810204284766,
        0.6769667435777471,
        0.6284233089779543,
        1.0578443208748385,
        0.891390891175042,
        0.6284233089779543,
        1.0497870683678638,
        0.6357810204284766,
        0.6284233089779543,
        1.0561347628341338,
        0.680180978183696,
        0.6284233089779543,
        0.7790900220406218,
        0.6284233089779543,
        0.7981034820053446,
        0.6465453180412198,
        0.6429930394308526,
        0.7134952031398099,
        0.6284233089779543,
        0.7018027205701126,
        0.6321205588285577,
        0.7677637252702412,
        0.8040704258730906,
        1.0314297620183677,
        0.8173164759472653,
        0.8296670111745905,
        0.6865138191173947,
        0.9994945189460358,
        0.6988057880877978,
        0.785618898573022,
        0.7534030360583935,
        0.7328646980341497,
        0.6604044743550609,
        0.6737202053769605,
        0.680180978183696,
        0.6604044743550609,
        0.8591415790789549,
        0.6284233089779543,
        0.6671289163019205,
        0.8548518015163763,
        0.9977118233470779,
        0.6500622508888447,
        0.8738142182949612,
        0.6465453180412198,
        0.6284233089779543,
        0.6865138191173947,
        0.6284233089779543,
        0.6321205588285577,
        0.7247292169102477,
        0.689633058734515,
        0.6284233089779543,
        0.6429930394308526,
        0.6284233089779543,
        0.6321205588285577,
        0.7433392230464442,
        0.8347011117784134,
        0.6569914825812934,
        1.0578443208748385,
        0.7407597393541085,
        0.6637835062932667,
        0.9995902650210202,
        0.6429930394308526,
        0.8646647167633873,
        0.6671289163019205,
        0.6394050598269216,
        0.6604044743550609,
        0.6394050598269216,
        0.9927008691532114,
        0.9909952224175634,
        1.0578443208748385,
        0.7558567168465629,
        0.836345863197296,
        0.8279551361769495,
        0.6429930394308526,
        0.7247292169102477,
        0.6284233089779543,
        0.7274682069659875,
        0.7654297119062023,
        0.6833632306209467,
        0.8227155900301222,
        0.6465453180412198,
        0.6500622508888447,
        0.7407597393541085,
        0.7407597393541085,
        0.9909952224175634
    ],