{
    "time": "2022-10-03-14-38-26",
    "episodes": 200,
    "performance history": [
        0.7407597393541085,
        0.6604044743550609,
        0.6465453180412198,
        0.8619307626891072,
        0.8173164759472653,
        0.7018027205701126,
        0.6988057880877978,
        0.8750697878014175,
        0.6957787359332959,
        1.002503664050202,
        0.7509246953683317,
        0.8474098942431161,
        1.032386940772907,
        0.6321205588285577,
        0.7077074223191406,
        0.9980107547827348,
        0.6394050598269216,
        1.0017121592255656,
        0.6394050598269216,
        0.8154804760070107,
        0.6465453180412198,
        0.8040704258730906,
        0.7163459735002295,
        0.6357810204284766,
        0.6321205588285577,
        0.6535441896699425,
        0.6284233089779543,
        0.6284233089779543,
        0.6284233089779543,
        0.6394050598269216,
        1.0011249687741748,
        0.6500622508888447,
        0.6604044743550609,
        1.0070129278325854,
        0.8330398303329594,
        0.6284233089779543,
        0.7700745148132762,
        0.6284233089779543,
        0.9936544404870908,
        0.6637835062932667,
        0.6284233089779543,
        0.6865138191173947,
        0.7274682069659875,
        0.6769667435777471,
        0.7768698398515702,
        0.735522738700176,
        0.7047698330759857,
        0.6429930394308526,
        0.8060199577091081,
        1.0578443208748385,
        0.7509246953683317,
        0.6957787359332959,
        0.785618898573022,
        0.6284233089779543,
        1.0544757298691898,
        0.8427628336863724,
        0.8605431437849491,
        0.6284233089779543,
        0.6988057880877978,
        1.0528657287383503,
        0.6833632306209467,
        1.0014017974121368,
        0.6988057880877978,
        0.6429930394308526,
        0.6357810204284766,
        0.6321205588285577,
        0.8712650964121957,
        1.0119144896727896,
        0.7134952031398099,
        0.6957787359332959,
        1.0578443208748385,
        0.6321205588285577,
        0.6394050598269216,
        0.6357810204284766,
        0.738154331419674,
        0.8750697878014175,
        0.7047698330759857,
        0.6429930394308526,
        1.0528657287383503,
        0.7047698330759857,
        0.6833632306209467,
        0.7018027205701126,
        0.7790900220406218,
        0.6671289163019205,
        0.6637835062932667,
        0.6465453180412198,
        0.7606910777562454,
        0.6321205588285577,
        0.9980107547827348,
        0.6357810204284766,
        0.6321205588285577,
        0.7654297119062023,
        0.6569914825812934,
        0.6284233089779543,
        0.8646647167633873,
        0.6927212613988687,
        0.6284233089779543,
        1.0134335495942453,
        0.6357810204284766,
        0.6604044743550609,
        0.7106157820609493,
        0.6569914825812934,
        0.6284233089779543,
        1.023283740374897,
        0.7723623116161873,
        0.6394050598269216,
        0.6284233089779543,
        0.6465453180412198,
        0.6429930394308526,
        1.0025799119720271,
        0.9981265994057775,
        1.0210679995230414,
        0.6284233089779543,
        0.670441038924811,
        0.6321205588285577,
        0.6284233089779543,
        1.0544757298691898,
        0.7191683782216203,
        0.7433392230464442,
        0.6321205588285577,
        0.7700745148132762,
        0.7654297119062023,
        0.6284233089779543,
        0.6284233089779543,
        1.0026584819887763,
        0.6465453180412198,
        0.8548518015163763,
        0.6284233089779543,
        0.689633058734515,
        0.7582859831029636,
        0.6357810204284766,
        0.6357810204284766,
        0.6321205588285577,
        0.6321205588285577,
        0.8296670111745905,
        0.7484214469402435,
        0.6321205588285577,
        0.6284233089779543,
        0.8427628336863724,
        1.0105672043838527,
        0.6357810204284766,
        0.7247292169102477,
        0.7746273444605613,
        0.9978234190392848,
        0.6465453180412198,
        0.6284233089779543,
        0.6394050598269216,
        0.783464332683993,
        0.6357810204284766,
        1.0000810860193092,
        0.6604044743550609,
        1.0528657287383503,
        0.6284233089779543,
        1.0513033103319191,
        0.6637835062932667,
        0.6737202053769605,
        1.0513033103319191,
        0.6535441896699425,
        1.0561347628341338,
        0.6284233089779543,
        1.0055165644207609,
        0.6737202053769605,
        0.6569914825812934,
        0.6737202053769605,
        0.6465453180412198,
        0.7047698330759857,
        0.6429930394308526,
        0.6500622508888447,
        0.6833632306209467,
        0.8763128641825452,
        0.680180978183696,
        0.6429930394308526,
        0.6500622508888447,
        0.7134952031398099,
        0.6833632306209467,
        0.6569914825812934,
        1.018133395236801,
        1.0196436725530653,
        0.7274682069659875,
        0.8811627061475904,
        0.8001123859248556,
        0.6535441896699425,
        0.7247292169102477,
        0.6535441896699425,
        0.670441038924811,
        0.7191683782216203,
        1.0561347628341338,
        0.8279551361769495,
        0.6284233089779543,
        0.7582859831029636,
        0.6737202053769605,
        0.7163459735002295,
        0.9976888267893979,
        0.6465453180412198,
        0.6394050598269216,
        0.6284233089779543,
        0.6284233089779543,
        0.6357810204284766,
        0.6321205588285577,
        0.7981034820053446
    ],