{
    "time": "2022-10-03-20-35-57",
    "episodes": 200,
    "performance history": [
        1.000180460254701,
        0.9995286925892042,
        0.6284233089779543,
        0.6284233089779543,
        0.6284233089779543,
        0.6637835062932667,
        1.0305008721712174,
        0.6284233089779543,
        0.6284233089779543,
        0.6284233089779543,
        0.6429930394308526,
        0.9976888267893979,
        0.6465453180412198,
        0.6357810204284766,
        1.0354369577215987,
        1.0009118819655545,
        0.6769667435777471,
        0.6465453180412198,
        1.0156075579199828,
        0.7134952031398099,
        1.0014017974121368,
        0.8686644788515069,
        0.6394050598269216,
        0.6284233089779543,
        0.9999999999995318,
        0.8262260565495548,
        1.0002096649033632,
        0.6321205588285577,
        1.0000013847374543,
        1.0311170306610609,
        0.8823451569782208,
        0.7077074223191406,
        1.0424257410805113,
        0.6394050598269216,
        0.6429930394308526,
        1.0020704278546402,
        0.6535441896699425,
        1.0284388247141845,
        0.8098610198984795,
        0.9976888267893979,
        0.6671289163019205,
        0.6535441896699425,
        0.6833632306209467,
        1.0424257410805113,
        0.6429930394308526,
        1.0523397059484323,
        0.8313618527314045,
        0.8313618527314045,
        1.0049915939069103,
        0.6927212613988687,
        0.6321205588285577,
        0.6671289163019205,
        1.0087386461854733,
        1.0051953047187052,
        1.0497870683678638,
        1.0528657287383503,
        0.6429930394308526,
        0.738154331419674,
        0.6637835062932667,
        1.0127783876495358,
        0.883515842226503,
        1.04285212686704,
        0.7134952031398099,
        0.9909952224175634,
        1.0365161737537405,
        1.0578443208748385,
        0.6429930394308526,
        1.0497870683678638,
        0.6769667435777471,
        1.0145523905484162,
        1.0006361984595384,
        1.0060360829235995,
        0.6988057880877978,
        0.6284233089779543,
        0.7723623116161873,
        0.9999894564894389,
        1.002766976696915,
        0.689633058734515,
        1.053933687300356,
        0.6769667435777471,
        1.0026584819887763,
        1.0544757298691898,
        1.0578443208748385,
        1.000193545099558,
        1.0561347628341338,
        0.6671289163019205,
        0.9952041292897036,
        0.7047698330759857,
        0.9980107547827348,
        0.6604044743550609,
        1.0424257410805113,
        0.7106157820609493,
        1.0000386872681666,
        0.6284233089779543,
        0.6500622508888447,
        0.6284233089779543,
        0.6569914825812934,
        0.6465453180412198,
        1.0555762126114832,
        0.6394050598269216,
        0.6465453180412198,
        1.0555762126114832,
        0.9936544404870908,
        0.689633058734515,
        0.6321205588285577,
        0.7654297119062023,
        0.670441038924811,
        0.689633058734515,
        0.6357810204284766,
        1.0561347628341338,
        0.6604044743550609,
        1.0008007193874924,
        0.6865138191173947,
        1.0578443208748385,
        0.7606910777562454,
        1.0561347628341338,
        0.7509246953683317,
        0.9449767799435927,
        0.6284233089779543,
        1.0584256659645008,
        0.7274682069659875,
        0.689633058734515,
        1.0513033103319191,
        1.0528657287383503,
        0.6569914825812934,
        0.7458930404471997,
        0.6321205588285577,
        0.6357810204284766,
        0.9936544404870908,
        0.6429930394308526,
        1.0000000500621802,
        1.041585655121173,
        1.0005105612230145,
        0.6465453180412198,
        1.0333732699603262,
        0.8244795993830032,
        0.7191683782216203,
        0.8411825738930794,
        0.7134952031398099,
        1.0156075579199828,
        1.0572687602654673,
        0.6604044743550609,
        0.6394050598269216,
        0.6604044743550609,
        1.0156075579199828,
        0.9980305481033603,
        1.014122302410164,
        0.7077074223191406,
        0.689633058734515,
        1.0513033103319191,
        1.0523397059484323,
        0.689633058734515,
        0.6284233089779543,
        1.0210679995230414,
        1.0042963046907523,
        0.6637835062932667,
        0.6284233089779543,
        0.6284233089779543,
        1.0544757298691898,
        0.6284233089779543,
        0.6321205588285577,
        0.9999180990526486,
        1.0528657287383503,
        1.000005903294341,
        0.7558567168465629,
        1.0204453460379377,
        0.6465453180412198,
        0.8154804760070107,
        0.735522738700176,
        0.9976888267893979,
        0.689633058734515,
        0.689633058734515,
        0.6465453180412198,
        1.0186856393377328,
        0.6357810204284766,
        0.7134952031398099,
        1.0000301296747431,
        0.6737202053769605,
        0.6284233089779543,
        0.6284233089779543,
        0.6535441896699425,
        1.0000326390870025,
        1.0528657287383503,
        0.7163459735002295,
        0.7301799436153131,
        0.6284233089779543,
        1.0198410947443703,
        0.9943154311807804,
        0.7960743882657866,
        1.0492916787604623,
        0.8799683714885432,
        0.6500622508888447,
        0.6865138191173947,
        0.7558567168465629,
        0.7558567168465629,
        0.6357810204284766,
        0.6321205588285577,
        0.7134952031398099,
        0.8117529343612532,
        0.6671289163019205
    ],