{
    "time": "2022-10-05-04-50-14",
    "episodes": 200,
    "performance history": [
        1.0013740399636213,
        1.0578443208748385,
        0.6394050598269216,
        0.6357810204284766,
        0.680180978183696,
        0.6284233089779543,
        0.7582859831029636,
        0.7191683782216203,
        0.6833632306209467,
        1.0060360829235995,
        0.9936544404870908,
        1.0544757298691898,
        0.7898639287992353,
        1.0544757298691898,
        1.0561347628341338,
        0.6769667435777471,
        0.6357810204284766,
        0.7077074223191406,
        1.0578443208748385,
        0.6637835062932667,
        0.6569914825812934,
        0.9998702628399543,
        0.8577259284134864,
        0.7960743882657866,
        1.0002075787027178,
        0.9937175798591988,
        0.9909952224175634,
        0.6535441896699425,
        0.8098610198984795,
        0.7746273444605613,
        0.6465453180412198,
        1.0578443208748385,
        1.0492916787604623,
        0.6357810204284766,
        1.0175974724156234,
        0.6357810204284766,
        0.6429930394308526,
        0.6394050598269216,
        0.6284233089779543,
        0.6865138191173947,
        0.8227155900301222,
        1.0333732699603262,
        0.883515842226503,
        1.0513033103319191,
        1.0020092374640701,
        0.6465453180412198,
        1.04285212686704,
        0.6394050598269216,
        1.0000301296747431,
        0.6429930394308526,
        1.041585655121173,
        0.9939639170764004,
        0.6357810204284766,
        0.6737202053769605,
        0.6535441896699425,
        0.6284233089779543,
        0.680180978183696,
        0.8117529343612532,
        0.9979087639994849,
        0.6284233089779543,
        1.0074465830709243,
        0.6737202053769605,
        0.6321205588285577,
        0.6284233089779543,
        0.7219626995468058,
        0.6671289163019205,
        0.7219626995468058,
        0.6737202053769605,
        1.0014017974121368,
        1.0528657287383503,
        0.6394050598269216,
        1.0513033103319191,
        0.6284233089779543,
        0.6357810204284766,
        0.6321205588285577,
        0.6394050598269216,
        1.0523397059484323,
        0.7654297119062023,
        0.9939639170764004,
        0.8040704258730906,
        0.738154331419674,
        0.6535441896699425,
        1.039163895098987,
        0.735522738700176,
        0.6284233089779543,
        0.6500622508888447,
        0.6769667435777471,
        0.6357810204284766,
        0.6284233089779543,
        0.6284233089779543,
        0.7163459735002295,
        1.0399550582606538,
        0.7018027205701126,
        0.6321205588285577,
        0.6284233089779543,
        1.0544757298691898,
        0.6535441896699425,
        0.6357810204284766,
        1.0333732699603262,
        0.8209338520885068,
        0.7534030360583935,
        0.6284233089779543,
        0.6833632306209467,
        0.6284233089779543,
        0.9937175798591988,
        0.6321205588285577,
        0.9992072479035335,
        0.738154331419674,
        0.680180978183696,
        1.0372538493962158,
        0.9994894387769856,
        0.6284233089779543,
        0.6321205588285577,
        0.9936544404870908,
        0.7274682069659875,
        0.7077074223191406,
        0.6429930394308526,
        0.6769667435777471,
        1.030807411032751,
        0.8191342073828779,
        0.689633058734515,
        0.7919548176429796,
        0.6604044743550609,
        0.6321205588285577,
        0.7877520261732569,
        0.8227155900301222,
        0.6284233089779543,
        0.6569914825812934,
        0.670441038924811,
        0.8725460301051793,
        0.6535441896699425,
        1.0544757298691898,
        0.9981265994057775,
        0.7582859831029636,
        0.7047698330759857,
        1.0528657287383503,
        1.0235177458560092,
        1.0561347628341338,
        0.6988057880877978,
        0.7919548176429796,
        1.0544757298691898,
        0.6671289163019205,
        0.6465453180412198,
        0.6737202053769605,
        0.8591415790789549,
        0.6535441896699425,
        0.8823451569782208,
        0.7407597393541085,
        0.6357810204284766,
        0.738154331419674,
        0.6737202053769605,
        0.6927212613988687,
        1.0165726754017612,
        1.0528657287383503,
        0.994023977104994,
        0.670441038924811,
        0.6321205588285577,
        1.0186856393377328,
        0.6321205588285577,
        0.7301799436153131,
        0.6988057880877978,
        1.0165726754017612,
        0.6284233089779543,
        0.6284233089779543,
        1.0028798991580883,
        0.9937175798591988,
        0.689633058734515,
        0.7134952031398099,
        0.6284233089779543,
        0.6671289163019205,
        0.6465453180412198,
        0.8775435717470181,
        0.6284233089779543,
        0.6865138191173947,
        0.6671289163019205,
        0.6769667435777471,
        1.045959256649044,
        0.6321205588285577,
        1.0270518468663503,
        0.6357810204284766,
        0.6465453180412198,
        0.6284233089779543,
        0.6465453180412198,
        0.9986798369139795,
        0.9927008691532114,
        0.6321205588285577,
        0.994023977104994,
        0.6394050598269216,
        0.6604044743550609,
        0.8191342073828779,
        0.7047698330759857,
        1.0287246396542393,
        0.6284233089779543,
        0.6394050598269216,
        0.6737202053769605,
        0.9978015440369574,
        0.7106157820609493,
        0.6284233089779543,
        0.6284233089779543,
        0.6284233089779543
    ],