{
    "time": "2022-10-05-09-19-20",
    "episodes": 200,
    "performance history": [
        1.0578443208748385,
        0.6357810204284766,
        0.9999999998239054,
        1.000000000002162,
        1.0578443208748385,
        1.0497870683678638,
        1.0507928338648984,
        0.6535441896699425,
        1.0305008721712174,
        0.6465453180412198,
        0.6637835062932667,
        0.680180978183696,
        0.8262260565495548,
        0.8347011117784134,
        0.6637835062932667,
        1.0478348894941985,
        0.6284233089779543,
        0.7134952031398099,
        0.6321205588285577,
        0.6284233089779543,
        0.6500622508888447,
        0.7106157820609493,
        1.0314297620183677,
        1.0204453460379377,
        0.8869584693595501,
        1.022822691425093,
        1.0076733652878955,
        0.6535441896699425,
        1.0561347628341338,
        0.7328646980341497,
        0.7134952031398099,
        0.6284233089779543,
        0.6394050598269216,
        0.6394050598269216,
        0.6284233089779543,
        0.9979087639994849,
        1.0507928338648984,
        0.6284233089779543,
        1.0109984601758069,
        0.9980305481033603,
        1.0523397059484323,
        0.6321205588285577,
        1.0528657287383503,
        0.883515842226503,
        0.7274682069659875,
        1.0578443208748385,
        0.6284233089779543,
        0.6927212613988687,
        0.689633058734515,
        1.0030887154082369,
        0.7047698330759857,
        0.7981034820053446,
        0.7134952031398099,
        0.7407597393541085,
        0.6535441896699425,
        0.6500622508888447,
        0.6465453180412198,
        0.6284233089779543,
        0.6569914825812934,
        1.0528657287383503,
        0.6284233089779543,
        1.0578443208748385,
        0.6284233089779543,
        0.6321205588285577,
        0.6500622508888447,
        0.9980305481033603,
        0.6988057880877978,
        0.6284233089779543,
        0.6284233089779543,
        1.0305008721712174,
        0.6394050598269216,
        0.7134952031398099,
        0.8605431437849491,
        1.0146986445049018,
        0.6394050598269216,
        0.6284233089779543,
        0.6284233089779543,
        0.6769667435777471,
        0.6865138191173947,
        0.680180978183696,
        1.0523397059484323,
        0.9999983255067906,
        1.027875698255247,
        0.7677637252702412,
        0.6500622508888447,
        0.8040704258730906,
        0.9939639170764004,
        0.7134952031398099,
        0.7484214469402435,
        0.680180978183696,
        0.6737202053769605,
        0.6284233089779543,
        0.6284233089779543,
        0.6535441896699425,
        0.6637835062932667,
        1.039163895098987,
        0.8738142182949612,
        1.0160828788225884,
        0.9979295721453597,
        0.8763128641825452,
        0.735522738700176,
        0.680180978183696,
        0.7077074223191406,
        0.6957787359332959,
        0.6357810204284766,
        0.6957787359332959,
        0.6321205588285577,
        0.9937175798591988,
        1.0561347628341338,
        0.6604044743550609,
        1.0376282568071762,
        1.0343896373434727,
        0.7106157820609493,
        0.7106157820609493,
        0.6500622508888447,
        0.999804509739853,
        1.0287246396542393,
        0.6321205588285577,
        0.6865138191173947,
        0.8591415790789549,
        1.0544757298691898,
        0.6637835062932667,
        0.7630722413178782,
        0.8775435717470181,
        0.6321205588285577,
        0.8427628336863724,
        0.6604044743550609,
        0.7274682069659875,
        0.8891968416376661,
        0.6637835062932667,
        0.7191683782216203,
        0.8775435717470181,
        0.6429930394308526,
        0.9981077714167901,
        0.9999180990526486,
        0.6769667435777471,
        1.0399550582606538,
        0.8519196134045375,
        0.6357810204284766,
        0.7106157820609493,
        0.735522738700176,
        0.6737202053769605,
        0.6357810204284766,
        0.6284233089779543,
        0.7484214469402435,
        0.7700745148132762,
        0.9995239558709778,
        0.6769667435777471,
        0.6737202053769605,
        0.6569914825812934,
        0.6535441896699425,
        0.6604044743550609,
        1.0126512405680053,
        0.6284233089779543,
        1.0513033103319191,
        1.0159228515045118,
        0.994023977104994,
        1.0146986445049018,
        1.0561347628341338,
        0.6833632306209467,
        1.03688316740124,
        0.6284233089779543,
        1.0497870683678638,
        0.6284233089779543,
        0.6833632306209467,
        0.6321205588285577,
        0.7677637252702412,
        1.0544757298691898,
        0.7723623116161873,
        0.6284233089779543,
        1.0343896373434727,
        0.6465453180412198,
        1.0305008721712174,
        1.0376282568071762,
        0.9999094854548244,
        1.032386940772907,
        0.6957787359332959,
        0.6284233089779543,
        0.6321205588285577,
        0.6284233089779543,
        0.6833632306209467,
        0.6284233089779543,
        0.6284233089779543,
        0.689633058734515,
        0.6604044743550609,
        1.0284388247141845,
        0.783464332683993,
        0.735522738700176,
        0.7433392230464442,
        1.0354369577215987,
        1.0561347628341338,
        0.670441038924811,
        1.0523397059484323,
        1.0528657287383503,
        0.6769667435777471,
        0.8725460301051793,
        0.6927212613988687,
        0.6604044743550609,
        0.6535441896699425,
        1.0053002568358704
    ],