{
    "time": "2022-10-03-19-11-49",
    "episodes": 200,
    "performance history": [
        0.6284233089779543,
        0.7407597393541085,
        0.6284233089779543,
        0.6465453180412198,
        0.6321205588285577,
        0.6769667435777471,
        0.7509246953683317,
        0.6284233089779543,
        0.8858223830891635,
        0.7534030360583935,
        0.7018027205701126,
        0.6321205588285577,
        0.8924715698642051,
        0.6988057880877978,
        0.6284233089779543,
        0.7898639287992353,
        0.7790900220406218,
        0.7630722413178782,
        0.6465453180412198,
        0.7047698330759857,
        0.6284233089779543,
        0.6957787359332959,
        0.6284233089779543,
        0.6284233089779543,
        0.6833632306209467,
        0.6833632306209467,
        0.8858223830891635,
        0.7163459735002295,
        0.6284233089779543,
        0.6284233089779543,
        0.680180978183696,
        0.6284233089779543,
        1.0497870683678638,
        1.0544757298691898,
        0.6284233089779543,
        0.6394050598269216,
        0.6357810204284766,
        0.6321205588285577,
        0.9936544404870908,
        1.0047481509994114,
        0.6284233089779543,
        1.0022205508127984,
        0.670441038924811,
        0.6394050598269216,
        0.6671289163019205,
        0.6637835062932667,
        0.6865138191173947,
        0.7768698398515702,
        1.0270518468663503,
        0.7433392230464442,
        0.8227155900301222,
        0.783464332683993,
        0.7960743882657866,
        0.6865138191173947,
        0.7458930404471997,
        0.7654297119062023,
        0.6284233089779543,
        0.6569914825812934,
        0.7940249017951165,
        0.6429930394308526,
        0.6604044743550609,
        1.0,
        0.9935906665537436,
        0.6429930394308526,
        0.7534030360583935,
        0.6321205588285577,
        0.6284233089779543,
        0.7940249017951165,
        0.9977118233470779,
        0.6284233089779543,
        1.019254701775387,
        0.7077074223191406,
        0.9939639170764004,
        0.6535441896699425,
        0.6284233089779543,
        0.7582859831029636,
        1.029599435167892,
        0.8040704258730906,
        0.6321205588285577,
        0.7163459735002295,
        0.7940249017951165,
        0.7458930404471997,
        0.8411825738930794,
        0.7247292169102477,
        0.6988057880877978,
        1.0017293667118572,
        1.0270518468663503,
        0.7458930404471997,
        0.6321205588285577,
        0.7981034820053446,
        0.6465453180412198,
        0.8395864322248272,
        0.7077074223191406,
        0.7940249017951165,
        0.6284233089779543,
        0.9942583003143458,
        0.6769667435777471,
        1.0015647957103941,
        0.6321205588285577,
        0.6865138191173947,
        0.8411825738930794,
        0.6394050598269216,
        0.6284233089779543,
        1.0424257410805113,
        0.8775435717470181,
        0.7018027205701126,
        0.785618898573022,
        0.7484214469402435,
        0.6284233089779543,
        0.9978015440369574,
        0.6988057880877978,
        0.6321205588285577,
        0.8173164759472653,
        0.7328646980341497,
        1.0411718709390678,
        0.7484214469402435,
        0.7018027205701126,
        0.9979087639994849,
        0.680180978183696,
        1.039163895098987,
        0.7047698330759857,
        0.7047698330759857,
        0.6465453180412198,
        0.9942583003143458,
        0.6604044743550609,
        0.9979087639994849,
        0.6394050598269216,
        0.7047698330759857,
        0.6284233089779543,
        0.9999999993975401,
        0.6284233089779543,
        1.0424257410805113,
        0.6321205588285577,
        0.6284233089779543,
        0.6637835062932667,
        0.6321205588285577,
        0.7509246953683317,
        1.0270518468663503,
        0.8040704258730906,
        0.9971487563173204,
        0.6671289163019205,
        0.7509246953683317,
        0.6284233089779543,
        0.9936544404870908,
        0.7407597393541085,
        0.994023977104994,
        0.6394050598269216,
        0.9937175798591988,
        0.6357810204284766,
        0.6357810204284766,
        0.9939639170764004,
        0.8001123859248556,
        0.7163459735002295,
        0.9939639170764004,
        0.7106157820609493,
        0.6357810204284766,
        0.6357810204284766,
        1.0354369577215987,
        0.6284233089779543,
        0.689633058734515,
        0.6637835062932667,
        0.7981034820053446,
        0.6500622508888447,
        0.856296050222297,
        0.6284233089779543,
        1.032386940772907,
        0.689633058734515,
        0.6284233089779543,
        0.6957787359332959,
        0.6284233089779543,
        0.670441038924811,
        0.6321205588285577,
        0.7509246953683317,
        0.6429930394308526,
        0.6604044743550609,
        0.7768698398515702,
        0.6637835062932667,
        0.6429930394308526,
        0.6394050598269216,
        0.680180978183696,
        0.6321205588285577,
        0.6321205588285577,
        1.0365161737537405,
        0.7898639287992353,
        0.7768698398515702,
        0.6535441896699425,
        0.7134952031398099,
        0.6284233089779543,
        1.0399550582606538,
        0.6284233089779543,
        0.7677637252702412,
        0.6394050598269216,
        1.0354369577215987,
        0.6284233089779543,
        0.7768698398515702,
        1.0424257410805113,
        0.6465453180412198,
        0.6284233089779543,
        0.6429930394308526,
        0.6321205588285577
    ],