{
    "time": "2022-10-03-12-11-43",
    "episodes": 200,
    "performance history": [
        0.6465453180412198,
        0.6988057880877978,
        0.7407597393541085,
        0.8443273696320027,
        0.9909952224175634,
        1.0561347628341338,
        0.8633045745544762,
        0.7219626995468058,
        0.8244795993830032,
        0.6284233089779543,
        0.6284233089779543,
        0.6535441896699425,
        0.6737202053769605,
        0.7940249017951165,
        0.8880832513826711,
        0.6500622508888447,
        0.6284233089779543,
        0.6500622508888447,
        1.0014017974121368,
        1.0561347628341338,
        0.7484214469402435,
        0.8098610198984795,
        0.6394050598269216,
        0.6500622508888447,
        0.8209338520885068,
        0.7630722413178782,
        0.6769667435777471,
        0.6284233089779543,
        1.0399550582606538,
        0.7106157820609493,
        0.6465453180412198,
        0.9979295721453597,
        1.0072265032813765,
        1.027875698255247,
        0.9979087639994849,
        0.7219626995468058,
        0.7106157820609493,
        0.6321205588285577,
        1.000018831115057,
        1.0132998835424438,
        1.0008587780939744,
        1.0424257410805113,
        1.0403566132720312,
        0.8458763381848686,
        0.9943154311807804,
        1.029599435167892,
        0.6284233089779543,
        0.6321205588285577,
        0.9980305481033603,
        0.8191342073828779,
        0.6284233089779543,
        0.836345863197296,
        0.6394050598269216,
        0.6465453180412198,
        0.7047698330759857,
        0.7301799436153131,
        0.6321205588285577,
        0.6284233089779543,
        0.6284233089779543,
        0.6284233089779543,
        0.6604044743550609,
        0.7630722413178782,
        0.7134952031398099,
        0.6429930394308526,
        0.6321205588285577,
        0.6394050598269216,
        0.8519196134045375,
        0.6604044743550609,
        0.9943154311807804,
        0.9943154311807804,
        0.6465453180412198,
        0.6429930394308526,
        0.689633058734515,
        0.6569914825812934,
        1.0117959385197515,
        0.7219626995468058,
        0.7134952031398099,
        0.6737202053769605,
        0.6927212613988687,
        1.0528657287383503,
        0.6321205588285577,
        1.0578443208748385,
        1.0424257410805113,
        1.038774207831722,
        0.9976888267893979,
        0.6394050598269216,
        0.6604044743550609,
        0.7328646980341497,
        0.6535441896699425,
        0.6357810204284766,
        0.689633058734515,
        0.6357810204284766,
        1.0354369577215987,
        0.6284233089779543,
        0.7746273444605613,
        0.6429930394308526,
        0.7458930404471997,
        0.9981077714167901,
        0.6284233089779543,
        0.6394050598269216,
        0.680180978183696,
        0.9952041292897036,
        0.6927212613988687,
        1.0507928338648984,
        0.7458930404471997,
        0.6284233089779543,
        0.689633058734515,
        0.6429930394308526,
        0.6394050598269216,
        0.6429930394308526,
        0.6284233089779543,
        0.8686644788515069,
        0.7677637252702412,
        0.6988057880877978,
        0.6284233089779543,
        0.6833632306209467,
        0.7484214469402435,
        1.0424257410805113,
        0.6500622508888447,
        0.6284233089779543,
        0.6500622508888447,
        0.7163459735002295,
        0.6284233089779543,
        0.9980305481033603,
        0.6394050598269216,
        0.6500622508888447,
        0.6833632306209467,
        1.0492916787604623,
        1.002997430072326,
        1.04285212686704,
        0.689633058734515,
        0.6465453180412198,
        0.8458763381848686,
        0.9999999999999993,
        1.0186856393377328,
        0.6769667435777471,
        0.7940249017951165,
        0.8021013009163853,
        0.7700745148132762,
        0.7654297119062023,
        0.7558567168465629,
        0.6284233089779543,
        0.6284233089779543,
        0.7919548176429796,
        0.7484214469402435,
        0.6321205588285577,
        0.7746273444605613,
        0.8646647167633873,
        0.6429930394308526,
        0.6429930394308526,
        0.7433392230464442,
        0.6429930394308526,
        0.9980305481033603,
        0.6284233089779543,
        0.6671289163019205,
        0.6284233089779543,
        0.6357810204284766,
        0.7534030360583935,
        0.6394050598269216,
        1.0041693296979042,
        1.0578443208748385,
        0.8699712891215741,
        0.7534030360583935,
        0.6284233089779543,
        0.6357810204284766,
        0.6284233089779543,
        0.6321205588285577,
        0.6284233089779543,
        0.6321205588285577,
        0.6357810204284766,
        0.7274682069659875,
        0.6284233089779543,
        0.6535441896699425,
        1.0000339711134119,
        0.7247292169102477,
        0.7328646980341497,
        1.00814785969768,
        0.6604044743550609,
        0.7433392230464442,
        0.7191683782216203,
        0.6500622508888447,
        1.013704925297365,
        0.7433392230464442,
        0.735522738700176,
        0.6465453180412198,
        0.6465453180412198,
        0.670441038924811,
        0.6637835062932667,
        0.785618898573022,
        0.6321205588285577,
        0.6535441896699425,
        1.0507928338648984,
        0.6394050598269216,
        0.8296670111745905,
        0.7247292169102477,
        0.8763128641825452,
        1.0513033103319191,
        0.7191683782216203,
        1.0584256659645008,
        0.6284233089779543
    ],