{
    "time": "2022-10-03-17-55-21",
    "episodes": 200,
    "performance history": [
        0.6284233089779543,
        0.6321205588285577,
        0.6321205588285577,
        0.7134952031398099,
        0.8712650964121957,
        0.6357810204284766,
        0.7534030360583935,
        0.6394050598269216,
        0.7654297119062023,
        0.8763128641825452,
        0.6284233089779543,
        0.8154804760070107,
        0.8347011117784134,
        0.6737202053769605,
        0.8443273696320027,
        0.6284233089779543,
        0.7247292169102477,
        0.9999667015597029,
        0.9943154311807804,
        0.6284233089779543,
        1.0287246396542393,
        0.9977345910851857,
        0.6465453180412198,
        0.7433392230464442,
        0.6357810204284766,
        0.6321205588285577,
        0.6737202053769605,
        0.6833632306209467,
        0.6284233089779543,
        0.6321205588285577,
        0.6833632306209467,
        0.6957787359332959,
        0.8296670111745905,
        0.6284233089779543,
        0.6671289163019205,
        0.6284233089779543,
        0.6284233089779543,
        0.6357810204284766,
        0.6394050598269216,
        0.7163459735002295,
        0.6769667435777471,
        0.6284233089779543,
        0.7940249017951165,
        0.6321205588285577,
        0.8823451569782208,
        0.6284233089779543,
        0.6284233089779543,
        0.6284233089779543,
        0.6394050598269216,
        0.7960743882657866,
        0.8379742490661193,
        0.6321205588285577,
        0.7746273444605613,
        0.6321205588285577,
        0.6284233089779543,
        1.0411718709390678,
        0.7191683782216203,
        0.6321205588285577,
        0.8209338520885068,
        0.6957787359332959,
        0.9939639170764004,
        0.7877520261732569,
        1.0513033103319191,
        1.0333732699603262,
        0.6321205588285577,
        0.6569914825812934,
        0.6284233089779543,
        0.6865138191173947,
        0.8725460301051793,
        0.6671289163019205,
        0.6321205588285577,
        0.6284233089779543,
        0.7919548176429796,
        0.6284233089779543,
        0.8738142182949612,
        1.0365161737537405,
        0.6284233089779543,
        0.6321205588285577,
        0.7877520261732569,
        0.7077074223191406,
        0.7077074223191406,
        0.7558567168465629,
        0.6769667435777471,
        0.7018027205701126,
        0.7458930404471997,
        0.6394050598269216,
        0.6429930394308526,
        0.7219626995468058,
        0.6535441896699425,
        0.6321205588285577,
        0.6988057880877978,
        1.0513033103319191,
        1.0365161737537405,
        1.0062199090159425,
        0.8209338520885068,
        0.6284233089779543,
        0.6357810204284766,
        0.8021013009163853,
        0.6535441896699425,
        0.6429930394308526,
        0.836345863197296,
        0.6465453180412198,
        1.0113334131546674,
        0.6321205588285577,
        1.0380064270751743,
        0.738154331419674,
        0.6465453180412198,
        0.7981034820053446,
        0.6284233089779543,
        0.9939639170764004,
        0.6769667435777471,
        0.7328646980341497,
        0.8489281911636292,
        0.6284233089779543,
        0.6321205588285577,
        0.8443273696320027,
        0.6284233089779543,
        0.6321205588285577,
        0.8395864322248272,
        0.735522738700176,
        0.8244795993830032,
        0.6284233089779543,
        0.994023977104994,
        0.7812881130477852,
        1.041585655121173,
        1.0164077745262927,
        0.6769667435777471,
        0.6321205588285577,
        0.8262260565495548,
        0.7558567168465629,
        0.7458930404471997,
        0.6284233089779543,
        0.7328646980341497,
        0.6394050598269216,
        0.6284233089779543,
        0.7606910777562454,
        0.6769667435777471,
        1.0497870683678638,
        0.6284233089779543,
        0.6321205588285577,
        0.6357810204284766,
        0.6429930394308526,
        0.6284233089779543,
        0.9978015440369574,
        1.0124007292204433,
        0.6284233089779543,
        1.0051436105730305,
        0.6429930394308526,
        1.0169074656527053,
        1.0441571684196929,
        0.6284233089779543,
        0.9980305481033603,
        0.7407597393541085,
        0.6284233089779543,
        0.7134952031398099,
        0.8117529343612532,
        1.0154522601239095,
        0.6394050598269216,
        0.7981034820053446,
        1.0399550582606538,
        0.6284233089779543,
        1.0062199090159425,
        0.6284233089779543,
        0.670441038924811,
        0.9927008691532114,
        0.7558567168465629,
        0.7790900220406218,
        1.056698926579847,
        0.6988057880877978,
        1.0513033103319191,
        0.6284233089779543,
        0.836345863197296,
        0.8040704258730906,
        0.7106157820609493,
        0.6465453180412198,
        1.0301973834223186,
        0.7458930404471997,
        0.7606910777562454,
        0.6569914825812934,
        0.6284233089779543,
        0.8021013009163853,
        0.6284233089779543,
        0.6284233089779543,
        0.6671289163019205,
        0.6284233089779543,
        0.785618898573022,
        1.0343896373434727,
        0.7700745148132762,
        0.6394050598269216,
        0.8209338520885068,
        1.0507928338648984,
        0.7877520261732569,
        0.6284233089779543,
        0.8279551361769495,
        0.7654297119062023,
        0.6465453180412198,
        0.6429930394308526,
        0.6321205588285577,
        0.6284233089779543,
        0.6321205588285577
    ],