{
    "time": "2022-10-05-06-55-55",
    "episodes": 200,
    "performance history": [
        0.6284233089779543,
        0.6357810204284766,
        1.0376282568071762,
        0.6500622508888447,
        0.6357810204284766,
        0.8040704258730906,
        0.7606910777562454,
        0.6284233089779543,
        0.8712650964121957,
        0.6321205588285577,
        0.8474098942431161,
        0.7407597393541085,
        0.7274682069659875,
        0.7191683782216203,
        1.0063455595129092,
        0.8869584693595501,
        0.6604044743550609,
        0.6500622508888447,
        0.6737202053769605,
        0.7328646980341497,
        0.6988057880877978,
        1.0130365282034377,
        0.8395864322248272,
        0.6357810204284766,
        0.6535441896699425,
        0.6465453180412198,
        0.6833632306209467,
        0.680180978183696,
        0.6500622508888447,
        0.6769667435777471,
        0.7328646980341497,
        0.6284233089779543,
        0.7163459735002295,
        0.6569914825812934,
        0.7077074223191406,
        0.6321205588285577,
        0.8347011117784134,
        0.670441038924811,
        0.7134952031398099,
        0.7654297119062023,
        0.6284233089779543,
        0.6865138191173947,
        0.6321205588285577,
        0.6637835062932667,
        1.0578443208748385,
        1.0578443208748385,
        1.0083959989674915,
        0.6833632306209467,
        0.7700745148132762,
        0.6284233089779543,
        0.6927212613988687,
        0.6284233089779543,
        0.6927212613988687,
        0.7433392230464442,
        0.6429930394308526,
        0.7407597393541085,
        0.6357810204284766,
        0.6357810204284766,
        0.6769667435777471,
        0.689633058734515,
        0.6284233089779543,
        0.6957787359332959,
        0.6284233089779543,
        0.7981034820053446,
        1.0072265032813765,
        0.6429930394308526,
        1.013704925297365,
        1.0125253586210743,
        0.6357810204284766,
        1.0014017974121368,
        0.6284233089779543,
        0.6284233089779543,
        0.8379742490661193,
        0.7407597393541085,
        0.6927212613988687,
        0.6465453180412198,
        0.8330398303329594,
        1.0125253586210743,
        0.6321205588285577,
        0.6637835062932667,
        0.8725460301051793,
        0.6500622508888447,
        0.7077074223191406,
        1.0578443208748385,
        0.8924715698642051,
        0.6569914825812934,
        0.6357810204284766,
        0.6394050598269216,
        0.7163459735002295,
        0.6833632306209467,
        0.9999493210540058,
        0.783464332683993,
        0.7484214469402435,
        1.0070834089290521,
        0.6535441896699425,
        0.6429930394308526,
        0.6357810204284766,
        0.6321205588285577,
        0.6671289163019205,
        0.7077074223191406,
        0.6394050598269216,
        0.6737202053769605,
        0.6500622508888447,
        0.7558567168465629,
        0.7047698330759857,
        1.0578443208748385,
        1.0084803801599533,
        0.6833632306209467,
        0.6769667435777471,
        0.7812881130477852,
        0.689633058734515,
        0.6321205588285577,
        1.0578443208748385,
        0.7534030360583935,
        0.7163459735002295,
        0.6465453180412198,
        0.9997839498497185,
        0.6394050598269216,
        0.6604044743550609,
        0.6769667435777471,
        0.6357810204284766,
        0.8347011117784134,
        0.8279551361769495,
        0.8605431437849491,
        0.8395864322248272,
        0.6284233089779543,
        1.0000339711134119,
        0.9909952224175634,
        0.6321205588285577,
        0.6394050598269216,
        0.836345863197296,
        0.6357810204284766,
        0.680180978183696,
        1.000000000000555,
        0.7301799436153131,
        0.6321205588285577,
        0.6321205588285577,
        0.6394050598269216,
        0.735522738700176,
        0.6833632306209467,
        1.0000000003052165,
        0.6321205588285577,
        0.689633058734515,
        0.8279551361769495,
        0.7677637252702412,
        0.7582859831029636,
        0.6500622508888447,
        0.6321205588285577,
        0.6465453180412198,
        0.9997860995846324,
        1.0578443208748385,
        0.738154331419674,
        0.6465453180412198,
        0.670441038924811,
        0.7274682069659875,
        0.8347011117784134,
        0.6429930394308526,
        0.6394050598269216,
        0.6957787359332959,
        0.8209338520885068,
        0.6321205588285577,
        0.6394050598269216,
        0.6465453180412198,
        0.6357810204284766,
        0.7606910777562454,
        0.6357810204284766,
        0.6357810204284766,
        0.6394050598269216,
        0.7018027205701126,
        0.670441038924811,
        0.6833632306209467,
        0.6321205588285577,
        1.0578443208748385,
        1.0000000001026188,
        0.7433392230464442,
        0.6465453180412198,
        0.6671289163019205,
        0.9909952224175634,
        0.6957787359332959,
        0.6284233089779543,
        0.9996063309593449,
        0.6357810204284766,
        0.8869584693595501,
        0.9999999978113917,
        0.6429930394308526,
        0.6284233089779543,
        0.6988057880877978,
        0.6988057880877978,
        0.8458763381848686,
        0.680180978183696,
        0.6284233089779543,
        1.0000001125351747,
        1.0578443208748385,
        0.81362602396059,
        0.7484214469402435,
        0.6569914825812934,
        0.670441038924811,
        0.6535441896699425,
        0.7630722413178782,
        0.6321205588285577
    ],