{
    "time": "2022-10-03-18-46-59",
    "episodes": 200,
    "performance history": [
        0.7458930404471997,
        0.7301799436153131,
        0.6284233089779543,
        0.6429930394308526,
        0.6321205588285577,
        0.6284233089779543,
        0.6284233089779543,
        0.6357810204284766,
        1.0270518468663503,
        0.6321205588285577,
        0.8411825738930794,
        0.8313618527314045,
        1.0578443208748385,
        0.7919548176429796,
        1.0544757298691898,
        1.0311170306610609,
        1.029599435167892,
        0.7328646980341497,
        0.6284233089779543,
        0.8846748789619375,
        0.738154331419674,
        1.0578443208748385,
        0.6737202053769605,
        0.6284233089779543,
        0.6465453180412198,
        1.0550232200564071,
        0.9998849334613538,
        0.9909952224175634,
        0.6927212613988687,
        0.6394050598269216,
        0.680180978183696,
        0.6394050598269216,
        0.6429930394308526,
        0.6535441896699425,
        0.6429930394308526,
        0.7018027205701126,
        0.8209338520885068,
        0.7106157820609493,
        0.7407597393541085,
        0.9911735289602733,
        1.0175974724156234,
        0.8869584693595501,
        0.6321205588285577,
        1.0399550582606538,
        0.7433392230464442,
        0.7018027205701126,
        0.6429930394308526,
        1.0578443208748385,
        0.680180978183696,
        0.9999988548787141,
        0.6284233089779543,
        0.6429930394308526,
        0.856296050222297,
        0.6321205588285577,
        1.03688316740124,
        0.7301799436153131,
        0.7723623116161873,
        0.689633058734515,
        0.6357810204284766,
        0.670441038924811,
        0.8330398303329594,
        0.6394050598269216,
        0.6284233089779543,
        0.6429930394308526,
        0.7654297119062023,
        0.7301799436153131,
        1.0314297620183677,
        1.0424257410805113,
        0.7484214469402435,
        0.7458930404471997,
        0.6394050598269216,
        1.0084803801599533,
        0.6321205588285577,
        0.8858223830891635,
        0.6284233089779543,
        0.6284233089779543,
        0.6535441896699425,
        0.6321205588285577,
        0.7940249017951165,
        0.8040704258730906,
        0.7134952031398099,
        0.7458930404471997,
        0.6321205588285577,
        0.7790900220406218,
        0.6429930394308526,
        0.6865138191173947,
        0.6637835062932667,
        0.9933954732906852,
        0.6465453180412198,
        0.9943154311807804,
        0.6737202053769605,
        0.8924715698642051,
        0.6769667435777471,
        0.9943154311807804,
        0.6604044743550609,
        0.6394050598269216,
        0.6321205588285577,
        0.6429930394308526,
        0.6284233089779543,
        0.6500622508888447,
        0.735522738700176,
        0.6429930394308526,
        0.7219626995468058,
        0.7433392230464442,
        0.6321205588285577,
        1.0343896373434727,
        0.680180978183696,
        0.6357810204284766,
        0.6321205588285577,
        0.6284233089779543,
        0.680180978183696,
        0.6284233089779543,
        0.6927212613988687,
        0.6429930394308526,
        1.041585655121173,
        0.9939639170764004,
        0.7534030360583935,
        1.038774207831722,
        0.8489281911636292,
        0.6284233089779543,
        0.6284233089779543,
        0.6429930394308526,
        0.6465453180412198,
        0.8548518015163763,
        0.6357810204284766,
        0.6671289163019205,
        0.6604044743550609,
        0.6284233089779543,
        0.6637835062932667,
        0.6321205588285577,
        0.6284233089779543,
        0.7077074223191406,
        0.8880832513826711,
        1.0528657287383503,
        0.7654297119062023,
        0.6535441896699425,
        0.6284233089779543,
        0.6465453180412198,
        0.9980107547827348,
        0.6284233089779543,
        0.6737202053769605,
        0.8117529343612532,
        0.6321205588285577,
        0.6465453180412198,
        0.9977118233470779,
        0.7191683782216203,
        0.6284233089779543,
        0.6394050598269216,
        0.6284233089779543,
        0.6284233089779543,
        0.6394050598269216,
        0.6535441896699425,
        0.6284233089779543,
        0.6394050598269216,
        0.7163459735002295,
        0.7274682069659875,
        0.783464332683993,
        0.735522738700176,
        0.6429930394308526,
        0.8379742490661193,
        1.015146284873047,
        0.6284233089779543,
        0.6321205588285577,
        0.6833632306209467,
        0.6394050598269216,
        0.6927212613988687,
        0.7047698330759857,
        0.6671289163019205,
        0.7077074223191406,
        0.6429930394308526,
        0.6465453180412198,
        0.866011325331195,
        0.6500622508888447,
        0.6284233089779543,
        0.6284233089779543,
        0.6637835062932667,
        0.680180978183696,
        0.6604044743550609,
        0.6357810204284766,
        0.8060199577091081,
        1.0528657287383503,
        1.013704925297365,
        0.6637835062932667,
        0.6637835062932667,
        0.7328646980341497,
        0.6671289163019205,
        0.7790900220406218,
        0.6769667435777471,
        0.6357810204284766,
        0.6927212613988687,
        1.0578443208748385,
        0.6321205588285577,
        0.836345863197296,
        1.0354369577215987,
        0.7484214469402435,
        0.7191683782216203,
        0.6284233089779543,
        1.0354369577215987,
        0.7558567168465629,
        0.6357810204284766
    ],