{
    "time": "2022-10-03-16-31-50",
    "episodes": 200,
    "performance history": [
        0.6429930394308526,
        0.6321205588285577,
        0.7677637252702412,
        0.7433392230464442,
        0.6284233089779543,
        0.670441038924811,
        0.9942583003143458,
        1.0305008721712174,
        0.6927212613988687,
        0.6465453180412198,
        0.6500622508888447,
        0.6321205588285577,
        0.8504313807773649,
        0.6604044743550609,
        0.6321205588285577,
        0.6321205588285577,
        0.6465453180412198,
        0.6284233089779543,
        1.0305008721712174,
        0.856296050222297,
        1.027875698255247,
        0.689633058734515,
        0.6284233089779543,
        0.6321205588285577,
        0.7106157820609493,
        0.6394050598269216,
        1.0023578620064901,
        0.8262260565495548,
        0.994023977104994,
        0.6357810204284766,
        1.0333732699603262,
        0.6637835062932667,
        0.6284233089779543,
        0.6284233089779543,
        0.8379742490661193,
        1.0267826764926382,
        0.8519196134045375,
        0.6321205588285577,
        0.6284233089779543,
        0.6284233089779543,
        0.7509246953683317,
        0.7677637252702412,
        0.689633058734515,
        0.6357810204284766,
        1.032386940772907,
        1.0330412003758869,
        0.6737202053769605,
        0.9979087639994849,
        0.6988057880877978,
        0.6284233089779543,
        0.6833632306209467,
        0.6284233089779543,
        0.738154331419674,
        0.7981034820053446,
        0.6284233089779543,
        1.029599435167892,
        0.7509246953683317,
        0.6284233089779543,
        1.0022654089148144,
        0.6637835062932667,
        0.9981077714167901,
        0.8458763381848686,
        0.8443273696320027,
        0.7606910777562454,
        0.7018027205701126,
        0.7534030360583935,
        0.6957787359332959,
        0.9999048446748553,
        0.6284233089779543,
        0.6284233089779543,
        0.6284233089779543,
        0.7106157820609493,
        0.6284233089779543,
        0.6604044743550609,
        0.6604044743550609,
        0.6465453180412198,
        0.7484214469402435,
        0.6394050598269216,
        0.6394050598269216,
        0.689633058734515,
        0.6394050598269216,
        0.6988057880877978,
        0.680180978183696,
        0.6394050598269216,
        0.836345863197296,
        0.6569914825812934,
        1.0281558536803002,
        0.6957787359332959,
        1.0561347628341338,
        0.6957787359332959,
        0.7919548176429796,
        0.6357810204284766,
        0.8504313807773649,
        1.0399550582606538,
        0.6321205588285577,
        0.6988057880877978,
        0.6500622508888447,
        1.0513033103319191,
        0.7534030360583935,
        1.039163895098987,
        0.689633058734515,
        0.836345863197296,
        0.836345863197296,
        1.0333732699603262,
        0.6284233089779543,
        0.785618898573022,
        0.7654297119062023,
        0.7047698330759857,
        0.6357810204284766,
        0.9976888267893979,
        0.8021013009163853,
        1.0376282568071762,
        0.738154331419674,
        0.9980305481033603,
        0.6284233089779543,
        0.7677637252702412,
        0.6429930394308526,
        0.6465453180412198,
        0.6357810204284766,
        0.9943154311807804,
        0.6357810204284766,
        0.8209338520885068,
        0.9936544404870908,
        0.7407597393541085,
        0.7981034820053446,
        1.032386940772907,
        0.9936544404870908,
        0.6284233089779543,
        0.6284233089779543,
        0.7509246953683317,
        0.6321205588285577,
        0.8227155900301222,
        0.6284233089779543,
        0.7509246953683317,
        0.8021013009163853,
        0.8209338520885068,
        0.6394050598269216,
        0.6357810204284766,
        0.7723623116161873,
        0.7534030360583935,
        0.7301799436153131,
        0.6321205588285577,
        0.7558567168465629,
        0.8379742490661193,
        0.6284233089779543,
        0.8411825738930794,
        1.0424257410805113,
        0.8021013009163853,
        1.0114473158505057,
        0.7790900220406218,
        0.7407597393541085,
        0.7534030360583935,
        0.7509246953683317,
        0.6500622508888447,
        0.7484214469402435,
        0.6321205588285577,
        1.0125253586210743,
        1.0403566132720312,
        1.0343896373434727,
        0.6284233089779543,
        0.680180978183696,
        0.6321205588285577,
        0.6569914825812934,
        0.6465453180412198,
        0.7191683782216203,
        0.6284233089779543,
        1.0578443208748385,
        0.6357810204284766,
        0.7274682069659875,
        0.680180978183696,
        0.7047698330759857,
        0.8474098942431161,
        0.6569914825812934,
        0.8098610198984795,
        0.7768698398515702,
        0.6637835062932667,
        0.9943154311807804,
        0.6429930394308526,
        0.7582859831029636,
        0.6284233089779543,
        0.6284233089779543,
        0.6284233089779543,
        0.9936544404870908,
        0.7219626995468058,
        1.032386940772907,
        0.7582859831029636,
        0.6357810204284766,
        0.6357810204284766,
        1.0561347628341338,
        0.7328646980341497,
        0.6671289163019205,
        1.0174223746394935,
        0.6357810204284766,
        0.689633058734515,
        0.7484214469402435,
        0.8591415790789549,
        0.6321205588285577,
        0.6284233089779543,
        0.6394050598269216,
        0.7898639287992353
    ],