{
    "time": "2022-10-05-06-09-19",
    "episodes": 200,
    "performance history": [
        0.6357810204284766,
        0.7677637252702412,
        0.7047698330759857,
        1.0014017974121368,
        0.6637835062932667,
        0.9909952224175634,
        0.6394050598269216,
        0.6284233089779543,
        0.7191683782216203,
        0.8262260565495548,
        0.7898639287992353,
        1.002242867719486,
        1.0544757298691898,
        0.7458930404471997,
        0.785618898573022,
        1.029599435167892,
        1.0497870683678638,
        0.6671289163019205,
        0.6284233089779543,
        0.9978234190392848,
        0.8533930378696498,
        0.6569914825812934,
        0.9943719935855959,
        0.6637835062932667,
        0.6284233089779543,
        1.038774207831722,
        1.0117959385197515,
        0.7558567168465629,
        1.0333732699603262,
        0.9980107547827348,
        0.8591415790789549,
        0.735522738700176,
        0.9999963104276466,
        1.0149955768204777,
        0.7534030360583935,
        1.012155178329915,
        0.7047698330759857,
        1.0376282568071762,
        0.7606910777562454,
        0.6357810204284766,
        1.0399550582606538,
        0.6321205588285577,
        0.6284233089779543,
        1.0399550582606538,
        1.0513033103319191,
        1.0075214224749933,
        1.0533970381451971,
        0.6500622508888447,
        0.6465453180412198,
        0.6569914825812934,
        1.019254701775387,
        0.9975459118195861,
        1.0513033103319191,
        0.9978234190392848,
        0.6535441896699425,
        0.6284233089779543,
        0.6357810204284766,
        1.0528657287383503,
        0.6535441896699425,
        1.0314297620183677,
        0.7677637252702412,
        1.0357931050676552,
        0.8060199577091081,
        0.9978234190392848,
        0.6357810204284766,
        0.6604044743550609,
        1.0327124349390198,
        1.0578443208748385,
        0.8117529343612532,
        0.6988057880877978,
        1.0206508251817126,
        1.000037170318684,
        1.0217096156298486,
        0.6988057880877978,
        1.0115623632874686,
        0.7484214469402435,
        0.6284233089779543,
        1.0578443208748385,
        1.0343896373434727,
        1.027875698255247,
        1.0333732699603262,
        0.9981077714167901,
        0.6357810204284766,
        1.0311170306610609,
        0.7458930404471997,
        0.6394050598269216,
        0.6604044743550609,
        1.0561347628341338,
        0.6429930394308526,
        1.039163895098987,
        0.7630722413178782,
        1.0365161737537405,
        0.6500622508888447,
        1.0513033103319191,
        1.0561347628341338,
        0.6833632306209467,
        0.7606910777562454,
        0.6284233089779543,
        1.038774207831722,
        0.6500622508888447,
        1.0287246396542393,
        1.029599435167892,
        1.0305008721712174,
        0.6637835062932667,
        0.8001123859248556,
        0.6465453180412198,
        1.012155178329915,
        1.0578443208748385,
        0.6465453180412198,
        0.7018027205701126,
        1.0555762126114832,
        1.0343896373434727,
        0.6569914825812934,
        0.6284233089779543,
        0.8079500913792459,
        0.6604044743550609,
        0.6394050598269216,
        0.7407597393541085,
        0.735522738700176,
        0.7509246953683317,
        0.6569914825812934,
        1.0204453460379377,
        0.6465453180412198,
        0.836345863197296,
        0.866011325331195,
        1.020040501061684,
        0.6357810204284766,
        0.8098610198984795,
        1.0561347628341338,
        0.8519196134045375,
        0.8519196134045375,
        0.883515842226503,
        0.6671289163019205,
        1.0578443208748385,
        0.7219626995468058,
        0.6429930394308526,
        0.6535441896699425,
        0.6833632306209467,
        0.8379742490661193,
        1.0578443208748385,
        0.785618898573022,
        0.6465453180412198,
        0.6284233089779543,
        1.0507928338648984,
        0.6429930394308526,
        1.0561347628341338,
        1.0333732699603262,
        0.6569914825812934,
        1.0114473158505057,
        0.6604044743550609,
        1.0578443208748385,
        0.6357810204284766,
        1.0060360829235995,
        0.6394050598269216,
        0.6737202053769605,
        0.6769667435777471,
        0.6988057880877978,
        0.7134952031398099,
        0.6465453180412198,
        0.6321205588285577,
        0.8060199577091081,
        1.0003096710354187,
        0.670441038924811,
        0.6604044743550609,
        0.7700745148132762,
        0.9981265994057775,
        0.6737202053769605,
        0.6769667435777471,
        0.6284233089779543,
        0.6535441896699425,
        1.012155178329915,
        1.0403566132720312,
        0.6357810204284766,
        0.6429930394308526,
        1.0008587780939744,
        0.6535441896699425,
        0.6357810204284766,
        0.6865138191173947,
        0.6429930394308526,
        0.7274682069659875,
        0.9909952224175634,
        0.6500622508888447,
        0.7274682069659875,
        1.0076733652878955,
        0.6429930394308526,
        0.8489281911636292,
        1.0578443208748385,
        0.6865138191173947,
        1.029599435167892,
        0.6284233089779543,
        1.0270518468663503,
        0.6284233089779543,
        0.8154804760070107,
        0.689633058734515,
        1.039163895098987,
        0.6321205588285577,
        0.6394050598269216,
        1.027875698255247,
        0.8191342073828779,
        0.6429930394308526
    ],