{
    "time": "2022-10-03-17-13-35",
    "episodes": 200,
    "performance history": [
        0.8227155900301222,
        0.8227155900301222,
        0.7606910777562454,
        1.0507928338648984,
        0.6465453180412198,
        0.670441038924811,
        0.6394050598269216,
        0.7458930404471997,
        0.9939639170764004,
        0.6321205588285577,
        0.6284233089779543,
        0.6429930394308526,
        0.6569914825812934,
        0.7163459735002295,
        0.6284233089779543,
        0.7790900220406218,
        0.6284233089779543,
        0.6671289163019205,
        0.6569914825812934,
        0.6394050598269216,
        0.7654297119062023,
        0.6357810204284766,
        0.6988057880877978,
        0.6284233089779543,
        0.6284233089779543,
        0.6284233089779543,
        0.689633058734515,
        0.7191683782216203,
        0.7077074223191406,
        0.680180978183696,
        1.022595601851122,
        0.7407597393541085,
        0.6394050598269216,
        0.6865138191173947,
        0.8079500913792459,
        1.0528657287383503,
        0.7163459735002295,
        0.6284233089779543,
        0.8191342073828779,
        0.6284233089779543,
        0.6988057880877978,
        0.6284233089779543,
        1.0497870683678638,
        0.7301799436153131,
        0.670441038924811,
        0.6284233089779543,
        0.670441038924811,
        0.6357810204284766,
        0.8395864322248272,
        0.7018027205701126,
        0.6604044743550609,
        0.6394050598269216,
        0.6429930394308526,
        0.6284233089779543,
        0.6429930394308526,
        0.689633058734515,
        0.883515842226503,
        0.7458930404471997,
        0.6500622508888447,
        0.6394050598269216,
        0.7981034820053446,
        0.6284233089779543,
        0.6833632306209467,
        0.6321205588285577,
        0.7018027205701126,
        0.8533930378696498,
        0.6429930394308526,
        1.0578443208748385,
        0.6284233089779543,
        1.0169074656527053,
        0.6284233089779543,
        0.680180978183696,
        0.6357810204284766,
        0.7509246953683317,
        0.8021013009163853,
        0.6737202053769605,
        0.6833632306209467,
        0.6284233089779543,
        0.6429930394308526,
        0.6284233089779543,
        0.7940249017951165,
        0.8395864322248272,
        0.6500622508888447,
        0.8858223830891635,
        0.6284233089779543,
        0.6429930394308526,
        1.0561347628341338,
        0.6321205588285577,
        0.6569914825812934,
        0.6569914825812934,
        0.7458930404471997,
        0.6284233089779543,
        0.6284233089779543,
        0.8021013009163853,
        0.6769667435777471,
        0.6284233089779543,
        0.6957787359332959,
        0.6357810204284766,
        0.7077074223191406,
        0.6284233089779543,
        0.9933954732906852,
        0.7509246953683317,
        0.6357810204284766,
        1.0544757298691898,
        0.8244795993830032,
        0.8799683714885432,
        0.6833632306209467,
        0.7484214469402435,
        0.6394050598269216,
        0.7018027205701126,
        0.680180978183696,
        0.7606910777562454,
        0.6394050598269216,
        0.9933954732906852,
        0.6833632306209467,
        1.0230520632872255,
        0.8858223830891635,
        0.6321205588285577,
        0.6604044743550609,
        1.0578443208748385,
        0.6833632306209467,
        0.6357810204284766,
        1.0164077745262927,
        0.6569914825812934,
        1.0059760228950059,
        0.6465453180412198,
        0.6465453180412198,
        0.8504313807773649,
        1.0287246396542393,
        0.8548518015163763,
        0.7919548176429796,
        0.6284233089779543,
        0.6569914825812934,
        0.8079500913792459,
        0.6769667435777471,
        0.7047698330759857,
        0.7534030360583935,
        0.8330398303329594,
        1.0333732699603262,
        1.0578443208748385,
        0.6321205588285577,
        0.6535441896699425,
        0.6284233089779543,
        0.7534030360583935,
        0.6671289163019205,
        0.6284233089779543,
        0.9978665182299623,
        0.836345863197296,
        0.6394050598269216,
        0.6465453180412198,
        0.7981034820053446,
        0.6357810204284766,
        0.6604044743550609,
        0.8021013009163853,
        0.6284233089779543,
        1.053933687300356,
        0.6357810204284766,
        0.6394050598269216,
        0.689633058734515,
        0.6284233089779543,
        0.6284233089779543,
        0.6394050598269216,
        1.0314297620183677,
        0.8117529343612532,
        0.7163459735002295,
        0.6569914825812934,
        1.0062199090159425,
        0.8173164759472653,
        1.039163895098987,
        0.6284233089779543,
        0.6284233089779543,
        0.6321205588285577,
        0.6284233089779543,
        0.6465453180412198,
        0.7077074223191406,
        1.056698926579847,
        0.6284233089779543,
        1.0305008721712174,
        0.6394050598269216,
        0.6284233089779543,
        0.6671289163019205,
        1.0029088426258126,
        0.6429930394308526,
        1.0343896373434727,
        0.6321205588285577,
        0.7812881130477852,
        0.6284233089779543,
        0.6284233089779543,
        0.7812881130477852,
        0.6569914825812934,
        1.0497870683678638,
        0.6500622508888447,
        1.0047009061075833,
        0.7433392230464442,
        1.0572687602654673,
        0.8811627061475904,
        0.6737202053769605,
        0.8750697878014175,
        1.0578443208748385,
        0.6535441896699425
    ],