{
    "time": "2022-10-03-20-55-25",
    "episodes": 200,
    "performance history": [
        0.6737202053769605,
        0.6284233089779543,
        0.8519196134045375,
        0.8474098942431161,
        0.7433392230464442,
        0.6284233089779543,
        1.0578443208748385,
        1.0399550582606538,
        0.6988057880877978,
        0.7509246953683317,
        0.6769667435777471,
        1.0578443208748385,
        1.0561347628341338,
        0.8738142182949612,
        1.0015647957103941,
        1.0160828788225884,
        1.013704925297365,
        0.6321205588285577,
        1.0561347628341338,
        0.6569914825812934,
        0.6394050598269216,
        0.7134952031398099,
        1.0544757298691898,
        0.8712650964121957,
        0.6569914825812934,
        0.6321205588285577,
        0.6357810204284766,
        0.6865138191173947,
        0.680180978183696,
        0.8763128641825452,
        0.6569914825812934,
        0.7047698330759857,
        0.7274682069659875,
        0.670441038924811,
        0.6394050598269216,
        0.6535441896699425,
        1.0578443208748385,
        1.0578443208748385,
        1.053933687300356,
        0.81362602396059,
        1.0050924307926992,
        0.6284233089779543,
        1.0053002568358704,
        0.6465453180412198,
        1.0561347628341338,
        0.7301799436153131,
        0.689633058734515,
        1.0561347628341338,
        0.9996063309593449,
        0.8244795993830032,
        0.6737202053769605,
        1.0528657287383503,
        1.0175974724156234,
        0.689633058734515,
        0.8227155900301222,
        0.8001123859248556,
        0.8725460301051793,
        0.6284233089779543,
        0.680180978183696,
        0.670441038924811,
        0.6500622508888447,
        1.0561347628341338,
        1.0561347628341338,
        0.6569914825812934,
        0.6465453180412198,
        0.6357810204284766,
        1.0578443208748385,
        0.689633058734515,
        0.6637835062932667,
        1.0497870683678638,
        0.680180978183696,
        0.6737202053769605,
        0.9912613538145267,
        0.6865138191173947,
        0.735522738700176,
        0.6833632306209467,
        0.6284233089779543,
        0.7328646980341497,
        0.6321205588285577,
        0.7407597393541085,
        0.6321205588285577,
        0.6569914825812934,
        0.6284233089779543,
        0.8591415790789549,
        0.7219626995468058,
        0.7018027205701126,
        0.7191683782216203,
        0.6569914825812934,
        0.6284233089779543,
        1.0544757298691898,
        0.6321205588285577,
        0.7247292169102477,
        0.8244795993830032,
        0.6284233089779543,
        1.0544757298691898,
        0.6737202053769605,
        0.6284233089779543,
        0.6284233089779543,
        0.7558567168465629,
        0.6394050598269216,
        0.8395864322248272,
        0.7134952031398099,
        0.670441038924811,
        0.6394050598269216,
        0.6284233089779543,
        0.6535441896699425,
        0.7433392230464442,
        0.6357810204284766,
        0.8244795993830032,
        0.7630722413178782,
        0.6737202053769605,
        0.6321205588285577,
        0.7191683782216203,
        0.7247292169102477,
        0.6394050598269216,
        0.7077074223191406,
        0.6321205588285577,
        0.6284233089779543,
        0.6321205588285577,
        1.0513033103319191,
        0.6284233089779543,
        0.689633058734515,
        0.6500622508888447,
        0.6284233089779543,
        0.670441038924811,
        0.6284233089779543,
        0.6284233089779543,
        0.6284233089779543,
        0.670441038924811,
        0.6357810204284766,
        0.8279551361769495,
        0.9937175798591988,
        0.6321205588285577,
        0.6284233089779543,
        0.7047698330759857,
        0.7274682069659875,
        0.7219626995468058,
        0.6284233089779543,
        0.6604044743550609,
        0.6321205588285577,
        0.7077074223191406,
        0.670441038924811,
        1.0544757298691898,
        1.0507928338648984,
        0.6321205588285577,
        0.8173164759472653,
        0.6604044743550609,
        0.8227155900301222,
        0.6357810204284766,
        1.0198410947443703,
        0.7630722413178782,
        0.6927212613988687,
        0.6637835062932667,
        0.6284233089779543,
        0.6957787359332959,
        0.7163459735002295,
        0.7484214469402435,
        0.6357810204284766,
        0.7047698330759857,
        0.6569914825812934,
        0.8763128641825452,
        0.6284233089779543,
        0.6671289163019205,
        0.6321205588285577,
        0.6321205588285577,
        0.680180978183696,
        0.6394050598269216,
        0.7534030360583935,
        0.9943154311807804,
        0.6284233089779543,
        0.7163459735002295,
        0.6769667435777471,
        0.8021013009163853,
        1.0399550582606538,
        1.0497870683678638,
        0.6394050598269216,
        0.6769667435777471,
        0.6429930394308526,
        0.6535441896699425,
        0.6284233089779543,
        0.6769667435777471,
        0.7274682069659875,
        0.6535441896699425,
        0.7018027205701126,
        0.6284233089779543,
        0.6321205588285577,
        0.670441038924811,
        0.6284233089779543,
        0.6284233089779543,
        0.7484214469402435,
        0.6988057880877978,
        0.8548518015163763,
        0.6833632306209467,
        0.8811627061475904,
        0.7047698330759857,
        0.6569914825812934,
        0.6321205588285577,
        1.0223707718561656,
        1.0130365282034377,
        1.0544757298691898
    ],