{
    "time": "2022-10-05-05-17-44",
    "episodes": 200,
    "performance history": [
        0.670441038924811,
        0.670441038924811,
        1.0497870683678638,
        0.6357810204284766,
        1.0578443208748385,
        1.038774207831722,
        0.6321205588285577,
        1.014122302410164,
        0.6321205588285577,
        1.013704925297365,
        0.9999067288765351,
        1.056698926579847,
        0.8330398303329594,
        1.0132998835424438,
        1.0000577146221352,
        0.9942583003143458,
        0.6535441896699425,
        1.03688316740124,
        0.8296670111745905,
        0.6357810204284766,
        0.7654297119062023,
        0.6865138191173947,
        0.6957787359332959,
        0.8646647167633873,
        0.6429930394308526,
        0.6357810204284766,
        1.0,
        1.0578443208748385,
        0.6671289163019205,
        0.8891968416376661,
        0.6957787359332959,
        0.6284233089779543,
        1.0578443208748385,
        0.6429930394308526,
        1.0578443208748385,
        1.0165726754017612,
        0.9959941520579095,
        1.0014017974121368,
        0.738154331419674,
        0.6637835062932667,
        0.8427628336863724,
        0.689633058734515,
        0.6357810204284766,
        0.6737202053769605,
        1.0084803801599533,
        0.6394050598269216,
        0.689633058734515,
        0.6833632306209467,
        0.6535441896699425,
        0.7191683782216203,
        1.0002204146528302,
        1.0129068125804799,
        0.8209338520885068,
        0.6833632306209467,
        0.9980305481033603,
        1.0578443208748385,
        0.6394050598269216,
        1.0555762126114832,
        0.680180978183696,
        0.6957787359332959,
        0.680180978183696,
        0.7077074223191406,
        0.7328646980341497,
        1.0059760228950059,
        0.8763128641825452,
        0.7723623116161873,
        1.0305008721712174,
        0.6569914825812934,
        0.6569914825812934,
        0.738154331419674,
        1.0561347628341338,
        0.6284233089779543,
        0.6394050598269216,
        0.9942583003143458,
        0.7630722413178782,
        0.6321205588285577,
        0.7630722413178782,
        0.6569914825812934,
        0.7677637252702412,
        1.0561347628341338,
        0.7509246953683317,
        0.6465453180412198,
        0.6284233089779543,
        1.0544757298691898,
        1.0314297620183677,
        1.0399550582606538,
        0.6284233089779543,
        0.6500622508888447,
        0.7509246953683317,
        0.6284233089779543,
        0.6957787359332959,
        0.9977118233470779,
        0.670441038924811,
        0.6394050598269216,
        0.6671289163019205,
        0.680180978183696,
        0.9922495161088634,
        0.6429930394308526,
        1.0284388247141845,
        1.029599435167892,
        0.785618898573022,
        0.6284233089779543,
        0.7534030360583935,
        0.7458930404471997,
        0.6284233089779543,
        0.6429930394308526,
        0.735522738700176,
        0.7047698330759857,
        1.0578443208748385,
        0.8712650964121957,
        0.6637835062932667,
        0.6671289163019205,
        0.9909952224175634,
        1.032386940772907,
        0.6500622508888447,
        1.0000326390870025,
        1.0578443208748385,
        1.0578443208748385,
        0.7981034820053446,
        0.680180978183696,
        0.6321205588285577,
        1.053933687300356,
        0.6465453180412198,
        0.6569914825812934,
        0.7077074223191406,
        0.6284233089779543,
        0.7191683782216203,
        0.6321205588285577,
        0.8154804760070107,
        0.7919548176429796,
        0.785618898573022,
        0.6429930394308526,
        1.0544757298691898,
        1.0578443208748385,
        1.0578443208748385,
        0.7047698330759857,
        1.0523397059484323,
        0.670441038924811,
        1.0578443208748385,
        0.8763128641825452,
        0.6357810204284766,
        0.7790900220406218,
        0.6865138191173947,
        0.680180978183696,
        0.670441038924811,
        0.6569914825812934,
        1.0014017974121368,
        0.7812881130477852,
        1.0544757298691898,
        1.038774207831722,
        0.7191683782216203,
        0.9036723617695069,
        0.6500622508888447,
        0.7433392230464442,
        0.6357810204284766,
        0.7654297119062023,
        0.6321205588285577,
        0.6284233089779543,
        0.6535441896699425,
        0.9979295721453597,
        0.6535441896699425,
        1.0079070540515935,
        1.0068056644922305,
        0.6637835062932667,
        0.999509458168887,
        0.6465453180412198,
        0.6500622508888447,
        0.6394050598269216,
        1.0544757298691898,
        0.6284233089779543,
        1.0056845688192195,
        0.6671289163019205,
        0.6569914825812934,
        0.6535441896699425,
        0.6357810204284766,
        1.0578443208748385,
        0.6357810204284766,
        0.9998537217605156,
        0.6429930394308526,
        0.7191683782216203,
        0.6284233089779543,
        0.6500622508888447,
        0.6321205588285577,
        0.6284233089779543,
        1.0333732699603262,
        0.7047698330759857,
        0.7274682069659875,
        0.6284233089779543,
        1.0074465830709243,
        0.6465453180412198,
        0.7790900220406218,
        0.7790900220406218,
        0.6671289163019205,
        0.6394050598269216,
        1.0497870683678638,
        0.9978234190392848,
        0.6284233089779543,
        0.7407597393541085,
        0.6500622508888447,
        0.6284233089779543
    ],