{
    "time": "2022-10-05-08-51-46",
    "episodes": 200,
    "performance history": [
        0.6429930394308526,
        0.738154331419674,
        0.6321205588285577,
        0.7654297119062023,
        0.8330398303329594,
        1.0029088426258126,
        1.0492916787604623,
        1.0056845688192195,
        0.6569914825812934,
        0.6465453180412198,
        0.7106157820609493,
        0.6284233089779543,
        0.8935414956207473,
        0.7746273444605613,
        0.7790900220406218,
        1.0333732699603262,
        0.6284233089779543,
        0.7919548176429796,
        0.6833632306209467,
        1.0376282568071762,
        0.6321205588285577,
        0.6865138191173947,
        1.0561347628341338,
        0.6671289163019205,
        0.6394050598269216,
        1.004844070012249,
        0.6321205588285577,
        0.7700745148132762,
        0.6927212613988687,
        0.6321205588285577,
        0.6671289163019205,
        0.7723623116161873,
        0.6535441896699425,
        0.7106157820609493,
        1.0333732699603262,
        1.0354369577215987,
        0.7877520261732569,
        1.032386940772907,
        0.6357810204284766,
        1.000739157155463,
        0.8330398303329594,
        0.6604044743550609,
        0.6394050598269216,
        0.6429930394308526,
        1.0578443208748385,
        0.9999989534379459,
        0.8411825738930794,
        0.7018027205701126,
        0.6535441896699425,
        0.6465453180412198,
        0.8296670111745905,
        0.7458930404471997,
        0.6284233089779543,
        0.6321205588285577,
        0.6429930394308526,
        0.6284233089779543,
        0.6321205588285577,
        0.6865138191173947,
        0.7534030360583935,
        0.6284233089779543,
        0.6604044743550609,
        0.6429930394308526,
        0.7134952031398099,
        0.9980305481033603,
        0.6604044743550609,
        0.7509246953683317,
        0.6357810204284766,
        1.0533970381451971,
        0.6284233089779543,
        0.6321205588285577,
        0.6284233089779543,
        0.6284233089779543,
        0.6394050598269216,
        0.8098610198984795,
        0.6284233089779543,
        1.0198410947443703,
        1.0513033103319191,
        0.7723623116161873,
        0.6284233089779543,
        0.9981265994057775,
        0.6284233089779543,
        0.6429930394308526,
        0.6284233089779543,
        0.6394050598269216,
        1.0343896373434727,
        0.6284233089779543,
        0.7960743882657866,
        0.785618898573022,
        0.6604044743550609,
        0.6284233089779543,
        1.053933687300356,
        0.785618898573022,
        1.03688316740124,
        0.6394050598269216,
        0.9995649284249213,
        0.8489281911636292,
        0.7458930404471997,
        0.7047698330759857,
        0.6284233089779543,
        1.0507928338648984,
        0.6957787359332959,
        0.9909952224175634,
        0.6569914825812934,
        0.6284233089779543,
        0.6321205588285577,
        0.6284233089779543,
        0.6284233089779543,
        0.8712650964121957,
        1.0441571684196929,
        0.6865138191173947,
        1.0000357128496415,
        0.6284233089779543,
        0.6865138191173947,
        0.7723623116161873,
        0.6357810204284766,
        0.6284233089779543,
        0.6357810204284766,
        0.7274682069659875,
        0.7534030360583935,
        0.994023977104994,
        0.6284233089779543,
        0.8880832513826711,
        0.6394050598269216,
        0.6284233089779543,
        0.6284233089779543,
        0.8227155900301222,
        0.6357810204284766,
        1.0365161737537405,
        0.6394050598269216,
        0.6284233089779543,
        0.9939639170764004,
        0.7407597393541085,
        1.0544757298691898,
        0.6284233089779543,
        0.7630722413178782,
        0.7247292169102477,
        0.8935414956207473,
        0.6321205588285577,
        0.9979295721453597,
        0.9930568519652538,
        0.6284233089779543,
        0.6284233089779543,
        1.0311170306610609,
        0.6988057880877978,
        0.6284233089779543,
        0.6284233089779543,
        0.7746273444605613,
        0.7301799436153131,
        1.0170773885074849,
        0.6671289163019205,
        0.9991582268516215,
        0.7877520261732569,
        0.6284233089779543,
        0.994023977104994,
        0.9975212478233336,
        0.8021013009163853,
        0.6284233089779543,
        1.038774207831722,
        0.7484214469402435,
        0.7812881130477852,
        0.7606910777562454,
        0.9936544404870908,
        0.6394050598269216,
        0.6284233089779543,
        0.7077074223191406,
        0.6284233089779543,
        0.8279551361769495,
        0.7509246953683317,
        0.9937175798591988,
        0.6394050598269216,
        0.6284233089779543,
        0.783464332683993,
        1.0380064270751743,
        0.6604044743550609,
        0.6321205588285577,
        1.0403566132720312,
        0.994023977104994,
        0.6321205588285577,
        1.0184997141198193,
        0.6357810204284766,
        0.6321205588285577,
        0.6284233089779543,
        0.6321205588285577,
        0.9953458686897168,
        0.6429930394308526,
        0.7582859831029636,
        0.8443273696320027,
        1.0376282568071762,
        1.0399550582606538,
        0.6284233089779543,
        0.6957787359332959,
        1.038774207831722,
        1.000238772342937,
        0.7509246953683317,
        0.7677637252702412,
        0.8098610198984795,
        0.9980107547827348,
        0.6394050598269216,
        1.029599435167892,
        0.6321205588285577
    ],