{
    "time": "2022-10-05-07-18-52",
    "episodes": 200,
    "performance history": [
        0.6500622508888447,
        0.670441038924811,
        0.6321205588285577,
        0.7812881130477852,
        0.6833632306209467,
        0.6737202053769605,
        0.8577259284134864,
        0.6284233089779543,
        0.6284233089779543,
        0.6284233089779543,
        0.6865138191173947,
        0.7274682069659875,
        0.7163459735002295,
        0.6284233089779543,
        0.6284233089779543,
        0.8001123859248556,
        0.689633058734515,
        0.7630722413178782,
        0.7247292169102477,
        1.0343896373434727,
        0.680180978183696,
        0.6284233089779543,
        0.6284233089779543,
        0.8619307626891072,
        0.8673445349198783,
        0.8880832513826711,
        0.6284233089779543,
        0.8313618527314045,
        0.7219626995468058,
        1.0544757298691898,
        0.7106157820609493,
        0.6284233089779543,
        1.0424257410805113,
        0.6394050598269216,
        0.6284233089779543,
        0.9996292564595409,
        0.738154331419674,
        1.0134335495942453,
        0.6769667435777471,
        0.6671289163019205,
        0.7106157820609493,
        0.7077074223191406,
        0.6465453180412198,
        0.8296670111745905,
        0.6357810204284766,
        0.6671289163019205,
        0.689633058734515,
        1.0380064270751743,
        0.7960743882657866,
        0.8799683714885432,
        0.6394050598269216,
        0.6671289163019205,
        0.9937175798591988,
        0.6637835062932667,
        0.6637835062932667,
        0.6321205588285577,
        0.6671289163019205,
        0.6429930394308526,
        0.8712650964121957,
        0.7558567168465629,
        0.7768698398515702,
        0.6500622508888447,
        0.670441038924811,
        1.0047009061075833,
        0.6321205588285577,
        0.7919548176429796,
        0.6604044743550609,
        0.7630722413178782,
        0.680180978183696,
        1.0138426620864796,
        0.7077074223191406,
        0.8712650964121957,
        1.0380064270751743,
        0.9911735289602733,
        0.9936544404870908,
        0.6769667435777471,
        0.6284233089779543,
        1.0287246396542393,
        0.689633058734515,
        0.6988057880877978,
        0.8458763381848686,
        0.6394050598269216,
        0.7606910777562454,
        0.8060199577091081,
        1.0507928338648984,
        0.7898639287992353,
        0.6927212613988687,
        0.7047698330759857,
        0.6321205588285577,
        0.6927212613988687,
        0.7898639287992353,
        0.6357810204284766,
        0.6394050598269216,
        0.680180978183696,
        0.9937175798591988,
        0.9976888267893979,
        0.6357810204284766,
        0.9981265994057775,
        0.8712650964121957,
        1.0380064270751743,
        0.6637835062932667,
        0.6865138191173947,
        0.6284233089779543,
        0.6284233089779543,
        0.6927212613988687,
        0.689633058734515,
        0.6284233089779543,
        0.7047698330759857,
        1.0528657287383503,
        0.738154331419674,
        0.6284233089779543,
        0.8244795993830032,
        0.6604044743550609,
        0.6357810204284766,
        0.6284233089779543,
        0.7458930404471997,
        0.6357810204284766,
        0.6357810204284766,
        0.7047698330759857,
        0.7606910777562454,
        0.7606910777562454,
        0.8619307626891072,
        0.8577259284134864,
        0.7134952031398099,
        0.8209338520885068,
        0.6927212613988687,
        0.6284233089779543,
        0.8474098942431161,
        0.6357810204284766,
        0.9942583003143458,
        0.6284233089779543,
        0.6284233089779543,
        0.8686644788515069,
        0.6321205588285577,
        0.6321205588285577,
        0.6429930394308526,
        0.7582859831029636,
        0.6321205588285577,
        0.9995426218282649,
        0.680180978183696,
        1.0528657287383503,
        0.7677637252702412,
        0.6637835062932667,
        1.0000000107323854,
        0.9953458686897168,
        0.7700745148132762,
        0.6769667435777471,
        0.8686644788515069,
        0.7534030360583935,
        0.6321205588285577,
        0.7700745148132762,
        0.6737202053769605,
        1.0125253586210743,
        0.8902993514844886,
        0.8262260565495548,
        0.6284233089779543,
        0.8750697878014175,
        0.7328646980341497,
        0.6671289163019205,
        1.0561347628341338,
        1.045959256649044,
        0.6429930394308526,
        0.7458930404471997,
        0.6321205588285577,
        0.6737202053769605,
        0.9385787860849999,
        0.992627511668632,
        1.0411718709390678,
        0.6284233089779543,
        0.7247292169102477,
        0.9985115202769406,
        0.6284233089779543,
        0.6833632306209467,
        0.6500622508888447,
        0.7301799436153131,
        0.8296670111745905,
        0.7558567168465629,
        0.6321205588285577,
        0.8098610198984795,
        0.6865138191173947,
        0.6321205588285577,
        0.7191683782216203,
        0.7247292169102477,
        0.6357810204284766,
        0.6865138191173947,
        0.6321205588285577,
        1.0314297620183677,
        0.6357810204284766,
        1.0056845688192195,
        1.029599435167892,
        1.0042963046907523,
        1.0528657287383503,
        0.6321205588285577,
        0.6671289163019205,
        0.9937175798591988,
        0.8924715698642051,
        0.7981034820053446,
        0.9938419801128311,
        0.8411825738930794,
        0.6569914825812934
    ],