{
    "time": "2022-10-03-16-54-38",
    "episodes": 200,
    "performance history": [
        0.6637835062932667,
        1.0497870683678638,
        0.7274682069659875,
        1.0497870683678638,
        0.6284233089779543,
        0.6429930394308526,
        0.7768698398515702,
        0.6394050598269216,
        1.029599435167892,
        1.032386940772907,
        0.6865138191173947,
        0.6284233089779543,
        0.81362602396059,
        0.8330398303329594,
        0.8040704258730906,
        0.680180978183696,
        0.6394050598269216,
        0.6284233089779543,
        0.9994686023782018,
        0.7558567168465629,
        0.6284233089779543,
        0.6429930394308526,
        0.6604044743550609,
        0.6284233089779543,
        0.8443273696320027,
        1.0544757298691898,
        0.670441038924811,
        0.6284233089779543,
        1.0513033103319191,
        0.6357810204284766,
        0.6569914825812934,
        0.9980305481033603,
        1.0544757298691898,
        1.0497870683678638,
        0.6284233089779543,
        0.8173164759472653,
        0.6284233089779543,
        0.6429930394308526,
        0.6500622508888447,
        0.8079500913792459,
        0.6429930394308526,
        0.6321205588285577,
        0.6357810204284766,
        0.7746273444605613,
        1.038774207831722,
        0.6284233089779543,
        0.8313618527314045,
        0.738154331419674,
        0.6284233089779543,
        0.6284233089779543,
        0.6671289163019205,
        0.994023977104994,
        1.0544757298691898,
        0.6500622508888447,
        0.6927212613988687,
        0.6284233089779543,
        0.6321205588285577,
        1.038774207831722,
        1.0528657287383503,
        0.6604044743550609,
        1.0513033103319191,
        0.6535441896699425,
        1.0210679995230414,
        0.6465453180412198,
        0.8262260565495548,
        1.027875698255247,
        0.6284233089779543,
        0.8098610198984795,
        0.7509246953683317,
        0.6394050598269216,
        0.6321205588285577,
        1.0267826764926382,
        0.7219626995468058,
        0.8787620335666183,
        0.6637835062932667,
        1.0376282568071762,
        0.7606910777562454,
        0.8330398303329594,
        0.6284233089779543,
        0.8902993514844886,
        0.7047698330759857,
        0.8577259284134864,
        0.6394050598269216,
        1.0011026928999578,
        0.6284233089779543,
        1.002503664050202,
        1.0544757298691898,
        0.6284233089779543,
        0.680180978183696,
        0.6284233089779543,
        0.6988057880877978,
        0.7981034820053446,
        0.6321205588285577,
        0.6500622508888447,
        0.9939639170764004,
        0.7582859831029636,
        1.0544757298691898,
        0.6284233089779543,
        0.8313618527314045,
        0.7768698398515702,
        1.0497870683678638,
        1.0077504838911366,
        1.0528657287383503,
        0.6604044743550609,
        0.6535441896699425,
        1.0068056644922305,
        0.7484214469402435,
        0.680180978183696,
        0.680180978183696,
        1.0528657287383503,
        0.6284233089779543,
        0.7191683782216203,
        1.0184997141198193,
        0.7191683782216203,
        0.680180978183696,
        0.8458763381848686,
        0.6833632306209467,
        0.6284233089779543,
        0.7328646980341497,
        1.0497870683678638,
        0.6394050598269216,
        1.0544757298691898,
        0.7274682069659875,
        1.0513033103319191,
        0.8098610198984795,
        1.0068740625574963,
        1.0578443208748385,
        0.6737202053769605,
        0.7301799436153131,
        1.0578443208748385,
        0.6865138191173947,
        0.6284233089779543,
        0.6429930394308526,
        0.7077074223191406,
        0.6429930394308526,
        0.7274682069659875,
        0.7723623116161873,
        0.7247292169102477,
        0.6357810204284766,
        0.6429930394308526,
        0.6535441896699425,
        0.8548518015163763,
        0.7433392230464442,
        0.8577259284134864,
        1.0561347628341338,
        1.0115623632874686,
        0.8699712891215741,
        0.6465453180412198,
        0.6284233089779543,
        1.000547581088714,
        0.7677637252702412,
        0.6284233089779543,
        0.670441038924811,
        0.6604044743550609,
        0.6284233089779543,
        0.836345863197296,
        0.8079500913792459,
        0.6637835062932667,
        0.6988057880877978,
        0.7219626995468058,
        0.6737202053769605,
        1.0014017974121368,
        0.6394050598269216,
        0.670441038924811,
        0.6535441896699425,
        0.689633058734515,
        1.0578443208748385,
        1.0544757298691898,
        0.6284233089779543,
        0.6737202053769605,
        0.7018027205701126,
        0.7960743882657866,
        0.6737202053769605,
        1.0149955768204777,
        0.6988057880877978,
        0.6321205588285577,
        1.0578443208748385,
        0.7018027205701126,
        0.866011325331195,
        0.6500622508888447,
        0.7919548176429796,
        0.7191683782216203,
        0.735522738700176,
        0.6604044743550609,
        0.9999999632820463,
        1.0066045267093149,
        0.6833632306209467,
        0.6321205588285577,
        0.6604044743550609,
        0.6535441896699425,
        0.8673445349198783,
        0.8924715698642051,
        1.0561347628341338,
        0.9996611659166366,
        0.8443273696320027,
        1.0578443208748385,
        1.014122302410164,
        0.6769667435777471,
        0.7047698330759857,
        0.6357810204284766
    ],