{
    "time": "2022-10-05-08-27-46",
    "episodes": 200,
    "performance history": [
        0.7301799436153131,
        1.0578443208748385,
        0.6321205588285577,
        0.7877520261732569,
        0.6284233089779543,
        0.6321205588285577,
        0.7790900220406218,
        0.6833632306209467,
        0.7790900220406218,
        0.6357810204284766,
        0.8673445349198783,
        0.7134952031398099,
        0.6284233089779543,
        1.0170773885074849,
        0.670441038924811,
        1.0000177344762886,
        0.8117529343612532,
        1.0523397059484323,
        0.6737202053769605,
        1.0000000083583902,
        0.8619307626891072,
        0.6957787359332959,
        0.6394050598269216,
        0.6637835062932667,
        0.6284233089779543,
        0.6865138191173947,
        0.9999048446748553,
        0.6394050598269216,
        1.0528657287383503,
        0.6637835062932667,
        0.6833632306209467,
        0.6357810204284766,
        0.7106157820609493,
        1.038774207831722,
        0.6284233089779543,
        0.6394050598269216,
        0.6394050598269216,
        1.0544757298691898,
        0.6394050598269216,
        1.0043394832707389,
        0.6394050598269216,
        0.994023977104994,
        0.6957787359332959,
        0.866011325331195,
        0.6284233089779543,
        0.7047698330759857,
        0.6284233089779543,
        0.7047698330759857,
        0.6394050598269216,
        0.8279551361769495,
        0.9999997844342782,
        0.6500622508888447,
        0.9939639170764004,
        1.0083959989674915,
        0.6284233089779543,
        0.7677637252702412,
        0.7047698330759857,
        1.0507928338648984,
        0.6284233089779543,
        0.8605431437849491,
        0.9979087639994849,
        0.6284233089779543,
        0.6429930394308526,
        0.6569914825812934,
        0.689633058734515,
        0.6394050598269216,
        0.738154331419674,
        0.7582859831029636,
        0.7407597393541085,
        0.6284233089779543,
        0.6284233089779543,
        0.6957787359332959,
        0.6284233089779543,
        0.9936544404870908,
        1.0507928338648984,
        0.689633058734515,
        0.6429930394308526,
        0.6284233089779543,
        0.6833632306209467,
        0.9999048446748553,
        0.6500622508888447,
        1.0138426620864796,
        0.6394050598269216,
        0.6284233089779543,
        0.8191342073828779,
        0.6637835062932667,
        0.8313618527314045,
        0.7723623116161873,
        1.0411718709390678,
        0.8227155900301222,
        0.670441038924811,
        0.8296670111745905,
        0.689633058734515,
        0.6357810204284766,
        1.0578443208748385,
        0.9977118233470779,
        0.6321205588285577,
        0.8021013009163853,
        0.7558567168465629,
        0.6284233089779543,
        0.836345863197296,
        0.8533930378696498,
        0.6865138191173947,
        0.9977118233470779,
        0.6569914825812934,
        0.6321205588285577,
        0.6429930394308526,
        0.6737202053769605,
        0.7582859831029636,
        0.680180978183696,
        0.8117529343612532,
        0.9939639170764004,
        0.6429930394308526,
        0.6988057880877978,
        0.6321205588285577,
        0.6321205588285577,
        0.6284233089779543,
        0.6535441896699425,
        1.000000008030653,
        0.6394050598269216,
        0.8725460301051793,
        0.7677637252702412,
        0.6394050598269216,
        0.6465453180412198,
        0.6500622508888447,
        0.6284233089779543,
        0.6284233089779543,
        0.783464332683993,
        0.8209338520885068,
        0.6284233089779543,
        0.7407597393541085,
        0.6988057880877978,
        1.038774207831722,
        0.7077074223191406,
        0.9942583003143458,
        0.7247292169102477,
        0.6637835062932667,
        0.7191683782216203,
        0.6321205588285577,
        0.7301799436153131,
        0.8427628336863724,
        0.994023977104994,
        1.00822974704902,
        0.6394050598269216,
        0.9999258929582638,
        0.6394050598269216,
        0.8244795993830032,
        0.670441038924811,
        0.6569914825812934,
        0.7919548176429796,
        0.6535441896699425,
        0.6604044743550609,
        0.7654297119062023,
        0.6465453180412198,
        0.7534030360583935,
        0.9939639170764004,
        0.9980305481033603,
        0.7940249017951165,
        0.6357810204284766,
        0.6321205588285577,
        0.6865138191173947,
        0.6357810204284766,
        1.032386940772907,
        0.6321205588285577,
        1.0019498555228452,
        0.6357810204284766,
        0.994023977104994,
        1.0497870683678638,
        0.6284233089779543,
        0.7534030360583935,
        0.6284233089779543,
        0.7077074223191406,
        1.0024054939786196,
        0.9937175798591988,
        0.6321205588285577,
        0.6284233089779543,
        0.6284233089779543,
        0.6284233089779543,
        0.6833632306209467,
        0.6284233089779543,
        1.0028228733340154,
        0.7163459735002295,
        0.6465453180412198,
        0.6321205588285577,
        0.6429930394308526,
        1.0287246396542393,
        0.6394050598269216,
        0.6284233089779543,
        1.029599435167892,
        0.8738142182949612,
        1.006158019887169,
        1.0001733843069036,
        0.6988057880877978,
        0.6927212613988687,
        0.6357810204284766,
        0.6284233089779543,
        0.6321205588285577,
        0.8725460301051793,
        0.6357810204284766,
        0.6357810204284766
    ],