{
    "time": "2022-10-03-18-26-42",
    "episodes": 200,
    "performance history": [
        0.6769667435777471,
        0.6357810204284766,
        0.7877520261732569,
        0.6284233089779543,
        0.6284233089779543,
        1.0333732699603262,
        0.7558567168465629,
        1.0354369577215987,
        0.8379742490661193,
        0.7077074223191406,
        1.0578443208748385,
        0.6988057880877978,
        0.7484214469402435,
        1.0048927537252395,
        0.6500622508888447,
        0.783464332683993,
        1.0125253586210743,
        1.0561347628341338,
        0.7163459735002295,
        0.6637835062932667,
        0.6671289163019205,
        1.0,
        0.6357810204284766,
        0.7077074223191406,
        0.7630722413178782,
        1.0578443208748385,
        0.689633058734515,
        0.7630722413178782,
        0.8313618527314045,
        0.6284233089779543,
        0.8504313807773649,
        0.7981034820053446,
        0.6465453180412198,
        0.6429930394308526,
        0.6927212613988687,
        0.6429930394308526,
        0.6604044743550609,
        0.6284233089779543,
        0.7163459735002295,
        1.0497870683678638,
        1.029599435167892,
        1.0314297620183677,
        0.6465453180412198,
        0.7790900220406218,
        1.0301973834223186,
        0.7484214469402435,
        0.6357810204284766,
        0.7407597393541085,
        0.6284233089779543,
        0.670441038924811,
        0.9989820861590045,
        0.7940249017951165,
        0.6737202053769605,
        0.6321205588285577,
        0.7106157820609493,
        0.8646647167633873,
        0.8823451569782208,
        0.9999094854548244,
        1.0572687602654673,
        0.8619307626891072,
        0.7018027205701126,
        0.6465453180412198,
        1.0561347628341338,
        0.6671289163019205,
        0.6671289163019205,
        0.7219626995468058,
        0.6637835062932667,
        0.6321205588285577,
        0.6737202053769605,
        1.0578443208748385,
        0.8411825738930794,
        0.7484214469402435,
        0.8040704258730906,
        1.0275983304232492,
        0.8686644788515069,
        1.0320646853278608,
        0.7047698330759857,
        0.6321205588285577,
        0.6465453180412198,
        1.0528657287383503,
        0.6535441896699425,
        1.0114473158505057,
        0.6637835062932667,
        0.6637835062932667,
        0.8902993514844886,
        0.7433392230464442,
        0.8699712891215741,
        1.0578443208748385,
        0.6535441896699425,
        0.7219626995468058,
        0.7981034820053446,
        0.785618898573022,
        0.6671289163019205,
        0.6535441896699425,
        0.6957787359332959,
        0.6465453180412198,
        1.0561347628341338,
        0.7047698330759857,
        0.8427628336863724,
        0.6988057880877978,
        0.6284233089779543,
        0.7700745148132762,
        0.735522738700176,
        1.0126512405680053,
        1.0376282568071762,
        0.7484214469402435,
        1.018133395236801,
        0.8504313807773649,
        0.7558567168465629,
        0.6284233089779543,
        0.9909952224175634,
        0.670441038924811,
        0.7700745148132762,
        0.9958721558257445,
        0.6357810204284766,
        0.6284233089779543,
        0.8699712891215741,
        0.8811627061475904,
        1.0578443208748385,
        0.6429930394308526,
        0.6957787359332959,
        0.7191683782216203,
        0.6357810204284766,
        0.7219626995468058,
        0.738154331419674,
        0.6569914825812934,
        0.9978234190392848,
        0.8173164759472653,
        1.0117959385197515,
        0.7274682069659875,
        1.014122302410164,
        0.6394050598269216,
        1.0145523905484162,
        0.6535441896699425,
        0.680180978183696,
        0.6988057880877978,
        1.0239928358367092,
        0.7219626995468058,
        1.0014017974121368,
        0.9999999972728262,
        0.6394050598269216,
        0.6927212613988687,
        0.9909952224175634,
        0.6394050598269216,
        0.6637835062932667,
        0.6637835062932667,
        0.6500622508888447,
        0.6865138191173947,
        0.6927212613988687,
        0.7407597393541085,
        0.856296050222297,
        0.6604044743550609,
        0.6927212613988687,
        0.7163459735002295,
        0.6429930394308526,
        0.6569914825812934,
        0.670441038924811,
        0.7274682069659875,
        1.0079070540515935,
        0.999999255088189,
        0.6500622508888447,
        0.8699712891215741,
        0.6569914825812934,
        0.7274682069659875,
        0.6769667435777471,
        1.015146284873047,
        0.6465453180412198,
        0.7047698330759857,
        0.6321205588285577,
        0.7433392230464442,
        0.6535441896699425,
        0.7582859831029636,
        1.0561347628341338,
        1.0,
        0.8443273696320027,
        0.6500622508888447,
        0.6357810204284766,
        0.8935414956207473,
        0.6833632306209467,
        0.9983217437986107,
        0.6284233089779543,
        1.0129068125804799,
        0.6394050598269216,
        0.7191683782216203,
        0.6394050598269216,
        0.6927212613988687,
        0.7018027205701126,
        0.6637835062932667,
        0.9909952224175634,
        0.6321205588285577,
        0.680180978183696,
        1.0014017974121368,
        0.6429930394308526,
        0.7700745148132762,
        0.6500622508888447,
        0.7433392230464442,
        0.6535441896699425,
        0.735522738700176,
        1.0561347628341338,
        0.6988057880877978
    ],