{
    "time": "2022-10-05-01-04-43",
    "episodes": 200,
    "performance history": [
        0.6357810204284766,
        0.6284233089779543,
        0.7219626995468058,
        0.6284233089779543,
        0.6394050598269216,
        0.6637835062932667,
        0.994023977104994,
        1.032386940772907,
        0.6284233089779543,
        0.670441038924811,
        0.6637835062932667,
        1.0376282568071762,
        1.0403566132720312,
        0.7219626995468058,
        0.7458930404471997,
        0.735522738700176,
        0.6357810204284766,
        0.6284233089779543,
        0.6394050598269216,
        0.6284233089779543,
        0.9935262516817106,
        0.6671289163019205,
        1.0424257410805113,
        0.7960743882657866,
        0.7407597393541085,
        0.6637835062932667,
        0.6321205588285577,
        0.6637835062932667,
        0.6284233089779543,
        0.6357810204284766,
        0.6284233089779543,
        0.6535441896699425,
        1.04285212686704,
        0.7407597393541085,
        0.6321205588285577,
        0.7898639287992353,
        0.6321205588285577,
        0.9999038883479386,
        0.7606910777562454,
        0.6284233089779543,
        0.6284233089779543,
        0.7077074223191406,
        0.6604044743550609,
        0.6737202053769605,
        0.8646647167633873,
        1.041585655121173,
        0.6637835062932667,
        0.7018027205701126,
        0.6284233089779543,
        0.6284233089779543,
        0.6284233089779543,
        0.8347011117784134,
        0.7106157820609493,
        0.6769667435777471,
        0.8519196134045375,
        0.6637835062932667,
        0.7812881130477852,
        0.7106157820609493,
        0.6321205588285577,
        0.6284233089779543,
        0.8244795993830032,
        0.6957787359332959,
        0.785618898573022,
        0.6357810204284766,
        0.6769667435777471,
        0.6429930394308526,
        0.6284233089779543,
        0.6284233089779543,
        0.7163459735002295,
        0.6604044743550609,
        0.7484214469402435,
        0.7919548176429796,
        0.680180978183696,
        0.6321205588285577,
        0.6671289163019205,
        0.7458930404471997,
        0.6321205588285577,
        0.8548518015163763,
        0.6737202053769605,
        0.7458930404471997,
        0.9937175798591988,
        0.994023977104994,
        0.6394050598269216,
        0.7328646980341497,
        0.6737202053769605,
        0.7630722413178782,
        0.9939032534344844,
        1.0578443208748385,
        0.7047698330759857,
        0.6865138191173947,
        0.9909952224175634,
        0.7606910777562454,
        0.6321205588285577,
        1.0528657287383503,
        0.6429930394308526,
        0.8591415790789549,
        0.6957787359332959,
        0.6429930394308526,
        0.738154331419674,
        1.0513033103319191,
        0.6637835062932667,
        1.032386940772907,
        0.6394050598269216,
        0.7077074223191406,
        0.7274682069659875,
        0.6988057880877978,
        0.6604044743550609,
        1.0210679995230414,
        0.6321205588285577,
        1.0021334817700378,
        1.0130365282034377,
        0.6637835062932667,
        0.6284233089779543,
        0.8673445349198783,
        0.6284233089779543,
        1.0074465830709243,
        0.6357810204284766,
        0.6535441896699425,
        0.8869584693595501,
        0.9999988548787141,
        0.6769667435777471,
        1.0015805221687362,
        0.6865138191173947,
        0.6500622508888447,
        0.9909952224175634,
        0.7484214469402435,
        0.7328646980341497,
        0.7274682069659875,
        0.6500622508888447,
        0.7018027205701126,
        0.7790900220406218,
        0.6957787359332959,
        0.6535441896699425,
        0.6569914825812934,
        0.7163459735002295,
        0.6284233089779543,
        0.9991412219060256,
        0.6535441896699425,
        0.8699712891215741,
        0.8750697878014175,
        1.0561347628341338,
        0.6357810204284766,
        0.6769667435777471,
        0.7163459735002295,
        1.0497870683678638,
        0.7274682069659875,
        0.738154331419674,
        0.670441038924811,
        0.7677637252702412,
        0.6671289163019205,
        0.6429930394308526,
        1.0027121868873867,
        0.7134952031398099,
        0.6284233089779543,
        0.6284233089779543,
        0.6284233089779543,
        0.9979295721453597,
        0.6284233089779543,
        0.7301799436153131,
        0.6604044743550609,
        0.8869584693595501,
        0.8001123859248556,
        0.6535441896699425,
        0.6357810204284766,
        0.6865138191173947,
        0.7582859831029636,
        0.6321205588285577,
        0.680180978183696,
        0.6833632306209467,
        0.6833632306209467,
        0.6988057880877978,
        1.0544757298691898,
        0.7077074223191406,
        0.6357810204284766,
        0.8699712891215741,
        0.6637835062932667,
        0.6284233089779543,
        0.6769667435777471,
        0.6284233089779543,
        0.6357810204284766,
        0.8633045745544762,
        0.6957787359332959,
        0.6569914825812934,
        0.6833632306209467,
        0.7077074223191406,
        1.0160828788225884,
        0.670441038924811,
        0.6833632306209467,
        0.6637835062932667,
        0.8799683714885432,
        0.8040704258730906,
        1.0267826764926382,
        1.0175974724156234,
        0.6500622508888447,
        0.6500622508888447,
        0.6357810204284766,
        0.7458930404471997,
        0.7582859831029636,
        0.7558567168465629,
        1.0066709033062553
    ],