{
    "time": "2022-10-03-15-48-32",
    "episodes": 200,
    "performance history": [
        0.6927212613988687,
        0.6671289163019205,
        0.6284233089779543,
        0.6465453180412198,
        0.6284233089779543,
        0.6957787359332959,
        0.8173164759472653,
        0.9939639170764004,
        0.6604044743550609,
        0.6671289163019205,
        0.8313618527314045,
        0.6500622508888447,
        1.0204453460379377,
        0.6284233089779543,
        1.0343896373434727,
        0.9943154311807804,
        0.7940249017951165,
        0.670441038924811,
        0.7606910777562454,
        0.8262260565495548,
        0.6284233089779543,
        0.6284233089779543,
        0.6284233089779543,
        1.0028228733340154,
        0.9999999999556984,
        1.0026320296510132,
        0.6284233089779543,
        0.7509246953683317,
        1.038774207831722,
        1.039163895098987,
        0.7582859831029636,
        0.6357810204284766,
        0.7768698398515702,
        1.0411718709390678,
        0.738154331419674,
        0.8858223830891635,
        0.6604044743550609,
        0.8098610198984795,
        0.6284233089779543,
        0.6321205588285577,
        0.6321205588285577,
        0.6394050598269216,
        0.6321205588285577,
        0.8924715698642051,
        0.7919548176429796,
        0.6357810204284766,
        0.6357810204284766,
        0.6429930394308526,
        0.8313618527314045,
        0.6321205588285577,
        0.994023977104994,
        0.6569914825812934,
        1.0270518468663503,
        0.6321205588285577,
        0.6394050598269216,
        1.0354369577215987,
        0.7407597393541085,
        0.6394050598269216,
        0.6284233089779543,
        0.8347011117784134,
        0.8347011117784134,
        0.680180978183696,
        0.6500622508888447,
        0.6284233089779543,
        0.680180978183696,
        0.6284233089779543,
        0.836345863197296,
        0.7630722413178782,
        1.0446009553402746,
        1.029599435167892,
        0.6284233089779543,
        0.7723623116161873,
        0.6465453180412198,
        0.6284233089779543,
        0.6284233089779543,
        0.7274682069659875,
        1.0544757298691898,
        0.6357810204284766,
        0.6284233089779543,
        0.7768698398515702,
        0.8699712891215741,
        0.6321205588285577,
        1.0000000017389228,
        0.9939639170764004,
        0.8279551361769495,
        0.6957787359332959,
        1.0003035391380788,
        0.6394050598269216,
        0.8858223830891635,
        0.8763128641825452,
        1.041585655121173,
        1.04285212686704,
        0.670441038924811,
        0.6357810204284766,
        0.6284233089779543,
        1.03688316740124,
        0.8474098942431161,
        0.6394050598269216,
        1.0305008721712174,
        0.994023977104994,
        1.0210679995230414,
        1.03688316740124,
        0.6321205588285577,
        0.6284233089779543,
        1.0343896373434727,
        0.994023977104994,
        1.032386940772907,
        0.9973415180112236,
        0.7047698330759857,
        0.6284233089779543,
        1.0365161737537405,
        0.6284233089779543,
        0.7746273444605613,
        0.7677637252702412,
        0.6284233089779543,
        0.6284233089779543,
        0.6429930394308526,
        0.7077074223191406,
        1.0380064270751743,
        1.032386940772907,
        0.7433392230464442,
        0.6357810204284766,
        1.0287246396542393,
        0.6394050598269216,
        0.7582859831029636,
        0.7106157820609493,
        0.7582859831029636,
        0.6465453180412198,
        0.6988057880877978,
        0.6284233089779543,
        1.038774207831722,
        0.9999038883479386,
        0.7407597393541085,
        0.8411825738930794,
        0.6535441896699425,
        0.6429930394308526,
        0.6321205588285577,
        0.7433392230464442,
        0.8619307626891072,
        0.6284233089779543,
        0.6957787359332959,
        0.7509246953683317,
        1.0305008721712174,
        0.7247292169102477,
        0.6284233089779543,
        1.0021334817700378,
        0.6321205588285577,
        0.8001123859248556,
        0.6357810204284766,
        0.7328646980341497,
        0.6569914825812934,
        0.6284233089779543,
        0.7509246953683317,
        0.8533930378696498,
        0.6535441896699425,
        0.7247292169102477,
        0.9943154311807804,
        0.6394050598269216,
        0.8060199577091081,
        0.6671289163019205,
        0.6321205588285577,
        0.6284233089779543,
        0.6429930394308526,
        1.0411718709390678,
        0.6357810204284766,
        0.9975945060213804,
        0.783464332683993,
        0.81362602396059,
        0.6284233089779543,
        0.6284233089779543,
        0.7898639287992353,
        0.6284233089779543,
        0.6284233089779543,
        0.6284233089779543,
        0.6429930394308526,
        0.7790900220406218,
        0.6465453180412198,
        0.8646647167633873,
        0.6357810204284766,
        0.6321205588285577,
        1.027875698255247,
        0.8001123859248556,
        0.6394050598269216,
        0.8347011117784134,
        0.6465453180412198,
        0.994023977104994,
        1.000017039097527,
        0.6284233089779543,
        0.6284233089779543,
        1.0544757298691898,
        0.7163459735002295,
        0.6833632306209467,
        0.7433392230464442,
        0.9942583003143458,
        0.6737202053769605,
        0.7247292169102477,
        0.7630722413178782,
        1.038774207831722,
        1.0198410947443703,
        0.6284233089779543
    ],