{
    "time": "2022-10-05-01-41-45",
    "episodes": 200,
    "performance history": [
        0.6535441896699425,
        0.7433392230464442,
        0.6465453180412198,
        0.6357810204284766,
        0.6957787359332959,
        1.0058576897133356,
        0.6957787359332959,
        0.6833632306209467,
        0.6321205588285577,
        0.6737202053769605,
        0.8021013009163853,
        0.6284233089779543,
        0.6394050598269216,
        1.0544757298691898,
        0.9978015440369574,
        0.6321205588285577,
        0.6284233089779543,
        0.6535441896699425,
        1.03688316740124,
        0.6284233089779543,
        0.6465453180412198,
        0.6394050598269216,
        0.7768698398515702,
        0.6284233089779543,
        0.6284233089779543,
        0.9936544404870908,
        0.6429930394308526,
        0.6357810204284766,
        0.6284233089779543,
        0.6604044743550609,
        0.7018027205701126,
        0.7582859831029636,
        0.7077074223191406,
        0.7700745148132762,
        0.7191683782216203,
        0.7301799436153131,
        1.0513033103319191,
        0.7106157820609493,
        1.0492916787604623,
        0.7407597393541085,
        0.7328646980341497,
        0.7877520261732569,
        0.6927212613988687,
        1.0376282568071762,
        0.6927212613988687,
        0.6284233089779543,
        1.0270518468663503,
        0.680180978183696,
        0.6321205588285577,
        0.6321205588285577,
        1.0376282568071762,
        0.6321205588285577,
        0.6604044743550609,
        0.6284233089779543,
        0.6357810204284766,
        0.7790900220406218,
        0.6957787359332959,
        0.7746273444605613,
        0.7700745148132762,
        0.6357810204284766,
        0.6769667435777471,
        0.6284233089779543,
        0.9978015440369574,
        0.6535441896699425,
        0.6604044743550609,
        0.8098610198984795,
        0.6769667435777471,
        0.6284233089779543,
        0.6429930394308526,
        0.9943154311807804,
        0.6465453180412198,
        0.6357810204284766,
        0.6284233089779543,
        0.6833632306209467,
        0.6957787359332959,
        0.8244795993830032,
        0.6429930394308526,
        0.7219626995468058,
        0.6865138191173947,
        0.7630722413178782,
        0.6321205588285577,
        0.6394050598269216,
        0.6465453180412198,
        0.6833632306209467,
        0.8079500913792459,
        0.783464332683993,
        0.7458930404471997,
        0.6284233089779543,
        1.038774207831722,
        0.7582859831029636,
        0.6569914825812934,
        0.6284233089779543,
        0.6535441896699425,
        0.9979087639994849,
        0.6284233089779543,
        1.04285212686704,
        1.0399550582606538,
        0.8395864322248272,
        0.6394050598269216,
        0.7723623116161873,
        0.689633058734515,
        0.680180978183696,
        0.6394050598269216,
        0.7484214469402435,
        1.0275983304232492,
        0.6637835062932667,
        1.0051953047187052,
        0.6927212613988687,
        0.6284233089779543,
        1.0561347628341338,
        0.8823451569782208,
        0.6465453180412198,
        0.6357810204284766,
        0.6465453180412198,
        0.7960743882657866,
        1.0513033103319191,
        0.6637835062932667,
        0.8021013009163853,
        0.7106157820609493,
        0.7509246953683317,
        1.027875698255247,
        0.8001123859248556,
        0.8296670111745905,
        0.7768698398515702,
        0.6429930394308526,
        0.6357810204284766,
        0.7018027205701126,
        1.0497870683678638,
        0.6284233089779543,
        0.7219626995468058,
        0.6535441896699425,
        0.6321205588285577,
        0.6429930394308526,
        0.8154804760070107,
        0.6394050598269216,
        0.6865138191173947,
        0.6284233089779543,
        0.6637835062932667,
        0.6429930394308526,
        1.0380064270751743,
        0.6535441896699425,
        0.8633045745544762,
        0.8443273696320027,
        0.6429930394308526,
        0.6284233089779543,
        0.783464332683993,
        0.6284233089779543,
        1.0411718709390678,
        0.689633058734515,
        0.7274682069659875,
        0.6284233089779543,
        0.6535441896699425,
        0.6357810204284766,
        0.6737202053769605,
        0.680180978183696,
        0.8633045745544762,
        0.6865138191173947,
        0.6604044743550609,
        0.7047698330759857,
        1.0210679995230414,
        0.680180978183696,
        0.7047698330759857,
        0.7106157820609493,
        0.7812881130477852,
        0.6321205588285577,
        0.7768698398515702,
        0.6865138191173947,
        0.7654297119062023,
        0.6284233089779543,
        0.6284233089779543,
        1.000000009054536,
        1.0275983304232492,
        0.7247292169102477,
        1.0411718709390678,
        0.6321205588285577,
        0.6284233089779543,
        0.6284233089779543,
        0.6769667435777471,
        0.6604044743550609,
        0.6500622508888447,
        0.6284233089779543,
        0.6569914825812934,
        0.6429930394308526,
        0.6357810204284766,
        0.6321205588285577,
        0.6429930394308526,
        0.6284233089779543,
        0.6284233089779543,
        0.6394050598269216,
        0.6284233089779543,
        0.6394050598269216,
        0.6465453180412198,
        0.6569914825812934,
        0.8279551361769495,
        0.6865138191173947,
        0.6500622508888447,
        0.6284233089779543,
        0.6284233089779543,
        0.6394050598269216,
        1.0561347628341338
    ],