{
    "time": "2022-10-05-05-41-47",
    "episodes": 200,
    "performance history": [
        0.6284233089779543,
        0.6429930394308526,
        0.6500622508888447,
        0.6865138191173947,
        0.6284233089779543,
        0.6357810204284766,
        0.9999258929582638,
        0.6321205588285577,
        0.6637835062932667,
        0.6284233089779543,
        0.7407597393541085,
        0.6284233089779543,
        0.8489281911636292,
        0.680180978183696,
        0.6284233089779543,
        0.6394050598269216,
        0.6321205588285577,
        0.7898639287992353,
        0.6769667435777471,
        0.6465453180412198,
        0.7582859831029636,
        0.6357810204284766,
        0.8902993514844886,
        1.0044716402113483,
        0.6284233089779543,
        0.6284233089779543,
        0.7163459735002295,
        0.7654297119062023,
        0.8173164759472653,
        0.9979295721453597,
        0.6637835062932667,
        0.6321205588285577,
        0.6321205588285577,
        0.6321205588285577,
        0.8040704258730906,
        1.0011249687741748,
        0.7558567168465629,
        0.6535441896699425,
        1.0027947852750367,
        0.6957787359332959,
        0.7700745148132762,
        1.0337086768995725,
        0.6284233089779543,
        0.6769667435777471,
        1.0544757298691898,
        0.7723623116161873,
        0.6927212613988687,
        0.735522738700176,
        1.0523397059484323,
        0.6429930394308526,
        0.6927212613988687,
        0.7219626995468058,
        1.0028798991580883,
        0.8504313807773649,
        0.6321205588285577,
        0.680180978183696,
        0.689633058734515,
        0.7134952031398099,
        0.6927212613988687,
        0.6604044743550609,
        0.8330398303329594,
        0.7219626995468058,
        0.6429930394308526,
        1.0343896373434727,
        0.6927212613988687,
        1.0561347628341338,
        0.6927212613988687,
        0.8191342073828779,
        0.6284233089779543,
        0.7219626995468058,
        0.6284233089779543,
        0.9983048770433768,
        0.6465453180412198,
        0.785618898573022,
        0.6671289163019205,
        0.6737202053769605,
        0.6357810204284766,
        0.7960743882657866,
        0.6284233089779543,
        0.9219183339988468,
        0.8858223830891635,
        0.8079500913792459,
        0.891390891175042,
        0.7301799436153131,
        0.6284233089779543,
        0.6429930394308526,
        0.6321205588285577,
        0.7558567168465629,
        1.0005586429604794,
        0.680180978183696,
        0.6284233089779543,
        0.783464332683993,
        0.680180978183696,
        0.6284233089779543,
        0.6671289163019205,
        0.994023977104994,
        1.0578443208748385,
        0.6357810204284766,
        0.7582859831029636,
        0.6465453180412198,
        0.7981034820053446,
        0.9937175798591988,
        1.0287246396542393,
        0.6357810204284766,
        0.6671289163019205,
        0.8474098942431161,
        0.7746273444605613,
        0.7768698398515702,
        1.0399550582606538,
        0.6429930394308526,
        0.6429930394308526,
        0.6284233089779543,
        0.6957787359332959,
        0.6284233089779543,
        0.6284233089779543,
        0.9937175798591988,
        0.6569914825812934,
        0.6465453180412198,
        0.9936544404870908,
        1.0578443208748385,
        0.6865138191173947,
        0.7746273444605613,
        0.6637835062932667,
        0.8173164759472653,
        0.6357810204284766,
        1.0330412003758869,
        0.9999094854548244,
        0.8173164759472653,
        0.6394050598269216,
        0.6769667435777471,
        1.0169074656527053,
        0.8858223830891635,
        0.6284233089779543,
        1.0561347628341338,
        0.6429930394308526,
        1.0311170306610609,
        0.6284233089779543,
        0.6284233089779543,
        0.8533930378696498,
        1.041585655121173,
        0.6569914825812934,
        0.6321205588285577,
        0.7407597393541085,
        0.6604044743550609,
        1.0365161737537405,
        0.7219626995468058,
        0.8712650964121957,
        0.6284233089779543,
        0.6284233089779543,
        1.0380064270751743,
        0.6769667435777471,
        0.7509246953683317,
        0.8021013009163853,
        0.9999999999999466,
        0.8686644788515069,
        1.0497870683678638,
        0.6833632306209467,
        0.9995861471160212,
        0.6465453180412198,
        0.8117529343612532,
        0.6284233089779543,
        0.6833632306209467,
        0.6284233089779543,
        0.738154331419674,
        0.8725460301051793,
        1.0578443208748385,
        0.7047698330759857,
        0.6321205588285577,
        0.7790900220406218,
        0.670441038924811,
        0.6429930394308526,
        0.8750697878014175,
        0.6500622508888447,
        0.6604044743550609,
        0.8458763381848686,
        0.6637835062932667,
        0.9973147998230462,
        0.7960743882657866,
        0.8040704258730906,
        0.9978234190392848,
        0.7047698330759857,
        0.6429930394308526,
        0.6671289163019205,
        0.6604044743550609,
        0.8001123859248556,
        1.0411718709390678,
        0.6284233089779543,
        1.0572687602654673,
        1.0196436725530653,
        0.6465453180412198,
        0.7247292169102477,
        0.6284233089779543,
        0.8209338520885068,
        0.8001123859248556,
        0.8411825738930794,
        0.6865138191173947,
        0.7106157820609493,
        1.0561347628341338,
        1.0129068125804799,
        1.0048927537252395
    ],