{
    "time": "2022-10-05-08-02-21",
    "episodes": 200,
    "performance history": [
        0.8347011117784134,
        0.6321205588285577,
        0.8079500913792459,
        0.8799683714885432,
        0.6357810204284766,
        1.0555762126114832,
        0.6284233089779543,
        0.7630722413178782,
        0.7768698398515702,
        0.6927212613988687,
        0.6569914825812934,
        0.7746273444605613,
        0.7134952031398099,
        0.6284233089779543,
        0.6429930394308526,
        0.6671289163019205,
        0.7407597393541085,
        0.8924715698642051,
        0.8712650964121957,
        0.6865138191173947,
        0.6321205588285577,
        0.6833632306209467,
        0.783464332683993,
        0.6465453180412198,
        0.7106157820609493,
        0.6465453180412198,
        0.7790900220406218,
        0.7018027205701126,
        0.7047698330759857,
        0.7606910777562454,
        0.6465453180412198,
        1.0079070540515935,
        0.6429930394308526,
        0.6637835062932667,
        0.6535441896699425,
        0.6535441896699425,
        1.0411718709390678,
        1.0287246396542393,
        1.0578443208748385,
        1.0578443208748385,
        0.7790900220406218,
        1.029599435167892,
        0.7163459735002295,
        0.6321205588285577,
        0.6321205588285577,
        0.6321205588285577,
        1.0020704278546402,
        1.039163895098987,
        0.6321205588285577,
        1.0513033103319191,
        1.0354369577215987,
        0.6284233089779543,
        0.7630722413178782,
        0.8001123859248556,
        1.03688316740124,
        0.6357810204284766,
        0.6500622508888447,
        0.6394050598269216,
        0.9937175798591988,
        0.6429930394308526,
        1.0152985075667256,
        0.6284233089779543,
        0.6357810204284766,
        1.0578443208748385,
        0.6284233089779543,
        0.6357810204284766,
        0.785618898573022,
        0.7106157820609493,
        0.6284233089779543,
        1.0314297620183677,
        0.6284233089779543,
        0.6535441896699425,
        0.7919548176429796,
        0.6737202053769605,
        0.7163459735002295,
        1.032386940772907,
        0.6284233089779543,
        1.0333732699603262,
        0.6321205588285577,
        0.7558567168465629,
        0.680180978183696,
        0.6284233089779543,
        0.8858223830891635,
        0.689633058734515,
        0.6284233089779543,
        0.6284233089779543,
        0.7247292169102477,
        1.0305008721712174,
        0.6284233089779543,
        0.6321205588285577,
        1.0072265032813765,
        0.9998894452848689,
        1.029599435167892,
        0.6429930394308526,
        0.6737202053769605,
        0.6284233089779543,
        0.6833632306209467,
        0.7047698330759857,
        0.6284233089779543,
        0.9975945060213804,
        0.738154331419674,
        0.6284233089779543,
        0.6671289163019205,
        0.6465453180412198,
        1.027875698255247,
        0.6321205588285577,
        0.6737202053769605,
        0.6535441896699425,
        0.8427628336863724,
        0.7558567168465629,
        0.6429930394308526,
        0.6865138191173947,
        0.6284233089779543,
        0.783464332683993,
        0.7898639287992353,
        0.7274682069659875,
        0.6284233089779543,
        0.6357810204284766,
        0.7433392230464442,
        0.8811627061475904,
        0.7077074223191406,
        0.6321205588285577,
        0.7723623116161873,
        0.7484214469402435,
        0.6284233089779543,
        1.0376282568071762,
        0.785618898573022,
        1.0016124508344866,
        0.8098610198984795,
        0.6357810204284766,
        0.6769667435777471,
        0.6429930394308526,
        0.6284233089779543,
        1.0314297620183677,
        0.6535441896699425,
        0.6284233089779543,
        0.994023977104994,
        0.6500622508888447,
        0.6357810204284766,
        0.783464332683993,
        0.6321205588285577,
        0.7582859831029636,
        0.6321205588285577,
        0.6465453180412198,
        0.7134952031398099,
        0.6321205588285577,
        0.738154331419674,
        0.6357810204284766,
        0.8040704258730906,
        0.9937175798591988,
        0.8117529343612532,
        0.6284233089779543,
        1.0403566132720312,
        0.6284233089779543,
        0.6284233089779543,
        0.8548518015163763,
        0.6284233089779543,
        0.6284233089779543,
        0.8533930378696498,
        0.7919548176429796,
        0.6569914825812934,
        0.7606910777562454,
        0.9999048446748553,
        0.7106157820609493,
        0.7558567168465629,
        0.7134952031398099,
        0.6604044743550609,
        0.8427628336863724,
        0.6357810204284766,
        1.0376282568071762,
        0.6321205588285577,
        0.6284233089779543,
        0.680180978183696,
        0.6957787359332959,
        0.7106157820609493,
        0.7219626995468058,
        0.680180978183696,
        0.6833632306209467,
        0.6429930394308526,
        0.836345863197296,
        0.6321205588285577,
        0.7047698330759857,
        0.7301799436153131,
        0.6465453180412198,
        0.7509246953683317,
        1.0000319927897776,
        0.6284233089779543,
        1.0287246396542393,
        0.6284233089779543,
        0.9937175798591988,
        0.6604044743550609,
        0.7458930404471997,
        0.6284233089779543,
        0.735522738700176,
        1.0314297620183677,
        0.8173164759472653,
        0.7274682069659875,
        1.0024054939786196,
        1.041585655121173,
        0.6988057880877978
    ],