{
    "time": "2022-09-01-16-50-01",
    "episodes": 100,
    "performance history": [
        31,
        17,
        20,
        16,
        17,
        14,
        10,
        17,
        17,
        13,
        16,
        15,
        10,
        14,
        15,
        12,
        10,
        16,
        16,
        12,
        14,
        14,
        12,
        14,
        14,
        15,
        12,
        15,
        20,
        14,
        14,
        13,
        11,
        13,
        13,
        15,
        11,
        11,
        10,
        14,
        13,
        10,
        18,
        14,
        13,
        11,
        10,
        11,
        10,
        10,
        10,
        10,
        14,
        10,
        11,
        9,
        12,
        10,
        9,
        11,
        11,
        9,
        12,
        13,
        12,
        9,
        10,
        10,
        11,
        10,
        9,
        11,
        10,
        15,
        13,
        10,
        11,
        14,
        11,
        12,
        17,
        13,
        12,
        13,
        17,
        13,
        12,
        14,
        16,
        15,
        18,
        13,
        12,
        12,
        12,
        13,
        12,
        14,
        15,
        16
    ],
    "time history": [
        0.0009826200002862606,
        0.10445784900002764,
        0.12304863399913302,
        0.10320546900038607,
        0.10505599199677818,
        0.09055985099985264,
        0.06575121599962586,
        0.10691765999945346,
        0.10839428799954476,
        0.0848420990005252,
        0.09902682100073434,
        0.09602963699944667,
        0.06071726300069713,
        0.08553716900132713,
        0.0932114030001685,
        0.0748305609995441,
        0.06542382299812743,
        0.10510262300158502,
        0.1013080769989756,
        0.07924558100057766,
        0.09233564600071986,
        0.0849125990025641,
        0.07313266599885537,
        0.0871952390007209,
        0.08974939199833898,
        0.09134121600072831,
        0.07373677099894849,
        0.09202999800254474,
        0.12365854000017862,
        0.08866371000112849,
        0.08491429499918013,
        0.08098023599814042,
        0.06751018700015265,
        0.07959189200118999,
        0.0781303720032156,
        0.09157090100052301,
        0.06752862600114895,
        0.0685271449983702,
        0.061312924000958446,
        0.08650649600167526,
        0.08172681400174042,
        0.06321353299790644,
        0.11535674600236234,
        0.08939684899814893,
        0.08934627700000419,
        0.06739870899764355,
        0.061390918999677524,
        0.07730791599897202,
        0.06596856499891146,
        0.061740962002659217,
        0.06147403900104109,
        0.06337023699961719,
        0.08382123399860575,
        0.06128378799985512,
        0.06760972300253343,
        0.05589754700122285,
        0.0741363140004978,
        0.06251966600029846,
        0.0557266020005045,
        0.06825076499808347,
        0.0683860539975285,
        0.05657647000043653,
        0.07508445600251434,
        0.08103318299981765,
        0.07707471200046712,
        0.05730522800149629,
        0.06360302200118895,
        0.06298480899931747,
        0.07251688500036835,
        0.06402695299766492,
        0.060538526999152964,
        0.07320301900108461,
        0.06433283200021833,
        0.09692173200164689,
        0.08447364200037555,
        0.06485388500004774,
        0.07195331000184524,
        0.08985243300048751,
        0.07022013800087734,
        0.07642013499935274,
        0.106798851997155,
        0.08377357499921345,
        0.07775778799987165,
        0.08515192199774901,
        0.11128503700092551,
        0.08314866200089455,
        0.07417474500107346,
        0.09297282500119763,
        0.10030394200293813,
        0.09529094699973939,
        0.12194029400052386,
        0.09644713200032129,
        0.08090322499992908,
        0.07398442100020475,
        0.07509403000221937,
        0.08059277600114001,
        0.0732054350010003,
        0.08495300699723884,
        0.09107286300059059,
        0.09886791800090577
    ],
    "hyperparameters": {
        "memory size": 2000,
        "discount factor": 0.95,
        "minibatch size": 32,
        "learning rate": 0.001,
        "epsilon decay": 0.99,
        "final epsilon": 0.1,
        "target neural network update freq": 100,
        "live plot freq": 1,
        "live plot": false,
        "neural network save freq": 100000
    },
    "game": "cartpole"
}