{
    "time": "2022-09-01-17-09-24",
    "episodes": 100,
    "performance history": [
        9,
        43,
        26,
        11,
        14,
        13,
        11,
        20,
        13,
        11,
        10,
        11,
        9,
        9,
        9,
        10,
        12,
        12,
        11,
        14,
        15,
        14,
        15,
        10,
        13,
        15,
        12,
        13,
        11,
        11,
        11,
        14,
        10,
        11,
        11,
        10,
        13,
        13,
        14,
        12,
        11,
        13,
        15,
        13,
        16,
        77,
        43,
        52,
        45,
        21,
        49,
        39,
        29,
        46,
        42,
        55,
        40,
        44,
        44,
        34,
        23,
        34,
        28,
        50,
        32,
        30,
        38,
        30,
        41,
        32,
        45,
        28,
        30,
        36,
        43,
        27,
        26,
        46,
        34,
        59,
        35,
        37,
        40,
        48,
        48,
        37,
        80,
        57,
        36,
        49,
        101,
        58,
        49,
        115,
        27,
        76,
        25,
        35,
        26,
        25
    ],
    "time history": [
        0.00025278900284320116,
        0.11554468599933898,
        0.13401351799984695,
        0.05627277199891978,
        0.07211016500150436,
        0.0656288059981307,
        0.056183723001595354,
        0.10068938599943067,
        0.065255959998467,
        0.05503186799978721,
        0.05005388999779825,
        0.05541139300112263,
        0.04545688899816014,
        0.046173997998266714,
        0.04568072999973083,
        0.05117056499875616,
        0.05967311299900757,
        0.05996033399787848,
        0.05474747599873808,
        0.07035845400241669,
        0.07544973800031585,
        0.07041351800216944,
        0.07537552800204139,
        0.05025943200234906,
        0.0657819770021888,
        0.07778131499799201,
        0.06446115599828772,
        0.07191323499864666,
        0.06849918800071464,
        0.06426170499980799,
        0.062083082000754075,
        0.0838175909993879,
        0.05859523300023284,
        0.06205223000142723,
        0.05702711000049021,
        0.05272220700135222,
        0.07067979899875354,
        0.0739378910002415,
        0.08382933299799333,
        0.06915438899886794,
        0.06345876600244083,
        0.07656681899970863,
        0.08316973899854929,
        0.06798354700003983,
        0.09228187900225748,
        0.42595338899991475,
        0.25140663299680455,
        0.2971997710010328,
        0.2638127060017723,
        0.12497318699752213,
        0.27729142300086096,
        0.207626169998548,
        0.15929473900177982,
        0.24861227300061728,
        0.2240862209982879,
        0.29482199199992465,
        0.21684888600066188,
        0.2252783920012007,
        0.2293765539980086,
        0.1740814410004532,
        0.12039873000321677,
        0.18692136800018488,
        0.15138792699872283,
        0.2692554690001998,
        0.18425878400012152,
        0.17997156099954736,
        0.22785458100042888,
        0.16755907100014156,
        0.21334198600015952,
        0.1735569670017867,
        0.25429015700137825,
        0.1530016450014955,
        0.16084779900120338,
        0.1956332570007362,
        0.22712836599748698,
        0.14599009700032184,
        0.14063708799949382,
        0.2484675720006635,
        0.1887918520005769,
        0.3140356020012405,
        0.1940394480006944,
        0.19995897399712703,
        0.21528491000208305,
        0.2576626850022876,
        0.2527046180002799,
        0.20995933000085643,
        0.4537636309978552,
        0.3166897809969669,
        0.19273172300017904,
        0.2625298679995467,
        0.5523552149970783,
        0.3094390030018985,
        0.26134440199894016,
        0.5911988269981521,
        0.1436933479999425,
        0.39873001799787744,
        0.12763150200044038,
        0.1863201830019534,
        0.13300523499856354,
        0.13707128000169178
    ],
    "hyperparameters": {
        "memory size": 2000,
        "discount factor": 0.95,
        "minibatch size": 32,
        "learning rate": 0.001,
        "epsilon decay": 0.99,
        "final epsilon": 0.1,
        "target neural network update freq": 100,
        "live plot freq": 1,
        "live plot": false,
        "neural network save freq": 100000
    },
    "game": "cartpole"
}