{
    "time": "2022-09-01-16-59-10",
    "episodes": 100,
    "performance history": [
        19,
        26,
        12,
        9,
        12,
        15,
        9,
        9,
        10,
        10,
        10,
        10,
        8,
        16,
        12,
        13,
        9,
        9,
        9,
        11,
        9,
        15,
        12,
        13,
        12,
        12,
        12,
        9,
        13,
        11,
        12,
        10,
        11,
        12,
        12,
        14,
        12,
        14,
        12,
        16,
        14,
        16,
        16,
        22,
        11,
        11,
        15,
        12,
        27,
        17,
        19,
        12,
        16,
        17,
        14,
        18,
        14,
        23,
        54,
        21,
        38,
        13,
        22,
        17,
        14,
        23,
        18,
        30,
        56,
        62,
        28,
        48,
        98,
        55,
        46,
        97,
        96,
        49,
        32,
        87,
        45,
        37,
        44,
        52,
        61,
        25,
        35,
        54,
        46,
        56,
        27,
        77,
        25,
        27,
        38,
        48,
        36,
        38,
        32,
        24
    ],
    "time history": [
        0.000747728998248931,
        0.09262789800050086,
        0.08362263500021072,
        0.05521448600120493,
        0.07779379799831077,
        0.0964439859999402,
        0.05585941100071068,
        0.05383349999829079,
        0.06016704099965864,
        0.061170519002189394,
        0.05979677100185654,
        0.06084883099902072,
        0.04870872199899168,
        0.0991514660017856,
        0.07340558899886673,
        0.0852688759987359,
        0.06111296000017319,
        0.061114531999919564,
        0.06100143699950422,
        0.07259972400061088,
        0.060600560002058046,
        0.0966275989994756,
        0.0828274089981278,
        0.07943158199850586,
        0.07154367199836997,
        0.0731333129988343,
        0.07394103399929008,
        0.05406249500083504,
        0.0835005059998366,
        0.07643473200005246,
        0.08018633699975908,
        0.06808892000117339,
        0.07175186399763334,
        0.07554739500119467,
        0.08297391099767992,
        0.09296818499933579,
        0.08560840800055303,
        0.09048059300039313,
        0.08056055099950754,
        0.10693677400195156,
        0.09699850999822957,
        0.10384416300075827,
        0.10863916199741652,
        0.14146464900113642,
        0.0653761450012098,
        0.06542293899838114,
        0.09056921999945189,
        0.07327349800107186,
        0.16638069300097413,
        0.10568542300097761,
        0.14220108700101264,
        0.10052817800169578,
        0.10065256500092801,
        0.0997945310009527,
        0.08300212899848702,
        0.10941827700298745,
        0.08436257900029887,
        0.13459240700103692,
        0.3277289279976685,
        0.12675005400160444,
        0.23061511600099038,
        0.08420140800080844,
        0.15539431599972886,
        0.11704803699831245,
        0.0926183370029321,
        0.1591431820015714,
        0.12247115300124278,
        0.19745812699693488,
        0.36500556300234166,
        0.4081771729979664,
        0.17375257599996985,
        0.29618619900065823,
        0.6220370080009161,
        0.3775599799992051,
        0.31975462099944707,
        0.6488111300022865,
        0.6063560049988155,
        0.36774578699987615,
        0.2164962030001334,
        0.5285492580005666,
        0.27329793899843935,
        0.23136573300143937,
        0.2805866460003017,
        0.3646594929996354,
        0.39869418400121504,
        0.17073035500288825,
        0.23958728799698292,
        0.35398666499895626,
        0.3102067719992192,
        0.3710542209992127,
        0.18014154200136545,
        0.47839298300095834,
        0.17365118900124799,
        0.18605419899904518,
        0.23989571499987505,
        0.31168912399880355,
        0.24597970100148814,
        0.2444333560015366,
        0.1955779400013853,
        0.15975495500242687
    ],
    "hyperparameters": {
        "memory size": 2000,
        "discount factor": 0.95,
        "minibatch size": 32,
        "learning rate": 0.001,
        "epsilon decay": 0.99,
        "final epsilon": 0.1,
        "target neural network update freq": 100,
        "live plot freq": 1,
        "live plot": false,
        "neural network save freq": 100000
    },
    "game": "cartpole"
}