{
    "time": "2022-09-01-16-35-41",
    "episodes": 100,
    "performance history": [
        19,
        12,
        24,
        12,
        25,
        42,
        23,
        21,
        11,
        10,
        9,
        11,
        10,
        10,
        9,
        10,
        10,
        9,
        9,
        9,
        10,
        8,
        9,
        9,
        9,
        41,
        10,
        10,
        11,
        12,
        12,
        10,
        9,
        10,
        14,
        10,
        11,
        13,
        10,
        13,
        9,
        13,
        11,
        10,
        17,
        9,
        14,
        12,
        12,
        11,
        18,
        15,
        12,
        15,
        18,
        23,
        13,
        15,
        12,
        23,
        10,
        37,
        12,
        19,
        19,
        25,
        17,
        62,
        50,
        12,
        36,
        43,
        37,
        91,
        35,
        57,
        65,
        85,
        8,
        46,
        99,
        76,
        72,
        73,
        57,
        54,
        41,
        109,
        110,
        85,
        93,
        42,
        57,
        81,
        46,
        71,
        60,
        56,
        88,
        104
    ],
    "time history": [
        0.0004733780006063171,
        0.0003101900001638569,
        0.16056425500210025,
        0.07318593600211898,
        0.16881612299766857,
        0.28058378900095704,
        0.15232800000012503,
        0.14464703500198084,
        0.0767242649999389,
        0.061714695002592634,
        0.0551183530005801,
        0.06670836199918995,
        0.06497893200139515,
        0.06852581600105623,
        0.06311321599787334,
        0.0825955830005114,
        0.07655337599862833,
        0.0800264449972019,
        0.07225613400078146,
        0.07602826400034246,
        0.06507538900041254,
        0.048602006001601694,
        0.05561937300080899,
        0.05475145300079021,
        0.05544944400025997,
        0.2584256660011306,
        0.06240213500132086,
        0.06487448200277868,
        0.0684740669967141,
        0.07859785700202337,
        0.0756451500019466,
        0.062012286001845496,
        0.05607048900128575,
        0.06133592399783083,
        0.08604837899838458,
        0.059314761998393806,
        0.06639347300006193,
        0.07943829900250421,
        0.061547331999463495,
        0.08223785099835368,
        0.05889685200236272,
        0.08376399799817591,
        0.07472026300092693,
        0.07688264199896366,
        0.10522003199730534,
        0.05563996099954238,
        0.08599172799949883,
        0.07461681999848224,
        0.07432288899872219,
        0.0685328869985824,
        0.11107189299946185,
        0.09344744299960439,
        0.07399210699804826,
        0.09374076400126796,
        0.11922517499988317,
        0.1444990410018363,
        0.08195620100013912,
        0.09732464899934712,
        0.07582727999761119,
        0.145018371000333,
        0.06415497999842046,
        0.23379778600065038,
        0.07671889599805581,
        0.12271169399900828,
        0.1200420139975904,
        0.1548356729981606,
        0.10644542999943951,
        0.3856103300022369,
        0.37208654699861654,
        0.08541472799697658,
        0.21813715300231706,
        0.26531137699930696,
        0.22925984299945412,
        0.5916112080012681,
        0.24368318299821112,
        0.35893323900018004,
        0.4234338209971611,
        0.5855501589976484,
        0.0554851310007507,
        0.31478052800230216,
        0.6824951230009901,
        0.5217636769993987,
        0.46733013699849835,
        0.4722624249989167,
        0.36369854700024007,
        0.3431786010005453,
        0.25872751100177993,
        0.7383874080005626,
        0.7282692180015147,
        0.5812553149989981,
        0.6386717759996827,
        0.29029522400014685,
        0.3828393229996436,
        0.5539123300004576,
        0.3118387839967909,
        0.5475760740009719,
        0.3953732640002272,
        0.3850768450029136,
        0.5801459659996908,
        0.7088947420015757
    ],
    "hyperparameters": {
        "memory size": 2000,
        "discount factor": 0.95,
        "minibatch size": 32,
        "learning rate": 0.001,
        "epsilon decay": 0.99,
        "final epsilon": 0.1,
        "target neural network update freq": 100,
        "live plot freq": 1,
        "live plot": false,
        "neural network save freq": 100000
    },
    "game": "cartpole"
}