{
    "time": "2022-09-01-17-06-30",
    "episodes": 100,
    "performance history": [
        37,
        17,
        22,
        20,
        19,
        9,
        14,
        16,
        12,
        12,
        10,
        12,
        15,
        15,
        22,
        22,
        43,
        56,
        37,
        54,
        55,
        34,
        59,
        52,
        101,
        38,
        83,
        45,
        25,
        32,
        48,
        27,
        34,
        32,
        40,
        74,
        36,
        36,
        34,
        37,
        31,
        40,
        43,
        48,
        35,
        39,
        117,
        48,
        31,
        67,
        57,
        45,
        53,
        70,
        62,
        51,
        60,
        71,
        422,
        82,
        42,
        156,
        62,
        73,
        94,
        29,
        67,
        51,
        54,
        184,
        123,
        86,
        73,
        93,
        139,
        65,
        87,
        81,
        70,
        80,
        98,
        112,
        96,
        57,
        49,
        131,
        60,
        72,
        128,
        137,
        133,
        151,
        119,
        219,
        193,
        178,
        132,
        216,
        156,
        133
    ],
    "time history": [
        0.03400068499831832,
        0.08905564700035029,
        0.11354513699916424,
        0.10048713599826442,
        0.09497218799879192,
        0.045278048997715814,
        0.07064875200012466,
        0.08218640199993388,
        0.06468885300273541,
        0.06482490000053076,
        0.050756455999362515,
        0.061611366996658035,
        0.07760430200141855,
        0.07526460599910934,
        0.11133315900224261,
        0.11346917999981088,
        0.21555654699841398,
        0.28868242599855876,
        0.1898219299982884,
        0.2723607650004851,
        0.28211733699936303,
        0.17205894799917587,
        0.3027564770018216,
        0.26467517799756024,
        0.5074338209997222,
        0.20368077199964318,
        0.4186242769974342,
        0.2299825019981654,
        0.13604744099939126,
        0.17137711900068098,
        0.2443051549998927,
        0.14117702799921972,
        0.17853974999889033,
        0.16868653900019126,
        0.21711228599815513,
        0.39460989399958635,
        0.19362314300087746,
        0.1875076810028986,
        0.1852315969990741,
        0.20211455800017575,
        0.16821415700178477,
        0.2158708770002704,
        0.23165573900041636,
        0.26318127600097796,
        0.19148370299808448,
        0.21281332700164057,
        0.6248306460001913,
        0.25766678800209775,
        0.1676349429981201,
        0.3624213589973806,
        0.3074404549988685,
        0.2395571890010615,
        0.28105137400052627,
        0.37211410899908515,
        0.3323561699980928,
        0.26837365699975635,
        0.32051266800044687,
        0.3784546960014268,
        2.221957828998711,
        0.4409802270020009,
        0.21855147400128772,
        0.8291521200007992,
        0.34742495699902065,
        0.38144815300256596,
        0.5044648069997493,
        0.1568264720008301,
        0.35649456000101054,
        0.27447706699967966,
        0.2931935579981655,
        0.9844427879979776,
        0.6578523670032155,
        0.4647340079973219,
        0.39081403100135503,
        0.5016980360014713,
        0.7370481750003819,
        0.34994464900228195,
        0.4789839459990617,
        0.43654496100134565,
        0.3688340029984829,
        0.41785271800108603,
        0.5130273629984003,
        0.5946690509990731,
        0.4959903310009395,
        0.313935597998352,
        0.26132355899972026,
        0.6993142729988904,
        0.32059376500183134,
        0.3857614560001821,
        0.6924516819999553,
        0.7440622850008367,
        0.7239423379978689,
        0.8264358369997353,
        0.6471709879988339,
        1.1876720180007396,
        1.0533930700003111,
        0.9721316489994933,
        0.7197067920023983,
        1.1709637979984109,
        0.847802413001773,
        0.7192586040000606
    ],
    "hyperparameters": {
        "memory size": 2000,
        "discount factor": 0.95,
        "minibatch size": 32,
        "learning rate": 0.001,
        "epsilon decay": 0.99,
        "final epsilon": 0.1,
        "target neural network update freq": 100,
        "live plot freq": 1,
        "live plot": false,
        "neural network save freq": 100000
    },
    "game": "cartpole"
}