{
    "time": "2022-09-01-16-16-33",
    "episodes": 100,
    "performance history": [
        19,
        17,
        12,
        22,
        11,
        10,
        11,
        12,
        10,
        10,
        9,
        9,
        8,
        9,
        10,
        9,
        12,
        9,
        11,
        12,
        10,
        9,
        8,
        11,
        9,
        9,
        11,
        9,
        10,
        9,
        9,
        9,
        11,
        10,
        10,
        10,
        12,
        9,
        11,
        9,
        9,
        10,
        9,
        9,
        9,
        16,
        9,
        9,
        9,
        9,
        17,
        9,
        9,
        15,
        10,
        9,
        11,
        13,
        9,
        10,
        9,
        10,
        9,
        10,
        16,
        11,
        20,
        11,
        15,
        15,
        9,
        10,
        10,
        11,
        9,
        9,
        12,
        11,
        11,
        11,
        9,
        10,
        12,
        19,
        14,
        10,
        12,
        13,
        10,
        15,
        10,
        13,
        13,
        11,
        13,
        13,
        10,
        14,
        10,
        13
    ],
    "time history": [
        0.0007881419987825211,
        0.03307660999780637,
        0.08011153400002513,
        0.1392397620002157,
        0.06726813400018727,
        0.061303485999815166,
        0.0676791760015476,
        0.07675166300032288,
        0.06178113300120458,
        0.06159822399786208,
        0.055077545999665745,
        0.05523295000239159,
        0.051867123002011795,
        0.05522270899746218,
        0.06086086000141222,
        0.055525789997773245,
        0.07338455499848351,
        0.055314172997896094,
        0.06628523600011249,
        0.07269546500174329,
        0.06051546999879065,
        0.05534749000071315,
        0.04877531099918997,
        0.06821068700082833,
        0.05733395599963842,
        0.055372253998939414,
        0.06657278700004099,
        0.05763963000208605,
        0.062327332998393103,
        0.054003981000278145,
        0.05347455500304932,
        0.05383925799833378,
        0.06939072499881149,
        0.06129292499826988,
        0.06933541000034893,
        0.07150282800284913,
        0.08063424300053157,
        0.05907428199861897,
        0.07378323200100567,
        0.0621726019999187,
        0.06286542300222209,
        0.0679186759989534,
        0.06166898900119122,
        0.06134482600100455,
        0.06067890800113673,
        0.10670548300186056,
        0.06031110199910472,
        0.061504534001869615,
        0.06052248299965868,
        0.05673066500094137,
        0.1177853219996905,
        0.060891899000125704,
        0.06079355099791428,
        0.09960048200082383,
        0.06949089000045205,
        0.060734541999408975,
        0.07296944400150096,
        0.07956319799995981,
        0.055540032997669186,
        0.062806500998704,
        0.06237237399909645,
        0.06945982100296533,
        0.06151241899715387,
        0.0679068819990789,
        0.11056897500020568,
        0.0675740990009217,
        0.133828646998154,
        0.06568425200021011,
        0.0909106660001271,
        0.09022215499862796,
        0.053691266002715565,
        0.06074375800017151,
        0.05998685300073703,
        0.06688416900215088,
        0.05458466100026271,
        0.061305359999096254,
        0.07501716999831842,
        0.0738342479999119,
        0.07048896299966145,
        0.06768557999748737,
        0.05590858799769194,
        0.0620697519989335,
        0.07581167999887839,
        0.1201170229978743,
        0.08527842599869473,
        0.0662124139998923,
        0.07990384900040226,
        0.09175347699783742,
        0.06330113500007428,
        0.09746714900029474,
        0.07046246900063124,
        0.08811534300184576,
        0.0759197099978337,
        0.06641473199852044,
        0.08965789699868765,
        0.08502778099864372,
        0.06692605300122523,
        0.08868201999939629,
        0.06016350100253476,
        0.0785964819988294
    ],
    "hyperparameters": {
        "memory size": 2000,
        "discount factor": 0.95,
        "minibatch size": 32,
        "learning rate": 0.001,
        "epsilon decay": 0.99,
        "final epsilon": 0.1,
        "target neural network update freq": 100,
        "live plot freq": 1,
        "live plot": false,
        "neural network save freq": 100000
    },
    "game": "cartpole"
}