{
    "time": "2022-09-01-16-48-12",
    "episodes": 100,
    "performance history": [
        15,
        43,
        11,
        8,
        8,
        32,
        24,
        10,
        33,
        26,
        32,
        11,
        37,
        76,
        10,
        38,
        53,
        9,
        12,
        15,
        11,
        8,
        11,
        8,
        16,
        9,
        16,
        12,
        13,
        15,
        14,
        11,
        13,
        16,
        15,
        11,
        14,
        13,
        17,
        10,
        27,
        16,
        12,
        15,
        33,
        15,
        35,
        30,
        12,
        16,
        35,
        13,
        36,
        33,
        38,
        34,
        44,
        43,
        45,
        46,
        47,
        37,
        40,
        67,
        94,
        21,
        49,
        22,
        24,
        24,
        49,
        26,
        21,
        42,
        36,
        24,
        19,
        49,
        23,
        38,
        19,
        13,
        23,
        43,
        26,
        21,
        12,
        17,
        47,
        15,
        23,
        20,
        27,
        39,
        17,
        25,
        23,
        22,
        23,
        25
    ],
    "time history": [
        0.0004660099984903354,
        0.17918465999900945,
        0.06603562000236707,
        0.05316329400011455,
        0.056170788000599714,
        0.21737940100138076,
        0.16652897099993424,
        0.06774538899844629,
        0.2079450849996647,
        0.1684199900009844,
        0.21774321399789187,
        0.07533218299795408,
        0.2479288610011281,
        0.4798424869986775,
        0.06178960699980962,
        0.23082298100052867,
        0.3332927039991773,
        0.06003817900273134,
        0.08293184700232814,
        0.1025420709993341,
        0.06622410400086665,
        0.048665711998182815,
        0.0682885409987648,
        0.049501024001074256,
        0.09637959499741555,
        0.05548107999857166,
        0.0985032520002278,
        0.07362318000014056,
        0.08414605600046343,
        0.0943510930010234,
        0.08618643099907786,
        0.06808518300022115,
        0.08038865700291353,
        0.1004585529990436,
        0.09369730499747675,
        0.074022271001013,
        0.08688796400019783,
        0.07970543700139388,
        0.10710754899992025,
        0.06273957500161487,
        0.17348582700287807,
        0.11145718499756185,
        0.07699608899929444,
        0.09621916399919428,
        0.21127474099921528,
        0.09089809200304444,
        0.21467249099805485,
        0.1863105500015081,
        0.0738425819981785,
        0.0972026769995864,
        0.2095715420000488,
        0.08562799399805954,
        0.24643012500018813,
        0.2135384969988081,
        0.25966800700189197,
        0.21318930399866076,
        0.3087569000017538,
        0.28308929999911925,
        0.2874465560016688,
        0.3087381090008421,
        0.29084883599716704,
        0.22310351399937645,
        0.24661654100054875,
        0.42089484600001015,
        0.57765682599711,
        0.12930323500040686,
        0.3207390640018275,
        0.14446675699946354,
        0.15325219800070045,
        0.14841625199915143,
        0.3101038740023796,
        0.16066399900228134,
        0.12895316199865192,
        0.2735495599990827,
        0.22820246699848212,
        0.15062559700163547,
        0.1611211010022089,
        0.3082476460003818,
        0.1410539759999665,
        0.2330854729989369,
        0.11599659499916015,
        0.09275924199755536,
        0.15627352199953748,
        0.2827767140006472,
        0.1747925400013628,
        0.1356369220011402,
        0.07548161100203288,
        0.10138800999993691,
        0.3031113799988816,
        0.09795223999753944,
        0.1610863399982918,
        0.1358396340001491,
        0.18111073800173472,
        0.24962619099824224,
        0.11056056300003547,
        0.15790969299996505,
        0.14975866700115148,
        0.15462096700139227,
        0.15900850300022285,
        0.17245606099822908
    ],
    "hyperparameters": {
        "memory size": 2000,
        "discount factor": 0.95,
        "minibatch size": 32,
        "learning rate": 0.001,
        "epsilon decay": 0.99,
        "final epsilon": 0.1,
        "target neural network update freq": 100,
        "live plot freq": 1,
        "live plot": false,
        "neural network save freq": 100000
    },
    "game": "cartpole"
}