{
    "time": "2022-09-01-16-15-40",
    "episodes": 100,
    "performance history": [
        10,
        11,
        30,
        13,
        13,
        10,
        12,
        14,
        12,
        11,
        14,
        15,
        11,
        14,
        15,
        14,
        13,
        18,
        14,
        14,
        32,
        42,
        48,
        75,
        97,
        169,
        43,
        9,
        9,
        10,
        46,
        88,
        65,
        66,
        87,
        78,
        54,
        76,
        66,
        89,
        81,
        57,
        69,
        179,
        83,
        54,
        62,
        103,
        185,
        113,
        71,
        73,
        82,
        130,
        68,
        74,
        53,
        80,
        195,
        82,
        248,
        294,
        97,
        94,
        110,
        75,
        81,
        80,
        169,
        162,
        72,
        453,
        137,
        92,
        144,
        124,
        95,
        157,
        240,
        127,
        141,
        305,
        185,
        190,
        232,
        134,
        204,
        216,
        60,
        201,
        135,
        92,
        180,
        140,
        122,
        212,
        136,
        172,
        137,
        112
    ],
    "time history": [
        0.000443600001744926,
        0.0004707810003310442,
        0.15815674500117893,
        0.10221333300069091,
        0.10273540900016087,
        0.06616366399975959,
        0.08009696999943117,
        0.09136886499982211,
        0.07939896099924226,
        0.07341721400007373,
        0.09948417199848336,
        0.10077618599825655,
        0.07734486799745355,
        0.09359466599926236,
        0.10567862600146327,
        0.09146020499974838,
        0.09264235500086215,
        0.10949604800043744,
        0.08483342199906474,
        0.09384653999950388,
        0.22150621800028603,
        0.2561830030026613,
        0.29147271599867963,
        0.48030818999905023,
        0.5970241190007073,
        1.0849103170003218,
        0.2631291149991739,
        0.05362926900124876,
        0.054320965999067994,
        0.06805381899903296,
        0.28767585099922144,
        0.5407701449985325,
        0.39361609000116005,
        0.41881346499940264,
        0.5211779109995405,
        0.4816050899971742,
        0.33012913900165586,
        0.4734809910005424,
        0.42789275199902477,
        0.5847344760004489,
        0.48995264599943766,
        0.3782587069981673,
        0.44650755700058653,
        1.1309409579989733,
        0.5183354660002806,
        0.3928907840017928,
        0.4194633330007491,
        0.6871984940007678,
        1.2107168039983662,
        0.7725636860013765,
        0.4929588129998592,
        0.49346921499818563,
        0.5632648970022274,
        0.8258450379980786,
        0.41524308099906193,
        0.46712904399828403,
        0.358097683001688,
        0.5115596069990715,
        1.3321261400014919,
        0.5203078769991407,
        1.6001793059986085,
        1.8780448630022875,
        0.6060394180021831,
        0.6031955069993273,
        0.6880341329997464,
        0.49616557299668784,
        0.49997420399813564,
        0.5349389709990646,
        1.08323633100008,
        1.022634108998318,
        0.46968528399884235,
        3.0559537110020756,
        0.897482313997898,
        0.5886574430005567,
        0.9163506180011609,
        0.8281977549995645,
        0.5956037969990575,
        1.0152940719999606,
        1.635294982999767,
        0.8030007509987627,
        0.9737616889979108,
        1.9899600950011518,
        1.234533876999194,
        1.1980473500007065,
        1.5848587969994696,
        0.8562260350008728,
        1.3301757839981292,
        1.3717919610026001,
        0.3759638299998187,
        1.3590484410015051,
        0.9105737620011496,
        0.605223170001409,
        1.1745525849983096,
        0.8926245509974251,
        0.7617170349985827,
        1.3782791599987831,
        0.8417207330021483,
        1.322301083997445,
        0.8424319910009217,
        0.7166619039999205
    ],
    "hyperparameters": {
        "memory size": 2000,
        "discount factor": 0.95,
        "minibatch size": 32,
        "learning rate": 0.001,
        "epsilon decay": 0.99,
        "final epsilon": 0.1,
        "target neural network update freq": 100,
        "live plot freq": 1,
        "live plot": false,
        "neural network save freq": 100000
    },
    "game": "cartpole"
}