{
    "time": "2022-09-01-16-51-10",
    "episodes": 100,
    "performance history": [
        26,
        13,
        19,
        42,
        23,
        54,
        28,
        29,
        17,
        16,
        16,
        15,
        16,
        20,
        46,
        28,
        20,
        24,
        13,
        19,
        21,
        14,
        17,
        24,
        20,
        22,
        25,
        19,
        22,
        26,
        22,
        86,
        37,
        85,
        43,
        21,
        46,
        19,
        27,
        49,
        60,
        34,
        22,
        47,
        31,
        27,
        43,
        37,
        41,
        37,
        38,
        45,
        27,
        50,
        27,
        30,
        21,
        52,
        132,
        43,
        33,
        76,
        59,
        62,
        36,
        50,
        59,
        81,
        77,
        45,
        81,
        166,
        65,
        86,
        67,
        103,
        43,
        73,
        64,
        95,
        28,
        106,
        53,
        52,
        51,
        75,
        49,
        56,
        49,
        58,
        40,
        47,
        43,
        33,
        61,
        50,
        45,
        60,
        31,
        78
    ],
    "time history": [
        0.000685422000969993,
        0.05773975400006748,
        0.12355776199910906,
        0.3367770360018767,
        0.16683315099726315,
        0.44603328599987435,
        0.18041506900044624,
        0.1860859549997258,
        0.10900086100082262,
        0.10485041900028591,
        0.10963542399986181,
        0.09704617700117524,
        0.10219584199876408,
        0.12716178799746558,
        0.29458214700207463,
        0.17696549900210812,
        0.12409450400082278,
        0.150090981998801,
        0.08103588000085438,
        0.11745389299903763,
        0.13102208000054816,
        0.08847526200042921,
        0.11070243300127913,
        0.14908053899853257,
        0.12284407400147757,
        0.13695642799939378,
        0.1565094589968794,
        0.11742801199943642,
        0.13366284299991094,
        0.15739838000081363,
        0.14152527899932466,
        0.5374758389989438,
        0.23506644099688856,
        0.535395545000938,
        0.2671109000002616,
        0.1249564729987469,
        0.27848628799984,
        0.11522366900317138,
        0.17712528799893335,
        0.31229640200035647,
        0.38174872799936566,
        0.2136433150008088,
        0.14238731799923698,
        0.33004508199883276,
        0.21894046099987463,
        0.18833023100160062,
        0.30054235099669313,
        0.26793975600230624,
        0.2826838350010803,
        0.2576835849977215,
        0.2459277550005936,
        0.30600682699878234,
        0.17291612799817813,
        0.3048486840016267,
        0.17195927499778918,
        0.19688543100346578,
        0.12939013299910584,
        0.32577175100232125,
        0.8291022109988262,
        0.2657227060008154,
        0.21323571399989305,
        0.4813748679989658,
        0.3670105350029189,
        0.39147185199908563,
        0.2257458640015102,
        0.312701394999749,
        0.3690491590023157,
        0.5315978459984763,
        0.5287901490009972,
        0.2939147100005357,
        0.5176440670002194,
        1.1072913999996672,
        0.4515444149983523,
        0.5778286009990552,
        0.4571053159997973,
        0.720119674999296,
        0.3656221450000885,
        0.5279700620012591,
        0.43262800099910237,
        0.655077851999522,
        0.19239317800020217,
        0.7408492729991849,
        0.3687303390033776,
        0.3602183900002274,
        0.3472678130019631,
        0.5360905170018668,
        0.35233830400102306,
        0.3682803449992207,
        0.32341440199888893,
        0.3744966719968943,
        0.2765707010003098,
        0.30440288099998725,
        0.29191368499959935,
        0.23402153300048667,
        0.43798520299969823,
        0.3140856360005273,
        0.2791434909995587,
        0.38800845299920184,
        0.1881367300011334,
        0.5407310189984855
    ],
    "hyperparameters": {
        "memory size": 2000,
        "discount factor": 0.95,
        "minibatch size": 32,
        "learning rate": 0.001,
        "epsilon decay": 0.99,
        "final epsilon": 0.1,
        "target neural network update freq": 100,
        "live plot freq": 1,
        "live plot": false,
        "neural network save freq": 100000
    },
    "game": "cartpole"
}