{
    "time": "2022-09-01-16-21-50",
    "episodes": 100,
    "performance history": [
        11,
        26,
        25,
        12,
        13,
        12,
        15,
        14,
        11,
        9,
        13,
        10,
        11,
        22,
        13,
        10,
        14,
        12,
        15,
        15,
        12,
        10,
        11,
        10,
        14,
        16,
        15,
        14,
        12,
        15,
        14,
        16,
        19,
        11,
        12,
        13,
        13,
        14,
        17,
        19,
        21,
        12,
        11,
        14,
        17,
        15,
        14,
        19,
        16,
        16,
        18,
        15,
        19,
        13,
        20,
        22,
        10,
        13,
        13,
        20,
        23,
        12,
        19,
        17,
        17,
        21,
        16,
        13,
        16,
        19,
        17,
        12,
        19,
        11,
        9,
        17,
        21,
        14,
        26,
        14,
        17,
        23,
        28,
        15,
        13,
        17,
        21,
        47,
        41,
        20,
        18,
        19,
        33,
        23,
        36,
        40,
        56,
        46,
        38,
        32
    ],
    "time history": [
        0.00046423999810940586,
        0.04762390700125252,
        0.16169923200141056,
        0.07583485000213841,
        0.07691658399926382,
        0.07201450999855297,
        0.08996905100138974,
        0.08373409699925105,
        0.06522749800205929,
        0.05377776699970127,
        0.07807823700204608,
        0.059163787998841144,
        0.06529880200105254,
        0.13121425899953465,
        0.08079767100207391,
        0.06174773300153902,
        0.08264882100047544,
        0.0708964509976795,
        0.08871935400020448,
        0.08947554900078103,
        0.07118397899830597,
        0.0596114550025959,
        0.06515176199900452,
        0.059159032000025036,
        0.08321404899834306,
        0.09564590000081807,
        0.09036178399765049,
        0.08405663400117191,
        0.07278062700061128,
        0.09497101799934171,
        0.08320721899872296,
        0.09325708899996243,
        0.11120059900349588,
        0.07035099499989883,
        0.08079475200065644,
        0.0823192919997382,
        0.08847106500252266,
        0.09127585100213764,
        0.11325474600016605,
        0.12525219400049536,
        0.13700094899832038,
        0.07956956999987597,
        0.06995098699917435,
        0.09768225899824756,
        0.11422978500195313,
        0.09723566200045752,
        0.11906024799827719,
        0.15320159299881198,
        0.12083171999984188,
        0.12199890299962135,
        0.12914813400129788,
        0.0872476269978506,
        0.11271026699978393,
        0.07713727800000925,
        0.12038701199708157,
        0.13212014899909263,
        0.060525173001224175,
        0.08390001800216851,
        0.08313101300154813,
        0.1283068659977289,
        0.13827615400077775,
        0.07262180100224214,
        0.1141775059986685,
        0.10972748799758847,
        0.10339722299977439,
        0.12968472499778727,
        0.09708659199895919,
        0.08055521599817439,
        0.12534277300073882,
        0.1356868620023306,
        0.10022950599886826,
        0.07286507999742753,
        0.1198715419996006,
        0.06772356899818988,
        0.053166618999966886,
        0.10496721299932688,
        0.13099326999872574,
        0.08989220199873671,
        0.16095942900210503,
        0.08136455899875727,
        0.10226764099934371,
        0.14144244799899752,
        0.167284537001251,
        0.0915495480003301,
        0.08007238600112032,
        0.10400213899993105,
        0.13222790000145324,
        0.29053058700083056,
        0.2504304920003051,
        0.12362149700129521,
        0.10840233300041291,
        0.11466284799826099,
        0.22744457099906867,
        0.19143870300104027,
        0.2818979350013251,
        0.2691949090003618,
        0.34940501999881235,
        0.28598539200174855,
        0.2525636009995651,
        0.19686423999883118
    ],
    "hyperparameters": {
        "memory size": 2000,
        "discount factor": 0.95,
        "minibatch size": 32,
        "learning rate": 0.001,
        "epsilon decay": 0.99,
        "final epsilon": 0.1,
        "target neural network update freq": 100,
        "live plot freq": 1,
        "live plot": false,
        "neural network save freq": 100000
    },
    "game": "cartpole"
}