{
    "time": "2022-09-01-16-56-24",
    "episodes": 100,
    "performance history": [
        15,
        11,
        9,
        15,
        10,
        14,
        19,
        57,
        32,
        53,
        35,
        16,
        13,
        14,
        12,
        15,
        11,
        10,
        11,
        9,
        10,
        11,
        12,
        10,
        10,
        11,
        12,
        10,
        9,
        10,
        13,
        12,
        12,
        12,
        12,
        12,
        10,
        10,
        11,
        10,
        10,
        9,
        11,
        10,
        12,
        10,
        31,
        19,
        37,
        35,
        19,
        15,
        23,
        14,
        9,
        51,
        26,
        25,
        46,
        24,
        25,
        43,
        26,
        26,
        20,
        30,
        74,
        21,
        20,
        17,
        12,
        19,
        15,
        44,
        11,
        30,
        16,
        16,
        20,
        24,
        16,
        17,
        64,
        54,
        32,
        25,
        18,
        24,
        22,
        27,
        24,
        27,
        33,
        16,
        51,
        40,
        27,
        24,
        14,
        13
    ],
    "time history": [
        0.0005477699996845331,
        0.00024567899890826084,
        0.02906990499832318,
        0.11070090599969262,
        0.07971024899961776,
        0.10292883399961283,
        0.1289931040009833,
        0.39523960999940755,
        0.2285039880007389,
        0.3701446390005003,
        0.24691182899914565,
        0.11083691499879933,
        0.09252895200188505,
        0.09901637199800462,
        0.0834438140009297,
        0.10726167200118653,
        0.07524466999893775,
        0.07058615099958843,
        0.0809914880010183,
        0.06410911399871111,
        0.07090579899886507,
        0.07647013300083927,
        0.08244010600174079,
        0.07242538100035745,
        0.07338764300220646,
        0.07579038300173124,
        0.08119550699848332,
        0.07001724300062051,
        0.06269911300114472,
        0.07098340499942424,
        0.0794240319992241,
        0.07437350899999728,
        0.07428632500159438,
        0.07502889699753723,
        0.0756857519991172,
        0.08296280399736133,
        0.06504027899791254,
        0.06235989100241568,
        0.0701295749968267,
        0.0644013970013475,
        0.0638810239979648,
        0.05696220699974219,
        0.06970095100041362,
        0.06368108300011954,
        0.07904161300029955,
        0.06337760500173317,
        0.20152544399752514,
        0.12437168199903681,
        0.23992500800159178,
        0.297528664003039,
        0.1321636810025666,
        0.09531055499974173,
        0.16031613100130926,
        0.10384108099970035,
        0.07030174999817973,
        0.3500178579997737,
        0.16470733400274185,
        0.15503606600032072,
        0.30554707900228095,
        0.15587700600008247,
        0.17549686900019879,
        0.271793500000058,
        0.16159836700171581,
        0.16204686099808896,
        0.12419380899882526,
        0.1899880339988158,
        0.47149938000075053,
        0.13328706299944315,
        0.1256127109991212,
        0.10724239800038049,
        0.07821678199979942,
        0.11798177500168094,
        0.09370877399851452,
        0.2803451079998922,
        0.06987434099937673,
        0.1951271750003798,
        0.10540511100043659,
        0.11232423999899765,
        0.12805985999875702,
        0.15098439600114943,
        0.10144349499751115,
        0.10761556799843675,
        0.42551022600309807,
        0.38120673400044325,
        0.21065815800102428,
        0.16652604100090684,
        0.11149686399949132,
        0.14890198600187432,
        0.143267529001605,
        0.18592038700080593,
        0.15662112299833097,
        0.17747162899831892,
        0.21128894099820172,
        0.10484216899931198,
        0.40151256899844157,
        0.2580168929998763,
        0.17464530700090108,
        0.15040432100067846,
        0.09836750300019048,
        0.08425184099905891
    ],
    "hyperparameters": {
        "memory size": 2000,
        "discount factor": 0.95,
        "minibatch size": 32,
        "learning rate": 0.001,
        "epsilon decay": 0.99,
        "final epsilon": 0.1,
        "target neural network update freq": 100,
        "live plot freq": 1,
        "live plot": false,
        "neural network save freq": 100000
    },
    "game": "cartpole"
}