{
    "time": "2022-09-01-16-55-10",
    "episodes": 100,
    "performance history": [
        44,
        14,
        13,
        15,
        16,
        14,
        16,
        13,
        9,
        11,
        14,
        10,
        13,
        11,
        10,
        11,
        13,
        13,
        11,
        11,
        11,
        13,
        12,
        11,
        12,
        14,
        14,
        12,
        12,
        15,
        15,
        17,
        15,
        15,
        14,
        16,
        19,
        21,
        19,
        10,
        18,
        22,
        19,
        19,
        13,
        18,
        18,
        17,
        23,
        14,
        19,
        19,
        18,
        22,
        19,
        17,
        24,
        16,
        26,
        19,
        16,
        26,
        18,
        16,
        30,
        17,
        28,
        22,
        24,
        17,
        24,
        17,
        24,
        24,
        18,
        31,
        16,
        21,
        26,
        20,
        21,
        22,
        18,
        21,
        26,
        24,
        23,
        16,
        24,
        26,
        36,
        40,
        28,
        57,
        44,
        34,
        28,
        44,
        32,
        31
    ],
    "time history": [
        0.08333779100212269,
        0.08826078100173618,
        0.08193053699869779,
        0.0922235530015314,
        0.09797489199991105,
        0.08634884300045087,
        0.10212802500245743,
        0.0798080390013638,
        0.05449409599896171,
        0.06775027899857378,
        0.08571120200213045,
        0.06065551099891309,
        0.08432047400128795,
        0.07410488699679263,
        0.0678598989979946,
        0.06697007199909422,
        0.09007816000303137,
        0.08386550800059922,
        0.07395393600017997,
        0.07732915800079354,
        0.0747100450025755,
        0.08566277100180741,
        0.08565998699850752,
        0.07256758999938029,
        0.08118065999951796,
        0.09682297799736261,
        0.09343637699930696,
        0.07195222199879936,
        0.08347140199839487,
        0.09999887999947532,
        0.10344969899961143,
        0.11538769599792431,
        0.10342760600178735,
        0.1042959249971318,
        0.0926244680013042,
        0.10173970200048643,
        0.13002133999907528,
        0.14179836499897647,
        0.1318994469984318,
        0.06657002900101361,
        0.1096589370026777,
        0.13623361599820782,
        0.12714539599983254,
        0.12770938299945556,
        0.08051393400091911,
        0.11723175999941304,
        0.12162915699809673,
        0.11353226299979724,
        0.15553906000059214,
        0.092627154001093,
        0.1298861819996091,
        0.1269418490010139,
        0.1225938719981059,
        0.14750353499766788,
        0.12771100100144395,
        0.11489050700038206,
        0.15851384999768925,
        0.12388073100009933,
        0.19072325099841692,
        0.11735133200272685,
        0.10919955499775824,
        0.1763340630022867,
        0.11669046200040611,
        0.09607379200315336,
        0.1809891320008319,
        0.11509341000055429,
        0.17970739500015043,
        0.13394990500091808,
        0.1438006550015416,
        0.11309765099940705,
        0.15741146800064598,
        0.11082790799991926,
        0.15106006499991054,
        0.1504358649981441,
        0.11069337699882453,
        0.202757687002304,
        0.11011037999924156,
        0.1462506019997818,
        0.1950419580025482,
        0.13256597799772862,
        0.1379396509983053,
        0.15216385800158605,
        0.12150273099905462,
        0.14663775599910878,
        0.15563381099855178,
        0.1433411990001332,
        0.14091438300238224,
        0.09827194099852932,
        0.15643867000108003,
        0.1665078709993395,
        0.22062617300252896,
        0.24130602000150247,
        0.16995335799947497,
        0.35708764899754897,
        0.29319586500059813,
        0.23066388900042512,
        0.1771047880029073,
        0.2656564279968734,
        0.19351463899874943,
        0.1879067980007676
    ],
    "hyperparameters": {
        "memory size": 2000,
        "discount factor": 0.95,
        "minibatch size": 32,
        "learning rate": 0.001,
        "epsilon decay": 0.99,
        "final epsilon": 0.1,
        "target neural network update freq": 100,
        "live plot freq": 1,
        "live plot": false,
        "neural network save freq": 100000
    },
    "game": "cartpole"
}