{
    "time": "2022-09-01-16-57-33",
    "episodes": 100,
    "performance history": [
        13,
        11,
        9,
        11,
        8,
        12,
        11,
        11,
        11,
        14,
        11,
        9,
        11,
        11,
        9,
        11,
        11,
        12,
        10,
        10,
        9,
        11,
        10,
        11,
        11,
        10,
        10,
        11,
        8,
        10,
        8,
        11,
        11,
        10,
        11,
        11,
        8,
        12,
        11,
        10,
        10,
        11,
        12,
        10,
        9,
        12,
        11,
        9,
        9,
        9,
        11,
        12,
        13,
        10,
        10,
        10,
        9,
        11,
        9,
        11,
        11,
        10,
        11,
        9,
        10,
        9,
        10,
        10,
        9,
        13,
        11,
        12,
        13,
        16,
        12,
        13,
        12,
        12,
        14,
        14,
        11,
        14,
        12,
        13,
        14,
        10,
        13,
        14,
        10,
        11,
        15,
        12,
        14,
        13,
        13,
        12,
        12,
        13,
        13,
        14
    ],
    "time history": [
        0.0005447219991765451,
        0.0005049989995313808,
        0.015694925998104736,
        0.07140960099786753,
        0.04967760200088378,
        0.07819995099998778,
        0.06961734399737907,
        0.08018666199859581,
        0.07653057900097338,
        0.09977495400016778,
        0.08112599100059015,
        0.06121537700164481,
        0.07309736800016253,
        0.07236365100106923,
        0.06437611000001198,
        0.08172969500083127,
        0.07834671900127432,
        0.0803517690001172,
        0.06787441999767907,
        0.06889897500150255,
        0.06284866699934355,
        0.07439611799782142,
        0.0675319900001341,
        0.0732195109994791,
        0.0719762329972582,
        0.06747608200021205,
        0.06661388800057466,
        0.0736145420014509,
        0.055086784002924105,
        0.0665646609995747,
        0.0558343149969005,
        0.07259582800179487,
        0.06944277500224416,
        0.06278945600206498,
        0.07452224300141097,
        0.07278170500285341,
        0.05232681499910541,
        0.09377701300036279,
        0.07532511499812244,
        0.08010757900046883,
        0.06332913499863935,
        0.06645362700146507,
        0.07476938699983293,
        0.05976658600047813,
        0.05623839500185568,
        0.0742080719974183,
        0.0730923970004369,
        0.06183782900188817,
        0.06193045100008021,
        0.06201096500080894,
        0.07637713299845927,
        0.08459482800026308,
        0.08466290599972126,
        0.0655745410003874,
        0.06799836999925901,
        0.06755374600106734,
        0.061522722000518115,
        0.07054908300051466,
        0.06115876900003059,
        0.07542609500160324,
        0.06720803699863609,
        0.07491441000092891,
        0.09005169400188606,
        0.05984754999735742,
        0.08360380900194286,
        0.08013247499911813,
        0.07642276199840126,
        0.06982394400256453,
        0.061295679999602726,
        0.08840352400147822,
        0.07760897499974817,
        0.08989806700265035,
        0.09110269299708307,
        0.09661309099828941,
        0.07529580399932456,
        0.0842259759992885,
        0.08103106599810417,
        0.0819593989981513,
        0.09485525000127382,
        0.0996021409991954,
        0.07037482899977476,
        0.09626135099824751,
        0.07260950099953334,
        0.08094618600080139,
        0.08596207899972796,
        0.06663077200209955,
        0.09074238799803425,
        0.09634701300092274,
        0.06916954900225392,
        0.08864329200150678,
        0.09259564699823386,
        0.08191873100076918,
        0.13699142100085737,
        0.0983208370016655,
        0.08887778099960997,
        0.0710348860011436,
        0.0749049219994049,
        0.08817685599933611,
        0.08166371100014658,
        0.0850893310016545
    ],
    "hyperparameters": {
        "memory size": 2000,
        "discount factor": 0.95,
        "minibatch size": 32,
        "learning rate": 0.001,
        "epsilon decay": 0.99,
        "final epsilon": 0.1,
        "target neural network update freq": 100,
        "live plot freq": 1,
        "live plot": false,
        "neural network save freq": 100000
    },
    "game": "cartpole"
}