{
    "time": "2022-09-01-16-56-09",
    "episodes": 100,
    "performance history": [
        30,
        16,
        33,
        9,
        10,
        15,
        14,
        14,
        19,
        20,
        17,
        13,
        16,
        14,
        17,
        12,
        13,
        14,
        14,
        10,
        11,
        10,
        12,
        14,
        11,
        16,
        15,
        9,
        13,
        9,
        10,
        10,
        9,
        11,
        14,
        26,
        14,
        13,
        13,
        16,
        12,
        10,
        10,
        10,
        12,
        12,
        14,
        14,
        12,
        13,
        22,
        18,
        17,
        17,
        19,
        19,
        20,
        14,
        18,
        15,
        20,
        19,
        23,
        20,
        22,
        23,
        24,
        24,
        22,
        33,
        21,
        26,
        23,
        15,
        28,
        25,
        15,
        19,
        22,
        31,
        33,
        27,
        26,
        24,
        37,
        35,
        27,
        45,
        33,
        32,
        50,
        35,
        54,
        22,
        35,
        34,
        30,
        27,
        43,
        34
    ],
    "time history": [
        0.0016631420003250241,
        0.12259725500189234,
        0.21142869299728773,
        0.055640889000642346,
        0.06155536299775122,
        0.1190892749982595,
        0.08324554399951012,
        0.08284299400111195,
        0.11901388799742563,
        0.12626468100279453,
        0.10046560599948862,
        0.08134192899888149,
        0.09436217700203997,
        0.0832093419994635,
        0.10524806000103126,
        0.07237338699997053,
        0.07888428099977318,
        0.0895682010013843,
        0.08469090300059179,
        0.060773113000323065,
        0.0666361039984622,
        0.05960347400105093,
        0.07143062399700284,
        0.08571381300134817,
        0.06774518499878468,
        0.09761962899938226,
        0.09298898999986704,
        0.05536884599860059,
        0.0787247850021231,
        0.053586435002216604,
        0.060218148999410914,
        0.05999708500166889,
        0.05560124099793029,
        0.06895776500095963,
        0.08428114900016226,
        0.1594884619989898,
        0.08463717900303891,
        0.07823170399933588,
        0.0835342810023576,
        0.09862698200231534,
        0.07384560799982864,
        0.06153831700066803,
        0.06099254700166057,
        0.06141907599885599,
        0.0734761889980291,
        0.07635526600279263,
        0.08498563000102877,
        0.09506466099992394,
        0.07815669899719069,
        0.08700612299799104,
        0.15697695600101724,
        0.12270186499881675,
        0.1155831699979899,
        0.1150012340003741,
        0.11771772899737698,
        0.11673109399998793,
        0.12159560899817734,
        0.08566500099914265,
        0.11802331699800561,
        0.09547065800143173,
        0.1253860180004267,
        0.11638557499827584,
        0.1399339540002984,
        0.12835055600226042,
        0.1325508500012802,
        0.14266010700157494,
        0.1459816669994325,
        0.1505657550005708,
        0.13227627499873051,
        0.2050175050026155,
        0.13526132100014365,
        0.1636476349995064,
        0.1454687460027344,
        0.09408154099946842,
        0.17438765000042622,
        0.1570039890029875,
        0.09288477200243506,
        0.12020926799959852,
        0.13689039499877254,
        0.19514117300059297,
        0.20453582299887785,
        0.1669836020009825,
        0.15902194600130315,
        0.1427596529974835,
        0.24463513500086265,
        0.21732232399881468,
        0.22084318500128575,
        0.267378889999236,
        0.20483553299709456,
        0.19542206800178974,
        0.3404359439991822,
        0.22957601000234718,
        0.3330616849998478,
        0.13476709699898493,
        0.2187426879972918,
        0.21212771499995142,
        0.18998774099964066,
        0.1688255199987907,
        0.27566368999760016,
        0.21314177000022028
    ],
    "hyperparameters": {
        "memory size": 2000,
        "discount factor": 0.95,
        "minibatch size": 32,
        "learning rate": 0.001,
        "epsilon decay": 0.99,
        "final epsilon": 0.1,
        "target neural network update freq": 100,
        "live plot freq": 1,
        "live plot": false,
        "neural network save freq": 100000
    },
    "game": "cartpole"
}