{
    "time": "2022-09-01-16-58-53",
    "episodes": 100,
    "performance history": [
        22,
        25,
        84,
        12,
        13,
        16,
        11,
        12,
        14,
        16,
        16,
        9,
        12,
        13,
        11,
        11,
        9,
        10,
        10,
        11,
        9,
        9,
        10,
        10,
        10,
        9,
        9,
        10,
        11,
        9,
        12,
        9,
        10,
        11,
        10,
        10,
        9,
        9,
        10,
        10,
        8,
        10,
        10,
        9,
        10,
        11,
        12,
        8,
        9,
        13,
        9,
        11,
        12,
        13,
        11,
        9,
        11,
        12,
        9,
        10,
        10,
        13,
        14,
        12,
        10,
        9,
        10,
        12,
        9,
        11,
        14,
        10,
        11,
        10,
        11,
        15,
        17,
        11,
        11,
        12,
        13,
        63,
        13,
        19,
        13,
        14,
        18,
        12,
        14,
        29,
        20,
        44,
        16,
        11,
        32,
        21,
        41,
        41,
        20,
        22
    ],
    "time history": [
        0.0005419260014605243,
        0.12209517700102879,
        0.5845078580023255,
        0.09194527299769106,
        0.0969325249971007,
        0.12172620999990613,
        0.08407026799977757,
        0.08566893500028527,
        0.09542954100106726,
        0.10863128600249183,
        0.11000875299941981,
        0.062358920000406215,
        0.08465480300219497,
        0.08862308999960078,
        0.08065798999814433,
        0.07647996099694865,
        0.062485745998856146,
        0.06810063399825594,
        0.06828159200085793,
        0.07424948300104006,
        0.062336963001143886,
        0.06202082899835659,
        0.06897376900087693,
        0.07075054100278066,
        0.06865287400069064,
        0.05904061599721899,
        0.05435612400106038,
        0.06026270599977579,
        0.07192274299814017,
        0.06056485900262487,
        0.07337293299860903,
        0.053017205998912686,
        0.06587999800103717,
        0.07071385599920177,
        0.06713879599919892,
        0.06629422900005011,
        0.06048544900113484,
        0.06259256200064556,
        0.06948288200146635,
        0.06752261300061946,
        0.056580805001431145,
        0.0675435720004316,
        0.06657349599845475,
        0.06088035499851685,
        0.06772540000019944,
        0.07469959700028994,
        0.08391567199942074,
        0.06077504200220574,
        0.0728316070017172,
        0.08366453500275384,
        0.057169869000063045,
        0.07330045900016557,
        0.07807112100272207,
        0.07978598399859038,
        0.08410632699815324,
        0.06062490600015735,
        0.07543825900211232,
        0.07919624100031797,
        0.0576650660004816,
        0.05908735599950887,
        0.059154776001378195,
        0.07628820200261544,
        0.08978999499959173,
        0.07882176199927926,
        0.06200905199875706,
        0.053641438997146906,
        0.06967754799916293,
        0.08114637100152322,
        0.05912347199773649,
        0.07384948699836968,
        0.0917300389992306,
        0.06819149199873209,
        0.07127363899780903,
        0.05976202600140823,
        0.06500401300218073,
        0.08908668900039629,
        0.10256409399880795,
        0.06630033599867602,
        0.06591051299983519,
        0.07282949500222458,
        0.0784248870004376,
        0.3783027680001396,
        0.07627560900073149,
        0.11101976400095737,
        0.07763183000133722,
        0.08487893199708196,
        0.10685654300323222,
        0.10365036100120051,
        0.1304915639993851,
        0.19679560499935178,
        0.11719409099896438,
        0.2661719669995364,
        0.09596636200149078,
        0.06555423199824872,
        0.19533929899989744,
        0.14809255699947244,
        0.2635880729976634,
        0.2724959490005858,
        0.13159557700055302,
        0.14598056999966502
    ],
    "hyperparameters": {
        "memory size": 2000,
        "discount factor": 0.95,
        "minibatch size": 32,
        "learning rate": 0.001,
        "epsilon decay": 0.99,
        "final epsilon": 0.1,
        "target neural network update freq": 100,
        "live plot freq": 1,
        "live plot": false,
        "neural network save freq": 100000
    },
    "game": "cartpole"
}