{
    "time": "2022-09-01-17-04-54",
    "episodes": 100,
    "performance history": [
        33,
        13,
        19,
        12,
        10,
        12,
        11,
        24,
        25,
        12,
        10,
        11,
        14,
        12,
        10,
        11,
        15,
        12,
        11,
        17,
        20,
        15,
        15,
        17,
        13,
        13,
        10,
        14,
        15,
        12,
        16,
        17,
        17,
        15,
        30,
        18,
        14,
        13,
        22,
        24,
        37,
        35,
        40,
        36,
        32,
        49,
        41,
        52,
        39,
        34,
        40,
        33,
        38,
        75,
        36,
        65,
        33,
        48,
        84,
        32,
        37,
        53,
        51,
        36,
        40,
        29,
        30,
        43,
        26,
        31,
        27,
        43,
        32,
        25,
        45,
        29,
        29,
        44,
        15,
        44,
        135,
        40,
        35,
        49,
        34,
        41,
        48,
        32,
        53,
        103,
        32,
        118,
        44,
        37,
        118,
        52,
        58,
        152,
        68,
        29
    ],
    "time history": [
        0.0122259479976492,
        0.07038221500260988,
        0.09858855300262803,
        0.05977287999849068,
        0.04995282500021858,
        0.05891398899984779,
        0.05505075800101622,
        0.12108284400164848,
        0.1306698789994698,
        0.06562859100085916,
        0.05168007599786506,
        0.05595871600235114,
        0.07152094199773273,
        0.0664423349990102,
        0.051713839999138145,
        0.05618570200022077,
        0.07743938099883962,
        0.061401584000122966,
        0.056826316998922266,
        0.08837178699832293,
        0.10589698799958569,
        0.07660624799973448,
        0.07570560200110776,
        0.08639100700020208,
        0.07161892899966915,
        0.07152049899741542,
        0.05393327699857764,
        0.07431437599734636,
        0.08014296499823104,
        0.06535266300124931,
        0.08601452699804213,
        0.0900339929976326,
        0.08809569999721134,
        0.07797887199922116,
        0.1579778539999097,
        0.09838401999877533,
        0.07855498600110877,
        0.07115285200052313,
        0.12211175899938098,
        0.1313332919999084,
        0.20099371999822324,
        0.18914705799761578,
        0.2164683069968305,
        0.19440432000192231,
        0.17254688600223744,
        0.26122718199985684,
        0.22168837400022312,
        0.2799622629972873,
        0.20525481200093054,
        0.17879361000086647,
        0.21163658699879306,
        0.16979886799890664,
        0.1998249929965823,
        0.3976301680013421,
        0.18379452600129298,
        0.3370526719991176,
        0.1828010369972617,
        0.25194335100241005,
        0.44218960299986065,
        0.16686028099866235,
        0.19660128800023813,
        0.28346618599971407,
        0.26737827000033576,
        0.18831581999984337,
        0.21505353700194973,
        0.15124334000211093,
        0.15799017199969967,
        0.22525052800119738,
        0.13261749699813663,
        0.16036658399752923,
        0.14381583700014744,
        0.22021873699850403,
        0.16612725999948452,
        0.13707403499938664,
        0.24323078299858025,
        0.15334138700200128,
        0.15294097600053647,
        0.23139354700106196,
        0.08389826699931291,
        0.24706947899903753,
        0.7495010929997079,
        0.21316043000115314,
        0.1861861309989763,
        0.2627388810033153,
        0.18281620099878637,
        0.22183138599939412,
        0.2602477229993383,
        0.1720926790003432,
        0.28166816100201686,
        0.5442609249985253,
        0.16631174299982376,
        0.627245904001029,
        0.23288451400003396,
        0.1999683920003008,
        0.6300509749999037,
        0.2740521470004751,
        0.327094832999137,
        0.8285574379988248,
        0.3713714009973046,
        0.15718242300135898
    ],
    "hyperparameters": {
        "memory size": 2000,
        "discount factor": 0.95,
        "minibatch size": 32,
        "learning rate": 0.001,
        "epsilon decay": 0.99,
        "final epsilon": 0.1,
        "target neural network update freq": 100,
        "live plot freq": 1,
        "live plot": false,
        "neural network save freq": 100000
    },
    "game": "cartpole"
}