{
    "time": "2022-09-01-17-02-58",
    "episodes": 100,
    "performance history": [
        13,
        16,
        15,
        13,
        9,
        24,
        15,
        11,
        10,
        14,
        11,
        16,
        10,
        11,
        12,
        10,
        11,
        11,
        10,
        10,
        10,
        12,
        9,
        12,
        13,
        9,
        9,
        13,
        11,
        14,
        11,
        12,
        10,
        12,
        14,
        11,
        14,
        11,
        12,
        10,
        13,
        11,
        10,
        10,
        11,
        10,
        14,
        11,
        15,
        17,
        12,
        12,
        10,
        11,
        13,
        14,
        14,
        10,
        15,
        14,
        12,
        11,
        13,
        14,
        12,
        10,
        14,
        12,
        14,
        17,
        19,
        16,
        14,
        9,
        15,
        13,
        16,
        15,
        16,
        14,
        15,
        32,
        20,
        19,
        21,
        31,
        22,
        51,
        28,
        24,
        20,
        59,
        10,
        15,
        64,
        39,
        47,
        65,
        209,
        137
    ],
    "time history": [
        0.0004533850005827844,
        0.00020305699945311062,
        0.06871705800222117,
        0.06570878899947274,
        0.04394375599804334,
        0.11598401999799535,
        0.07230148500093492,
        0.05325898799856077,
        0.05079912899964256,
        0.06832760899851564,
        0.05331261299943435,
        0.07752673399954801,
        0.04834883000148693,
        0.05362960999991628,
        0.05780376099937712,
        0.04858540600253036,
        0.05261159400106408,
        0.05358714400063036,
        0.04774734099919442,
        0.04800422799962689,
        0.04808774100092705,
        0.057923338001273805,
        0.043380416002037236,
        0.05759199699969031,
        0.06271498000205611,
        0.043947178000962595,
        0.044929310999577865,
        0.06313594999664929,
        0.05338528100037365,
        0.06777456100098789,
        0.05297106999933021,
        0.05904832099986379,
        0.048788870000862516,
        0.05800645200361032,
        0.06830675799938035,
        0.05388033900089795,
        0.06849568999678013,
        0.05361226899913163,
        0.05881599100030144,
        0.048711716997786425,
        0.064633808000508,
        0.05329929100116715,
        0.04872035100197536,
        0.04802709200157551,
        0.0537059370035422,
        0.04880303199752234,
        0.06751924299896928,
        0.052709275998495286,
        0.07327752199853421,
        0.08144629599701148,
        0.06075082299867063,
        0.0597388750029495,
        0.04902310800025589,
        0.054585887999564875,
        0.06328025000038906,
        0.06838763700216077,
        0.0682022680011869,
        0.04878445400026976,
        0.07549507699877722,
        0.07481561299937312,
        0.06263250900155981,
        0.05485115500050597,
        0.06579928000064683,
        0.06821995599966613,
        0.05891676600003848,
        0.048111336000147276,
        0.06760623299851432,
        0.05991588899996714,
        0.06755255299867713,
        0.08300493899878347,
        0.09212271899741609,
        0.07845388900022954,
        0.06805643999905442,
        0.04334912799822632,
        0.07255353299842682,
        0.0670396460009215,
        0.07725801600099658,
        0.07304369600024074,
        0.07739214699904551,
        0.06801706899932469,
        0.07369414699860499,
        0.15545979000307852,
        0.09681091500169714,
        0.09207637599683949,
        0.10100575199976447,
        0.14823972199883428,
        0.10636955600057263,
        0.24619290299960994,
        0.13663622500098427,
        0.11589950599955046,
        0.09639361800145707,
        0.2853763669991167,
        0.05139724699984072,
        0.07334231400091085,
        0.31109649399877526,
        0.18857010799911222,
        0.22759043800033396,
        0.33016863399825525,
        1.0456036219984526,
        0.6672556190023897
    ],
    "hyperparameters": {
        "memory size": 2000,
        "discount factor": 0.95,
        "minibatch size": 32,
        "learning rate": 0.001,
        "epsilon decay": 0.99,
        "final epsilon": 0.1,
        "target neural network update freq": 100,
        "live plot freq": 1,
        "live plot": false,
        "neural network save freq": 100000
    },
    "game": "cartpole"
}