{
    "time": "2022-09-01-16-24-19",
    "episodes": 100,
    "performance history": [
        12,
        9,
        13,
        17,
        9,
        10,
        12,
        10,
        10,
        10,
        9,
        9,
        10,
        11,
        10,
        11,
        10,
        10,
        10,
        10,
        12,
        9,
        10,
        11,
        10,
        9,
        9,
        13,
        8,
        9,
        9,
        8,
        8,
        9,
        9,
        11,
        9,
        9,
        10,
        10,
        9,
        10,
        11,
        10,
        9,
        11,
        9,
        10,
        10,
        9,
        12,
        10,
        8,
        10,
        9,
        10,
        11,
        11,
        9,
        11,
        9,
        9,
        9,
        14,
        9,
        9,
        14,
        10,
        9,
        10,
        9,
        11,
        9,
        9,
        11,
        9,
        8,
        11,
        10,
        8,
        9,
        9,
        8,
        9,
        10,
        8,
        9,
        10,
        9,
        9,
        10,
        11,
        10,
        9,
        10,
        10,
        8,
        11,
        10,
        10
    ],
    "time history": [
        0.0002904760003730189,
        0.0002631050010677427,
        0.020853799000178697,
        0.1041027400024177,
        0.05440480199831654,
        0.061652057000173954,
        0.07423253900196869,
        0.06322243500108016,
        0.06289939699854585,
        0.08618276800189051,
        0.06521553999846219,
        0.054904343000089284,
        0.060767644998122705,
        0.07868401200175867,
        0.07629152899971814,
        0.09060672199848341,
        0.0866884030001529,
        0.08882824700049241,
        0.08212890999857336,
        0.05840713499856065,
        0.07362662599916803,
        0.05494369400184951,
        0.06235070699767675,
        0.07870934299717192,
        0.069785547999345,
        0.06263133999891579,
        0.06356869700175594,
        0.0876280720003706,
        0.04999138200219022,
        0.06213990900141653,
        0.063188579002599,
        0.05682452499968349,
        0.057318213999678846,
        0.06258567099939683,
        0.06390861099862377,
        0.0752579220024927,
        0.05880725600218284,
        0.0567137409998395,
        0.0641839309973875,
        0.06316227799834451,
        0.06314226999893435,
        0.0741217479990155,
        0.07979602599880309,
        0.06894742000076803,
        0.06291325600250275,
        0.07633140599864419,
        0.06391687500217813,
        0.06927428000199143,
        0.06927738300146302,
        0.07185681800183374,
        0.07383135899726767,
        0.0718632530006289,
        0.05575996200059308,
        0.06324368200148456,
        0.05716900300103589,
        0.06287904299824731,
        0.07102052299887873,
        0.07095500599825755,
        0.0577954590007721,
        0.07114563199866097,
        0.06157891000111704,
        0.06371375199887552,
        0.06486826599939377,
        0.09363656000277842,
        0.09081013899776735,
        0.07143181200081017,
        0.08448850700006005,
        0.060220974002731964,
        0.0538751019994379,
        0.06069697600105428,
        0.054463685999508016,
        0.07416970399935963,
        0.06100044199774857,
        0.06283203199927812,
        0.0710013580028317,
        0.05579207399932784,
        0.04896776199893793,
        0.06726523299948894,
        0.06160029199963901,
        0.04967137099811225,
        0.055817426000430714,
        0.05557030500131077,
        0.04900552999970387,
        0.05739902799905394,
        0.06395607100057532,
        0.05392009899878758,
        0.05651441800000612,
        0.06310526200104505,
        0.06001323899909039,
        0.05640991900145309,
        0.06286793999970541,
        0.07231299100021715,
        0.06488923900178634,
        0.05702700400070171,
        0.06271045700123068,
        0.06300398000166751,
        0.05123250099859433,
        0.06884799500039662,
        0.06273115699877962,
        0.06316487100048107
    ],
    "hyperparameters": {
        "memory size": 2000,
        "discount factor": 0.95,
        "minibatch size": 32,
        "learning rate": 0.001,
        "epsilon decay": 0.99,
        "final epsilon": 0.1,
        "target neural network update freq": 100,
        "live plot freq": 1,
        "live plot": false,
        "neural network save freq": 100000
    },
    "game": "cartpole"
}