{
    "time": "2022-09-01-16-30-48",
    "episodes": 100,
    "performance history": [
        24,
        21,
        25,
        9,
        9,
        13,
        10,
        10,
        11,
        18,
        13,
        10,
        13,
        13,
        12,
        11,
        8,
        11,
        9,
        11,
        8,
        10,
        10,
        10,
        10,
        9,
        9,
        11,
        8,
        9,
        10,
        9,
        11,
        14,
        11,
        9,
        9,
        11,
        9,
        12,
        9,
        10,
        9,
        12,
        9,
        10,
        10,
        9,
        10,
        10,
        10,
        12,
        13,
        12,
        9,
        8,
        10,
        9,
        9,
        13,
        12,
        12,
        22,
        10,
        13,
        16,
        11,
        16,
        25,
        17,
        14,
        28,
        39,
        16,
        10,
        14,
        8,
        15,
        10,
        10,
        10,
        11,
        8,
        9,
        10,
        8,
        10,
        8,
        10,
        8,
        9,
        10,
        10,
        9,
        10,
        10,
        9,
        10,
        10,
        10
    ],
    "time history": [
        0.0005376580011215992,
        0.0865636810012802,
        0.17129310600284953,
        0.061578689001180464,
        0.061475327998778084,
        0.08706000700112781,
        0.06897071200000937,
        0.06931309400169994,
        0.07531938299871399,
        0.12336988300012308,
        0.08577003900063573,
        0.06422681900221505,
        0.09457996899800492,
        0.08673802399789565,
        0.07350132500141626,
        0.07316398799957824,
        0.049412544001825154,
        0.07267827299801866,
        0.06396329500057618,
        0.0686310399978538,
        0.049292244999378454,
        0.06264104400179349,
        0.06429184599983273,
        0.06984934600041015,
        0.06389277600101195,
        0.05624523799997405,
        0.05594965499767568,
        0.0674475989981147,
        0.04907561799700488,
        0.0547391840009368,
        0.061601896999491146,
        0.05616883599941502,
        0.0678567929971905,
        0.08593737299815984,
        0.0678918329977023,
        0.0550602240000444,
        0.057181177002348704,
        0.0697525770010543,
        0.055378902001393726,
        0.07508932400014601,
        0.05612240399932489,
        0.06110440699922037,
        0.054719120998925064,
        0.07313342599809403,
        0.05532287400274072,
        0.060853475999465445,
        0.06079297299947939,
        0.0540195430003223,
        0.06174060099874623,
        0.0614916570011701,
        0.05991254599939566,
        0.07647511000322993,
        0.08505893500114325,
        0.08579556699987734,
        0.05340400099885301,
        0.048767751999548636,
        0.06946746999892639,
        0.06062871199901565,
        0.05673126600231626,
        0.08134678499845904,
        0.07133041900306125,
        0.07908634900013567,
        0.15184602600129438,
        0.0702413630024239,
        0.08757453499856638,
        0.11046244699900853,
        0.07249997899998561,
        0.10582463600076153,
        0.1635877039989282,
        0.11281082799905562,
        0.09271063799678814,
        0.18629885699920123,
        0.25324230000114767,
        0.0995947060000617,
        0.06921400899955188,
        0.09409650100133149,
        0.05222440499710501,
        0.09757459500178811,
        0.06144766999932472,
        0.06106341900158441,
        0.060156691000884166,
        0.06622105300266412,
        0.048818122002558084,
        0.054575567999563646,
        0.06007910599873867,
        0.04771356399942306,
        0.06769986099970993,
        0.05576891500095371,
        0.07189299600213417,
        0.05153409699778422,
        0.05381464199672337,
        0.06468294300066191,
        0.06097605000104522,
        0.060357438000210095,
        0.06733158000133699,
        0.0673162949969992,
        0.06150979800077039,
        0.06735922599909827,
        0.067330056001083,
        0.06794367000111379
    ],
    "hyperparameters": {
        "memory size": 2000,
        "discount factor": 0.95,
        "minibatch size": 32,
        "learning rate": 0.001,
        "epsilon decay": 0.99,
        "final epsilon": 0.1,
        "target neural network update freq": 100,
        "live plot freq": 1,
        "live plot": false,
        "neural network save freq": 100000
    },
    "game": "cartpole"
}