{
    "time": "2022-09-01-16-30-21",
    "episodes": 100,
    "performance history": [
        10,
        17,
        18,
        13,
        11,
        9,
        17,
        10,
        14,
        14,
        14,
        14,
        9,
        9,
        10,
        18,
        9,
        11,
        9,
        9,
        10,
        9,
        12,
        11,
        11,
        10,
        11,
        10,
        9,
        9,
        10,
        9,
        9,
        12,
        9,
        10,
        10,
        9,
        10,
        9,
        12,
        9,
        10,
        9,
        13,
        9,
        12,
        9,
        11,
        11,
        10,
        11,
        12,
        10,
        10,
        11,
        11,
        12,
        12,
        11,
        9,
        12,
        9,
        9,
        11,
        10,
        10,
        9,
        10,
        11,
        10,
        12,
        10,
        10,
        8,
        11,
        10,
        13,
        9,
        14,
        11,
        8,
        12,
        8,
        11,
        11,
        11,
        10,
        11,
        12,
        11,
        12,
        9,
        9,
        10,
        9,
        10,
        11,
        11,
        10
    ],
    "time history": [
        0.00030066199906286784,
        0.0005691859987564385,
        0.0907041130012658,
        0.08052796699848841,
        0.0691587029978109,
        0.0569892549974611,
        0.10879195200323011,
        0.0623850650008535,
        0.0921543720032787,
        0.08645560800141538,
        0.09389227800056688,
        0.09411134699985269,
        0.06469327499871724,
        0.05762061099812854,
        0.07015498300097534,
        0.12728596599845332,
        0.06252756799949566,
        0.08013850399947842,
        0.06301913300194428,
        0.06310793199736509,
        0.06941623999955482,
        0.062221446998592,
        0.08166832799906842,
        0.07947214800151414,
        0.07876581399978022,
        0.0664616530011699,
        0.07482589600112988,
        0.06821072699676733,
        0.06121368599997368,
        0.06301751600040006,
        0.06843251499958569,
        0.05591712099703727,
        0.05588019900096697,
        0.08648994800023502,
        0.0641535089998797,
        0.07199738400231581,
        0.06953322399931494,
        0.06340243399972678,
        0.06995798400021158,
        0.05741422100254567,
        0.07586251199973049,
        0.05949747100021341,
        0.06834198300202843,
        0.06467927099947701,
        0.0889105850001215,
        0.06359758699909435,
        0.08163211799910641,
        0.062477089999447344,
        0.07761719499831088,
        0.07256526199853397,
        0.08153129699712736,
        0.10267423400000553,
        0.06974922199879074,
        0.07081062400175142,
        0.06772116999854916,
        0.07259632800196414,
        0.07129353300115326,
        0.08080509499995969,
        0.07319224199818564,
        0.07455958499849658,
        0.062499491999915335,
        0.08202032899862388,
        0.06100026399872149,
        0.05707286800316069,
        0.07203083500280627,
        0.07025891400189721,
        0.07043120199887198,
        0.06235328299953835,
        0.06821051899896702,
        0.07200130999990506,
        0.0609547530002601,
        0.07314276100078132,
        0.060645790999842575,
        0.06133445500017842,
        0.04954973599888035,
        0.06842251499983831,
        0.06643669400000363,
        0.08883338099985849,
        0.06356308499744046,
        0.09905486299976474,
        0.07681522799975937,
        0.05714060500031337,
        0.08058847299980698,
        0.04948234699986642,
        0.06851218500014511,
        0.07243237800139468,
        0.07641644099931,
        0.07108588999835774,
        0.0769360800004506,
        0.08168989499972668,
        0.07533686600072542,
        0.09524116800093907,
        0.06605066300107865,
        0.05435638500057394,
        0.06228510700020706,
        0.06351690700103063,
        0.07133871499900124,
        0.07483533499907935,
        0.07371486099873437,
        0.07056802599981893
    ],
    "hyperparameters": {
        "memory size": 2000,
        "discount factor": 0.95,
        "minibatch size": 32,
        "learning rate": 0.001,
        "epsilon decay": 0.99,
        "final epsilon": 0.1,
        "target neural network update freq": 100,
        "live plot freq": 1,
        "live plot": false,
        "neural network save freq": 100000
    },
    "game": "cartpole"
}