{
    "time": "2022-09-01-16-30-06",
    "episodes": 100,
    "performance history": [
        18,
        15,
        19,
        19,
        20,
        19,
        22,
        20,
        19,
        25,
        19,
        19,
        17,
        15,
        17,
        18,
        19,
        21,
        15,
        14,
        19,
        18,
        18,
        19,
        15,
        14,
        18,
        17,
        20,
        18,
        20,
        17,
        21,
        23,
        17,
        25,
        22,
        23,
        20,
        22,
        17,
        20,
        19,
        16,
        19,
        16,
        15,
        10,
        15,
        11,
        20,
        27,
        22,
        18,
        26,
        22,
        22,
        31,
        15,
        18,
        32,
        36,
        34,
        15,
        32,
        37,
        31,
        17,
        10,
        16,
        12,
        13,
        12,
        10,
        12,
        10,
        13,
        14,
        10,
        23,
        23,
        54,
        50,
        29,
        24,
        25,
        23,
        30,
        25,
        19,
        28,
        26,
        20,
        24,
        38,
        31,
        18,
        39,
        72,
        30
    ],
    "time history": [
        0.0006331580007099546,
        0.014246602997445734,
        0.13596736599720316,
        0.14170350099811913,
        0.1478034719984862,
        0.13047850899965852,
        0.1548354990009102,
        0.1360034329991322,
        0.14066677600203548,
        0.18626260599921807,
        0.13478365600167308,
        0.12683959300193237,
        0.11475836500176229,
        0.10353649000171572,
        0.13272966100339545,
        0.12631856799998786,
        0.1308315619971836,
        0.139293139000074,
        0.10081183799775317,
        0.0972871900012251,
        0.1278827829992224,
        0.12156152399984421,
        0.13404676700156415,
        0.12547155799984466,
        0.09584727299807128,
        0.08980426799826091,
        0.11983227699965937,
        0.10923411499970825,
        0.13403536699843244,
        0.11873244100206648,
        0.1297703480013297,
        0.11023921399828396,
        0.13593282599686063,
        0.14775929600000381,
        0.10903940400021384,
        0.1612595020014851,
        0.14631333999932394,
        0.1555742429991369,
        0.12747317599860253,
        0.14216982200014172,
        0.111286683997605,
        0.13192648900076165,
        0.1257973080028023,
        0.11103369899865356,
        0.12051213599988841,
        0.10884150700076134,
        0.10602702199685154,
        0.07822824799950467,
        0.09450653999738279,
        0.06918476300052134,
        0.12527408700043452,
        0.17811710100068012,
        0.14560087300196756,
        0.11840198699792381,
        0.17015426400030265,
        0.1491551459985203,
        0.14152675299919792,
        0.19913017100043362,
        0.09595975699994597,
        0.11812443700182484,
        0.2063048149975657,
        0.23008072000084212,
        0.2248525350005366,
        0.12077245700129424,
        0.22804009699757444,
        0.26259557099911035,
        0.21769973900154582,
        0.10724560599919641,
        0.06183461600085138,
        0.10103521100245416,
        0.09154930300064734,
        0.08807576800245442,
        0.09018647300035809,
        0.0704675449997012,
        0.0822559270018246,
        0.06974295000327402,
        0.08250000499901944,
        0.08731233599974075,
        0.06314063699755934,
        0.1450177740007348,
        0.14609029900020687,
        0.3645168429975456,
        0.35689579999962007,
        0.20535296100206324,
        0.16949300299893366,
        0.16447442600110662,
        0.16071514500072226,
        0.21586261899938108,
        0.18250231000274653,
        0.13261295700067421,
        0.20238374499967904,
        0.1858949850029603,
        0.14153236900165211,
        0.17002751100153546,
        0.2551473480016284,
        0.20190190699941013,
        0.12090958999760915,
        0.2506591359997401,
        0.46901483600231586,
        0.1955151490001299
    ],
    "hyperparameters": {
        "memory size": 2000,
        "discount factor": 0.95,
        "minibatch size": 32,
        "learning rate": 0.001,
        "epsilon decay": 0.99,
        "final epsilon": 0.1,
        "target neural network update freq": 100,
        "live plot freq": 1,
        "live plot": false,
        "neural network save freq": 100000
    },
    "game": "cartpole"
}