{
    "time": "2022-09-01-16-47-32",
    "episodes": 100,
    "performance history": [
        13,
        20,
        13,
        13,
        12,
        24,
        14,
        11,
        12,
        15,
        24,
        25,
        12,
        24,
        16,
        91,
        59,
        51,
        57,
        139,
        93,
        95,
        104,
        126,
        98,
        126,
        108,
        25,
        41,
        47,
        25,
        59,
        29,
        23,
        25,
        31,
        25,
        29,
        24,
        19,
        14,
        13,
        12,
        15,
        14,
        13,
        15,
        10,
        11,
        14,
        15,
        16,
        16,
        9,
        13,
        13,
        16,
        16,
        10,
        14,
        82,
        104,
        28,
        80,
        38,
        49,
        26,
        24,
        47,
        48,
        72,
        70,
        21,
        21,
        25,
        25,
        29,
        35,
        23,
        38,
        67,
        36,
        24,
        109,
        52,
        49,
        118,
        29,
        128,
        91,
        103,
        68,
        83,
        85,
        71,
        96,
        27,
        27,
        89,
        63
    ],
    "time history": [
        0.00036222400012775324,
        0.01677939600267564,
        0.08809832599945366,
        0.08076381600039895,
        0.07239103200117825,
        0.14860060299906763,
        0.09107357199900434,
        0.0656336989995907,
        0.07278806999966037,
        0.0898334489975241,
        0.1444697320002888,
        0.1629674440009694,
        0.07295316100135096,
        0.18154472399692168,
        0.121526979997725,
        0.7042781740019564,
        0.3893991980003193,
        0.3044869920013298,
        0.3849188780004624,
        0.9341669630011893,
        0.5952368069993099,
        0.6554971379991912,
        0.663338324000506,
        0.8216369949986984,
        0.610782501000358,
        0.8032573749987932,
        0.7172929100015608,
        0.15425721799692838,
        0.25816554199991515,
        0.2988213889984763,
        0.15738104300180566,
        0.37125088900211267,
        0.1811076759986463,
        0.1433899570001813,
        0.15817734400116024,
        0.19576971899732598,
        0.15832549699916854,
        0.18883093099793768,
        0.16390007899826742,
        0.12028984100106754,
        0.08983244099727017,
        0.08285451700066915,
        0.07811062100154231,
        0.09516928999801166,
        0.08936852400074713,
        0.0817239600000903,
        0.0930806849974033,
        0.06317907799893874,
        0.06999537500087172,
        0.08867570299844374,
        0.09693022099963855,
        0.10216157499962719,
        0.10268734000055701,
        0.05547369600026286,
        0.08075438499872689,
        0.08243393299926538,
        0.1005211199990299,
        0.10089104999860865,
        0.06644984900049167,
        0.0876501909988292,
        0.5210186180011078,
        0.6505188419978367,
        0.17522782800006098,
        0.5289374470012262,
        0.24298231300053885,
        0.3156359339991468,
        0.16367936199821997,
        0.15020476700010477,
        0.3025774140005524,
        0.33909112499895855,
        0.46556355400025495,
        0.47080545899734716,
        0.15012504699916462,
        0.14705624300040654,
        0.17110139500073274,
        0.1699842419984634,
        0.19244670599800884,
        0.2250749230006477,
        0.1480505629988329,
        0.24640790400007972,
        0.4302071080019232,
        0.24729864300024929,
        0.15326115999778267,
        0.6907933309994405,
        0.3315729179994378,
        0.3157278310027323,
        0.7881239150010515,
        0.2386374199995771,
        0.8286091160007345,
        0.6106952919981268,
        0.6462510380006279,
        0.44445303799875546,
        0.5279225949998363,
        0.530920815999707,
        0.45447582899942063,
        0.6310377480003808,
        0.1671751760004554,
        0.1695092489972012,
        0.564840153001569,
        0.46275986199907493
    ],
    "hyperparameters": {
        "memory size": 2000,
        "discount factor": 0.95,
        "minibatch size": 32,
        "learning rate": 0.001,
        "epsilon decay": 0.99,
        "final epsilon": 0.1,
        "target neural network update freq": 100,
        "live plot freq": 1,
        "live plot": false,
        "neural network save freq": 100000
    },
    "game": "cartpole"
}