{
    "time": "2022-09-01-17-08-53",
    "episodes": 100,
    "performance history": [
        18,
        21,
        48,
        9,
        15,
        15,
        8,
        10,
        8,
        11,
        36,
        11,
        10,
        12,
        14,
        13,
        12,
        11,
        9,
        12,
        14,
        14,
        15,
        12,
        10,
        13,
        13,
        12,
        13,
        19,
        13,
        13,
        14,
        16,
        14,
        12,
        12,
        12,
        16,
        15,
        16,
        14,
        12,
        14,
        11,
        19,
        14,
        13,
        20,
        15,
        17,
        14,
        54,
        41,
        13,
        58,
        22,
        15,
        43,
        31,
        40,
        44,
        44,
        15,
        58,
        22,
        59,
        97,
        122,
        179,
        87,
        78,
        29,
        52,
        39,
        32,
        34,
        25,
        26,
        18,
        22,
        30,
        28,
        20,
        17,
        17,
        18,
        24,
        17,
        24,
        18,
        14,
        21,
        19,
        20,
        16,
        25,
        26,
        24,
        17
    ],
    "time history": [
        0.0003202270017936826,
        0.04420869599925936,
        0.23644850900018355,
        0.04405988700091257,
        0.07301378700140049,
        0.07343202900301549,
        0.040928917998826364,
        0.050896840999484994,
        0.03957889900266309,
        0.053685138998844195,
        0.17998954799986677,
        0.058903056000417564,
        0.048487976997421356,
        0.058435751001525205,
        0.06864524199772859,
        0.06393776199911372,
        0.059885656999540515,
        0.053341786999226315,
        0.04337031999966712,
        0.05773988899818505,
        0.0675623999995878,
        0.06949481099945842,
        0.08326370100257918,
        0.060777656002755975,
        0.048712680996686686,
        0.06660083899987512,
        0.06363532800241956,
        0.05920539499857114,
        0.06310025300263078,
        0.09245221600212972,
        0.06343692499649478,
        0.06354012099836837,
        0.06861596499948064,
        0.07818295399920316,
        0.06819846100188443,
        0.058601094999175984,
        0.05857954999737558,
        0.05916042700118851,
        0.07834717299920158,
        0.07264801899873419,
        0.07849166199957835,
        0.06987764700170374,
        0.061430344998370856,
        0.06973897200077772,
        0.05451008900126908,
        0.09342431900222437,
        0.06870552699911059,
        0.06340151900076307,
        0.0981629170019005,
        0.0736404820017924,
        0.08357089600031031,
        0.06919245900280657,
        0.2697657659991819,
        0.20088074500017683,
        0.06404658199971891,
        0.28441062700221664,
        0.11276021200319519,
        0.07619552699907217,
        0.21574530600264552,
        0.15486125399911543,
        0.19681258299897308,
        0.21930215399697772,
        0.21661310999843408,
        0.0736729109994485,
        0.2873275769998145,
        0.11061406400040141,
        0.29573816799893393,
        0.5026205600006506,
        0.5989784440025687,
        0.8906210690001899,
        0.43094801899860613,
        0.38666411099984543,
        0.14234863000092446,
        0.2550276820002182,
        0.19208842299849493,
        0.15928927900313283,
        0.17015200999958324,
        0.12272708300224622,
        0.12986348100093892,
        0.08998978900126531,
        0.10885580600006506,
        0.14815833900138387,
        0.13887097599945264,
        0.10171962499953224,
        0.08465260600132751,
        0.0852785130009579,
        0.08932693899987498,
        0.11996524999995017,
        0.0847605709968775,
        0.127549952998379,
        0.0940411569972639,
        0.0698349150006834,
        0.10739844500130857,
        0.09631938899838133,
        0.09968739800024196,
        0.0801444349999656,
        0.12456964100056211,
        0.13028561400278704,
        0.11899691200233065,
        0.08447702700141235
    ],
    "hyperparameters": {
        "memory size": 2000,
        "discount factor": 0.95,
        "minibatch size": 32,
        "learning rate": 0.001,
        "epsilon decay": 0.99,
        "final epsilon": 0.1,
        "target neural network update freq": 100,
        "live plot freq": 1,
        "live plot": false,
        "neural network save freq": 100000
    },
    "game": "cartpole"
}