{
    "time": "2022-09-01-16-58-22",
    "episodes": 100,
    "performance history": [
        24,
        17,
        11,
        15,
        13,
        16,
        10,
        14,
        13,
        10,
        13,
        12,
        14,
        14,
        12,
        11,
        10,
        9,
        10,
        9,
        9,
        9,
        16,
        10,
        9,
        19,
        9,
        12,
        9,
        10,
        10,
        11,
        9,
        8,
        9,
        9,
        9,
        8,
        10,
        10,
        10,
        9,
        12,
        9,
        11,
        10,
        10,
        9,
        10,
        9,
        11,
        9,
        10,
        10,
        10,
        9,
        8,
        11,
        12,
        11,
        8,
        9,
        9,
        10,
        10,
        12,
        10,
        9,
        12,
        11,
        11,
        11,
        9,
        14,
        11,
        14,
        11,
        11,
        9,
        10,
        9,
        10,
        11,
        15,
        11,
        9,
        9,
        11,
        16,
        10,
        13,
        10,
        9,
        10,
        11,
        9,
        12,
        11,
        9,
        10
    ],
    "time history": [
        0.000604630997258937,
        0.07470982599988929,
        0.09306824500163202,
        0.09143795500131091,
        0.08137322700349614,
        0.09872396499849856,
        0.0655696670000907,
        0.09342403000118793,
        0.08261382699856767,
        0.05947231200116221,
        0.08581767800205853,
        0.08264702100132126,
        0.09055214700129,
        0.08512248599799932,
        0.07361104599840473,
        0.06647719700049493,
        0.08888352700159885,
        0.06950660900110961,
        0.06602211399876978,
        0.06051012500029174,
        0.059732931997132255,
        0.059311737000825815,
        0.1084776130010141,
        0.0659719050017884,
        0.05870366599992849,
        0.12537051899926155,
        0.060580926001421176,
        0.08194826600083616,
        0.059811099999933504,
        0.05955922700013616,
        0.06781738900099299,
        0.07762500000171713,
        0.06157646700012265,
        0.048325399999157526,
        0.05314317899683374,
        0.059185055000853026,
        0.05470003899972653,
        0.04851099000006798,
        0.060794283999712206,
        0.06057588399926317,
        0.06483242299873382,
        0.05377113099893904,
        0.10751283200079342,
        0.08603008199861506,
        0.07743513199966401,
        0.059037926999735646,
        0.062604900002043,
        0.05912859300224227,
        0.06813699399936013,
        0.057548433000192745,
        0.06816154699845356,
        0.0733846729999641,
        0.060321352000755724,
        0.05866302299909876,
        0.05977965700003551,
        0.059927786998741794,
        0.048908652999671176,
        0.0693706199999724,
        0.07434911200107308,
        0.07976684300228953,
        0.05335761700189323,
        0.06016757899851655,
        0.057305725997139234,
        0.06873335099953692,
        0.07013473700135364,
        0.08347198599949479,
        0.06822275900049135,
        0.060788119000790175,
        0.07763104800324072,
        0.06836206200023298,
        0.07179542700032471,
        0.07023503300297307,
        0.06109103099879576,
        0.0860105459978513,
        0.07621736399960355,
        0.09315484800026752,
        0.07231473200226901,
        0.07550679500127444,
        0.05579951300023822,
        0.06106582900247304,
        0.05697077000149875,
        0.0618664780013205,
        0.06983949300047243,
        0.09245349800039548,
        0.06836602900148137,
        0.05634974299755413,
        0.05570836599872564,
        0.07388453199746436,
        0.11030003400082933,
        0.06706100599694764,
        0.07871359400087385,
        0.061987130997295026,
        0.054339795002306346,
        0.06588256200120668,
        0.07072410700129694,
        0.05513772799895378,
        0.07232647899945732,
        0.07952002800084301,
        0.05384901800061925,
        0.06035012600113987
    ],
    "hyperparameters": {
        "memory size": 2000,
        "discount factor": 0.95,
        "minibatch size": 32,
        "learning rate": 0.001,
        "epsilon decay": 0.99,
        "final epsilon": 0.1,
        "target neural network update freq": 100,
        "live plot freq": 1,
        "live plot": false,
        "neural network save freq": 100000
    },
    "game": "cartpole"
}