{
    "time": "2022-09-01-16-18-50",
    "episodes": 100,
    "performance history": [
        16,
        35,
        16,
        26,
        9,
        39,
        19,
        15,
        13,
        13,
        8,
        11,
        11,
        10,
        10,
        9,
        12,
        9,
        11,
        9,
        9,
        10,
        11,
        11,
        11,
        12,
        14,
        14,
        15,
        15,
        12,
        10,
        11,
        11,
        11,
        11,
        13,
        11,
        10,
        11,
        11,
        13,
        13,
        13,
        11,
        11,
        13,
        12,
        15,
        10,
        11,
        13,
        14,
        9,
        13,
        13,
        14,
        11,
        11,
        15,
        11,
        13,
        12,
        18,
        28,
        19,
        39,
        31,
        23,
        28,
        43,
        30,
        35,
        29,
        48,
        28,
        31,
        28,
        41,
        42,
        30,
        52,
        31,
        61,
        100,
        49,
        184,
        88,
        401,
        146,
        208,
        140,
        113,
        115,
        163,
        108,
        68,
        131,
        58,
        79
    ],
    "time history": [
        0.0005216299978201278,
        0.1260045010021713,
        0.09983245499824989,
        0.1617394900022191,
        0.062208601000747876,
        0.26591527100026724,
        0.11833604499770445,
        0.10223880500052474,
        0.09022891499989782,
        0.0864715170027921,
        0.05450514300173381,
        0.07716733100096462,
        0.07293288999790093,
        0.07112666000102763,
        0.07049815199934528,
        0.058975045998522546,
        0.08058774000164703,
        0.06236137400264852,
        0.07337974899928668,
        0.06183853499896941,
        0.06186879899905762,
        0.06750303299850202,
        0.0786879150000459,
        0.07767084000079194,
        0.07566947200029972,
        0.08147801399900345,
        0.1020913720021781,
        0.09722876700107008,
        0.10448559799988288,
        0.10317487000065739,
        0.08039555999857839,
        0.06564768699900014,
        0.06715790800080867,
        0.06744014700234402,
        0.06735901499996544,
        0.0739995199983241,
        0.08001664800030994,
        0.06784172900006524,
        0.062381062998611014,
        0.09389663099864265,
        0.09598177199950442,
        0.08826613199926214,
        0.1214565570007835,
        0.12480772600247292,
        0.08070213500104728,
        0.061837608001951594,
        0.08064560200000415,
        0.0789974239996809,
        0.10478128799877595,
        0.06769280200023786,
        0.0706729820012697,
        0.09192750699730823,
        0.09619442999974126,
        0.060778547998779686,
        0.09000426399870776,
        0.08997640799861983,
        0.09440095299942186,
        0.07793592800226179,
        0.068713436001417,
        0.09076136099974974,
        0.06706371199834393,
        0.08605300599811017,
        0.07424427700243541,
        0.11918557999888435,
        0.18709056999796303,
        0.11901161399873672,
        0.24055960799887544,
        0.1990952020023542,
        0.18892690500069875,
        0.22391684700050973,
        0.27279698800339247,
        0.18421245100034866,
        0.24571195599855855,
        0.2041994879982667,
        0.32257899999967776,
        0.19586493799943128,
        0.19999303900112864,
        0.17366376499921898,
        0.25767209900004673,
        0.2671667670001625,
        0.19166455699814833,
        0.3369584960018983,
        0.2023098800018488,
        0.4020817699965846,
        0.6647058899980038,
        0.3086362329995609,
        1.1894717069990293,
        0.5576506639990839,
        2.595167898998625,
        1.0204525129993272,
        1.3223540780018084,
        0.9824108380016696,
        0.7214615160009998,
        0.7632944620017952,
        1.032780260000436,
        0.6971476329999859,
        0.42259996400025557,
        0.8683581820005202,
        0.3759560309990775,
        0.5080505379992246
    ],
    "hyperparameters": {
        "memory size": 2000,
        "discount factor": 0.95,
        "minibatch size": 32,
        "learning rate": 0.001,
        "epsilon decay": 0.99,
        "final epsilon": 0.1,
        "target neural network update freq": 100,
        "live plot freq": 1,
        "live plot": false,
        "neural network save freq": 100000
    },
    "game": "cartpole"
}