{
    "time": "2022-09-01-16-30-28",
    "episodes": 100,
    "performance history": [
        9,
        10,
        28,
        14,
        17,
        9,
        17,
        11,
        10,
        11,
        9,
        9,
        12,
        14,
        9,
        11,
        10,
        10,
        10,
        10,
        10,
        12,
        10,
        11,
        9,
        10,
        10,
        13,
        11,
        9,
        8,
        10,
        9,
        10,
        9,
        9,
        9,
        9,
        8,
        9,
        10,
        10,
        10,
        10,
        8,
        13,
        9,
        9,
        9,
        10,
        11,
        12,
        10,
        11,
        11,
        9,
        9,
        10,
        9,
        8,
        10,
        10,
        12,
        9,
        11,
        8,
        10,
        11,
        10,
        8,
        11,
        10,
        9,
        11,
        9,
        10,
        9,
        10,
        10,
        9,
        11,
        10,
        10,
        9,
        10,
        9,
        9,
        10,
        9,
        9,
        10,
        9,
        10,
        9,
        8,
        10,
        9,
        11,
        13,
        11
    ],
    "time history": [
        0.0002746399986790493,
        0.00021227800243650563,
        0.10183232700001099,
        0.09660488300141878,
        0.11377320999963558,
        0.06035618999885628,
        0.11324153199893772,
        0.07342287500068778,
        0.05993630200100597,
        0.06683465899914154,
        0.054911530001845676,
        0.05578257399974973,
        0.07310480800151709,
        0.08938259099886636,
        0.05670783499954268,
        0.07481723599994439,
        0.06162550799854216,
        0.06132328400053666,
        0.06052000899944687,
        0.06121124899800634,
        0.06668528899899684,
        0.08070933699855232,
        0.06816465899828472,
        0.07615219400031492,
        0.06280555699777324,
        0.0706440929970995,
        0.064563507999992,
        0.07878022099976079,
        0.06697455600078683,
        0.05561116999888327,
        0.0511065709979448,
        0.06892458400034229,
        0.061829320999095216,
        0.0679817929994897,
        0.062417454002570594,
        0.06182065300163231,
        0.062345660000573844,
        0.06211478299883311,
        0.053373334998468636,
        0.05437891499968828,
        0.06094198100254289,
        0.06570543099951465,
        0.0611651190010889,
        0.06038150600215886,
        0.06269228900055168,
        0.10108367300199461,
        0.06229769999845303,
        0.06215569900086848,
        0.06032835400037584,
        0.06701923299988266,
        0.06851156699849525,
        0.07509354300054838,
        0.06477470800018637,
        0.068026953998924,
        0.0680311870019068,
        0.06217838000156917,
        0.06152797699905932,
        0.0663237789995037,
        0.06167165599981672,
        0.056185737001214875,
        0.06816686199817923,
        0.061651584997889586,
        0.07368696299818112,
        0.07757763100016746,
        0.08827756199752912,
        0.05449893500190228,
        0.0672604430001229,
        0.06989230500039412,
        0.06498945299972547,
        0.04698354400170501,
        0.06768483899941202,
        0.05818948200248997,
        0.05327701499845716,
        0.0720710860005056,
        0.06080903399924864,
        0.06811534499865957,
        0.05594317099894397,
        0.06538841600195155,
        0.06264955199731048,
        0.05339945399828139,
        0.06901806200039573,
        0.06843268499869737,
        0.06106743599957554,
        0.05740303499987931,
        0.06164989299941226,
        0.055270066997763934,
        0.05550029999722028,
        0.06108723999932408,
        0.05632573299953947,
        0.05437774800157058,
        0.060997210999630624,
        0.05953628200222738,
        0.061822126001061406,
        0.05848360500021954,
        0.04943950099914218,
        0.061434043000190286,
        0.056143924997741124,
        0.06869174399980693,
        0.08125536399893463,
        0.07049655899754725
    ],
    "hyperparameters": {
        "memory size": 2000,
        "discount factor": 0.95,
        "minibatch size": 32,
        "learning rate": 0.001,
        "epsilon decay": 0.99,
        "final epsilon": 0.1,
        "target neural network update freq": 100,
        "live plot freq": 1,
        "live plot": false,
        "neural network save freq": 100000
    },
    "game": "cartpole"
}