{
    "time": "2022-09-01-16-34-23",
    "episodes": 100,
    "performance history": [
        12,
        10,
        19,
        86,
        11,
        11,
        10,
        10,
        12,
        9,
        10,
        12,
        9,
        10,
        11,
        11,
        12,
        13,
        15,
        10,
        13,
        12,
        12,
        14,
        18,
        13,
        25,
        22,
        10,
        11,
        10,
        14,
        25,
        15,
        21,
        23,
        27,
        26,
        24,
        57,
        46,
        27,
        28,
        38,
        53,
        37,
        18,
        74,
        15,
        18,
        12,
        64,
        17,
        34,
        85,
        51,
        39,
        56,
        53,
        67,
        101,
        47,
        83,
        47,
        38,
        73,
        78,
        77,
        135,
        49,
        59,
        49,
        53,
        39,
        96,
        71,
        48,
        70,
        67,
        56,
        128,
        64,
        92,
        76,
        84,
        85,
        62,
        76,
        66,
        107,
        58,
        125,
        84,
        114,
        99,
        121,
        149,
        90,
        93,
        102
    ],
    "time history": [
        0.0003093289997195825,
        0.0002877850020013284,
        0.060324204998323694,
        0.5388147650010069,
        0.06830511199950706,
        0.06779572799860034,
        0.06673135700111743,
        0.06981316300152685,
        0.08087277199956588,
        0.05992813000193564,
        0.06215073100247537,
        0.07079621699813288,
        0.052937004998966586,
        0.05917070500072441,
        0.06909224999981234,
        0.06655872199917212,
        0.07097599000189803,
        0.07692089000192937,
        0.08784673400077736,
        0.05882819200269296,
        0.0763727099983953,
        0.07075429100223118,
        0.07882755099853966,
        0.09120107900162111,
        0.1187548819980293,
        0.08209998800157337,
        0.16522208899914403,
        0.14037761600047816,
        0.06041010999979335,
        0.0634911299966916,
        0.06098978100271779,
        0.09150389899878064,
        0.15754820800066227,
        0.09819269500076189,
        0.1366923650020908,
        0.15512472200134653,
        0.17989021200264688,
        0.1740295520030486,
        0.1617072310000367,
        0.38275060699743335,
        0.29668927199963946,
        0.17717272899972158,
        0.1818921230005799,
        0.25065546100086067,
        0.35730374999911874,
        0.23502970399931655,
        0.1218978379984037,
        0.48210146199926385,
        0.09362559800138115,
        0.10765434199856827,
        0.07161251000070479,
        0.40552765500251553,
        0.10096316099952674,
        0.23090880800009472,
        0.5604656169998634,
        0.3448327900005097,
        0.2572038530015561,
        0.3536846869974397,
        0.31832305200077826,
        0.423789863998536,
        0.6011976580011833,
        0.2846960599999875,
        0.5499798839991854,
        0.31277360300009605,
        0.2599435629999789,
        0.4734913649990631,
        0.4718369270012772,
        0.46639328299716,
        0.8256252089995542,
        0.3059986640000716,
        0.381574756000191,
        0.32275215499976184,
        0.31857251100154826,
        0.23155346299972734,
        0.6128702840032929,
        0.45892145700054243,
        0.3248957940013497,
        0.4696007149977959,
        0.4497349029988982,
        0.341139722000662,
        0.8491755789982562,
        0.44084849299906637,
        0.6283818379997683,
        0.5152853149993462,
        0.5458351189990935,
        0.536316961999546,
        0.3726804310026637,
        0.49716959400029737,
        0.4474838219975936,
        0.7183798289988772,
        0.39510704100030125,
        0.8184576450003078,
        0.6087884780026798,
        0.7419125650012575,
        0.6372056319996773,
        0.7948058479996689,
        1.0508731180016184,
        0.6116107069974532,
        0.5797716960005346,
        0.6856639379984699
    ],
    "hyperparameters": {
        "memory size": 2000,
        "discount factor": 0.95,
        "minibatch size": 32,
        "learning rate": 0.001,
        "epsilon decay": 0.99,
        "final epsilon": 0.1,
        "target neural network update freq": 100,
        "live plot freq": 1,
        "live plot": false,
        "neural network save freq": 100000
    },
    "game": "cartpole"
}