{
    "time": "2022-09-01-16-22-28",
    "episodes": 100,
    "performance history": [
        47,
        12,
        10,
        13,
        13,
        10,
        11,
        13,
        15,
        11,
        12,
        10,
        10,
        10,
        10,
        10,
        10,
        11,
        10,
        14,
        11,
        10,
        12,
        27,
        21,
        20,
        26,
        26,
        18,
        25,
        19,
        22,
        30,
        21,
        30,
        31,
        20,
        22,
        28,
        20,
        21,
        29,
        27,
        23,
        27,
        23,
        30,
        28,
        41,
        41,
        27,
        28,
        31,
        79,
        29,
        43,
        45,
        23,
        61,
        30,
        27,
        46,
        28,
        29,
        34,
        35,
        41,
        46,
        54,
        65,
        66,
        39,
        51,
        45,
        93,
        64,
        49,
        59,
        50,
        43,
        45,
        52,
        98,
        115,
        42,
        125,
        58,
        67,
        100,
        46,
        40,
        98,
        88,
        94,
        134,
        166,
        359,
        172,
        147,
        143
    ],
    "time history": [
        0.09713499700228567,
        0.08017249199838261,
        0.06634128400037298,
        0.08432725699822186,
        0.08692999600316398,
        0.0628250730005675,
        0.06555219499932718,
        0.07678207500066492,
        0.09400216200083378,
        0.07585894099975121,
        0.07833935800226755,
        0.05882548900262918,
        0.05930987499959883,
        0.05850828700204147,
        0.060321491000649985,
        0.05809851400044863,
        0.08316158000161522,
        0.08640466999713681,
        0.0559984749997966,
        0.0800879900016298,
        0.06483534300059546,
        0.06589134999740054,
        0.07163226299962844,
        0.18101075700178626,
        0.1384198079977068,
        0.1206741370006057,
        0.15700248499706504,
        0.1564742330010631,
        0.10771269399992889,
        0.15178878400183748,
        0.11464869200062822,
        0.13168589500128292,
        0.18103515999973752,
        0.13265337700067903,
        0.19633750300272368,
        0.20600620299956063,
        0.12719131599806133,
        0.13522955000007642,
        0.1706390189974627,
        0.12483323400010704,
        0.12816586199915037,
        0.18012132099829614,
        0.16723074300170993,
        0.14114920599968173,
        0.1656813580011658,
        0.14551091799876303,
        0.19186035899838316,
        0.1782065320003312,
        0.25696271599736065,
        0.24949398200260475,
        0.16674591400078498,
        0.16699372500079335,
        0.19450036800117232,
        0.639749172001757,
        0.19538433100024122,
        0.27965901299830875,
        0.3117341020006279,
        0.14664247499968042,
        0.3930317849990388,
        0.1764368980002473,
        0.1620555850022356,
        0.2795216869999422,
        0.17189150099875405,
        0.17369023700302932,
        0.21657092999885208,
        0.21855735500139417,
        0.24708203099726234,
        0.3374489630004973,
        0.39671552399886423,
        0.39837878300022567,
        0.40896082399922307,
        0.2482790579997527,
        0.32487754199974006,
        0.2810881759978656,
        0.5632762519999233,
        0.3966324880020693,
        0.31345331099873874,
        0.4074337310012197,
        0.3318881320010405,
        0.2565005790020223,
        0.2716493679981795,
        0.31894654700226965,
        0.6880379880021792,
        0.7104632119990129,
        0.2728866800025571,
        0.7912900840019574,
        0.37868860099843005,
        0.416653573000076,
        0.6411405879989616,
        0.3070446609999635,
        0.2496643429985852,
        0.6208567309986393,
        0.6684576200023002,
        0.6235249220007972,
        0.8886902039994311,
        1.0222393840012955,
        2.318911274000129,
        1.1409383520003757,
        0.9308309709995228,
        0.8873000160019728
    ],
    "hyperparameters": {
        "memory size": 2000,
        "discount factor": 0.95,
        "minibatch size": 32,
        "learning rate": 0.001,
        "epsilon decay": 0.99,
        "final epsilon": 0.1,
        "target neural network update freq": 100,
        "live plot freq": 1,
        "live plot": false,
        "neural network save freq": 100000
    },
    "game": "cartpole"
}