{
    "time": "2022-09-01-16-31-30",
    "episodes": 100,
    "performance history": [
        28,
        34,
        10,
        18,
        13,
        14,
        12,
        21,
        16,
        22,
        10,
        12,
        12,
        48,
        104,
        46,
        32,
        36,
        45,
        35,
        51,
        36,
        36,
        28,
        14,
        10,
        13,
        13,
        15,
        11,
        12,
        29,
        35,
        34,
        32,
        38,
        27,
        34,
        19,
        14,
        19,
        16,
        11,
        11,
        13,
        23,
        29,
        10,
        12,
        27,
        16,
        11,
        45,
        12,
        17,
        12,
        14,
        15,
        9,
        17,
        16,
        15,
        15,
        19,
        15,
        13,
        19,
        13,
        15,
        16,
        16,
        25,
        13,
        17,
        23,
        23,
        26,
        17,
        14,
        24,
        15,
        14,
        15,
        18,
        22,
        16,
        19,
        22,
        50,
        30,
        26,
        27,
        21,
        10,
        18,
        30,
        50,
        22,
        24,
        33
    ],
    "time history": [
        0.0011581079997995403,
        0.21416712499922141,
        0.07021215799977654,
        0.12504784199700225,
        0.08987405199877685,
        0.09830651099764509,
        0.08340749600029085,
        0.1361403100017924,
        0.10074843199981842,
        0.15105577299982542,
        0.06012155600183178,
        0.07422060200042324,
        0.08022478999919258,
        0.30648755299989716,
        0.6907429509992653,
        0.31270348799807834,
        0.22523197299960884,
        0.2500455970002804,
        0.3178939380013617,
        0.24126982500092709,
        0.3223036849994969,
        0.23453139800039935,
        0.23320017000150983,
        0.17376032999891322,
        0.08697272800054634,
        0.0619974250002997,
        0.08163322899781633,
        0.0801079339980788,
        0.09346434300096007,
        0.0672757089996594,
        0.07919184799902723,
        0.19888868199996068,
        0.23783766999986256,
        0.2236503720014298,
        0.21325301300021238,
        0.2511033509981644,
        0.18486085800032015,
        0.2141156100005901,
        0.12077248000059626,
        0.09702369700244162,
        0.1269937539982493,
        0.10467448199779028,
        0.06814956200105371,
        0.07889929000157281,
        0.08899839199875714,
        0.15378938499998185,
        0.17957582199960598,
        0.06917218200032949,
        0.08206601299752947,
        0.18312722599875997,
        0.10684920399944531,
        0.07715079199988395,
        0.3033845130012196,
        0.07958206699913717,
        0.1159724200006167,
        0.07923442699757288,
        0.09817323500101338,
        0.09724221500073327,
        0.06072916300036013,
        0.1157113080007548,
        0.1103609450001386,
        0.10121914000046672,
        0.09972342399851186,
        0.13006974900054047,
        0.10378821099948254,
        0.09326291300021694,
        0.12908702200002153,
        0.09068103200115729,
        0.09191635300157941,
        0.11158422899825382,
        0.10961267599850544,
        0.16886243599947193,
        0.09333047299878672,
        0.11517682000339846,
        0.15788703800353687,
        0.16309769000145025,
        0.18034915199677926,
        0.1056506349996198,
        0.08655677799833938,
        0.15959470700181555,
        0.0975682530006452,
        0.08662335099870688,
        0.0934396589982498,
        0.12628729000061867,
        0.1373869939998258,
        0.1036491400009254,
        0.12895528200169792,
        0.1498713190012495,
        0.3419502319993626,
        0.19572928799971123,
        0.1597669090006093,
        0.16923123699962161,
        0.13001378500121064,
        0.06249166899942793,
        0.11070272600045428,
        0.18594305100123165,
        0.3258442849983112,
        0.13596564999897964,
        0.14963502399768913,
        0.20447469999999157
    ],
    "hyperparameters": {
        "memory size": 2000,
        "discount factor": 0.95,
        "minibatch size": 32,
        "learning rate": 0.001,
        "epsilon decay": 0.99,
        "final epsilon": 0.1,
        "target neural network update freq": 100,
        "live plot freq": 1,
        "live plot": false,
        "neural network save freq": 100000
    },
    "game": "cartpole"
}