{
    "time": "2022-09-01-16-23-06",
    "episodes": 100,
    "performance history": [
        19,
        26,
        16,
        19,
        23,
        24,
        13,
        18,
        12,
        12,
        13,
        9,
        11,
        15,
        14,
        18,
        12,
        17,
        25,
        13,
        26,
        32,
        26,
        33,
        18,
        37,
        11,
        16,
        12,
        10,
        12,
        11,
        12,
        16,
        11,
        13,
        12,
        14,
        20,
        12,
        12,
        14,
        11,
        12,
        13,
        11,
        11,
        11,
        13,
        13,
        15,
        10,
        43,
        23,
        15,
        19,
        24,
        33,
        28,
        17,
        15,
        21,
        13,
        24,
        21,
        30,
        29,
        23,
        17,
        23,
        16,
        23,
        19,
        16,
        16,
        13,
        9,
        18,
        26,
        17,
        33,
        34,
        39,
        19,
        15,
        30,
        41,
        20,
        18,
        25,
        13,
        14,
        26,
        17,
        22,
        36,
        27,
        45,
        22,
        24
    ],
    "time history": [
        0.0006502450014522765,
        0.09946559400123078,
        0.10871066599793267,
        0.13544433700008085,
        0.16700160999971558,
        0.16816751399892382,
        0.09337050999965868,
        0.12670741100009764,
        0.08191782199719455,
        0.08932633500080556,
        0.09187865000058082,
        0.06459197600270272,
        0.07626856799834059,
        0.10462203499992029,
        0.10269443799916189,
        0.12097294500199496,
        0.0887903719994938,
        0.11344553399976576,
        0.17166216400073608,
        0.08492246500100009,
        0.16760829600025318,
        0.2702432600017346,
        0.19331608299762593,
        0.23393954499988467,
        0.1282224739989033,
        0.24272024399760994,
        0.06989689900001395,
        0.10968898499777424,
        0.07797925300110364,
        0.07064702800198575,
        0.08017681400087895,
        0.08178113000030862,
        0.08316439900227124,
        0.11921949099996709,
        0.07883265400232631,
        0.09171436500037089,
        0.08919095600140281,
        0.101067563999095,
        0.14264879399706842,
        0.07796755700110225,
        0.07943355299721588,
        0.09809155000039027,
        0.0709512489993358,
        0.08330182999998215,
        0.09897929799990379,
        0.08887488799882703,
        0.08467077200111817,
        0.07593560800160049,
        0.08226351200210047,
        0.08636432499770308,
        0.0985047449976264,
        0.07033830799991847,
        0.2938084979978157,
        0.1504876940016402,
        0.09706915299830143,
        0.12322130200118409,
        0.1741098790007527,
        0.23526359199968283,
        0.19818917200245778,
        0.12336390200289316,
        0.10665895200145314,
        0.13737491099891486,
        0.08197149199986598,
        0.16588426000089385,
        0.1494183860013436,
        0.22490231900155777,
        0.21058726999763167,
        0.166699184999743,
        0.11175825700047426,
        0.14631342899883748,
        0.10140052600036142,
        0.16861642100047902,
        0.1318402930010052,
        0.11774640099974931,
        0.11495756200019969,
        0.09089419399970211,
        0.06362227799763787,
        0.12742628500200226,
        0.18344935799905215,
        0.10662564900121652,
        0.23846121500173467,
        0.23195676000250387,
        0.27594832999966457,
        0.12278472599791712,
        0.09608104699873365,
        0.21149971900013043,
        0.2907471699982125,
        0.14035924299969338,
        0.12781261399868526,
        0.1797948470011761,
        0.09493232300155796,
        0.0997787749984127,
        0.18498948499836843,
        0.11936498100112658,
        0.15928499000074225,
        0.2696966090006754,
        0.19160399500105996,
        0.3102014860014606,
        0.1544119980026153,
        0.174445068998466
    ],
    "hyperparameters": {
        "memory size": 2000,
        "discount factor": 0.95,
        "minibatch size": 32,
        "learning rate": 0.001,
        "epsilon decay": 0.99,
        "final epsilon": 0.1,
        "target neural network update freq": 100,
        "live plot freq": 1,
        "live plot": false,
        "neural network save freq": 100000
    },
    "game": "cartpole"
}