{
    "time": "2022-09-01-16-32-27",
    "episodes": 100,
    "performance history": [
        14,
        17,
        15,
        21,
        9,
        12,
        13,
        13,
        13,
        14,
        12,
        18,
        12,
        12,
        10,
        12,
        10,
        12,
        11,
        10,
        10,
        12,
        9,
        12,
        13,
        11,
        9,
        10,
        10,
        10,
        8,
        10,
        9,
        12,
        11,
        10,
        9,
        10,
        9,
        11,
        10,
        9,
        14,
        9,
        11,
        8,
        8,
        10,
        12,
        12,
        10,
        13,
        11,
        10,
        11,
        10,
        11,
        9,
        16,
        12,
        15,
        13,
        13,
        11,
        13,
        11,
        10,
        11,
        9,
        12,
        14,
        12,
        12,
        13,
        12,
        11,
        13,
        14,
        13,
        14,
        10,
        14,
        14,
        15,
        12,
        10,
        15,
        15,
        10,
        12,
        14,
        11,
        13,
        13,
        14,
        12,
        12,
        14,
        13,
        15
    ],
    "time history": [
        0.000369471003068611,
        0.0006601240020245314,
        0.09256123099839897,
        0.12661174299864797,
        0.054912268999032676,
        0.07656997999947635,
        0.07831655499830958,
        0.0787638159999915,
        0.07994398300070316,
        0.0937976820023323,
        0.07308109999939916,
        0.11276710500169429,
        0.0721464800008107,
        0.07252111799971317,
        0.06063448200075072,
        0.0772733439989679,
        0.06733916200028034,
        0.07915506300196284,
        0.0755175539998163,
        0.059571847999905,
        0.05942804899677867,
        0.07150610499957111,
        0.054333787000359735,
        0.07276534599805018,
        0.0776015820010798,
        0.07028914900001837,
        0.05683408099866938,
        0.06109080700116465,
        0.06855069500306854,
        0.06884114000058617,
        0.05266120300075272,
        0.06755148800220923,
        0.06209454500276479,
        0.07414236800104845,
        0.07110114300303394,
        0.060951048999413615,
        0.05427931099984562,
        0.06580534699969576,
        0.05410959999790066,
        0.06690614100079983,
        0.06048484299753909,
        0.05493211499924655,
        0.08658070599994971,
        0.057540755999070825,
        0.06548741000005975,
        0.047214818998327246,
        0.04834987100184662,
        0.06025123099971097,
        0.08199519800109556,
        0.07846593700014637,
        0.0589879640028812,
        0.07661056899814866,
        0.06553119900127058,
        0.060694381998473546,
        0.07654028900287813,
        0.06815048299904447,
        0.06642690499938908,
        0.053722646000096574,
        0.09496737099834718,
        0.07049202700000023,
        0.09036019099949044,
        0.08766925700183492,
        0.08101426900248043,
        0.06829283900151495,
        0.08310618700124905,
        0.07236968600045657,
        0.06696247199943173,
        0.07029118300124537,
        0.05980325999917113,
        0.08387432199742761,
        0.09276541200233623,
        0.08122704199922737,
        0.0847612690013193,
        0.08597892299803789,
        0.08579992900195066,
        0.07491300099718501,
        0.07996571200055769,
        0.11197033200005535,
        0.10837873299897183,
        0.1156778190015757,
        0.07503906200145138,
        0.11765677999937907,
        0.10994652000226779,
        0.12106236799809267,
        0.09525764799764147,
        0.08180889600043884,
        0.11506830800135504,
        0.08765841900094529,
        0.06540061999839963,
        0.08405132800180581,
        0.09120013400024618,
        0.07985937000194099,
        0.0842788180016214,
        0.0899738369989791,
        0.09271188800266827,
        0.07290628500049934,
        0.08351998499711044,
        0.0876831889981986,
        0.09615221100102644,
        0.12290340300023672
    ],
    "hyperparameters": {
        "memory size": 2000,
        "discount factor": 0.95,
        "minibatch size": 32,
        "learning rate": 0.001,
        "epsilon decay": 0.99,
        "final epsilon": 0.1,
        "target neural network update freq": 100,
        "live plot freq": 1,
        "live plot": false,
        "neural network save freq": 100000
    },
    "game": "cartpole"
}