{
    "time": "2022-09-01-17-04-07",
    "episodes": 100,
    "performance history": [
        13,
        16,
        31,
        10,
        16,
        29,
        13,
        13,
        28,
        14,
        19,
        22,
        10,
        10,
        17,
        28,
        13,
        10,
        11,
        11,
        10,
        11,
        23,
        16,
        10,
        22,
        9,
        18,
        27,
        9,
        9,
        19,
        9,
        14,
        11,
        10,
        17,
        24,
        17,
        9,
        10,
        26,
        16,
        11,
        10,
        54,
        40,
        13,
        26,
        57,
        39,
        24,
        77,
        41,
        93,
        46,
        28,
        33,
        39,
        50,
        31,
        42,
        32,
        41,
        49,
        25,
        29,
        33,
        48,
        57,
        32,
        36,
        31,
        43,
        37,
        26,
        33,
        44,
        38,
        47,
        44,
        40,
        146,
        38,
        40,
        60,
        49,
        76,
        91,
        44,
        51,
        90,
        55,
        59,
        49,
        49,
        81,
        74,
        66,
        62
    ],
    "time history": [
        0.0004042309992655646,
        0.0004786360004800372,
        0.15654806200109306,
        0.05376324600001681,
        0.0857879729992419,
        0.15628989600008936,
        0.06886075500005973,
        0.06810290499925031,
        0.1506242379982723,
        0.07600913500209572,
        0.10498394800015376,
        0.1179372639999201,
        0.05454943199947593,
        0.055038387999957195,
        0.09027392899952247,
        0.15196987200033618,
        0.07119292300194502,
        0.05340560100012226,
        0.05980068300050334,
        0.06071902500116266,
        0.052617575998738175,
        0.057908178998332005,
        0.12646478199894773,
        0.08621848799884901,
        0.054593487999227364,
        0.12272592999943299,
        0.051976737999211764,
        0.09953369700087933,
        0.14590326299730805,
        0.04867390999788768,
        0.0485619860010047,
        0.10832610999932513,
        0.053608936999808066,
        0.07615515699944808,
        0.06328901900269557,
        0.05469586000253912,
        0.09001915200133226,
        0.12761909700202523,
        0.09099263499956578,
        0.04791154400300002,
        0.05186228300226503,
        0.1356311609997647,
        0.08271954800147796,
        0.05685758000254282,
        0.05187495000063791,
        0.2851395629986655,
        0.20992784799818764,
        0.06757248199937749,
        0.13386381500095013,
        0.29787684599796194,
        0.20168264099993394,
        0.12385223400269751,
        0.3935941939998884,
        0.20854671800043434,
        0.4789421330024197,
        0.23790081400147756,
        0.1420597309988807,
        0.16603156299970578,
        0.19838958800028195,
        0.2582953900018765,
        0.16003308400104288,
        0.21299066500068875,
        0.16080145399973844,
        0.21918385500248405,
        0.2590549109991116,
        0.12491309299730347,
        0.1536597599988454,
        0.1701083549996838,
        0.2513883950014133,
        0.30457081599888625,
        0.1655794850012171,
        0.18358226700001978,
        0.1580645200010622,
        0.22739708599692676,
        0.19147317500028294,
        0.1302445710025495,
        0.16755751299933763,
        0.23558205800145515,
        0.1969921810014057,
        0.253134056001727,
        0.23421260499890195,
        0.21452660300201387,
        0.7674363420010195,
        0.19578286499745445,
        0.20575775099860039,
        0.32518378299937467,
        0.26527337699735654,
        0.4083952800028783,
        0.4899237469981017,
        0.23439521500040428,
        0.2648197509988677,
        0.4732243340004061,
        0.28371587400033604,
        0.3134693590000097,
        0.2640247889976308,
        0.25866773199959425,
        0.43324558599852026,
        0.3908518730022479,
        0.3422531700016407,
        0.31915572000070824
    ],
    "hyperparameters": {
        "memory size": 2000,
        "discount factor": 0.95,
        "minibatch size": 32,
        "learning rate": 0.001,
        "epsilon decay": 0.99,
        "final epsilon": 0.1,
        "target neural network update freq": 100,
        "live plot freq": 1,
        "live plot": false,
        "neural network save freq": 100000
    },
    "game": "cartpole"
}