{
    "time": "2022-09-01-16-30-59",
    "episodes": 100,
    "performance history": [
        24,
        12,
        13,
        12,
        14,
        14,
        11,
        12,
        10,
        11,
        9,
        10,
        10,
        11,
        11,
        11,
        10,
        10,
        10,
        8,
        11,
        9,
        9,
        9,
        10,
        11,
        11,
        10,
        8,
        14,
        10,
        12,
        17,
        15,
        10,
        15,
        17,
        12,
        15,
        14,
        15,
        14,
        12,
        12,
        18,
        16,
        12,
        17,
        17,
        13,
        12,
        16,
        15,
        18,
        18,
        20,
        14,
        18,
        22,
        14,
        15,
        16,
        16,
        13,
        12,
        20,
        19,
        18,
        19,
        17,
        18,
        17,
        15,
        19,
        25,
        23,
        21,
        21,
        18,
        15,
        23,
        22,
        15,
        20,
        23,
        21,
        17,
        18,
        21,
        14,
        15,
        14,
        25,
        23,
        19,
        30,
        15,
        15,
        16,
        25
    ],
    "time history": [
        0.0006210709980223328,
        0.03563603599832277,
        0.08470872099860571,
        0.07308116199783399,
        0.08477210799901513,
        0.09555047899993951,
        0.07076838800276164,
        0.10081184500086238,
        0.06640759900255944,
        0.06628839599943603,
        0.05807175500012818,
        0.0664072670006135,
        0.06318461499904515,
        0.06929731700074626,
        0.07645660699927248,
        0.0744942519995675,
        0.06373347000044305,
        0.0629965420012013,
        0.06540596400009235,
        0.05366971800322062,
        0.07145909199971356,
        0.057921223997254856,
        0.055483984000602504,
        0.0574728249994223,
        0.06924127499951283,
        0.07262898299813969,
        0.07330086900037713,
        0.0709935509985371,
        0.05284277000100701,
        0.09331016699798056,
        0.0658035340020433,
        0.08151372999782325,
        0.11522619300012593,
        0.09861271699992358,
        0.06871276200035936,
        0.09977750800317153,
        0.1201485209967359,
        0.08049664700229187,
        0.09977162799987127,
        0.08891955899889581,
        0.09159259999796632,
        0.0866120780010533,
        0.07408426300025894,
        0.07430960400233744,
        0.11544065100315493,
        0.10023730600005365,
        0.07460317200093414,
        0.10640922899983707,
        0.11358460400151671,
        0.08744438999929116,
        0.08118067699979292,
        0.10696263900172198,
        0.10221120300047914,
        0.12256213200089405,
        0.12387485100043705,
        0.13831619399934425,
        0.0926143789984053,
        0.11514514000009513,
        0.14438975899975048,
        0.08744421400115243,
        0.09722568800134468,
        0.10766740600229241,
        0.10758218100090744,
        0.08698603799712146,
        0.08169904600072186,
        0.13459245600097347,
        0.12840764299835428,
        0.11195516299994779,
        0.12098716599939507,
        0.10837973500019871,
        0.11444352699982119,
        0.10914256099931663,
        0.09534753299885779,
        0.12122235000060755,
        0.15730184100175393,
        0.14219650400264072,
        0.12949579900305253,
        0.12812854000003426,
        0.11121984900091775,
        0.09087587899921346,
        0.1431517819983128,
        0.13905168900237186,
        0.09902864800096722,
        0.1317897759981861,
        0.15244713699939894,
        0.1610367329994915,
        0.1343749099978595,
        0.1338028049976856,
        0.14291766099995584,
        0.10205090999806998,
        0.10277979100283119,
        0.09948341500057722,
        0.17574972900183639,
        0.15807574300197302,
        0.13608162400123547,
        0.20996502399793826,
        0.10502213699874119,
        0.10117950700077927,
        0.10123563800152624,
        0.15742478399988613
    ],
    "hyperparameters": {
        "memory size": 2000,
        "discount factor": 0.95,
        "minibatch size": 32,
        "learning rate": 0.001,
        "epsilon decay": 0.99,
        "final epsilon": 0.1,
        "target neural network update freq": 100,
        "live plot freq": 1,
        "live plot": false,
        "neural network save freq": 100000
    },
    "game": "cartpole"
}