{
    "time": "2022-09-01-16-35-20",
    "episodes": 100,
    "performance history": [
        27,
        9,
        11,
        18,
        9,
        15,
        16,
        13,
        12,
        9,
        16,
        29,
        36,
        23,
        24,
        13,
        14,
        15,
        12,
        15,
        19,
        18,
        11,
        14,
        13,
        12,
        17,
        15,
        15,
        12,
        13,
        12,
        17,
        22,
        37,
        24,
        37,
        56,
        25,
        29,
        33,
        24,
        18,
        26,
        28,
        15,
        26,
        16,
        41,
        96,
        47,
        30,
        51,
        58,
        30,
        74,
        88,
        98,
        163,
        197,
        39,
        51,
        103,
        67,
        135,
        216,
        65,
        77,
        77,
        162,
        84,
        95,
        81,
        82,
        117,
        164,
        102,
        99,
        106,
        107,
        83,
        106,
        101,
        93,
        179,
        92,
        92,
        108,
        147,
        127,
        134,
        66,
        277,
        160,
        170,
        229,
        177,
        163,
        206,
        221
    ],
    "time history": [
        0.0008726570013095625,
        0.03206773299825727,
        0.07263619600053062,
        0.10800882200055639,
        0.05432906500209356,
        0.09021825400122907,
        0.10983215100350208,
        0.0918008180015022,
        0.08132477899926016,
        0.05416305199833005,
        0.09635768499720143,
        0.19336218099851976,
        0.24997172800067347,
        0.14403651999964495,
        0.1679796210009954,
        0.08593611299875192,
        0.09324842800197075,
        0.09864873100013938,
        0.07881500599978608,
        0.09209269100028905,
        0.12991267599863932,
        0.107915538999805,
        0.07199168900115183,
        0.0941557769983774,
        0.08111768199887592,
        0.07222515400280827,
        0.10318782900139922,
        0.09126631099934457,
        0.09148172599816462,
        0.08198677100153873,
        0.07816575200195075,
        0.071759087000828,
        0.10100162199887563,
        0.13538508499914315,
        0.2503148020005028,
        0.16071311899941065,
        0.2464534669998102,
        0.3778737499997078,
        0.16876030700223055,
        0.19801030599774094,
        0.22680954500174266,
        0.16650476699942374,
        0.12095716499970877,
        0.17559222199997748,
        0.18134044500038726,
        0.09807582699795603,
        0.1709044070012169,
        0.10457794399917475,
        0.25646156699804123,
        0.6609823199978564,
        0.29540562300098827,
        0.19407918000069913,
        0.3184628429989971,
        0.3862641119994805,
        0.18288236599983065,
        0.4598725639989425,
        0.5868092480013729,
        0.6054785110027296,
        1.0424573470008909,
        1.2333696739988227,
        0.24020884600031422,
        0.33587070599969593,
        0.6631022920009855,
        0.42487615900245146,
        0.8431643799995072,
        1.3594927029989776,
        0.43989294600032736,
        0.5147041910022381,
        0.5012809460022254,
        1.078397255998425,
        0.5712039360005292,
        0.5900802960022702,
        0.5467702990026737,
        0.6038981969977613,
        0.7795579810008348,
        1.0274786049994873,
        0.6885342460009269,
        0.6094282699996256,
        0.6628186390007613,
        0.7432637860001705,
        0.5788225129981583,
        0.7110889199975645,
        0.6631817019988375,
        0.6351440660000662,
        1.210865028999251,
        0.6260293960003764,
        0.6131993380004133,
        0.7161030579991348,
        0.9725089759995171,
        0.7805898309998156,
        0.9096369569997478,
        0.40606302800006233,
        1.734252150003158,
        1.023007610001514,
        1.0963074079991202,
        1.5698802130027616,
        1.1453458939977281,
        1.0341755580011522,
        1.3346494489996985,
        1.3720255389998783
    ],
    "hyperparameters": {
        "memory size": 2000,
        "discount factor": 0.95,
        "minibatch size": 32,
        "learning rate": 0.001,
        "epsilon decay": 0.99,
        "final epsilon": 0.1,
        "target neural network update freq": 100,
        "live plot freq": 1,
        "live plot": false,
        "neural network save freq": 100000
    },
    "game": "cartpole"
}