{
    "time": "2022-09-01-16-21-59",
    "episodes": 100,
    "performance history": [
        16,
        13,
        11,
        10,
        16,
        13,
        21,
        15,
        13,
        10,
        11,
        11,
        10,
        17,
        12,
        11,
        9,
        9,
        10,
        14,
        13,
        10,
        11,
        12,
        9,
        11,
        12,
        11,
        10,
        10,
        11,
        11,
        9,
        9,
        10,
        9,
        12,
        11,
        11,
        11,
        9,
        9,
        9,
        9,
        12,
        13,
        12,
        9,
        9,
        10,
        10,
        9,
        9,
        10,
        14,
        10,
        11,
        10,
        12,
        9,
        18,
        9,
        12,
        12,
        12,
        13,
        10,
        10,
        12,
        11,
        14,
        12,
        9,
        12,
        11,
        8,
        11,
        12,
        12,
        14,
        13,
        9,
        12,
        12,
        11,
        13,
        11,
        13,
        11,
        13,
        12,
        16,
        12,
        15,
        13,
        11,
        14,
        14,
        12,
        11
    ],
    "time history": [
        0.0005927130005147774,
        0.0002636030003486667,
        0.06453206700098235,
        0.06868490499982727,
        0.10419258800175157,
        0.09052829799838946,
        0.13912859999982174,
        0.09430311699907179,
        0.08533019699825672,
        0.06763687599959667,
        0.07394828899850836,
        0.07356004100074642,
        0.0688847050005279,
        0.11583758399865474,
        0.08253394199709874,
        0.076389380999899,
        0.056753355002001626,
        0.053781596001499565,
        0.061721107998891966,
        0.08817398099927232,
        0.08006467800078099,
        0.06759264699940104,
        0.07744307999746525,
        0.08269173999724444,
        0.055123679998359876,
        0.06693162699957611,
        0.07319031699807965,
        0.0740904349986522,
        0.06187646200123709,
        0.06245017800029018,
        0.06928299400169635,
        0.06928495299871429,
        0.055079707999539096,
        0.06171955799800344,
        0.06841936700220685,
        0.06194558000061079,
        0.08093973799986998,
        0.07395465499939746,
        0.07392519799759611,
        0.08501915899978485,
        0.06323579200034146,
        0.05860826500065741,
        0.06262330900062807,
        0.05793075399924419,
        0.08228448899899377,
        0.12140166600147495,
        0.07537566999963019,
        0.061457683998014545,
        0.06277365600180929,
        0.07046897899999749,
        0.0693701219970535,
        0.0616193670030043,
        0.0640088440013642,
        0.08786892900025123,
        0.09787189399867202,
        0.06106395999813685,
        0.06656149199989159,
        0.06195424100224045,
        0.07384646900027292,
        0.0545419789996231,
        0.11018854500071029,
        0.05550610499994946,
        0.07471108199752052,
        0.07409177199951955,
        0.07457687600253848,
        0.08103377899897168,
        0.05988772500131745,
        0.06098307600041153,
        0.07273200299823657,
        0.07157774699953734,
        0.0995789880034863,
        0.0847363819993916,
        0.06047233799836249,
        0.07291359300143085,
        0.06791589699787437,
        0.04880320799929905,
        0.08291915600057109,
        0.1210182930008159,
        0.12438938600098481,
        0.1250487700017402,
        0.12826030300129787,
        0.08208727199962595,
        0.09482638199915527,
        0.09744207000039751,
        0.108593404002022,
        0.11445666600047844,
        0.0958054760012601,
        0.08810960499977227,
        0.0791719339977135,
        0.09007439000197337,
        0.07392168499791296,
        0.11190826600068249,
        0.07724572200095281,
        0.10455726400323329,
        0.09860384599960526,
        0.10909332699884544,
        0.1472040119988378,
        0.09233723899887991,
        0.0694604039999831,
        0.06488719399931142
    ],
    "hyperparameters": {
        "memory size": 2000,
        "discount factor": 0.95,
        "minibatch size": 32,
        "learning rate": 0.001,
        "epsilon decay": 0.99,
        "final epsilon": 0.1,
        "target neural network update freq": 100,
        "live plot freq": 1,
        "live plot": false,
        "neural network save freq": 100000
    },
    "game": "cartpole"
}