{
    "time": "2022-09-01-16-14-08",
    "episodes": 100,
    "performance history": [
        40,
        17,
        18,
        32,
        24,
        50,
        40,
        47,
        48,
        44,
        39,
        26,
        35,
        40,
        39,
        39,
        50,
        73,
        23,
        15,
        15,
        15,
        13,
        13,
        13,
        15,
        12,
        11,
        10,
        11,
        10,
        13,
        10,
        13,
        11,
        15,
        12,
        12,
        11,
        11,
        9,
        12,
        15,
        12,
        10,
        13,
        10,
        12,
        9,
        11,
        12,
        12,
        10,
        11,
        11,
        15,
        13,
        17,
        44,
        44,
        59,
        17,
        51,
        48,
        60,
        60,
        61,
        57,
        500,
        500,
        370,
        16,
        15,
        24,
        20,
        23,
        20,
        24,
        124,
        87,
        28,
        110,
        121,
        135,
        30,
        67,
        138,
        100,
        81,
        59,
        56,
        57,
        58,
        29,
        63,
        27,
        56,
        20,
        29,
        27
    ],
    "time history": [
        0.0597140700010641,
        0.10935914999936358,
        0.10627485900113243,
        0.20457291700222413,
        0.14860352400137344,
        0.296047116000409,
        0.25309767199723865,
        0.3067154640011722,
        0.2938905689989042,
        0.27522195400160854,
        0.2467500310012838,
        0.1647147399999085,
        0.2070788540004287,
        0.23683667099976446,
        0.24060834199917736,
        0.26817896400098107,
        0.2793646659993101,
        0.43371813299745554,
        0.13569752799958223,
        0.08443092200104729,
        0.09378145699884044,
        0.0881197839989909,
        0.07727506999799516,
        0.08496800899956725,
        0.0867879110010108,
        0.09370325399868307,
        0.07036014700133819,
        0.07033104100264609,
        0.062230649000412086,
        0.061752769997838186,
        0.05590605700126616,
        0.08232114499696763,
        0.06432216799657908,
        0.08057713900052477,
        0.06992568100031349,
        0.10135816299953149,
        0.07217402000242146,
        0.07219090299986419,
        0.07037516499985941,
        0.07218616799946176,
        0.06184005500108469,
        0.07676615300078993,
        0.09291246200155001,
        0.07849912999881781,
        0.05760734100113041,
        0.07852810799886356,
        0.06658577999769477,
        0.07823229199857451,
        0.05872751399874687,
        0.06950118399981875,
        0.0758170910012268,
        0.08110457399743609,
        0.06429375800144044,
        0.06687515300291125,
        0.06994368199957535,
        0.09233095099989441,
        0.08771681199868908,
        0.09959100899868645,
        0.2803979269992851,
        0.27613513300093473,
        0.35312890500063077,
        0.11185207200105651,
        0.36831467899901327,
        0.3281870999999228,
        0.38481686800150783,
        0.4256814039981691,
        0.40189958900009515,
        0.3869650209999236,
        3.286673010999948,
        3.312401551000221,
        2.443965976999607,
        0.10426217900021584,
        0.10389967800074373,
        0.17244047799977125,
        0.13849932299854117,
        0.16326729300271836,
        0.13500961600220762,
        0.1628683099988848,
        0.7989197079987207,
        0.5509116140019614,
        0.17704377900008694,
        0.7216631379997125,
        0.8211448119982379,
        0.910893747000955,
        0.1998719289986184,
        0.44516963600108284,
        0.8667189949992462,
        0.6858251689991448,
        0.558260159999918,
        0.37086820599870407,
        0.37258804500015685,
        0.37238064799748827,
        0.4088317480018304,
        0.2069757639983436,
        0.3842261950012471,
        0.18466655799784348,
        0.3788684290011588,
        0.1368992870011425,
        0.17901546400025836,
        0.1709112480020849
    ],
    "hyperparameters": {
        "memory size": 2000,
        "discount factor": 0.95,
        "minibatch size": 32,
        "learning rate": 0.001,
        "epsilon decay": 0.99,
        "final epsilon": 0.1,
        "target neural network update freq": 100,
        "live plot freq": 1,
        "live plot": false,
        "neural network save freq": 100000
    },
    "game": "cartpole"
}