{
    "time": "2022-09-01-16-16-06",
    "episodes": 100,
    "performance history": [
        11,
        10,
        13,
        10,
        12,
        11,
        13,
        11,
        12,
        18,
        12,
        12,
        10,
        12,
        11,
        9,
        12,
        15,
        10,
        12,
        10,
        10,
        11,
        10,
        9,
        9,
        11,
        10,
        12,
        10,
        10,
        10,
        15,
        9,
        10,
        9,
        12,
        11,
        11,
        11,
        19,
        11,
        10,
        9,
        13,
        10,
        11,
        10,
        13,
        10,
        10,
        13,
        10,
        13,
        9,
        12,
        11,
        10,
        12,
        9,
        11,
        9,
        9,
        10,
        12,
        14,
        12,
        15,
        14,
        16,
        13,
        14,
        17,
        13,
        14,
        13,
        13,
        13,
        16,
        14,
        16,
        17,
        13,
        10,
        10,
        11,
        11,
        13,
        11,
        11,
        10,
        11,
        15,
        10,
        10,
        13,
        10,
        15,
        12,
        10
    ],
    "time history": [
        0.0004978969991498161,
        0.00023171100110630505,
        0.01940082600049209,
        0.061181103003036696,
        0.08092608500010101,
        0.07342745800269768,
        0.0883219259994803,
        0.07220282599882921,
        0.07862652699986938,
        0.12213802199767088,
        0.0786007390015584,
        0.08536556200124323,
        0.06825462699998752,
        0.07964104799975757,
        0.07251965400064364,
        0.06002026799978921,
        0.08309257200016873,
        0.09792301299967221,
        0.06665136300216545,
        0.08510478699827217,
        0.06071314500150038,
        0.05964097000105539,
        0.0661778610010515,
        0.06063318399901618,
        0.05427380100081791,
        0.05444128199815168,
        0.06681183599721408,
        0.06605844499790692,
        0.07884538500002236,
        0.060343034001562046,
        0.06648512099854997,
        0.06776883900238317,
        0.09979061600097339,
        0.055536683001264464,
        0.0651374510016467,
        0.05641095800092444,
        0.07364921800035518,
        0.06681290400229045,
        0.0690905039991776,
        0.07647793799696956,
        0.1225564119995397,
        0.06989690800037351,
        0.06119557700003497,
        0.05524676799905137,
        0.08148825299940654,
        0.06466183899829048,
        0.07424954299858655,
        0.06707007499790052,
        0.07912422500157845,
        0.0611328949999006,
        0.0606742080017284,
        0.07932100600010017,
        0.06092102500042529,
        0.07860296299986658,
        0.05496589700123877,
        0.07333260000086739,
        0.07062855299955118,
        0.06410334599786438,
        0.0844888070023444,
        0.05520930200145813,
        0.08096783200016944,
        0.056494855001801625,
        0.06197912199786515,
        0.06976302899784059,
        0.07783942700189073,
        0.09224251299747266,
        0.08392538200132549,
        0.09684423100043205,
        0.09379530699879979,
        0.10275000599722262,
        0.08376120899993111,
        0.1197797749991878,
        0.12784884099892224,
        0.10714243999973405,
        0.10597534800035646,
        0.08735048899688991,
        0.08610344800035818,
        0.08220071499818005,
        0.1059985339998093,
        0.08677845200145384,
        0.09571996899830992,
        0.10513692899985472,
        0.0789355560009426,
        0.0877684719998797,
        0.06332530800136738,
        0.06605379499887931,
        0.06607946500298567,
        0.08099162600046839,
        0.0791423049995501,
        0.0741036740000709,
        0.06661007100046845,
        0.07960497300155112,
        0.08973019100085367,
        0.05976817600094364,
        0.062181069999496685,
        0.08566770800098311,
        0.062157623997336486,
        0.09165531000326155,
        0.08330600399858668,
        0.061664748001931
    ],
    "hyperparameters": {
        "memory size": 2000,
        "discount factor": 0.95,
        "minibatch size": 32,
        "learning rate": 0.001,
        "epsilon decay": 0.99,
        "final epsilon": 0.1,
        "target neural network update freq": 100,
        "live plot freq": 1,
        "live plot": false,
        "neural network save freq": 100000
    },
    "game": "cartpole"
}