{
    "time": "2022-09-01-17-01-53",
    "episodes": 100,
    "performance history": [
        13,
        12,
        12,
        9,
        21,
        13,
        9,
        9,
        13,
        18,
        10,
        10,
        9,
        9,
        10,
        11,
        12,
        10,
        11,
        8,
        12,
        8,
        9,
        10,
        10,
        12,
        8,
        11,
        10,
        11,
        12,
        8,
        11,
        9,
        8,
        10,
        8,
        10,
        10,
        10,
        10,
        10,
        9,
        12,
        11,
        11,
        11,
        9,
        9,
        9,
        11,
        12,
        9,
        9,
        10,
        11,
        9,
        9,
        11,
        9,
        9,
        10,
        11,
        9,
        10,
        11,
        10,
        10,
        12,
        9,
        10,
        11,
        11,
        11,
        11,
        9,
        11,
        9,
        11,
        8,
        9,
        11,
        9,
        9,
        12,
        11,
        11,
        13,
        9,
        12,
        9,
        13,
        14,
        12,
        10,
        10,
        14,
        12,
        10,
        12
    ],
    "time history": [
        0.0002893470009439625,
        0.00021491199731826782,
        0.03471093199914321,
        0.05020540300029097,
        0.11577149599906988,
        0.07153655300135142,
        0.05110238999986905,
        0.049225212998862844,
        0.07335508999676676,
        0.101348363001307,
        0.054789165002148366,
        0.056738053001026856,
        0.050021375998767326,
        0.04857099999935599,
        0.05393421099870466,
        0.059799459002533695,
        0.06602302799728932,
        0.055845419999968726,
        0.060757888000807725,
        0.044253436997678364,
        0.06623642599879531,
        0.04397628700098721,
        0.049588704998313915,
        0.05476352599725942,
        0.054792820003058296,
        0.06541764900248381,
        0.04350868900291971,
        0.06122821300232317,
        0.0539492940006312,
        0.06000375300209271,
        0.06502086199907353,
        0.04289302500183112,
        0.05975550299990573,
        0.04960994499924709,
        0.04322327499903622,
        0.054355773001589114,
        0.04298439500053064,
        0.05419661400082987,
        0.05420051599867293,
        0.054045411001425236,
        0.05411127199840848,
        0.05397553700095159,
        0.04850621900186525,
        0.06487179000032484,
        0.06010494500151253,
        0.06022521200065967,
        0.05974068800060195,
        0.04816815400045016,
        0.04834857999958331,
        0.048072374000184936,
        0.05970261200127425,
        0.06508315999963088,
        0.048142310999537585,
        0.04834574699998484,
        0.0535006579993933,
        0.05936681399907684,
        0.047738682998897275,
        0.04813774300055229,
        0.05841166900063399,
        0.04813402099898667,
        0.047540249997837236,
        0.053319963000831194,
        0.05900871500125504,
        0.04759231999923941,
        0.054664523999235826,
        0.05893855300018913,
        0.05298990600203979,
        0.054348749999917345,
        0.06387211800029036,
        0.04828084900145768,
        0.05320728600054281,
        0.057940094000514364,
        0.05815282399998978,
        0.060177397997904336,
        0.05810702400049195,
        0.047574164000252495,
        0.059418322998681106,
        0.04894967299696873,
        0.06005887699939194,
        0.04309256100168568,
        0.048324278999643866,
        0.06094374100212008,
        0.05143823299658834,
        0.048824106001120526,
        0.06439722000141046,
        0.06105792300149915,
        0.05852798699925188,
        0.07033683899862808,
        0.048670279000361916,
        0.06296446100168396,
        0.04735277500003576,
        0.0693154360014887,
        0.07408345099975122,
        0.06319702600012533,
        0.056956242999149254,
        0.05456162400150788,
        0.07577268999739317,
        0.06767732499793055,
        0.0548028550001618,
        0.06817652500103577
    ],
    "hyperparameters": {
        "memory size": 2000,
        "discount factor": 0.95,
        "minibatch size": 32,
        "learning rate": 0.001,
        "epsilon decay": 0.99,
        "final epsilon": 0.1,
        "target neural network update freq": 100,
        "live plot freq": 1,
        "live plot": false,
        "neural network save freq": 100000
    },
    "game": "cartpole"
}