{
    "time": "2022-09-01-16-56-34",
    "episodes": 100,
    "performance history": [
        19,
        11,
        10,
        14,
        11,
        11,
        9,
        12,
        10,
        14,
        11,
        11,
        11,
        12,
        14,
        15,
        18,
        15,
        15,
        17,
        16,
        28,
        16,
        13,
        15,
        34,
        15,
        13,
        19,
        32,
        18,
        16,
        22,
        16,
        11,
        15,
        17,
        18,
        17,
        15,
        18,
        17,
        14,
        24,
        21,
        20,
        20,
        14,
        18,
        17,
        12,
        18,
        19,
        11,
        14,
        13,
        18,
        15,
        22,
        20,
        18,
        13,
        17,
        18,
        16,
        21,
        12,
        18,
        19,
        17,
        20,
        16,
        17,
        17,
        21,
        21,
        19,
        14,
        12,
        21,
        13,
        8,
        12,
        15,
        15,
        19,
        15,
        11,
        11,
        13,
        14,
        17,
        11,
        10,
        9,
        9,
        10,
        10,
        9,
        9
    ],
    "time history": [
        0.00048066399904200807,
        0.0003751459989871364,
        0.05512946000089869,
        0.08696255299946642,
        0.06763996699737618,
        0.06635715499942307,
        0.05454845999702229,
        0.0737520869988657,
        0.06060118700042949,
        0.09294856999986223,
        0.06687569499990786,
        0.0665702730002522,
        0.06777569200130529,
        0.07592185799876461,
        0.08671130699804053,
        0.09619282799758366,
        0.11480166999899666,
        0.08948410199809587,
        0.09027485499973409,
        0.1047774130020116,
        0.09380192299795453,
        0.1715249409971875,
        0.09691909899993334,
        0.07864953200260061,
        0.0899247489978734,
        0.20813160800025798,
        0.10055205800017575,
        0.08298008299971116,
        0.11218935900251381,
        0.20087587400121265,
        0.10930111700145062,
        0.09704198699910194,
        0.133703339000931,
        0.09699377799915965,
        0.06706893299997319,
        0.0917704630010121,
        0.11104310299924691,
        0.11679214700052398,
        0.1075381410009868,
        0.09458294800060685,
        0.11763953099944047,
        0.10194145500281593,
        0.08598380300099961,
        0.16094012899702648,
        0.1306385389980278,
        0.13627752500178758,
        0.14011883800048963,
        0.09206316800191416,
        0.1207555949986272,
        0.10141822900186526,
        0.07026062700242619,
        0.10628054200060433,
        0.11558025100021041,
        0.06880653500047629,
        0.09467334700093488,
        0.08621385799779091,
        0.12536736400215887,
        0.09053104099803022,
        0.1345247390017903,
        0.1303443270007847,
        0.12473605500053964,
        0.08707760399920517,
        0.11155858500205795,
        0.10930732400083798,
        0.1046986850014946,
        0.1391560150004807,
        0.0985976580013812,
        0.14102779400127474,
        0.12162304000230506,
        0.11423179899793467,
        0.13632246899942402,
        0.10529297700122697,
        0.10441835099845775,
        0.10275066100075492,
        0.13318069399974775,
        0.127997139999934,
        0.11786918299912941,
        0.09112815399930696,
        0.07439620199875208,
        0.14239541000279132,
        0.08643213100003777,
        0.05606902900035493,
        0.07546748000095249,
        0.08933964300013031,
        0.0891728550013795,
        0.11858439199932036,
        0.09174238999912632,
        0.06652715699965484,
        0.06587575800222112,
        0.07803071899979841,
        0.08447626999986824,
        0.10233772299761767,
        0.06616761799887172,
        0.060399459001928335,
        0.05476487599662505,
        0.0542196230016998,
        0.0682252700025856,
        0.0683101290014747,
        0.05457325300085358,
        0.0545827299974917
    ],
    "hyperparameters": {
        "memory size": 2000,
        "discount factor": 0.95,
        "minibatch size": 32,
        "learning rate": 0.001,
        "epsilon decay": 0.99,
        "final epsilon": 0.1,
        "target neural network update freq": 100,
        "live plot freq": 1,
        "live plot": false,
        "neural network save freq": 100000
    },
    "game": "cartpole"
}