{
    "time": "2022-09-01-16-39-31",
    "episodes": 100,
    "performance history": [
        9,
        17,
        18,
        10,
        20,
        16,
        8,
        15,
        9,
        13,
        10,
        10,
        10,
        8,
        9,
        12,
        10,
        10,
        9,
        8,
        9,
        9,
        10,
        9,
        9,
        13,
        9,
        10,
        10,
        10,
        10,
        10,
        8,
        10,
        9,
        9,
        11,
        10,
        10,
        9,
        12,
        11,
        11,
        9,
        11,
        10,
        9,
        10,
        8,
        10,
        9,
        13,
        10,
        11,
        14,
        10,
        8,
        12,
        10,
        11,
        12,
        11,
        12,
        9,
        11,
        9,
        9,
        11,
        12,
        11,
        12,
        10,
        9,
        10,
        10,
        9,
        10,
        12,
        13,
        12,
        9,
        9,
        9,
        11,
        10,
        12,
        13,
        17,
        10,
        13,
        11,
        12,
        13,
        12,
        12,
        11,
        17,
        18,
        17,
        19
    ],
    "time history": [
        0.0003263059988967143,
        0.0005037260016251821,
        0.08335943500060239,
        0.06470643099964946,
        0.1296311930018419,
        0.09677578999981051,
        0.05111901600321289,
        0.09553261099790689,
        0.05615928100087331,
        0.08742151300248224,
        0.06399557499753428,
        0.06424487800177303,
        0.064607722000801,
        0.04906805000064196,
        0.057577589999709744,
        0.07814193599915598,
        0.06503683099799673,
        0.06387196500145365,
        0.05621201900066808,
        0.04966083399995114,
        0.05737189600040438,
        0.056248175002110656,
        0.06376866700156825,
        0.05444784900100785,
        0.051788305998343276,
        0.07745063400216168,
        0.05653398800131981,
        0.06083599799967487,
        0.05791620799936936,
        0.05801077800060739,
        0.0577711170008115,
        0.05788279899934423,
        0.04644789799931459,
        0.059000890996685484,
        0.05726427199988393,
        0.05726027000127942,
        0.07109610699990299,
        0.06366193500070949,
        0.060483437999209855,
        0.0530113840031845,
        0.09362582800167729,
        0.06281158799902187,
        0.0705948510003509,
        0.05444469700159971,
        0.06831574099851423,
        0.0625141700002132,
        0.057084744999883696,
        0.06203726700186962,
        0.05125039400081732,
        0.06235631099843886,
        0.057376598997507244,
        0.07998774100269657,
        0.062507093000022,
        0.07035225399886258,
        0.08781923000060488,
        0.06229290800183662,
        0.053407534996949835,
        0.07556749599825707,
        0.06414535899966722,
        0.06937816999925417,
        0.07746011999915936,
        0.06983579699954134,
        0.07445589499911875,
        0.05682383000021218,
        0.07015674099966418,
        0.05661124199832557,
        0.057714503000170225,
        0.07254346099944087,
        0.07001620799928787,
        0.06331971099643852,
        0.07025769699976081,
        0.0574293489989941,
        0.05228721300227335,
        0.058589120002579875,
        0.05828287699841894,
        0.05296902900226996,
        0.058887388000584906,
        0.06958662800025195,
        0.07638470700112521,
        0.07032508600241272,
        0.05154226800004835,
        0.05268162799984566,
        0.05285890200320864,
        0.06392380800025421,
        0.058565993000229355,
        0.07111190300201997,
        0.07643333099986194,
        0.11428275399885024,
        0.058416899999429006,
        0.07561042100132909,
        0.06410326699915458,
        0.07068243399771745,
        0.07839382299789577,
        0.07044734000010067,
        0.06963942699803738,
        0.06687326500104973,
        0.09981639299803646,
        0.10514725200118846,
        0.09981324299951666,
        0.11532131700005266
    ],
    "hyperparameters": {
        "memory size": 2000,
        "discount factor": 0.95,
        "minibatch size": 32,
        "learning rate": 0.001,
        "epsilon decay": 0.99,
        "final epsilon": 0.1,
        "target neural network update freq": 100,
        "live plot freq": 1,
        "live plot": false,
        "neural network save freq": 100000
    },
    "game": "cartpole"
}