{
    "time": "2022-09-01-16-36-49",
    "episodes": 100,
    "performance history": [
        21,
        19,
        32,
        10,
        11,
        9,
        13,
        9,
        8,
        9,
        10,
        9,
        9,
        11,
        10,
        10,
        9,
        10,
        9,
        9,
        9,
        9,
        9,
        9,
        10,
        10,
        12,
        10,
        9,
        9,
        10,
        13,
        10,
        8,
        9,
        8,
        9,
        10,
        10,
        10,
        9,
        10,
        9,
        9,
        9,
        10,
        10,
        9,
        14,
        10,
        11,
        9,
        9,
        11,
        11,
        12,
        10,
        10,
        10,
        10,
        11,
        9,
        9,
        11,
        9,
        11,
        11,
        9,
        11,
        11,
        10,
        10,
        9,
        10,
        10,
        10,
        11,
        10,
        13,
        8,
        9,
        9,
        11,
        10,
        9,
        9,
        9,
        10,
        11,
        9,
        10,
        10,
        11,
        14,
        9,
        10,
        10,
        9,
        10,
        10
    ],
    "time history": [
        0.000677717001963174,
        0.06175636499756365,
        0.21870077600033255,
        0.06797756100058905,
        0.07627049300208455,
        0.0628928519981855,
        0.08716298999934224,
        0.06061629699979676,
        0.04826971300281002,
        0.05566011900009471,
        0.06056913200154668,
        0.05468728900086717,
        0.05481152599895722,
        0.06701576200066484,
        0.06323720100044739,
        0.06377570000040578,
        0.05751381599839078,
        0.06020985000213841,
        0.0553387189975183,
        0.05636890599998878,
        0.06299144800141221,
        0.06132642399825272,
        0.06197860599786509,
        0.06223804700130131,
        0.07091611600117176,
        0.06862550299774739,
        0.08016630899874144,
        0.06822414799898979,
        0.06311550200189231,
        0.06203351099975407,
        0.06567744999847491,
        0.09229947200219613,
        0.06711881199953496,
        0.055778832000214607,
        0.061426562002452556,
        0.0529627160030941,
        0.06075064200194902,
        0.06995298599940725,
        0.06907397800023318,
        0.0677877569978591,
        0.06091626000124961,
        0.06632768000054057,
        0.06188519900024403,
        0.06090996899729362,
        0.06002386600084719,
        0.06654582600094727,
        0.06912081699920236,
        0.06026880900026299,
        0.09573127899784595,
        0.06630185799804167,
        0.0663596599988523,
        0.05504819199995836,
        0.06136790999880759,
        0.07376051599931088,
        0.0742936099995859,
        0.08206787500239443,
        0.0594612729983055,
        0.06233006000184105,
        0.06761020699923392,
        0.0668502209991857,
        0.07340201799888746,
        0.058086648998141754,
        0.05492180100191035,
        0.06708990699917194,
        0.05449915200006217,
        0.06760291199680069,
        0.06844058400020003,
        0.053705468999396544,
        0.07188809600120294,
        0.07271612600015942,
        0.07042625699978089,
        0.06771165299869608,
        0.0588107379990106,
        0.06524291199821164,
        0.07020811799884541,
        0.06903097300164518,
        0.08016736599893193,
        0.06804688099873601,
        0.08583271400129888,
        0.05577408300086972,
        0.06232500000260188,
        0.06124429400006193,
        0.07266128600167576,
        0.0689856429999054,
        0.060821450999355875,
        0.061280238998733694,
        0.06118431899813004,
        0.07010206099948846,
        0.08239017499727197,
        0.05935072600186686,
        0.06316882600003737,
        0.060749857999326196,
        0.06784181199691375,
        0.08606270800009952,
        0.05587382199882995,
        0.06286281199936639,
        0.06272920600167708,
        0.0549363039972377,
        0.06816525300018839,
        0.06472070599920698
    ],
    "hyperparameters": {
        "memory size": 2000,
        "discount factor": 0.95,
        "minibatch size": 32,
        "learning rate": 0.001,
        "epsilon decay": 0.99,
        "final epsilon": 0.1,
        "target neural network update freq": 100,
        "live plot freq": 1,
        "live plot": false,
        "neural network save freq": 100000
    },
    "game": "cartpole"
}