{
    "time": "2022-09-01-16-36-31",
    "episodes": 100,
    "performance history": [
        31,
        29,
        19,
        28,
        36,
        31,
        41,
        99,
        26,
        48,
        41,
        35,
        11,
        28,
        8,
        12,
        15,
        14,
        14,
        30,
        11,
        45,
        38,
        26,
        42,
        22,
        11,
        14,
        14,
        12,
        19,
        14,
        13,
        12,
        18,
        15,
        12,
        37,
        12,
        21,
        22,
        24,
        18,
        19,
        19,
        15,
        15,
        32,
        13,
        25,
        16,
        20,
        27,
        39,
        16,
        11,
        12,
        12,
        17,
        18,
        12,
        14,
        24,
        9,
        15,
        12,
        13,
        17,
        27,
        58,
        23,
        57,
        14,
        92,
        51,
        27,
        43,
        56,
        27,
        23,
        25,
        21,
        19,
        14,
        29,
        55,
        46,
        45,
        48,
        27,
        46,
        59,
        33,
        50,
        37,
        23,
        26,
        18,
        23,
        25
    ],
    "time history": [
        0.000831730998470448,
        0.18698464200133458,
        0.14371736999964924,
        0.17834609000055934,
        0.22482396800114657,
        0.19532397200237028,
        0.26294344599955366,
        0.664574411999638,
        0.16429051000159234,
        0.2985060319988406,
        0.2609311300002446,
        0.2165960599995742,
        0.06855655699837371,
        0.17761393600085285,
        0.051472058999934234,
        0.08272017799754394,
        0.09497790200111922,
        0.0894554420010536,
        0.09250292499928037,
        0.193267010999989,
        0.06930290899981628,
        0.28968906799855176,
        0.24914026399710565,
        0.1755034509988036,
        0.3182122019970848,
        0.14332074800040573,
        0.08064073500281665,
        0.08897177200196893,
        0.09093882999877678,
        0.07534493600178394,
        0.12100384700170252,
        0.09242418500070926,
        0.08440883599905646,
        0.07819654699778766,
        0.11874150600124267,
        0.0980015960012679,
        0.07972035600323579,
        0.24615941700176336,
        0.07863562199781882,
        0.1414523929997813,
        0.14499267499923008,
        0.15590424599940889,
        0.11471944599907147,
        0.16134990000136895,
        0.15815368900075555,
        0.09727004199885414,
        0.09768088000055286,
        0.21023659099955694,
        0.09612853799990262,
        0.1627759610018984,
        0.10885003300063545,
        0.13985935000164318,
        0.19038122200072394,
        0.275380077000591,
        0.1135239499999443,
        0.08113802700245287,
        0.08256913000150234,
        0.08282893700015848,
        0.1155875090007612,
        0.1222289230026945,
        0.07694031999926665,
        0.08875094799805083,
        0.16070167499856325,
        0.061456695999368094,
        0.0977184759976808,
        0.07660059900081251,
        0.08358247900105198,
        0.11066299000231083,
        0.17998513000202365,
        0.4148290970006201,
        0.16664150900032837,
        0.39877251999860164,
        0.08895281099830754,
        0.7236385219985095,
        0.3771499680005945,
        0.19120479000048363,
        0.3054537349999009,
        0.40059253399886074,
        0.1842553009992116,
        0.1525176389986882,
        0.1798649350021151,
        0.14920231999712996,
        0.13427463699918007,
        0.09612008800104377,
        0.20400199499999871,
        0.3664796120028768,
        0.31376268900203286,
        0.3050893699983135,
        0.32425873600004707,
        0.18978344599963748,
        0.32347505199868465,
        0.4111824339997838,
        0.2191009110028972,
        0.3535801170000923,
        0.26224673300021095,
        0.15976928400050383,
        0.18868529400060652,
        0.12998240500019165,
        0.15562405300079263,
        0.16047213400088367
    ],
    "hyperparameters": {
        "memory size": 2000,
        "discount factor": 0.95,
        "minibatch size": 32,
        "learning rate": 0.001,
        "epsilon decay": 0.99,
        "final epsilon": 0.1,
        "target neural network update freq": 100,
        "live plot freq": 1,
        "live plot": false,
        "neural network save freq": 100000
    },
    "game": "cartpole"
}