{
    "time": "2022-09-01-17-01-07",
    "episodes": 100,
    "performance history": [
        40,
        16,
        46,
        48,
        12,
        19,
        9,
        9,
        10,
        9,
        15,
        10,
        15,
        9,
        10,
        9,
        12,
        10,
        11,
        9,
        11,
        9,
        8,
        9,
        9,
        10,
        9,
        10,
        10,
        10,
        11,
        10,
        11,
        12,
        11,
        11,
        11,
        15,
        19,
        13,
        20,
        21,
        23,
        27,
        56,
        99,
        31,
        51,
        22,
        46,
        38,
        35,
        44,
        60,
        83,
        35,
        25,
        87,
        28,
        32,
        63,
        28,
        39,
        80,
        76,
        33,
        106,
        48,
        38,
        54,
        48,
        109,
        54,
        48,
        123,
        37,
        31,
        35,
        43,
        95,
        39,
        44,
        35,
        31,
        36,
        91,
        29,
        32,
        45,
        84,
        42,
        46,
        58,
        80,
        38,
        67,
        79,
        60,
        50,
        100
    ],
    "time history": [
        0.04867524200017215,
        0.08290219599803095,
        0.23206153999853996,
        0.24133041799723287,
        0.061919678999402095,
        0.09855004500059295,
        0.04531545299687423,
        0.04534039899954223,
        0.05035337499793968,
        0.04484722000051988,
        0.0767087710009946,
        0.0527810719977424,
        0.07452311099768849,
        0.04484796899851062,
        0.04960711499734316,
        0.04524929200124461,
        0.05913242099995841,
        0.0498595729986846,
        0.054715973001293605,
        0.044586736999917775,
        0.05425044799994794,
        0.04432790500140982,
        0.04047344499849714,
        0.04700521000268054,
        0.04511035500036087,
        0.04893750400151475,
        0.04525998399913078,
        0.049799796997831436,
        0.04945869799848879,
        0.0498013880023791,
        0.05407909800123889,
        0.04928770399783389,
        0.054920135997235775,
        0.060477160001028096,
        0.054846858998644166,
        0.053798528999323025,
        0.054266135000943905,
        0.07509574300274835,
        0.09419410099872039,
        0.06444322300012573,
        0.09943274800025392,
        0.10277188100008061,
        0.11282093699992402,
        0.1332177460026287,
        0.2802696520011523,
        0.5025021729998116,
        0.1538753300010285,
        0.2490851099973952,
        0.1083795310005371,
        0.2256106679997174,
        0.1903719549991365,
        0.17196926000178792,
        0.21411097300006077,
        0.3009757450017787,
        0.41615513899887446,
        0.18278487199859228,
        0.12443371699919226,
        0.4431721059991105,
        0.14195628599918564,
        0.15959168399785995,
        0.3147290009983408,
        0.14268164500026614,
        0.19445356100186473,
        0.40548866300014197,
        0.390655806997529,
        0.16654619299879414,
        0.5440819799987366,
        0.24659108699779608,
        0.1972151850022783,
        0.27507047199833323,
        0.24485521400129073,
        0.5452787449976313,
        0.2749155090023123,
        0.23997395900005358,
        0.6362876520033751,
        0.18739874099992448,
        0.16121410000050673,
        0.17859781800143537,
        0.21626031000050716,
        0.4802285090008809,
        0.20184549199984758,
        0.2221537850018649,
        0.17361936799716204,
        0.16311858799963375,
        0.1841687929991167,
        0.46405045999927097,
        0.14668673599953763,
        0.16168947700134595,
        0.22605413700148347,
        0.43686527199679404,
        0.21846152300349786,
        0.2389571200001228,
        0.2958787039970048,
        0.4102516979983193,
        0.1992154119980114,
        0.34376521599915577,
        0.4007356029978837,
        0.316338534001261,
        0.25000112199995783,
        0.515337508997618
    ],
    "hyperparameters": {
        "memory size": 2000,
        "discount factor": 0.95,
        "minibatch size": 32,
        "learning rate": 0.001,
        "epsilon decay": 0.99,
        "final epsilon": 0.1,
        "target neural network update freq": 100,
        "live plot freq": 1,
        "live plot": false,
        "neural network save freq": 100000
    },
    "game": "cartpole"
}