{
    "time": "2022-09-01-17-05-03",
    "episodes": 100,
    "performance history": [
        13,
        29,
        10,
        20,
        10,
        23,
        23,
        10,
        15,
        11,
        10,
        9,
        10,
        8,
        10,
        10,
        9,
        10,
        10,
        10,
        9,
        8,
        11,
        11,
        17,
        12,
        12,
        12,
        13,
        12,
        12,
        8,
        14,
        10,
        16,
        9,
        11,
        12,
        12,
        11,
        11,
        11,
        12,
        12,
        13,
        12,
        13,
        12,
        13,
        12,
        12,
        12,
        14,
        13,
        14,
        12,
        14,
        13,
        12,
        10,
        17,
        9,
        10,
        9,
        10,
        10,
        11,
        15,
        27,
        22,
        16,
        24,
        37,
        28,
        32,
        41,
        26,
        22,
        35,
        32,
        31,
        37,
        37,
        34,
        40,
        38,
        41,
        59,
        37,
        20,
        20,
        20,
        22,
        24,
        17,
        24,
        25,
        18,
        24,
        17
    ],
    "time history": [
        0.00027938399944105186,
        0.06035373300255742,
        0.0529341920009756,
        0.10597445999883348,
        0.05490916499911691,
        0.12589589900017017,
        0.125122494999232,
        0.05414366599870846,
        0.08083061800061841,
        0.05893168300099205,
        0.05173822999859112,
        0.04638301299928571,
        0.05298481399950106,
        0.041986055999586824,
        0.05176295300043421,
        0.051012541000091005,
        0.046131601000524824,
        0.05297839799823123,
        0.052338411998789525,
        0.051681504999578465,
        0.0470763170014834,
        0.040816377997543896,
        0.05623397700037458,
        0.05628595199959818,
        0.08774212699790951,
        0.06197441199765308,
        0.062366087000555126,
        0.06343542299873661,
        0.06957587100259843,
        0.06231240100169089,
        0.06214786299824482,
        0.040278319000208285,
        0.07011268800124526,
        0.050599761998455506,
        0.08025393299976713,
        0.04560996199870715,
        0.055321421001281124,
        0.06082913700083736,
        0.060715471001458354,
        0.05523781300144037,
        0.05472675899727619,
        0.05446698200103128,
        0.060035506998247,
        0.0592305430000124,
        0.07009903699872666,
        0.0635247280006297,
        0.06742436999775236,
        0.06280869399779476,
        0.06583524699817644,
        0.06288544299968635,
        0.0617724490002729,
        0.05915508500038413,
        0.06888917399919592,
        0.06558525999935227,
        0.07261998499961919,
        0.060686409000481945,
        0.07091268599833711,
        0.06519485000171699,
        0.062295509000250604,
        0.05635640800028341,
        0.086488951001229,
        0.045884920000389684,
        0.050868668000475736,
        0.046518982999259606,
        0.0497503639999195,
        0.05132622199744219,
        0.05799185700016096,
        0.07782910500100115,
        0.13552095100021688,
        0.10919513100088807,
        0.07939219399850117,
        0.12753560000055586,
        0.193731391998881,
        0.14541204600027413,
        0.16106062800099608,
        0.20695135300047696,
        0.13638932699905126,
        0.11347461700279382,
        0.18327739700180246,
        0.1659652679991268,
        0.1612426610008697,
        0.18609397199907107,
        0.18806100599977071,
        0.17692352399899391,
        0.20383395699900575,
        0.1902674900011334,
        0.20651062400065712,
        0.30815207900013775,
        0.20059440500335768,
        0.10782926599858911,
        0.10917421100020874,
        0.10386774099970353,
        0.11463038699730532,
        0.12502237100125058,
        0.09047213799931342,
        0.12180050099777873,
        0.12512819800031139,
        0.09046252900225227,
        0.11979627100299695,
        0.0872711080010049
    ],
    "hyperparameters": {
        "memory size": 2000,
        "discount factor": 0.95,
        "minibatch size": 32,
        "learning rate": 0.001,
        "epsilon decay": 0.99,
        "final epsilon": 0.1,
        "target neural network update freq": 100,
        "live plot freq": 1,
        "live plot": false,
        "neural network save freq": 100000
    },
    "game": "cartpole"
}