{
    "time": "2022-09-01-16-59-56",
    "episodes": 100,
    "performance history": [
        34,
        12,
        17,
        12,
        11,
        11,
        11,
        10,
        12,
        12,
        10,
        9,
        8,
        9,
        10,
        11,
        11,
        9,
        11,
        11,
        11,
        10,
        10,
        9,
        11,
        11,
        10,
        10,
        13,
        10,
        10,
        12,
        11,
        10,
        9,
        11,
        11,
        10,
        10,
        11,
        9,
        11,
        12,
        11,
        11,
        14,
        12,
        11,
        11,
        11,
        12,
        11,
        12,
        11,
        10,
        13,
        14,
        13,
        13,
        11,
        11,
        12,
        11,
        12,
        13,
        17,
        18,
        20,
        13,
        16,
        18,
        20,
        16,
        16,
        19,
        24,
        35,
        34,
        15,
        16,
        16,
        22,
        23,
        16,
        43,
        44,
        26,
        40,
        38,
        27,
        37,
        22,
        24,
        36,
        43,
        35,
        43,
        24,
        33,
        34
    ],
    "time history": [
        0.017401237000740366,
        0.06710208900040016,
        0.09981398799936869,
        0.07027772599758464,
        0.057482418000290636,
        0.05608030399889685,
        0.05545156099833548,
        0.05095301699839183,
        0.06947992599816644,
        0.07014981400061515,
        0.058020733999001095,
        0.05203279399938765,
        0.04541333599991049,
        0.04983289300071192,
        0.05479234999802429,
        0.05968810500053223,
        0.06001891199775855,
        0.050458740999602014,
        0.06252579600186436,
        0.0661877739985357,
        0.06405042699771002,
        0.055598880997422384,
        0.05407283900058246,
        0.04937894199974835,
        0.05937133299812558,
        0.06153396999798133,
        0.05256362799991621,
        0.05205602500063833,
        0.06614859100227477,
        0.05007604300044477,
        0.049523395999131026,
        0.059219435999693815,
        0.055860243999632075,
        0.055992532998061506,
        0.05510334100108594,
        0.06324666000000434,
        0.06408703399938531,
        0.05733244699877105,
        0.05874866399972234,
        0.07447354900068603,
        0.05969029900006717,
        0.058388042998558376,
        0.0645132450008532,
        0.05833818999963114,
        0.05942392299766652,
        0.08178153200060478,
        0.07132995899883099,
        0.06612707699969178,
        0.05989263100127573,
        0.05861778699909337,
        0.06803769900216139,
        0.0620787139996537,
        0.06962207100150408,
        0.06256843399751233,
        0.05293299299955834,
        0.06932716200026334,
        0.08390189800047665,
        0.07106040799772018,
        0.07413767799880588,
        0.05942000099821598,
        0.0661723039993376,
        0.06748326500019175,
        0.06048116000238224,
        0.06490481999935582,
        0.07259785700080101,
        0.09536747200036189,
        0.09884769799828064,
        0.10242635300164693,
        0.06674414499866543,
        0.08208114699664293,
        0.09670298399942112,
        0.10367985699849669,
        0.08404993599833688,
        0.07977964399833581,
        0.09952541600068798,
        0.11890921899976092,
        0.17674440900009358,
        0.1737348939968797,
        0.08508142799837515,
        0.08530447999874013,
        0.08417891499993857,
        0.11402602900125203,
        0.1226728080000612,
        0.0833284399996046,
        0.2192646319999767,
        0.22598088800077676,
        0.13269632299852674,
        0.20430397000018274,
        0.19411783699979424,
        0.13555590900068637,
        0.1856201129994588,
        0.1103750409965869,
        0.11833569200098282,
        0.17952501500258222,
        0.2146755409994512,
        0.17389542599994456,
        0.2236318030008988,
        0.14582143100051326,
        0.18097809800019604,
        0.19198678599786945
    ],
    "hyperparameters": {
        "memory size": 2000,
        "discount factor": 0.95,
        "minibatch size": 32,
        "learning rate": 0.001,
        "epsilon decay": 0.99,
        "final epsilon": 0.1,
        "target neural network update freq": 100,
        "live plot freq": 1,
        "live plot": false,
        "neural network save freq": 100000
    },
    "game": "cartpole"
}