{
    "time": "2022-09-01-16-19-57",
    "episodes": 100,
    "performance history": [
        13,
        18,
        15,
        14,
        12,
        9,
        9,
        11,
        11,
        14,
        23,
        10,
        11,
        12,
        11,
        9,
        10,
        9,
        11,
        12,
        11,
        9,
        9,
        12,
        10,
        8,
        10,
        9,
        13,
        9,
        10,
        12,
        10,
        11,
        8,
        9,
        9,
        11,
        10,
        9,
        10,
        9,
        10,
        10,
        9,
        9,
        9,
        9,
        9,
        10,
        8,
        10,
        9,
        8,
        11,
        10,
        10,
        12,
        10,
        9,
        11,
        9,
        11,
        10,
        10,
        11,
        9,
        9,
        10,
        11,
        11,
        11,
        10,
        10,
        11,
        9,
        10,
        12,
        13,
        10,
        9,
        10,
        10,
        9,
        10,
        11,
        10,
        12,
        11,
        11,
        11,
        10,
        9,
        10,
        11,
        11,
        9,
        9,
        11,
        9
    ],
    "time history": [
        0.000481120001495583,
        0.0005781699983344879,
        0.11809472000095411,
        0.08821405699927709,
        0.07944177800163743,
        0.057961631999205565,
        0.06108529800258111,
        0.07075698299740907,
        0.0711924960014585,
        0.0932695949995832,
        0.1501873550005257,
        0.08776225299880025,
        0.10192921700217994,
        0.082842151998193,
        0.06997067799966317,
        0.052339596000820166,
        0.06379115399977309,
        0.056773330998112215,
        0.07621586399909575,
        0.07630749899908551,
        0.0749671789999411,
        0.060237344001507154,
        0.06138801300039631,
        0.07847294000021066,
        0.0650596180021239,
        0.05478782700083684,
        0.06818793099955656,
        0.062449804001516895,
        0.08576454500143882,
        0.059086512999783736,
        0.0670921390010335,
        0.0732849880005233,
        0.05830623799920431,
        0.06603605000054813,
        0.050925937001011334,
        0.059952322000754066,
        0.0575632059990312,
        0.074481546998868,
        0.06722162699952605,
        0.06060462599998573,
        0.06720281199886813,
        0.06096418299785,
        0.06600094500026898,
        0.06567662200177438,
        0.06010337400221033,
        0.06077796199679142,
        0.06235163100063801,
        0.06077972300045076,
        0.05790084199907142,
        0.06696611900042626,
        0.05078720800156589,
        0.06664548399930936,
        0.052462351999565726,
        0.047298842000600416,
        0.09936342099899775,
        0.0938815040026384,
        0.09181586699924082,
        0.08084422599858954,
        0.06332113700045738,
        0.0559201079995546,
        0.07342956700085779,
        0.05896509399826755,
        0.06731550499898731,
        0.06324304000008851,
        0.06595166800252628,
        0.07132004799859715,
        0.05954786199799855,
        0.05926054000156,
        0.0646488029997272,
        0.0689007440014393,
        0.06519885099987732,
        0.06511293799849227,
        0.05918114000087371,
        0.06012002600255073,
        0.0655961579977884,
        0.05339755999739282,
        0.06023485100013204,
        0.07413122399884742,
        0.08352207200005068,
        0.05975553200187278,
        0.05422704699958558,
        0.06442474700088496,
        0.06691903400133015,
        0.0595440859979135,
        0.06736344999808352,
        0.07130348899954697,
        0.06532425100158434,
        0.08287783700143336,
        0.07487440900149522,
        0.07123624199812184,
        0.07175415399979101,
        0.06565163599952939,
        0.05914738299907185,
        0.06520198600264848,
        0.07129779800015967,
        0.07153254299919354,
        0.05851657799939858,
        0.05941874400014058,
        0.07319994299905375,
        0.06228919299974223
    ],
    "hyperparameters": {
        "memory size": 2000,
        "discount factor": 0.95,
        "minibatch size": 32,
        "learning rate": 0.001,
        "epsilon decay": 0.99,
        "final epsilon": 0.1,
        "target neural network update freq": 100,
        "live plot freq": 1,
        "live plot": false,
        "neural network save freq": 100000
    },
    "game": "cartpole"
}