{
    "time": "2022-09-01-17-05-37",
    "episodes": 100,
    "performance history": [
        24,
        60,
        44,
        31,
        36,
        72,
        37,
        48,
        42,
        104,
        25,
        24,
        43,
        37,
        41,
        61,
        40,
        34,
        42,
        47,
        39,
        77,
        52,
        42,
        22,
        35,
        81,
        62,
        55,
        62,
        60,
        88,
        53,
        50,
        70,
        70,
        45,
        58,
        69,
        77,
        83,
        67,
        72,
        54,
        59,
        113,
        44,
        50,
        38,
        66,
        68,
        34,
        80,
        26,
        50,
        24,
        67,
        42,
        40,
        65,
        55,
        59,
        68,
        71,
        40,
        42,
        71,
        80,
        42,
        62,
        70,
        41,
        55,
        89,
        87,
        73,
        61,
        59,
        67,
        83,
        76,
        38,
        99,
        75,
        68,
        72,
        62,
        54,
        110,
        121,
        78,
        95,
        89,
        80,
        66,
        105,
        74,
        71,
        67,
        77
    ],
    "time history": [
        0.0007780800006003119,
        0.2855795300019963,
        0.2287916999994195,
        0.15832500599935884,
        0.1896441299977596,
        0.36518115700164344,
        0.1967784379994555,
        0.24380314800146152,
        0.21665420099816401,
        0.5496293659998628,
        0.13346890100001474,
        0.1252793349995045,
        0.22550201899866806,
        0.1937389209997491,
        0.23013623700171593,
        0.3134697829991637,
        0.21226810600273893,
        0.17956734399922425,
        0.22356789100012975,
        0.25087233500016737,
        0.21097560800262727,
        0.4105961009991006,
        0.2732554850008455,
        0.2158952979989408,
        0.11396631100069499,
        0.18227337000280386,
        0.4145596669986844,
        0.31854204000046593,
        0.2841198930000246,
        0.3139432999996643,
        0.30758266799966805,
        0.454838744000881,
        0.27996985799836693,
        0.26827391700135195,
        0.3653896280011395,
        0.3616756390001683,
        0.23476001999733853,
        0.30089108500033035,
        0.3493784519996552,
        0.413437191000412,
        0.4429048160018283,
        0.4396755439993285,
        0.7301159929993446,
        1.120651845001703,
        0.594496251000237,
        0.6280062820005696,
        0.2513943570011179,
        0.2835746160017152,
        0.2052642270027718,
        0.3551665189988853,
        0.36570950399982394,
        0.1780978419992607,
        0.4449313089971838,
        0.14430083900151658,
        0.26759858800141956,
        0.12927601100091124,
        0.3584349069969903,
        0.225207750001573,
        0.21226622899848735,
        0.35206949500206974,
        0.2891222629987169,
        0.31208173200138845,
        0.3504477140013478,
        0.3798139579994313,
        0.2117396000030567,
        0.2229029800000717,
        0.3788164430006873,
        0.41616433699891786,
        0.21696278600211372,
        0.31840240299789,
        0.36517301899948507,
        0.2093569969983946,
        0.2837639360004687,
        0.460700175997772,
        0.46277358700172044,
        0.38198989200100186,
        0.31990938799935975,
        0.30401061800148454,
        0.3609447859998909,
        0.44452975599779165,
        0.4083371779997833,
        0.20328036800128757,
        0.5183961250004359,
        0.40278620200115256,
        0.36429179100014153,
        0.3806406780022371,
        0.3319251799985068,
        0.2951929930022743,
        0.602183380000497,
        0.6550857379988884,
        0.42035997299899464,
        0.5210102520031796,
        0.48439770299955853,
        0.4353444070002297,
        0.35963762900064467,
        0.5753875839982356,
        0.40394948599714553,
        0.38039994000064326,
        0.3575616810012434,
        0.4142066339991288
    ],
    "hyperparameters": {
        "memory size": 2000,
        "discount factor": 0.95,
        "minibatch size": 32,
        "learning rate": 0.001,
        "epsilon decay": 0.99,
        "final epsilon": 0.1,
        "target neural network update freq": 100,
        "live plot freq": 1,
        "live plot": false,
        "neural network save freq": 100000
    },
    "game": "cartpole"
}