{
    "time": "2022-09-01-16-28-58",
    "episodes": 100,
    "performance history": [
        14,
        15,
        35,
        49,
        53,
        31,
        26,
        32,
        10,
        9,
        11,
        19,
        8,
        9,
        9,
        9,
        17,
        12,
        18,
        11,
        23,
        11,
        18,
        9,
        16,
        22,
        22,
        13,
        13,
        10,
        12,
        14,
        12,
        13,
        15,
        11,
        13,
        14,
        11,
        10,
        13,
        24,
        17,
        14,
        18,
        22,
        16,
        17,
        21,
        31,
        17,
        33,
        56,
        56,
        24,
        27,
        57,
        47,
        59,
        45,
        180,
        95,
        39,
        102,
        35,
        51,
        62,
        73,
        40,
        56,
        34,
        48,
        27,
        42,
        40,
        44,
        40,
        35,
        41,
        45,
        50,
        34,
        30,
        40,
        32,
        37,
        51,
        41,
        72,
        37,
        54,
        31,
        39,
        54,
        33,
        33,
        72,
        46,
        28,
        37
    ],
    "time history": [
        0.0004650529990612995,
        0.0002883060005842708,
        0.20038620700142928,
        0.2994759100001829,
        0.3334449020003376,
        0.19244845200228156,
        0.16374599499977194,
        0.1989475640002638,
        0.05959210999935749,
        0.05619069300155388,
        0.06785171900264686,
        0.12261448899880634,
        0.05005417199936346,
        0.05492177099949913,
        0.05475369200212299,
        0.06595487100275932,
        0.1177478709978459,
        0.08289179600251373,
        0.12025731399990036,
        0.08580282899856684,
        0.18486119199951645,
        0.0850291830029164,
        0.11089775900109089,
        0.06261493700003484,
        0.09455114500087802,
        0.14040158699936,
        0.13476575399909052,
        0.08997732499847189,
        0.08817555399946286,
        0.06754593399818987,
        0.07852634200025932,
        0.0973222229986277,
        0.07913975600240519,
        0.08714990699809277,
        0.10435289599990938,
        0.07559542099988903,
        0.0922578749996319,
        0.0910358860019187,
        0.07401528900300036,
        0.07306042699929094,
        0.09077964799871552,
        0.15314663600292988,
        0.11247682899920619,
        0.08430631100054597,
        0.10840325000026496,
        0.13909523699840065,
        0.10619007800050895,
        0.1293341620003048,
        0.15423569699851214,
        0.21992427200166276,
        0.1206252529991616,
        0.220234297998104,
        0.36716322299980675,
        0.3686633190009161,
        0.14809444400088978,
        0.17629115800082218,
        0.3786646090011345,
        0.31556100899979356,
        0.37715303900040453,
        0.3015609370013408,
        1.1191746069998771,
        0.6230101559995092,
        0.2584182989994588,
        0.7164274850001675,
        0.23961258300187183,
        0.3476459840021562,
        0.3839658409997355,
        0.575729913001851,
        0.3069690999982413,
        0.4447341490013059,
        0.22904507299972465,
        0.33598496899867314,
        0.18539176899867016,
        0.2899426920012047,
        0.27356399800191866,
        0.29953532699801144,
        0.2542367309979454,
        0.23182005600028788,
        0.2861607710001408,
        0.2901488919997064,
        0.31425929199758684,
        0.228946356997767,
        0.1986928389997047,
        0.2635400679973827,
        0.20254984100029105,
        0.27440962200125796,
        0.33883667700138176,
        0.2522369619982783,
        0.45585572799973306,
        0.29592808699817397,
        0.34703227099817013,
        0.22018661800029804,
        0.2983348490015487,
        0.373614625998016,
        0.24285906400109525,
        0.22242488699703244,
        0.4623803950016736,
        0.2920592230002512,
        0.19391576999987592,
        0.2549205420000362
    ],
    "hyperparameters": {
        "memory size": 2000,
        "discount factor": 0.95,
        "minibatch size": 32,
        "learning rate": 0.001,
        "epsilon decay": 0.99,
        "final epsilon": 0.1,
        "target neural network update freq": 100,
        "live plot freq": 1,
        "live plot": false,
        "neural network save freq": 100000
    },
    "game": "cartpole"
}