{
    "time": "2022-09-01-17-04-16",
    "episodes": 100,
    "performance history": [
        20,
        13,
        16,
        16,
        20,
        12,
        10,
        13,
        13,
        11,
        10,
        8,
        9,
        11,
        11,
        9,
        11,
        11,
        10,
        11,
        9,
        11,
        13,
        10,
        9,
        14,
        11,
        11,
        12,
        10,
        12,
        12,
        10,
        12,
        10,
        12,
        12,
        11,
        13,
        12,
        9,
        9,
        10,
        11,
        10,
        11,
        14,
        11,
        8,
        12,
        13,
        10,
        11,
        11,
        11,
        13,
        11,
        13,
        13,
        12,
        18,
        17,
        13,
        18,
        15,
        19,
        13,
        17,
        19,
        20,
        25,
        19,
        23,
        22,
        31,
        26,
        24,
        23,
        29,
        30,
        33,
        29,
        24,
        29,
        22,
        22,
        20,
        32,
        23,
        29,
        34,
        31,
        25,
        40,
        30,
        22,
        30,
        21,
        24,
        28
    ],
    "time history": [
        0.0005090900012874044,
        0.011443182000220986,
        0.08817017399996985,
        0.0867647119994217,
        0.10429724899950088,
        0.06273081800100044,
        0.05220407399974647,
        0.0687459979999403,
        0.07031773999915458,
        0.06017486699784058,
        0.05378475700126728,
        0.042288770997402025,
        0.049256541999056935,
        0.06098298300275928,
        0.05976542899952619,
        0.04885387600006652,
        0.0585832010001468,
        0.05795273600233486,
        0.05312457699983497,
        0.05904553800064605,
        0.04875766400073189,
        0.05878357399706147,
        0.07005659199785441,
        0.05370842499905848,
        0.04800580599840032,
        0.07610664599997108,
        0.060687239001708804,
        0.058969092002371326,
        0.06473766199997044,
        0.054724480000004405,
        0.06346818000019994,
        0.06458377900344203,
        0.05394334200173034,
        0.06601909599703504,
        0.052892358999088174,
        0.06575899599920376,
        0.06416510200142511,
        0.05838214899995364,
        0.07195227100237389,
        0.06510473799789906,
        0.047249667997675715,
        0.04791423699862207,
        0.05322472999978345,
        0.058619675000954885,
        0.05282790199998999,
        0.05956036199859227,
        0.07611643700147397,
        0.05890928899680148,
        0.042205899000691716,
        0.06456663700009813,
        0.07039502499901573,
        0.05282782499853056,
        0.058496016998105915,
        0.058010431999719,
        0.05766900099843042,
        0.06972575500185485,
        0.05859849900298286,
        0.06878250400040997,
        0.06866381800136878,
        0.06510498799980269,
        0.09504280999681214,
        0.0887490799977968,
        0.06699695600036648,
        0.0959030480007641,
        0.0811804149998352,
        0.10072620499704499,
        0.06965435600068304,
        0.09076973099945462,
        0.10196537699812325,
        0.10979066900108592,
        0.13293581399921095,
        0.10101837299953331,
        0.1218340060004266,
        0.11907466299817315,
        0.16654116100107785,
        0.13941911899746628,
        0.12858024399974965,
        0.1227280970015272,
        0.15449334099685075,
        0.15951012699952116,
        0.176386655002716,
        0.15109622499949182,
        0.12437837600009516,
        0.15048240999749396,
        0.11502520900103264,
        0.11651376900044852,
        0.10379399199882755,
        0.1662105409996002,
        0.12088707600196358,
        0.1499035870001535,
        0.17648567100332002,
        0.169432106999011,
        0.13639726900146343,
        0.21579921000011382,
        0.164129368000431,
        0.11859949900099309,
        0.16262841999923694,
        0.11098276899792836,
        0.1292006500007119,
        0.14747911800077418
    ],
    "hyperparameters": {
        "memory size": 2000,
        "discount factor": 0.95,
        "minibatch size": 32,
        "learning rate": 0.001,
        "epsilon decay": 0.99,
        "final epsilon": 0.1,
        "target neural network update freq": 100,
        "live plot freq": 1,
        "live plot": false,
        "neural network save freq": 100000
    },
    "game": "cartpole"
}