{
    "time": "2022-09-01-16-33-52",
    "episodes": 100,
    "performance history": [
        18,
        11,
        30,
        9,
        18,
        10,
        11,
        10,
        10,
        10,
        73,
        32,
        44,
        65,
        72,
        87,
        47,
        43,
        63,
        37,
        37,
        53,
        31,
        87,
        26,
        38,
        24,
        25,
        38,
        24,
        43,
        74,
        20,
        48,
        37,
        57,
        37,
        34,
        18,
        33,
        23,
        31,
        72,
        102,
        24,
        96,
        20,
        56,
        59,
        41,
        34,
        34,
        36,
        49,
        50,
        68,
        52,
        36,
        29,
        39,
        20,
        33,
        43,
        39,
        71,
        87,
        49,
        26,
        37,
        48,
        53,
        32,
        43,
        49,
        117,
        49,
        53,
        85,
        30,
        91,
        84,
        74,
        67,
        84,
        42,
        41,
        45,
        57,
        38,
        43,
        43,
        88,
        56,
        46,
        39,
        90,
        72,
        68,
        51,
        49
    ],
    "time history": [
        0.0006458280004153494,
        0.00040648899812367745,
        0.1931402980007988,
        0.06002669900044566,
        0.1141285540034005,
        0.05893437399936374,
        0.06543185199916479,
        0.06071030599923688,
        0.07172004300082335,
        0.06752896999751101,
        0.46640749399739434,
        0.2115846029992099,
        0.28624103000038303,
        0.42645270799766877,
        0.49474908800038975,
        0.5884413240019057,
        0.32485735900263535,
        0.2985390940011712,
        0.41806082999755745,
        0.22624259099757182,
        0.23050641699956032,
        0.32844734199898085,
        0.1923824009973032,
        0.5312435810010356,
        0.17120702000102028,
        0.25110449000203516,
        0.14655049000066356,
        0.1615777730003174,
        0.26496800299719325,
        0.16302834000089206,
        0.2924930509980186,
        0.5130704410003091,
        0.1396611979980662,
        0.3205211509994115,
        0.25815343399881385,
        0.4626876459988125,
        0.23693016300239833,
        0.21417387399924337,
        0.16564255800039973,
        0.21481060500082094,
        0.14046505199803505,
        0.19292676500117523,
        0.45066888500150526,
        0.680407952000678,
        0.16222669200215023,
        0.6573066210003162,
        0.13562659099989105,
        0.38593997600037255,
        0.3736483329994371,
        0.2700712679979915,
        0.23747952099802205,
        0.23438253300264478,
        0.24717431200042483,
        0.3252924800035544,
        0.31764728099733475,
        0.43630528199719265,
        0.3195161299991014,
        0.2230124359994079,
        0.18308235500080627,
        0.2676167540012102,
        0.12392813499900512,
        0.2073154700010491,
        0.26699553900107276,
        0.24601710699789692,
        0.49343609100105823,
        0.6023677560006035,
        0.3232890420003969,
        0.16830931900040014,
        0.2295440720008628,
        0.30013791199962725,
        0.3719483780005248,
        0.22262036399843055,
        0.30065563400057727,
        0.3400752540001122,
        0.761467618001916,
        0.29669584200019017,
        0.3563991810005973,
        0.5210542349996103,
        0.18538717699993867,
        0.5697722170007182,
        0.5663722620010958,
        0.49861726599920075,
        0.4471305700026278,
        0.6298934299993562,
        0.2667569699988235,
        0.2624910179983999,
        0.3071046490003937,
        0.3721183489979012,
        0.2450551939982688,
        0.276651595999283,
        0.2794158829965454,
        0.5670421539980453,
        0.35820523100119317,
        0.28609862300072564,
        0.24346438000065973,
        0.5720560090012441,
        0.4659161980016506,
        0.432317642000271,
        0.3190142810017278,
        0.30957655599922873
    ],
    "hyperparameters": {
        "memory size": 2000,
        "discount factor": 0.95,
        "minibatch size": 32,
        "learning rate": 0.001,
        "epsilon decay": 0.99,
        "final epsilon": 0.1,
        "target neural network update freq": 100,
        "live plot freq": 1,
        "live plot": false,
        "neural network save freq": 100000
    },
    "game": "cartpole"
}