{
    "time": "2022-09-01-17-09-08",
    "episodes": 100,
    "performance history": [
        31,
        11,
        9,
        9,
        10,
        14,
        11,
        13,
        11,
        12,
        9,
        12,
        10,
        10,
        10,
        10,
        8,
        14,
        9,
        11,
        9,
        9,
        10,
        10,
        8,
        11,
        9,
        10,
        10,
        10,
        8,
        9,
        10,
        9,
        9,
        8,
        9,
        9,
        11,
        17,
        17,
        10,
        9,
        9,
        9,
        9,
        8,
        12,
        15,
        15,
        9,
        10,
        11,
        11,
        10,
        9,
        9,
        14,
        27,
        11,
        40,
        14,
        19,
        21,
        11,
        25,
        12,
        22,
        28,
        48,
        22,
        22,
        13,
        39,
        42,
        22,
        14,
        22,
        23,
        27,
        21,
        26,
        30,
        16,
        17,
        39,
        33,
        24,
        26,
        17,
        22,
        26,
        28,
        37,
        32,
        27,
        23,
        25,
        24,
        35
    ],
    "time history": [
        0.0007644040015293285,
        0.06013977700058604,
        0.04558773900134838,
        0.044504301997221773,
        0.04940058900319855,
        0.06876924799871631,
        0.053896407000138424,
        0.0642604479980946,
        0.05447316500067245,
        0.06112089499947615,
        0.04546525399928214,
        0.05919680499937385,
        0.04917450499851839,
        0.048981710999214556,
        0.048550166000495665,
        0.05137351500161458,
        0.040140204000636004,
        0.06862821799950325,
        0.04404188199987402,
        0.054538528002012754,
        0.04381286499847192,
        0.0440966810019745,
        0.04867016299976967,
        0.049750543003028724,
        0.039739025000017136,
        0.05364771400127211,
        0.04399853399809217,
        0.0501454589975765,
        0.04910846599887009,
        0.04884361600124976,
        0.03894091899928753,
        0.044280514997808496,
        0.0491315309991478,
        0.044182842000736855,
        0.044203679000929696,
        0.03934617300183163,
        0.04511031299989554,
        0.04464583599838079,
        0.05383414300013101,
        0.08328278200133354,
        0.08377846199800842,
        0.04893901499963249,
        0.04418748799798777,
        0.04411646199878305,
        0.043990531001327327,
        0.045081439002387924,
        0.04032163599913474,
        0.059695153999200556,
        0.0768344909993175,
        0.07904256899928441,
        0.04703875600171159,
        0.05058586599989212,
        0.05430722200253513,
        0.057195219000277575,
        0.05182511499879183,
        0.046462928999972064,
        0.04519026200068765,
        0.06967361500210245,
        0.13532568700247793,
        0.05419549900034326,
        0.19814026200037915,
        0.07047045899889781,
        0.09421593899969594,
        0.10364709599889466,
        0.054644302999804495,
        0.12448563699945225,
        0.06009051999717485,
        0.10993522599892458,
        0.13980177599660237,
        0.24003580400312785,
        0.10985163100122008,
        0.10952428499876987,
        0.06514395500198589,
        0.1944538299976557,
        0.21209285100121633,
        0.1091334070006269,
        0.06874777600023663,
        0.10874230099943816,
        0.1141307420002704,
        0.13407573199947365,
        0.10442117499769665,
        0.13023834799969336,
        0.1504026660004456,
        0.0800076879968401,
        0.08448508400033461,
        0.19366993199946592,
        0.16506884599948535,
        0.12356414099849644,
        0.12825474399869563,
        0.08524247300010757,
        0.10892323999723885,
        0.13091649300258723,
        0.13984442399669206,
        0.183916053003486,
        0.1681594990004669,
        0.13858242599962978,
        0.12008686700210092,
        0.12533155899654957,
        0.1211787030006235,
        0.1757978319983522
    ],
    "hyperparameters": {
        "memory size": 2000,
        "discount factor": 0.95,
        "minibatch size": 32,
        "learning rate": 0.001,
        "epsilon decay": 0.99,
        "final epsilon": 0.1,
        "target neural network update freq": 100,
        "live plot freq": 1,
        "live plot": false,
        "neural network save freq": 100000
    },
    "game": "cartpole"
}