{
    "time": "2022-09-01-16-59-47",
    "episodes": 100,
    "performance history": [
        31,
        9,
        26,
        15,
        42,
        12,
        41,
        13,
        20,
        22,
        18,
        23,
        22,
        17,
        17,
        18,
        24,
        21,
        8,
        15,
        10,
        14,
        10,
        27,
        23,
        13,
        10,
        10,
        11,
        11,
        10,
        10,
        13,
        17,
        16,
        18,
        17,
        11,
        19,
        20,
        15,
        18,
        12,
        22,
        17,
        16,
        18,
        18,
        21,
        18,
        22,
        16,
        21,
        11,
        13,
        17,
        14,
        14,
        24,
        18,
        14,
        21,
        17,
        16,
        17,
        22,
        12,
        14,
        19,
        16,
        16,
        17,
        26,
        19,
        20,
        24,
        19,
        17,
        16,
        16,
        19,
        23,
        12,
        13,
        21,
        21,
        14,
        14,
        15,
        13,
        17,
        13,
        21,
        14,
        13,
        17,
        12,
        14,
        19,
        22
    ],
    "time history": [
        0.0007764809997752309,
        0.0788567179988604,
        0.17765987199891242,
        0.09691814199686632,
        0.2777090070012491,
        0.08436612900186446,
        0.33291223400010495,
        0.08696805599902291,
        0.13012627699936274,
        0.21724271600032807,
        0.1637575509994349,
        0.23999422699853312,
        0.26457837800262496,
        0.18344831900321878,
        0.16286427700106287,
        0.15266613100175164,
        0.17494513600104256,
        0.16818245199829107,
        0.07367403399985051,
        0.1269975639988843,
        0.09389674300109618,
        0.10139723099928233,
        0.07028508099756436,
        0.22369139999864274,
        0.18967119499939145,
        0.08481655599825899,
        0.06331148100071005,
        0.06744782399982796,
        0.06946559499920113,
        0.08197409800050082,
        0.060213377997570205,
        0.0628781519990298,
        0.08539078999820049,
        0.10915617999853566,
        0.10923123099928489,
        0.1111228019981354,
        0.10445348799839849,
        0.06832272599785938,
        0.12741549899874371,
        0.13932602400018368,
        0.09958908199769212,
        0.12196467800094979,
        0.07731331899776706,
        0.13424198600114323,
        0.09718694000184769,
        0.09897830399859231,
        0.1168031740016886,
        0.0988106049990165,
        0.11397236999982852,
        0.09732258700023522,
        0.1220615150014055,
        0.0887805889979063,
        0.11624444900007802,
        0.06170808299793862,
        0.07411177299945848,
        0.09416949300066335,
        0.07727360900025815,
        0.0763973539978906,
        0.13046775900147622,
        0.09562323399950401,
        0.07403151800099295,
        0.11327981000067666,
        0.09041741500186617,
        0.08813436899799854,
        0.08887750100257108,
        0.11562913099987782,
        0.06264608999845223,
        0.07171845700213453,
        0.10432501100149238,
        0.08362695599862491,
        0.08331884300059755,
        0.0912137929990422,
        0.13568090299668256,
        0.09966966399952071,
        0.10406447499917704,
        0.12359444600224379,
        0.09703199800060247,
        0.08663168600105564,
        0.08260727300148574,
        0.08208931999979541,
        0.09750382499987609,
        0.11812306700085173,
        0.060955509998166235,
        0.06603114900281071,
        0.1088467329973355,
        0.10898471600012272,
        0.07092829799876199,
        0.07180671600144706,
        0.07715266400191467,
        0.0666928190003091,
        0.10140079299890203,
        0.07069039300040458,
        0.10951419199773227,
        0.07364574899838772,
        0.06644081400008872,
        0.08687683500102139,
        0.06153195600199979,
        0.07136086899845395,
        0.09726220599986846,
        0.11238420399968163
    ],
    "hyperparameters": {
        "memory size": 2000,
        "discount factor": 0.95,
        "minibatch size": 32,
        "learning rate": 0.001,
        "epsilon decay": 0.99,
        "final epsilon": 0.1,
        "target neural network update freq": 100,
        "live plot freq": 1,
        "live plot": false,
        "neural network save freq": 100000
    },
    "game": "cartpole"
}