{
    "time": "2022-09-01-16-47-03",
    "episodes": 100,
    "performance history": [
        15,
        14,
        35,
        15,
        15,
        10,
        18,
        14,
        10,
        11,
        10,
        10,
        15,
        13,
        10,
        10,
        14,
        11,
        13,
        11,
        12,
        12,
        10,
        8,
        15,
        10,
        11,
        14,
        12,
        10,
        11,
        11,
        10,
        10,
        10,
        9,
        10,
        10,
        9,
        10,
        9,
        13,
        9,
        8,
        10,
        13,
        12,
        10,
        9,
        10,
        9,
        9,
        10,
        9,
        10,
        9,
        11,
        11,
        9,
        14,
        12,
        11,
        14,
        9,
        10,
        10,
        12,
        9,
        9,
        11,
        9,
        10,
        9,
        9,
        13,
        10,
        11,
        10,
        10,
        15,
        12,
        12,
        11,
        9,
        9,
        10,
        11,
        12,
        13,
        11,
        10,
        13,
        11,
        11,
        13,
        13,
        14,
        13,
        16,
        15
    ],
    "time history": [
        0.00033277400143560953,
        0.00025120899954345077,
        0.2048351339981309,
        0.09552739399805432,
        0.092696605999663,
        0.060720744000718696,
        0.11478716300189262,
        0.09653230500043719,
        0.07117903899779776,
        0.07299686999976984,
        0.06918513500204426,
        0.06257124200055841,
        0.08931327000027522,
        0.07853135099867359,
        0.060346698002831545,
        0.061529216000053566,
        0.08406119699793635,
        0.06634143799965386,
        0.07839484199939761,
        0.06750557699706405,
        0.07306055300068692,
        0.07294015499792295,
        0.06139557300048182,
        0.04923530599990045,
        0.09117317500204081,
        0.062080167001113296,
        0.07812281899896334,
        0.08454360999894561,
        0.07150361899766722,
        0.06039549599881866,
        0.06610433199966792,
        0.06975180999870645,
        0.061626482998690335,
        0.059916922997217625,
        0.06204416299806326,
        0.054770218001067406,
        0.06035799399978714,
        0.06040753399793175,
        0.053942678998282645,
        0.06016746100067394,
        0.05390386799990665,
        0.07810847499786178,
        0.05399719300112338,
        0.0482177630001388,
        0.0603226680032094,
        0.07882013299968094,
        0.0741066119990137,
        0.06141253199893981,
        0.05438898400097969,
        0.0603001609997591,
        0.0540525560027163,
        0.05449856600171188,
        0.05932977799966466,
        0.0545084469995345,
        0.05992869100009557,
        0.058245820000593085,
        0.0661737139998877,
        0.06750277799801552,
        0.05432967199885752,
        0.08565130400165799,
        0.0720637459999125,
        0.06482365999909234,
        0.08345987099892227,
        0.0543609340020339,
        0.06226650299868197,
        0.06299044299885281,
        0.081807774000481,
        0.05453725999905146,
        0.05482377799853566,
        0.06706514899997273,
        0.05537483299849555,
        0.06563678699967568,
        0.05341319799845223,
        0.05344745000184048,
        0.07811008299904643,
        0.06097589099954348,
        0.06566139999995357,
        0.05981565200272598,
        0.061011955000140006,
        0.0936616060025699,
        0.07314318199860281,
        0.07344733499849099,
        0.07532866800102056,
        0.05385568099882221,
        0.053299776001949795,
        0.06050839800082031,
        0.06546154299940099,
        0.07174335600211634,
        0.07848625300175627,
        0.06643264500235091,
        0.06334669799980475,
        0.0892105700004322,
        0.07287398400148959,
        0.0723039559998142,
        0.10345214700282668,
        0.10386758400272811,
        0.1088320160015428,
        0.10337279300074442,
        0.13175320899972576,
        0.09191850800198154
    ],
    "hyperparameters": {
        "memory size": 2000,
        "discount factor": 0.95,
        "minibatch size": 32,
        "learning rate": 0.001,
        "epsilon decay": 0.99,
        "final epsilon": 0.1,
        "target neural network update freq": 100,
        "live plot freq": 1,
        "live plot": false,
        "neural network save freq": 100000
    },
    "game": "cartpole"
}