{
    "time": "2022-09-01-16-30-13",
    "episodes": 100,
    "performance history": [
        16,
        15,
        9,
        10,
        12,
        18,
        11,
        12,
        9,
        10,
        12,
        10,
        13,
        9,
        10,
        9,
        8,
        9,
        10,
        10,
        10,
        10,
        10,
        12,
        9,
        11,
        9,
        10,
        10,
        12,
        10,
        9,
        10,
        9,
        10,
        10,
        13,
        12,
        10,
        11,
        13,
        9,
        11,
        10,
        9,
        12,
        9,
        12,
        12,
        10,
        10,
        10,
        10,
        9,
        10,
        11,
        14,
        9,
        11,
        10,
        8,
        12,
        12,
        12,
        9,
        11,
        11,
        10,
        9,
        12,
        11,
        10,
        11,
        12,
        9,
        16,
        12,
        11,
        11,
        11,
        10,
        13,
        15,
        9,
        9,
        9,
        11,
        12,
        11,
        12,
        15,
        13,
        15,
        12,
        12,
        10,
        9,
        12,
        11,
        12
    ],
    "time history": [
        0.0004230439990351442,
        0.0006512860018119682,
        0.06172067499937839,
        0.07042902899775072,
        0.08245658599844319,
        0.11659009999857517,
        0.06800239500080352,
        0.07343236200176761,
        0.06491580099827843,
        0.06242009600100573,
        0.07600877699951525,
        0.06437708500016015,
        0.08468970799731323,
        0.05606884100052412,
        0.06096058899856871,
        0.055457007001677994,
        0.04943050699876039,
        0.05545234800229082,
        0.06043272500028252,
        0.06292683100036811,
        0.06198070300160907,
        0.06136605699794018,
        0.06335568799840985,
        0.07303190599850495,
        0.05465983699832577,
        0.07248556500053382,
        0.053891636001935694,
        0.06129168100233073,
        0.061054738998791436,
        0.07237667399749625,
        0.0602107979975699,
        0.054213420997257344,
        0.06084933099918999,
        0.055725813002936775,
        0.061190569002064876,
        0.061220621999382274,
        0.08287561999895843,
        0.07380572400143137,
        0.060970563998125726,
        0.06937609699889435,
        0.07947655200041481,
        0.05834806699931505,
        0.06975859500016668,
        0.06100852600138751,
        0.06024950400023954,
        0.07346668299942394,
        0.05457294199732132,
        0.07343404099810869,
        0.07761648000087007,
        0.06402905300274142,
        0.060535727003298234,
        0.06040507599755074,
        0.06518763699932606,
        0.06068370099819731,
        0.0698879699993995,
        0.07552174999727868,
        0.08905631100060418,
        0.06044983199899434,
        0.07499849099986022,
        0.06858088399894768,
        0.04834207699968829,
        0.0720739019998291,
        0.07905649700114736,
        0.0773272279984667,
        0.06013372799861827,
        0.07967187999747694,
        0.08182210599989048,
        0.07301132299835444,
        0.05442926800242276,
        0.07253768800001126,
        0.06567181200080086,
        0.06426821899731294,
        0.07220095600132481,
        0.0787322120013414,
        0.05575237200173433,
        0.10809519900067244,
        0.08004249099758454,
        0.07371880999926361,
        0.0779061979992548,
        0.07329824300177279,
        0.061615703998540994,
        0.07941468299759435,
        0.10496141600015108,
        0.055313974000455346,
        0.055135335998784285,
        0.05508807899968815,
        0.06720681500155479,
        0.07296188200052711,
        0.06708489099764847,
        0.07316423599695554,
        0.09138810500007821,
        0.07894824899995001,
        0.08959677899838425,
        0.07290172600187361,
        0.07266078599786852,
        0.06096641999829444,
        0.054429194002295844,
        0.0786108600004809,
        0.06964388000051258,
        0.07705230099963956
    ],
    "hyperparameters": {
        "memory size": 2000,
        "discount factor": 0.95,
        "minibatch size": 32,
        "learning rate": 0.001,
        "epsilon decay": 0.99,
        "final epsilon": 0.1,
        "target neural network update freq": 100,
        "live plot freq": 1,
        "live plot": false,
        "neural network save freq": 100000
    },
    "game": "cartpole"
}