{
    "time": "2022-09-01-16-38-03",
    "episodes": 100,
    "performance history": [
        12,
        13,
        20,
        11,
        21,
        20,
        9,
        13,
        14,
        10,
        8,
        10,
        10,
        10,
        10,
        11,
        12,
        19,
        13,
        11,
        11,
        12,
        11,
        11,
        10,
        10,
        10,
        10,
        9,
        10,
        12,
        11,
        9,
        9,
        9,
        14,
        9,
        13,
        10,
        10,
        14,
        10,
        12,
        10,
        11,
        10,
        11,
        13,
        10,
        9,
        12,
        11,
        13,
        10,
        9,
        12,
        12,
        9,
        10,
        11,
        10,
        11,
        9,
        9,
        11,
        13,
        10,
        10,
        12,
        13,
        13,
        12,
        16,
        11,
        13,
        13,
        13,
        15,
        11,
        15,
        16,
        12,
        10,
        14,
        13,
        12,
        12,
        15,
        17,
        11,
        14,
        20,
        15,
        22,
        25,
        16,
        12,
        13,
        19,
        15
    ],
    "time history": [
        0.0004401419973873999,
        0.00012604800213011913,
        0.09290495599998394,
        0.0690633300000627,
        0.12939328699940233,
        0.1211233119975077,
        0.05416984900148236,
        0.08815330099969287,
        0.09534003599765128,
        0.06372699100029422,
        0.047985775003326125,
        0.06039868199877674,
        0.06119780399967567,
        0.0870191789981618,
        0.07366860799811548,
        0.06718891800119309,
        0.07057545600036974,
        0.1170477910018235,
        0.08351666999806184,
        0.0731611890005297,
        0.0712165160002769,
        0.07127994599795784,
        0.06479294499877142,
        0.06723584300198127,
        0.06508527099867933,
        0.05917732799935038,
        0.06194404899724759,
        0.061094240001693834,
        0.05467901200245251,
        0.07177939100074582,
        0.07886905100167496,
        0.07442028899822617,
        0.05958542399821454,
        0.0615466910021496,
        0.06017823100046371,
        0.09864792599910288,
        0.06169523000062327,
        0.08611598800052889,
        0.06790038799954345,
        0.0705853970030148,
        0.09724421899954905,
        0.06737055800113012,
        0.0812704739983019,
        0.07340601100077038,
        0.07662082100068801,
        0.06833456000094884,
        0.07481696199829457,
        0.08548313899882487,
        0.06179565799902775,
        0.05357665699921199,
        0.07375729399791453,
        0.07546770200133324,
        0.0863133540005947,
        0.06712240400156588,
        0.058230413000273984,
        0.07808428600037587,
        0.06979701499949442,
        0.0539766639994923,
        0.06150981300015701,
        0.06556141500186641,
        0.06806204299937235,
        0.07328571200196166,
        0.0577422230016964,
        0.060122433002106845,
        0.0671238130016718,
        0.08249199300189503,
        0.06138961499891593,
        0.0619357260002289,
        0.07472475599934114,
        0.0826962339997408,
        0.08106596800280386,
        0.07705717299904791,
        0.09736109000004944,
        0.0709286860001157,
        0.08184488299957593,
        0.0799618270029896,
        0.08056623000084073,
        0.0909162119969551,
        0.06569500399928074,
        0.08951809399877675,
        0.09838175900222268,
        0.07245969599898672,
        0.06042865699782851,
        0.08520360300099128,
        0.07837841099899379,
        0.07202058999973815,
        0.07469998699889402,
        0.0908548459992744,
        0.10586751399750938,
        0.06823617600093712,
        0.08473850899827085,
        0.12624919000154478,
        0.09601723199739354,
        0.15332979199956753,
        0.1701347580019501,
        0.108695335999073,
        0.08242893100032234,
        0.08961146300134715,
        0.12688992000039434,
        0.0948321420000866
    ],
    "hyperparameters": {
        "memory size": 2000,
        "discount factor": 0.95,
        "minibatch size": 32,
        "learning rate": 0.001,
        "epsilon decay": 0.99,
        "final epsilon": 0.1,
        "target neural network update freq": 100,
        "live plot freq": 1,
        "live plot": false,
        "neural network save freq": 100000
    },
    "game": "cartpole"
}