{
    "time": "2022-09-01-17-05-52",
    "episodes": 100,
    "performance history": [
        15,
        19,
        16,
        13,
        17,
        10,
        9,
        12,
        12,
        9,
        20,
        12,
        10,
        12,
        13,
        8,
        10,
        8,
        11,
        10,
        10,
        12,
        11,
        10,
        8,
        11,
        13,
        11,
        10,
        10,
        11,
        11,
        11,
        8,
        17,
        11,
        10,
        10,
        12,
        12,
        11,
        9,
        12,
        12,
        13,
        18,
        12,
        9,
        15,
        13,
        12,
        14,
        16,
        15,
        11,
        17,
        11,
        12,
        15,
        13,
        18,
        12,
        19,
        13,
        12,
        11,
        20,
        18,
        11,
        15,
        15,
        20,
        16,
        16,
        20,
        19,
        22,
        21,
        20,
        23,
        28,
        17,
        18,
        23,
        26,
        18,
        18,
        25,
        18,
        23,
        17,
        31,
        27,
        18,
        19,
        21,
        22,
        33,
        39,
        19
    ],
    "time history": [
        0.00029415600147331133,
        0.01758692300063558,
        0.08502123400103301,
        0.06678796999767656,
        0.08731813500344288,
        0.05200891300046351,
        0.04982460999963223,
        0.06546505100050126,
        0.06367304200102808,
        0.045938622002722695,
        0.10355231599896797,
        0.06262605200026883,
        0.05245118099992396,
        0.061855678002757486,
        0.07149408099940047,
        0.04304335399865522,
        0.05118431899973075,
        0.04104099799951655,
        0.056201568000687985,
        0.05100034200222581,
        0.05073328900107299,
        0.06086099000094691,
        0.05575623600088875,
        0.052265858997998293,
        0.04392813300000853,
        0.06042993899973226,
        0.06588952299716766,
        0.055828783002652926,
        0.05292139399898588,
        0.05401926199920126,
        0.05803938199824188,
        0.0568037019984331,
        0.057878367999364855,
        0.040582866000477225,
        0.08675303299969528,
        0.05643883700031438,
        0.05073577500297688,
        0.05135553700165474,
        0.06152480499804369,
        0.06311952800024301,
        0.05673880500035011,
        0.04547748099867022,
        0.061949270999321016,
        0.061710329002380604,
        0.06590448700080742,
        0.09221066900136066,
        0.0610367330009467,
        0.045953670000017155,
        0.0772180620006111,
        0.06618637700012187,
        0.06115585899897269,
        0.07245954899917706,
        0.08828267900025821,
        0.08631475599759142,
        0.06044487400140497,
        0.09407112900225911,
        0.05864315999860992,
        0.06592432999968878,
        0.08154669099894818,
        0.06744048999826191,
        0.0980410230004054,
        0.06594282399964868,
        0.10008034599741222,
        0.07075205799992546,
        0.06387837900183513,
        0.05768203800107585,
        0.10743489499873249,
        0.09718481900199549,
        0.058171540000330424,
        0.08032027200169978,
        0.07966247300282703,
        0.1103285510034766,
        0.08800254200104973,
        0.08882996199827176,
        0.10790046699912637,
        0.1026590120018227,
        0.11805462499978603,
        0.11239282799942885,
        0.109024646000762,
        0.130676131000655,
        0.1521048079994216,
        0.09252665999883902,
        0.09799476099942694,
        0.12675025799762807,
        0.1429418869993242,
        0.09858304200315615,
        0.09670816400102922,
        0.1338766859989846,
        0.0977775439969264,
        0.12327209900104208,
        0.09132323499943595,
        0.16791219700098736,
        0.1436956560028193,
        0.09674117000031401,
        0.10030827000082354,
        0.11095735499839066,
        0.11919049899734091,
        0.17467271399800666,
        0.21151308199841878,
        0.1024377000030654
    ],
    "hyperparameters": {
        "memory size": 2000,
        "discount factor": 0.95,
        "minibatch size": 32,
        "learning rate": 0.001,
        "epsilon decay": 0.99,
        "final epsilon": 0.1,
        "target neural network update freq": 100,
        "live plot freq": 1,
        "live plot": false,
        "neural network save freq": 100000
    },
    "game": "cartpole"
}