{
    "time": "2022-09-01-17-00-48",
    "episodes": 100,
    "performance history": [
        15,
        20,
        21,
        17,
        23,
        17,
        22,
        18,
        12,
        18,
        13,
        20,
        16,
        14,
        12,
        11,
        17,
        16,
        12,
        16,
        12,
        12,
        18,
        14,
        14,
        15,
        16,
        18,
        15,
        14,
        18,
        17,
        15,
        16,
        12,
        11,
        14,
        13,
        12,
        18,
        14,
        17,
        11,
        12,
        18,
        18,
        14,
        16,
        17,
        16,
        16,
        13,
        22,
        12,
        15,
        17,
        17,
        19,
        25,
        18,
        23,
        14,
        17,
        20,
        25,
        17,
        21,
        18,
        30,
        19,
        21,
        22,
        17,
        23,
        19,
        16,
        19,
        18,
        20,
        22,
        19,
        15,
        18,
        27,
        25,
        22,
        22,
        23,
        24,
        30,
        25,
        19,
        24,
        18,
        27,
        24,
        33,
        15,
        22,
        20
    ],
    "time history": [
        0.0003458800019870978,
        0.023418026998115238,
        0.11039642800096772,
        0.0869566700021096,
        0.11538883200046257,
        0.08603667100032908,
        0.11087511499863467,
        0.0904427220011712,
        0.06253088599987677,
        0.09058697699947516,
        0.0655789709999226,
        0.10006900300140842,
        0.08036035300028743,
        0.07003284100210294,
        0.060348267001245404,
        0.05791178699655575,
        0.0849799220013665,
        0.08009040300021297,
        0.060078088001318974,
        0.08063193400084856,
        0.059921865999058355,
        0.060126311000203714,
        0.09132599599979585,
        0.07099214299887535,
        0.07035271899803774,
        0.07681134599988582,
        0.08153023499835399,
        0.09115754699814715,
        0.07674704500095686,
        0.07117101000039838,
        0.09005664700089255,
        0.08582141000078991,
        0.07624488299916266,
        0.0806868139989092,
        0.06220017199666472,
        0.05703834499945515,
        0.07139112599907094,
        0.06613788300091983,
        0.06087355700219632,
        0.09100632500121719,
        0.07133206200160203,
        0.08593941399885807,
        0.05856465999750071,
        0.06682051600000705,
        0.11006186099984916,
        0.10303640900019673,
        0.0886414300002798,
        0.10519546499926946,
        0.09123702899887576,
        0.08087098999749287,
        0.08759029000066221,
        0.07044475300062913,
        0.11543660600000294,
        0.0664949849997356,
        0.07900088099995628,
        0.08971142000154941,
        0.0880483250002726,
        0.10329515400007949,
        0.14121877300203778,
        0.09428418500101543,
        0.12266686300063157,
        0.0745338080014335,
        0.09104546000162372,
        0.10725090900086798,
        0.13292087600348168,
        0.09449414400296519,
        0.11111800199796562,
        0.09329606100072851,
        0.16271512100138352,
        0.09971404300085851,
        0.11853053700178862,
        0.1228724719985621,
        0.09094275800089235,
        0.12273922700114781,
        0.10033562700118637,
        0.08710132100168266,
        0.10136455300016678,
        0.09764219000135199,
        0.10968416900141165,
        0.1157479899993632,
        0.10310564700193936,
        0.08102431600127602,
        0.09947781200025929,
        0.1469200040010037,
        0.13457435899908887,
        0.11645503099862253,
        0.11496322600214626,
        0.12013179199857404,
        0.12514979700063122,
        0.15583893999792053,
        0.13186205300007714,
        0.09823144800247974,
        0.12787026500154752,
        0.0967876940012502,
        0.16444628299723263,
        0.12612757299939403,
        0.1760336780025682,
        0.07896784499826026,
        0.11631943199972739,
        0.10857180300081382
    ],
    "hyperparameters": {
        "memory size": 2000,
        "discount factor": 0.95,
        "minibatch size": 32,
        "learning rate": 0.001,
        "epsilon decay": 0.99,
        "final epsilon": 0.1,
        "target neural network update freq": 100,
        "live plot freq": 1,
        "live plot": false,
        "neural network save freq": 100000
    },
    "game": "cartpole"
}