{
    "time": "2022-09-01-16-57-18",
    "episodes": 100,
    "performance history": [
        19,
        14,
        19,
        23,
        13,
        10,
        13,
        13,
        11,
        10,
        11,
        13,
        12,
        10,
        8,
        9,
        8,
        10,
        10,
        9,
        10,
        10,
        11,
        14,
        9,
        10,
        10,
        8,
        10,
        8,
        13,
        9,
        11,
        10,
        12,
        10,
        10,
        10,
        10,
        9,
        11,
        11,
        11,
        9,
        10,
        12,
        10,
        11,
        10,
        11,
        10,
        9,
        11,
        10,
        9,
        10,
        11,
        8,
        11,
        10,
        9,
        11,
        10,
        9,
        9,
        10,
        9,
        11,
        13,
        10,
        12,
        9,
        9,
        12,
        10,
        11,
        8,
        10,
        10,
        11,
        9,
        11,
        9,
        10,
        9,
        11,
        11,
        8,
        10,
        9,
        11,
        10,
        14,
        11,
        9,
        10,
        14,
        12,
        9,
        10
    ],
    "time history": [
        0.0007735500003036577,
        0.01734976100124186,
        0.12945043299987447,
        0.16007489700132282,
        0.08312072900298517,
        0.06646198700036621,
        0.10321561700038728,
        0.09142389399858075,
        0.09048428200185299,
        0.0965137320017675,
        0.09402274199965177,
        0.09052248800071538,
        0.07521934499891358,
        0.0630686139993486,
        0.05153285699998378,
        0.060421244001190644,
        0.05353814399859402,
        0.0641600959970674,
        0.06337733599866624,
        0.05733929900088697,
        0.06268756200006464,
        0.06200778899801662,
        0.0720463550023851,
        0.09087059399826103,
        0.058808989997487515,
        0.0644721250027942,
        0.06497140400097123,
        0.05032626799948048,
        0.06441417499809177,
        0.05389311399994767,
        0.09227600899976096,
        0.06746909600042272,
        0.08514635200117482,
        0.0711154919990804,
        0.08868185699975584,
        0.07335814399993978,
        0.0692525199992815,
        0.05969416300285957,
        0.06077514900243841,
        0.06090043400035938,
        0.07518291299857083,
        0.07575752800039481,
        0.07188549700003932,
        0.05529224700148916,
        0.06956858899866347,
        0.07326492599895573,
        0.061589043001731625,
        0.06985313199766097,
        0.061320928998611635,
        0.06790386300053797,
        0.06218136799725471,
        0.05540041399945039,
        0.06970399300189456,
        0.06134018499869853,
        0.05609961200025282,
        0.06127946999913547,
        0.0728222799989453,
        0.05593758999748388,
        0.07497575999877881,
        0.06902022499707527,
        0.061758685998938745,
        0.07750123399819131,
        0.07158196199816302,
        0.06632268199973623,
        0.0628227249981137,
        0.06692669100084458,
        0.05472738699972979,
        0.07727750100093544,
        0.08143331099927309,
        0.06126413899983163,
        0.0740355220004858,
        0.05922663399906014,
        0.06284371500078123,
        0.07542603500041878,
        0.061829877999116434,
        0.06753694800136145,
        0.049402701002691174,
        0.06144055899858358,
        0.0620611509984883,
        0.06809021899971412,
        0.05556275499839103,
        0.0683119440000155,
        0.05513736200009589,
        0.06951971599846729,
        0.058628922000934836,
        0.07413756200185162,
        0.07528174300023238,
        0.05675463499937905,
        0.0688609959979658,
        0.060717996002495056,
        0.0769432790002611,
        0.06840567900144379,
        0.09843952800292755,
        0.07964524800263462,
        0.05831468700125697,
        0.05938171799789416,
        0.08484514100200613,
        0.0729014870012179,
        0.05575217499790597,
        0.0600966240017442
    ],
    "hyperparameters": {
        "memory size": 2000,
        "discount factor": 0.95,
        "minibatch size": 32,
        "learning rate": 0.001,
        "epsilon decay": 0.99,
        "final epsilon": 0.1,
        "target neural network update freq": 100,
        "live plot freq": 1,
        "live plot": false,
        "neural network save freq": 100000
    },
    "game": "cartpole"
}