{
    "time": "2022-09-01-16-32-35",
    "episodes": 100,
    "performance history": [
        24,
        15,
        12,
        16,
        11,
        9,
        14,
        14,
        10,
        11,
        9,
        12,
        9,
        9,
        13,
        12,
        11,
        9,
        13,
        13,
        10,
        14,
        14,
        12,
        9,
        11,
        9,
        12,
        13,
        10,
        11,
        11,
        12,
        10,
        11,
        11,
        11,
        14,
        10,
        9,
        11,
        9,
        10,
        15,
        10,
        10,
        12,
        10,
        12,
        8,
        9,
        9,
        12,
        9,
        9,
        11,
        8,
        10,
        8,
        12,
        9,
        10,
        11,
        10,
        10,
        11,
        11,
        11,
        10,
        10,
        11,
        13,
        9,
        11,
        11,
        10,
        11,
        9,
        10,
        13,
        12,
        13,
        13,
        11,
        11,
        12,
        12,
        10,
        11,
        18,
        11,
        14,
        10,
        10,
        13,
        10,
        10,
        10,
        14,
        13
    ],
    "time history": [
        0.0006531580002047122,
        0.055391087000316475,
        0.07572567200259073,
        0.0987135949981166,
        0.06885402799889562,
        0.05531945899929269,
        0.08572686800107476,
        0.09677084799841396,
        0.061958788999618264,
        0.06689327899948694,
        0.054632503997709136,
        0.08466449299885426,
        0.05588554399946588,
        0.05678449900005944,
        0.08139911399848643,
        0.07505661499817506,
        0.06919751800160157,
        0.05650717499884195,
        0.08120080899971072,
        0.0835612159971788,
        0.061831635000999086,
        0.08599518399933004,
        0.08525133200237178,
        0.07751051100058248,
        0.05677770399779547,
        0.06883568199918955,
        0.05610363399682683,
        0.07364126099855639,
        0.07992211999953724,
        0.061484174999350216,
        0.06837348199769622,
        0.06746933099930175,
        0.07439748600154417,
        0.06289821700192988,
        0.06956039600117947,
        0.07055494099768111,
        0.06891747999907238,
        0.09269975699862698,
        0.06340882400036207,
        0.054938987999776145,
        0.06874298399998224,
        0.05628436199913267,
        0.06031995699959225,
        0.0917082029991434,
        0.0604011180002999,
        0.061223166001582285,
        0.0728470930007461,
        0.06079117900299025,
        0.07272218399884878,
        0.048897745000431314,
        0.05969509699934861,
        0.054512194998096675,
        0.07256697800039547,
        0.060342082997522084,
        0.05970335599704413,
        0.07305050499780918,
        0.04808976400090614,
        0.0653993800005992,
        0.04904685899964534,
        0.07257560300058685,
        0.05463403599787853,
        0.060242114999709884,
        0.06742839200160233,
        0.06400751700130058,
        0.062950109000667,
        0.06676551800046582,
        0.06680224199953955,
        0.06659995800146135,
        0.06172992200299632,
        0.06143474100099411,
        0.07054786300068372,
        0.0832243799995922,
        0.055915638000442414,
        0.07022341699848766,
        0.06860575999962748,
        0.061424217998137465,
        0.0685809650021838,
        0.05662031300016679,
        0.06211057600012282,
        0.08006484900033684,
        0.07323675899897353,
        0.07917438299773494,
        0.07962682300058077,
        0.06852186199830612,
        0.06901517300138948,
        0.0769079560013779,
        0.07566128700273111,
        0.06288169799881871,
        0.06933346799996798,
        0.11386865500026033,
        0.06898226499833982,
        0.09001615099987248,
        0.06345900199812604,
        0.06376839500080678,
        0.08293485600006534,
        0.06273916999998619,
        0.06301022600018769,
        0.06230963499911013,
        0.08870497200041427,
        0.08357136699851253
    ],
    "hyperparameters": {
        "memory size": 2000,
        "discount factor": 0.95,
        "minibatch size": 32,
        "learning rate": 0.001,
        "epsilon decay": 0.99,
        "final epsilon": 0.1,
        "target neural network update freq": 100,
        "live plot freq": 1,
        "live plot": false,
        "neural network save freq": 100000
    },
    "game": "cartpole"
}