{
    "time": "2022-09-01-17-01-29",
    "episodes": 100,
    "performance history": [
        29,
        13,
        11,
        28,
        49,
        47,
        60,
        74,
        122,
        70,
        89,
        90,
        119,
        90,
        94,
        20,
        35,
        85,
        55,
        82,
        51,
        41,
        39,
        14,
        32,
        28,
        14,
        20,
        11,
        11,
        15,
        16,
        13,
        11,
        12,
        37,
        14,
        11,
        16,
        11,
        13,
        82,
        73,
        138,
        17,
        16,
        23,
        21,
        84,
        14,
        33,
        13,
        18,
        35,
        28,
        28,
        18,
        22,
        19,
        18,
        20,
        19,
        20,
        23,
        17,
        168,
        51,
        48,
        61,
        37,
        52,
        47,
        163,
        46,
        57,
        46,
        47,
        68,
        58,
        63,
        28,
        21,
        17,
        23,
        18,
        22,
        20,
        15,
        17,
        89,
        23,
        19,
        16,
        89,
        110,
        44,
        43,
        41,
        40,
        33
    ],
    "time history": [
        0.0007639210016350262,
        0.06073956299951533,
        0.05856173899883288,
        0.14584671800184879,
        0.25515310099945054,
        0.24694882200128632,
        0.31884196199825965,
        0.389204819999577,
        0.6402714800024114,
        0.3785109939999529,
        0.47889706100249896,
        0.4857898479967844,
        0.6382472990007955,
        0.4847896690007474,
        0.5092211319970374,
        0.10822168300001067,
        0.18819106200317037,
        0.44929308499922627,
        0.2948226729968155,
        0.4331485849979799,
        0.269409603002714,
        0.2153776970008039,
        0.20517336999910185,
        0.07302462900042883,
        0.16761853900243295,
        0.1465313970002171,
        0.07251484999869717,
        0.10397116699823528,
        0.057130381999741076,
        0.056831164001778234,
        0.07831554599761148,
        0.08441776600011508,
        0.06722480499956873,
        0.05675752299794112,
        0.06214760999864666,
        0.19197918999998365,
        0.07331006200183765,
        0.05844300199896679,
        0.08315464699990116,
        0.057220090999180684,
        0.06922869000118226,
        0.42447787299897755,
        0.384348741001304,
        0.7070573540004261,
        0.08755280400146148,
        0.0829647649989056,
        0.12264105699796346,
        0.10672440300186281,
        0.43498493600054644,
        0.07206338900141418,
        0.17007841799932066,
        0.06678545099930489,
        0.09432109099725494,
        0.18407036799908383,
        0.1431213559990283,
        0.14385270999991917,
        0.09227159900183324,
        0.11519825900177239,
        0.097434298000735,
        0.09206311800153344,
        0.10493357700033812,
        0.09880680800051778,
        0.10252197899899329,
        0.12027349900017725,
        0.08750322999912896,
        0.8659670619999815,
        0.2646218920017418,
        0.24583901699952548,
        0.3231892850017175,
        0.19069629200021154,
        0.26614779800002,
        0.24659355699986918,
        0.8631661840008746,
        0.24159298800077522,
        0.3004597860017384,
        0.243876429998636,
        0.24573420399974566,
        0.35002450400133966,
        0.2964365580010053,
        0.32174873699841555,
        0.1428528809992713,
        0.1089937189972261,
        0.09001897299822303,
        0.11998568999842973,
        0.09204185000271536,
        0.11391250000087894,
        0.10125792100006947,
        0.07867280799837317,
        0.08709282799827633,
        0.46541698500004713,
        0.11868638299711165,
        0.09683174100064207,
        0.08108287999857566,
        0.4593211989995325,
        0.5739547750017664,
        0.22694511000008788,
        0.22113393399922643,
        0.21182442200006335,
        0.21701566299816477,
        0.16854861799947685
    ],
    "hyperparameters": {
        "memory size": 2000,
        "discount factor": 0.95,
        "minibatch size": 32,
        "learning rate": 0.001,
        "epsilon decay": 0.99,
        "final epsilon": 0.1,
        "target neural network update freq": 100,
        "live plot freq": 1,
        "live plot": false,
        "neural network save freq": 100000
    },
    "game": "cartpole"
}