{
    "time": "2022-09-01-16-24-41",
    "episodes": 100,
    "performance history": [
        32,
        15,
        14,
        12,
        10,
        17,
        10,
        12,
        9,
        9,
        12,
        12,
        10,
        13,
        10,
        10,
        11,
        12,
        9,
        9,
        11,
        12,
        9,
        10,
        11,
        10,
        8,
        12,
        10,
        11,
        12,
        11,
        11,
        11,
        12,
        11,
        9,
        12,
        12,
        18,
        13,
        20,
        15,
        20,
        19,
        19,
        22,
        20,
        19,
        20,
        20,
        29,
        14,
        21,
        22,
        23,
        18,
        14,
        27,
        21,
        12,
        19,
        24,
        15,
        15,
        17,
        16,
        17,
        21,
        20,
        20,
        31,
        18,
        22,
        26,
        26,
        21,
        17,
        21,
        17,
        25,
        16,
        18,
        23,
        24,
        39,
        24,
        16,
        63,
        29,
        39,
        67,
        47,
        36,
        27,
        47,
        40,
        50,
        73,
        58
    ],
    "time history": [
        0.007777104001434054,
        0.09122633099832456,
        0.0886556430014025,
        0.07210498100175755,
        0.06591255400053342,
        0.10992199500105926,
        0.06130348800070351,
        0.07585849699898972,
        0.0554150359967025,
        0.057109373999992386,
        0.07596561200261931,
        0.07549895199917955,
        0.06158234100075788,
        0.07874522099882597,
        0.06111788900307147,
        0.06341360599981272,
        0.07107370700032334,
        0.07329122800001642,
        0.05921901400142815,
        0.06104806700022891,
        0.06659288499940885,
        0.0778048719985236,
        0.06812846399770933,
        0.07799837600032333,
        0.06451718500102288,
        0.06002561100103776,
        0.05560394300118787,
        0.0790787559999444,
        0.06600361899836571,
        0.07106646700049168,
        0.07417829100086237,
        0.0824956039978133,
        0.08967807900262414,
        0.06697915900076623,
        0.07235467899954529,
        0.06594119999863324,
        0.06036013500124682,
        0.07401146900156164,
        0.07510734500101535,
        0.12037792800038005,
        0.0795385540004645,
        0.12497734900171054,
        0.09219038499941234,
        0.1265621739985363,
        0.12501727700146148,
        0.11737770499894395,
        0.1342654969994328,
        0.1222525470002438,
        0.1248456650027947,
        0.12357058699853951,
        0.1214788379984384,
        0.17968581999957678,
        0.08707537100053742,
        0.15071665499999654,
        0.19283785700099543,
        0.1932664300002216,
        0.12917206999918562,
        0.12979425099911168,
        0.1829511479991197,
        0.13918961800300167,
        0.08093223399919225,
        0.12273453899979359,
        0.18115729100099998,
        0.12071193599695107,
        0.10737115499796346,
        0.11864555399733945,
        0.10421772300105658,
        0.10335575899807736,
        0.12972283699855325,
        0.12921775100039667,
        0.13419648999843048,
        0.1813916290011548,
        0.1087813969970739,
        0.14182438799980446,
        0.17672665800273535,
        0.17941391400017892,
        0.13855350599988014,
        0.11331320500175934,
        0.14263325200226973,
        0.11650548900070135,
        0.1595199990006222,
        0.10022217400182853,
        0.12046397300218814,
        0.15665060500032268,
        0.16123694400084787,
        0.2602891599999566,
        0.1609846719984489,
        0.09714775799875497,
        0.4155493550024403,
        0.18058764500165125,
        0.23494092200053274,
        0.4566592410010344,
        0.37370946499868296,
        0.2852888939996774,
        0.20323181500134524,
        0.31382013099937467,
        0.32649351299914997,
        0.3396006090006267,
        0.4913167249978869,
        0.37469151400000555
    ],
    "hyperparameters": {
        "memory size": 2000,
        "discount factor": 0.95,
        "minibatch size": 32,
        "learning rate": 0.001,
        "epsilon decay": 0.99,
        "final epsilon": 0.1,
        "target neural network update freq": 100,
        "live plot freq": 1,
        "live plot": false,
        "neural network save freq": 100000
    },
    "game": "cartpole"
}