{
    "time": "2022-09-01-17-03-11",
    "episodes": 100,
    "performance history": [
        17,
        26,
        12,
        13,
        16,
        16,
        19,
        15,
        15,
        17,
        19,
        13,
        17,
        17,
        14,
        15,
        17,
        15,
        13,
        13,
        19,
        11,
        18,
        13,
        20,
        11,
        17,
        15,
        11,
        11,
        10,
        11,
        11,
        9,
        11,
        12,
        10,
        12,
        9,
        10,
        10,
        11,
        12,
        11,
        10,
        11,
        12,
        10,
        9,
        10,
        9,
        8,
        10,
        11,
        10,
        9,
        11,
        8,
        9,
        8,
        9,
        11,
        10,
        11,
        8,
        12,
        11,
        8,
        10,
        11,
        9,
        13,
        12,
        9,
        12,
        8,
        12,
        14,
        10,
        10,
        10,
        10,
        9,
        12,
        14,
        11,
        9,
        12,
        10,
        11,
        11,
        13,
        9,
        8,
        9,
        11,
        12,
        11,
        11,
        9
    ],
    "time history": [
        0.0005514220028999262,
        0.06714463900061673,
        0.06248413599678315,
        0.07081175199709833,
        0.08545363299708697,
        0.08653512899763882,
        0.1031089999996766,
        0.0816893320006784,
        0.07812738299980992,
        0.08971236599973054,
        0.10294585999872652,
        0.06873798000015086,
        0.09121194500039564,
        0.09008513699882315,
        0.07198292099928949,
        0.07754364799984614,
        0.09048278900081641,
        0.08243271399987862,
        0.06951225299781072,
        0.06778079400100978,
        0.1041512120027619,
        0.05774391899831244,
        0.09875612399991951,
        0.06956951300162473,
        0.1091214719999698,
        0.06110040400017169,
        0.09094866899977205,
        0.08167078399856109,
        0.06213687999843387,
        0.06002388699926087,
        0.05383457300195005,
        0.05899020099968766,
        0.05852096699891263,
        0.04898780499934219,
        0.06015720399955171,
        0.06623425399811822,
        0.055291888002102496,
        0.06604621200312977,
        0.05024166499788407,
        0.05411195900160237,
        0.05379247499877238,
        0.05924074699942139,
        0.06850898699849495,
        0.06150841499766102,
        0.0576646029985568,
        0.06317749599838862,
        0.06780072400215431,
        0.054970935998426285,
        0.049745075000828365,
        0.054504589999851305,
        0.048771386998851085,
        0.043659582999680424,
        0.05452657799833105,
        0.06004596099955961,
        0.05427341799804708,
        0.04866936999678728,
        0.05802446699817665,
        0.04231594100201619,
        0.04752790699785692,
        0.042480606000026455,
        0.04835325100066257,
        0.05953050699827145,
        0.05482202599887387,
        0.05874416100050439,
        0.04256079100014176,
        0.06339951500194729,
        0.0600063149977359,
        0.041653263000625884,
        0.05166821000238997,
        0.05678289199931896,
        0.04675064999901224,
        0.0673615890009387,
        0.06288706100167474,
        0.046728695000638254,
        0.0623552329998347,
        0.04109523899751366,
        0.06177701100023114,
        0.07177978300023824,
        0.05144221699811169,
        0.051639440996950725,
        0.05107971400138922,
        0.051370458997553214,
        0.04673199899843894,
        0.06178622000152245,
        0.07236478100094246,
        0.05617452499791398,
        0.0468314889985777,
        0.06126015299741994,
        0.053002356999058975,
        0.05654322899863473,
        0.05666076499983319,
        0.06695898899852182,
        0.04639282299831393,
        0.04033012400032021,
        0.04584205599894631,
        0.055831639998359606,
        0.06176109700027155,
        0.05736713700025575,
        0.056441106000420405,
        0.04562257500219857
    ],
    "hyperparameters": {
        "memory size": 2000,
        "discount factor": 0.95,
        "minibatch size": 32,
        "learning rate": 0.001,
        "epsilon decay": 0.99,
        "final epsilon": 0.1,
        "target neural network update freq": 100,
        "live plot freq": 1,
        "live plot": false,
        "neural network save freq": 100000
    },
    "game": "cartpole"
}