{
    "time": "2022-09-01-17-00-38",
    "episodes": 100,
    "performance history": [
        11,
        24,
        9,
        32,
        44,
        22,
        14,
        16,
        10,
        11,
        12,
        11,
        11,
        10,
        9,
        8,
        11,
        9,
        10,
        14,
        14,
        13,
        14,
        11,
        10,
        12,
        17,
        12,
        12,
        12,
        14,
        16,
        11,
        17,
        15,
        58,
        36,
        28,
        17,
        30,
        43,
        32,
        36,
        33,
        53,
        25,
        49,
        24,
        37,
        33,
        27,
        37,
        38,
        57,
        21,
        36,
        26,
        84,
        88,
        20,
        32,
        29,
        62,
        44,
        44,
        33,
        61,
        17,
        55,
        30,
        45,
        51,
        39,
        39,
        102,
        37,
        38,
        92,
        47,
        28,
        54,
        29,
        42,
        45,
        38,
        35,
        46,
        50,
        50,
        31,
        68,
        54,
        39,
        36,
        42,
        39,
        31,
        40,
        42,
        31
    ],
    "time history": [
        0.0002673979979590513,
        0.0224538019974716,
        0.04941499499909696,
        0.16532682499746443,
        0.22741878499800805,
        0.10990984999807552,
        0.07528349699714454,
        0.08246501000030548,
        0.04985234400010086,
        0.05575743900044472,
        0.06020547099979012,
        0.05563797099966905,
        0.055327128000499215,
        0.05014693400153192,
        0.04514186500091455,
        0.04687441900023259,
        0.058598781000910094,
        0.04485177099923021,
        0.049988229999144096,
        0.07175200100027723,
        0.07109471999865491,
        0.06902486100079841,
        0.07395473100041272,
        0.05683011699875351,
        0.05167511299805483,
        0.061384130000078585,
        0.08663203399919439,
        0.06138043600003584,
        0.061577157001011074,
        0.06188028899850906,
        0.07202351700107101,
        0.08446300799914752,
        0.0572561510016385,
        0.08725328399668797,
        0.07705921999877319,
        0.3007896359995357,
        0.1851726189997862,
        0.1434185210018768,
        0.0882556510005088,
        0.15532612500101095,
        0.22497017299974686,
        0.16402958999969997,
        0.1920954619999975,
        0.17508579599962104,
        0.2797520970016194,
        0.1289700709967292,
        0.25574733699977514,
        0.1241516030022467,
        0.195342819999496,
        0.1910788129971479,
        0.13889759800076718,
        0.19028460700064898,
        0.1994177619999391,
        0.29383080799743766,
        0.11548410300019896,
        0.1881238290006877,
        0.14760061199922347,
        0.48258042900124565,
        0.49250093099908554,
        0.11231889500049874,
        0.16985482900054194,
        0.14979651999965427,
        0.32550890899801743,
        0.22689848200025153,
        0.22496479300025385,
        0.16790739999851212,
        0.3489667640023981,
        0.1029461869984516,
        0.3005043749981269,
        0.16020415100138052,
        0.23317948000112665,
        0.2870468069995695,
        0.20507550700131105,
        0.20821512499969685,
        0.5530133889988065,
        0.19687868300025002,
        0.19734377800341463,
        0.47719274900009623,
        0.2435344539990183,
        0.14306099800160155,
        0.28489484599776915,
        0.14935217699894565,
        0.23129102399980184,
        0.23262281600182177,
        0.20330678599930252,
        0.1810677739995299,
        0.2413463570010208,
        0.2603598100031377,
        0.25518550900233095,
        0.1584753319984884,
        0.35186729099950753,
        0.2833168119977927,
        0.200537587999861,
        0.18770558899996104,
        0.21621228199728648,
        0.20314408899866976,
        0.16905941299773986,
        0.204935215999285,
        0.2151487939991057,
        0.15775515399946016
    ],
    "hyperparameters": {
        "memory size": 2000,
        "discount factor": 0.95,
        "minibatch size": 32,
        "learning rate": 0.001,
        "epsilon decay": 0.99,
        "final epsilon": 0.1,
        "target neural network update freq": 100,
        "live plot freq": 1,
        "live plot": false,
        "neural network save freq": 100000
    },
    "game": "cartpole"
}