{
    "time": "2022-09-01-16-55-18",
    "episodes": 100,
    "performance history": [
        22,
        19,
        13,
        16,
        9,
        11,
        12,
        19,
        10,
        10,
        9,
        16,
        10,
        11,
        10,
        9,
        10,
        10,
        10,
        10,
        9,
        11,
        9,
        8,
        10,
        10,
        10,
        12,
        10,
        10,
        11,
        11,
        9,
        18,
        21,
        22,
        22,
        16,
        13,
        21,
        14,
        16,
        13,
        12,
        14,
        12,
        12,
        9,
        14,
        11,
        13,
        12,
        15,
        10,
        10,
        16,
        10,
        12,
        11,
        16,
        11,
        13,
        16,
        12,
        13,
        12,
        12,
        12,
        10,
        12,
        15,
        10,
        18,
        11,
        11,
        11,
        10,
        12,
        13,
        11,
        10,
        12,
        16,
        14,
        14,
        12,
        16,
        13,
        11,
        13,
        12,
        11,
        14,
        14,
        11,
        16,
        15,
        16,
        15,
        17
    ],
    "time history": [
        0.0006345010006043594,
        0.060553643001185264,
        0.07845961099883425,
        0.09440549700229894,
        0.05296026300129597,
        0.06544547600060469,
        0.07051591299750726,
        0.11413881999760633,
        0.05985299099847907,
        0.06097043200134067,
        0.05506933799915714,
        0.0978124770008435,
        0.059431210000184365,
        0.08606487200086121,
        0.09442355600185692,
        0.0835860129991488,
        0.08077677300025243,
        0.06411256299907109,
        0.06751660700319917,
        0.06552548900071997,
        0.060159310000017285,
        0.07192726699940977,
        0.06128566799816326,
        0.05303662699952838,
        0.06313795299865888,
        0.0641553820023546,
        0.06137734199728584,
        0.0760199160031334,
        0.060790761999669485,
        0.06254351000097813,
        0.06659376099923975,
        0.06717445100002806,
        0.05431229999885545,
        0.10943456299719401,
        0.1316099050018238,
        0.13486079400172457,
        0.13203410699861706,
        0.09608794000087073,
        0.07833370300068054,
        0.12760157299999264,
        0.08550795599876437,
        0.0995948630006751,
        0.08246599799895193,
        0.0740268420013308,
        0.08709534099762095,
        0.07485109699700843,
        0.07416759300031117,
        0.05638855099823559,
        0.08561285000178032,
        0.06714018400089117,
        0.0797175640000205,
        0.07351147100052913,
        0.09294347200193442,
        0.061835822998546064,
        0.06324389500150573,
        0.09759671999927377,
        0.060692109997035004,
        0.07295236099889735,
        0.0669275119980739,
        0.096589322998625,
        0.06643870499829063,
        0.0786130559972662,
        0.09674423899923568,
        0.07342077999783214,
        0.08013556900186813,
        0.0734390869984054,
        0.07333615700190421,
        0.0749160759987717,
        0.06149990599806188,
        0.0781645050010411,
        0.09241472299981979,
        0.06958519000181695,
        0.15061035499820719,
        0.08898639399922104,
        0.08527863299968885,
        0.07299907800188521,
        0.05957487500199932,
        0.0782387250001193,
        0.08381877499778057,
        0.07543982199786115,
        0.06728762200145866,
        0.08122329099933268,
        0.10281142800158705,
        0.08854330699978163,
        0.08870106199901784,
        0.07951902499917196,
        0.095710956997209,
        0.07910899100170354,
        0.07717826600128319,
        0.08834817800016026,
        0.07750368000051822,
        0.07292211599997245,
        0.09663592699871515,
        0.09020236499782186,
        0.07598027900166926,
        0.10339143400051398,
        0.10187009199944441,
        0.10503659300229629,
        0.09705239499817253,
        0.11426441999719827
    ],
    "hyperparameters": {
        "memory size": 2000,
        "discount factor": 0.95,
        "minibatch size": 32,
        "learning rate": 0.001,
        "epsilon decay": 0.99,
        "final epsilon": 0.1,
        "target neural network update freq": 100,
        "live plot freq": 1,
        "live plot": false,
        "neural network save freq": 100000
    },
    "game": "cartpole"
}