{
    "time": "2022-09-01-16-20-26",
    "episodes": 100,
    "performance history": [
        29,
        21,
        18,
        10,
        14,
        10,
        8,
        10,
        14,
        11,
        11,
        10,
        10,
        14,
        10,
        10,
        11,
        9,
        9,
        12,
        9,
        10,
        9,
        15,
        10,
        10,
        12,
        11,
        10,
        10,
        10,
        10,
        9,
        9,
        9,
        9,
        10,
        10,
        9,
        10,
        9,
        9,
        52,
        17,
        19,
        23,
        13,
        17,
        18,
        13,
        10,
        14,
        13,
        10,
        9,
        9,
        12,
        10,
        10,
        9,
        10,
        12,
        10,
        10,
        10,
        9,
        8,
        10,
        11,
        12,
        12,
        11,
        9,
        13,
        14,
        13,
        13,
        15,
        13,
        15,
        12,
        29,
        21,
        23,
        17,
        16,
        14,
        27,
        31,
        15,
        42,
        50,
        64,
        64,
        107,
        21,
        45,
        27,
        158,
        33
    ],
    "time history": [
        0.0009308730004704557,
        0.12453576099869679,
        0.11449539599925629,
        0.06713879900053144,
        0.0931622440002684,
        0.06349367899747449,
        0.04981959900032962,
        0.06563440900208661,
        0.08910228799868491,
        0.07886389399936888,
        0.07446441600040998,
        0.06877765600074781,
        0.06752226800017525,
        0.09875562500019441,
        0.06616671099982341,
        0.06685927600119612,
        0.07766133499899297,
        0.059631371001160005,
        0.05957751999812899,
        0.08272102599948994,
        0.05745700300030876,
        0.0586594399974274,
        0.053530778001004364,
        0.09612795599969104,
        0.061353430999588454,
        0.06103636599800666,
        0.08249556299779215,
        0.06714828799886163,
        0.061927580998599296,
        0.061635891997866565,
        0.0611530389978725,
        0.0661316590012575,
        0.05519275299957371,
        0.055058699999790406,
        0.05522211800052901,
        0.05495706000147038,
        0.06173577099980321,
        0.06090444499932346,
        0.05554787000073702,
        0.06196357699809596,
        0.05606161300238455,
        0.058449607000511605,
        0.3272435199978645,
        0.11411657099961303,
        0.12893254899972817,
        0.15297408300102688,
        0.08226849099810352,
        0.11211314400134142,
        0.12033797099866206,
        0.08828960699975141,
        0.06530891399961547,
        0.09476677199927508,
        0.08965125299801002,
        0.0679405160008173,
        0.0618172329996014,
        0.06171886700030882,
        0.07939716600230895,
        0.06674385799851734,
        0.0660361769987503,
        0.05374297799789929,
        0.06025742799829459,
        0.07250026199835702,
        0.06130929400023888,
        0.06151974299791618,
        0.060565052001038566,
        0.05425425199791789,
        0.047849557999143144,
        0.05992573900221032,
        0.09019744800025364,
        0.08332158499979414,
        0.07948151500022504,
        0.07290499599912437,
        0.06033374500111677,
        0.0858634880023601,
        0.09762608900200576,
        0.0842639029979182,
        0.0902752080000937,
        0.09814248800103087,
        0.08953485100209946,
        0.10010476399838808,
        0.0804530679997697,
        0.20023070400202414,
        0.1434516490007809,
        0.1562704459975066,
        0.11647084899959737,
        0.10880170200107386,
        0.09904946899769129,
        0.18598427799952333,
        0.21056512200084399,
        0.09933837399876211,
        0.26601318499888293,
        0.3152149769994139,
        0.4291460999993433,
        0.4122659800013935,
        0.7160793420007394,
        0.1454678949994559,
        0.301823019002768,
        0.16175587299949257,
        1.0560101070004748,
        0.2163514900021255
    ],
    "hyperparameters": {
        "memory size": 2000,
        "discount factor": 0.95,
        "minibatch size": 32,
        "learning rate": 0.001,
        "epsilon decay": 0.99,
        "final epsilon": 0.1,
        "target neural network update freq": 100,
        "live plot freq": 1,
        "live plot": false,
        "neural network save freq": 100000
    },
    "game": "cartpole"
}