{
    "time": "2022-09-01-16-15-49",
    "episodes": 100,
    "performance history": [
        13,
        18,
        21,
        14,
        25,
        13,
        19,
        20,
        14,
        16,
        13,
        14,
        10,
        12,
        14,
        11,
        10,
        13,
        11,
        11,
        13,
        11,
        10,
        11,
        15,
        13,
        10,
        12,
        10,
        14,
        14,
        10,
        9,
        10,
        18,
        14,
        10,
        13,
        11,
        10,
        12,
        18,
        16,
        11,
        18,
        10,
        14,
        16,
        11,
        11,
        16,
        13,
        10,
        11,
        11,
        11,
        16,
        15,
        12,
        15,
        20,
        15,
        15,
        13,
        15,
        11,
        17,
        15,
        14,
        19,
        12,
        20,
        15,
        16,
        13,
        17,
        16,
        17,
        15,
        16,
        16,
        13,
        14,
        21,
        16,
        20,
        14,
        21,
        22,
        20,
        17,
        9,
        24,
        14,
        18,
        18,
        11,
        13,
        23,
        21
    ],
    "time history": [
        0.0005199930019443855,
        0.0003449869982432574,
        0.12974998300342122,
        0.08759762300178409,
        0.1499828069972864,
        0.07596325499980594,
        0.11332248400140088,
        0.12772067300102208,
        0.09190004600168322,
        0.1028725919968565,
        0.08046606999778305,
        0.08786479600166786,
        0.05912098699991475,
        0.06930440500218538,
        0.08619632800036925,
        0.0634102609983529,
        0.06141018400012399,
        0.09709593599836808,
        0.06412525899941102,
        0.06343669200214208,
        0.07567641900095623,
        0.06389172100170981,
        0.05881591999786906,
        0.0646835129991814,
        0.0885426010027004,
        0.07556311200096388,
        0.05748240200045984,
        0.0689625459999661,
        0.05981968099877122,
        0.0869621410020045,
        0.08386014300049283,
        0.0591338119993452,
        0.05412153799989028,
        0.06025199299983797,
        0.11057318999883137,
        0.08923724300257163,
        0.05770789900270756,
        0.07937702600247576,
        0.06992430500031332,
        0.060850927999126725,
        0.07561800999974366,
        0.10787043999880552,
        0.09612153899797704,
        0.0660110619974148,
        0.10774770799980615,
        0.06047769599899766,
        0.08421448400258669,
        0.0954111989994999,
        0.06936481400043704,
        0.07940688300004695,
        0.10950358400077675,
        0.0770865180020337,
        0.05866512799912016,
        0.06387980600266019,
        0.06588563200057251,
        0.0650369809991389,
        0.09315283199975966,
        0.08839639799771248,
        0.06966748500053654,
        0.08507287300017197,
        0.11469525700158556,
        0.08829754199905437,
        0.09260260300288792,
        0.08292043400069815,
        0.08955864299787208,
        0.06535070599784376,
        0.10899710199737456,
        0.08831885000108741,
        0.12170258100013598,
        0.13967809799942188,
        0.06971198899918818,
        0.11963924800147652,
        0.09403695499713649,
        0.0978608270015684,
        0.07543504299974302,
        0.10812844300016877,
        0.0970867600008205,
        0.10081599000113783,
        0.10924062699996284,
        0.10708645399790839,
        0.09462727600111975,
        0.07813817799979006,
        0.08234803899904364,
        0.12622582400217652,
        0.09609454699966591,
        0.1182848019998346,
        0.08399410600031842,
        0.12712363500031643,
        0.14263228500203695,
        0.13175107900315197,
        0.11591212100029225,
        0.06104060999859939,
        0.1622899120011425,
        0.09075833699898794,
        0.1296757060008531,
        0.11867927899947972,
        0.06298844299817574,
        0.07792554900152027,
        0.14615174899881822,
        0.14294083500135457
    ],
    "hyperparameters": {
        "memory size": 2000,
        "discount factor": 0.95,
        "minibatch size": 32,
        "learning rate": 0.001,
        "epsilon decay": 0.99,
        "final epsilon": 0.1,
        "target neural network update freq": 100,
        "live plot freq": 1,
        "live plot": false,
        "neural network save freq": 100000
    },
    "game": "cartpole"
}