{
    "time": "2022-09-01-16-38-50",
    "episodes": 100,
    "performance history": [
        15,
        11,
        16,
        11,
        17,
        16,
        10,
        12,
        13,
        11,
        21,
        10,
        11,
        20,
        11,
        18,
        24,
        21,
        24,
        21,
        18,
        22,
        15,
        15,
        23,
        25,
        15,
        17,
        22,
        21,
        23,
        22,
        18,
        20,
        14,
        27,
        16,
        14,
        17,
        18,
        22,
        26,
        22,
        27,
        16,
        22,
        24,
        17,
        15,
        23,
        18,
        16,
        18,
        31,
        19,
        26,
        21,
        21,
        20,
        20,
        23,
        19,
        29,
        27,
        21,
        19,
        20,
        23,
        23,
        20,
        15,
        35,
        18,
        16,
        27,
        21,
        16,
        18,
        31,
        44,
        22,
        24,
        36,
        20,
        24,
        26,
        23,
        24,
        26,
        40,
        19,
        29,
        32,
        36,
        29,
        30,
        39,
        73,
        41,
        42
    ],
    "time history": [
        0.0004479489980440121,
        0.0003647209996415768,
        0.06753594100155169,
        0.08868931100005284,
        0.11955852900064201,
        0.09637547599777463,
        0.05985835500177927,
        0.07332803899771534,
        0.07936233099826495,
        0.06886116300302092,
        0.13001592100044945,
        0.062083722001261776,
        0.08158347599965055,
        0.12132426600146573,
        0.07782082899939269,
        0.11779826000201865,
        0.15052521399775287,
        0.12830612900143024,
        0.14957094300189056,
        0.13447990200074855,
        0.11713735599914799,
        0.13273187300001155,
        0.09535957200205303,
        0.09374360199944931,
        0.13871511999968789,
        0.16989194500274607,
        0.1023020370012091,
        0.11552464499982307,
        0.15060209600051166,
        0.13925715999721433,
        0.1534014609969745,
        0.13752813300015987,
        0.10820002000036766,
        0.12046174799979781,
        0.08541708200209541,
        0.16290126700187102,
        0.09714133100351319,
        0.08847296400199411,
        0.10223620399847277,
        0.11682597099934355,
        0.13802339099856908,
        0.1577659320028033,
        0.1475756910003838,
        0.18222767200131784,
        0.10270713299905765,
        0.13701002900052117,
        0.14910433600016404,
        0.1044966250010475,
        0.09257121700284188,
        0.13819519499884336,
        0.10974982699917746,
        0.09787095399951795,
        0.11888488899785443,
        0.2116559040005086,
        0.11860196400084533,
        0.15992370000094525,
        0.12652231300307903,
        0.15120739600024535,
        0.11906704699867987,
        0.11903686400182778,
        0.13804513500144822,
        0.11553163399730693,
        0.17662085699703312,
        0.1632177989995398,
        0.1396221750001132,
        0.13180446100159315,
        0.12481051899885642,
        0.1381978280005569,
        0.15620142100306111,
        0.15316186599739012,
        0.0890196879990981,
        0.21247153699732735,
        0.11273166099999798,
        0.09650429300018004,
        0.1744178170010855,
        0.12776791199939908,
        0.09720670400201925,
        0.11104219900153112,
        0.1919061389999115,
        0.27458652799759875,
        0.14915690800262382,
        0.15930389600180206,
        0.2245007719975547,
        0.12797078499716008,
        0.1724279160007427,
        0.18809224299911875,
        0.14979870099705295,
        0.16429436299949884,
        0.1627621870029543,
        0.25102401000185637,
        0.12211540499993134,
        0.17700789700029418,
        0.1933082760006073,
        0.22122092900099233,
        0.1755373519990826,
        0.20002893499986385,
        0.24591009700088762,
        0.4431122809983208,
        0.2533120539992524,
        0.2636424699994677
    ],
    "hyperparameters": {
        "memory size": 2000,
        "discount factor": 0.95,
        "minibatch size": 32,
        "learning rate": 0.001,
        "epsilon decay": 0.99,
        "final epsilon": 0.1,
        "target neural network update freq": 100,
        "live plot freq": 1,
        "live plot": false,
        "neural network save freq": 100000
    },
    "game": "cartpole"
}