{
    "time": "2022-09-01-16-29-06",
    "episodes": 100,
    "performance history": [
        45,
        22,
        12,
        15,
        10,
        9,
        10,
        11,
        9,
        10,
        11,
        10,
        12,
        9,
        10,
        10,
        10,
        11,
        10,
        12,
        9,
        9,
        9,
        10,
        9,
        9,
        10,
        9,
        11,
        14,
        9,
        9,
        10,
        11,
        9,
        11,
        9,
        9,
        11,
        9,
        9,
        9,
        10,
        12,
        10,
        11,
        11,
        10,
        9,
        10,
        10,
        11,
        10,
        9,
        9,
        9,
        11,
        14,
        9,
        12,
        13,
        10,
        12,
        9,
        11,
        12,
        10,
        8,
        13,
        10,
        12,
        11,
        9,
        11,
        9,
        12,
        10,
        11,
        12,
        11,
        12,
        10,
        11,
        13,
        18,
        14,
        15,
        11,
        15,
        12,
        14,
        11,
        12,
        10,
        13,
        15,
        12,
        10,
        12,
        9
    ],
    "time history": [
        0.08836502700069104,
        0.1364586599993345,
        0.07345332600016263,
        0.09076002400252037,
        0.06071880499803228,
        0.05362329499985208,
        0.06057330399926286,
        0.06597889000113355,
        0.05289726599949063,
        0.05958526900212746,
        0.06596048299979884,
        0.05942305699863937,
        0.07188775800022995,
        0.0549398340008338,
        0.06706268099878798,
        0.067445835997205,
        0.06671992699921248,
        0.06902379500024836,
        0.059845424999366514,
        0.07235855299950344,
        0.05518811499860021,
        0.06761808100054623,
        0.07375964200036833,
        0.05754354999953648,
        0.053163503001997015,
        0.05423102399799973,
        0.05828026499875705,
        0.05289541999809444,
        0.06897880899850861,
        0.13261127899750136,
        0.05709515399939846,
        0.05263277999983984,
        0.06375117100105854,
        0.06588158500017016,
        0.05451431300025433,
        0.07191594200048712,
        0.054896803998417454,
        0.054527889002201846,
        0.0662319849980122,
        0.05494397999791545,
        0.055198822999955155,
        0.06003172399869072,
        0.07013798200205201,
        0.08137469099892769,
        0.06792271900121705,
        0.07306398999935482,
        0.0705798480012163,
        0.06764065999959712,
        0.0611577119998401,
        0.06254394200004754,
        0.061314826998568606,
        0.06707039100001566,
        0.06600940900170826,
        0.05793725400144467,
        0.05446124099762528,
        0.05984394799816073,
        0.06706285199834383,
        0.08632717199725448,
        0.05485843499991461,
        0.07367364400124643,
        0.08010648100025719,
        0.06414088099700166,
        0.081034520000685,
        0.05570598499980406,
        0.07280018199890037,
        0.07737611699849367,
        0.06227686000056565,
        0.05168307200074196,
        0.08955242400043062,
        0.062120446000335505,
        0.07445381200159318,
        0.07450824599800399,
        0.06317430399940349,
        0.06665333800265216,
        0.05523997199998121,
        0.07285629099715152,
        0.061922328000946436,
        0.06755940199946053,
        0.0799874100011948,
        0.07727840399820707,
        0.07980255499933264,
        0.06804969800214167,
        0.07289202500032843,
        0.09235944600004586,
        0.12334264600212919,
        0.09104974700312596,
        0.09746125600213418,
        0.06542007100142655,
        0.09003342100186273,
        0.07368832399879466,
        0.08957039500091923,
        0.08991402600076981,
        0.10566746699987561,
        0.08462438399874372,
        0.076412757000071,
        0.0928818219981622,
        0.07590063099996769,
        0.06306657499953872,
        0.07456542100044317,
        0.05778271600138396
    ],
    "hyperparameters": {
        "memory size": 2000,
        "discount factor": 0.95,
        "minibatch size": 32,
        "learning rate": 0.001,
        "epsilon decay": 0.99,
        "final epsilon": 0.1,
        "target neural network update freq": 100,
        "live plot freq": 1,
        "live plot": false,
        "neural network save freq": 100000
    },
    "game": "cartpole"
}