{
    "time": "2022-09-01-16-37-46",
    "episodes": 100,
    "performance history": [
        12,
        17,
        19,
        11,
        11,
        11,
        9,
        13,
        15,
        12,
        11,
        9,
        10,
        9,
        10,
        10,
        11,
        12,
        9,
        11,
        12,
        8,
        10,
        11,
        10,
        10,
        10,
        10,
        8,
        12,
        13,
        15,
        10,
        10,
        11,
        12,
        12,
        9,
        12,
        15,
        10,
        10,
        11,
        12,
        11,
        11,
        11,
        9,
        10,
        10,
        12,
        9,
        11,
        11,
        10,
        10,
        12,
        9,
        15,
        12,
        10,
        12,
        11,
        11,
        11,
        11,
        10,
        10,
        12,
        11,
        10,
        10,
        9,
        9,
        13,
        11,
        9,
        10,
        13,
        16,
        13,
        12,
        9,
        13,
        13,
        12,
        11,
        11,
        12,
        11,
        10,
        11,
        10,
        12,
        11,
        10,
        10,
        10,
        10,
        11
    ],
    "time history": [
        0.0003851990004477557,
        0.00037702899862779304,
        0.1041507490008371,
        0.06682726199869649,
        0.07290543199997046,
        0.07557506800003466,
        0.06026419400222949,
        0.09090609600025346,
        0.09671123000225634,
        0.08443831899785437,
        0.0828009809993091,
        0.08227021199854789,
        0.07353720399987651,
        0.05614118200173834,
        0.06849350600168691,
        0.06964977299867314,
        0.07275306599694886,
        0.08390116300142836,
        0.062335662998521,
        0.0734756189995096,
        0.08379989500099327,
        0.05421881200163625,
        0.06568212199999834,
        0.06968347399742925,
        0.0671231300002546,
        0.06192120500054443,
        0.05954912900051568,
        0.06673578900154098,
        0.05293885900027817,
        0.08279439299803926,
        0.08826168700034032,
        0.10325534000003245,
        0.06674615199881373,
        0.06323233500006609,
        0.07579667999743833,
        0.08037756699923193,
        0.08098425599746406,
        0.061101412000425626,
        0.07748390800043126,
        0.1012999580016185,
        0.0667990900001314,
        0.06711994000215782,
        0.07245189300010679,
        0.08441321899954346,
        0.07432313100071042,
        0.07251509500201792,
        0.07175174000076368,
        0.06007062700155075,
        0.059472558001289144,
        0.05877656799930264,
        0.07103563200143981,
        0.05336974300007569,
        0.06579835299999104,
        0.06757939299859572,
        0.06535770399932517,
        0.06905122800162644,
        0.08510655800273526,
        0.060763031000533374,
        0.09691461400143453,
        0.08442557599846623,
        0.0678763119976793,
        0.07881369200185873,
        0.07240342699878966,
        0.07184419999975944,
        0.07481716900292668,
        0.07579769500080147,
        0.06653947499944479,
        0.05894463899676339,
        0.07176675400114618,
        0.06582451600115746,
        0.06054519499957678,
        0.0601146909975796,
        0.05488194799909252,
        0.0542288409997127,
        0.07817512800102122,
        0.07262792399706086,
        0.06150313299804111,
        0.06661491699924227,
        0.07764629300072556,
        0.10040994700102601,
        0.08635964999848511,
        0.07997414499914157,
        0.05606410799737205,
        0.07897526099986862,
        0.08321063100083848,
        0.08604657599789789,
        0.07343237399982172,
        0.07246462699913536,
        0.08090365499811014,
        0.07731836500170175,
        0.06926728100006585,
        0.07307684699844685,
        0.06734170699928654,
        0.07978852199812536,
        0.06652392499745474,
        0.06022394600222469,
        0.060897294999449514,
        0.0653092979991925,
        0.06735115600167774,
        0.07611475899830111
    ],
    "hyperparameters": {
        "memory size": 2000,
        "discount factor": 0.95,
        "minibatch size": 32,
        "learning rate": 0.001,
        "epsilon decay": 0.99,
        "final epsilon": 0.1,
        "target neural network update freq": 100,
        "live plot freq": 1,
        "live plot": false,
        "neural network save freq": 100000
    },
    "game": "cartpole"
}