{
    "time": "2022-09-01-16-37-38",
    "episodes": 100,
    "performance history": [
        27,
        9,
        25,
        11,
        17,
        17,
        11,
        10,
        9,
        13,
        8,
        10,
        11,
        10,
        10,
        12,
        9,
        10,
        10,
        9,
        9,
        9,
        13,
        10,
        9,
        10,
        10,
        11,
        12,
        11,
        12,
        9,
        9,
        12,
        12,
        13,
        9,
        14,
        12,
        14,
        16,
        13,
        10,
        11,
        15,
        13,
        11,
        11,
        11,
        13,
        13,
        11,
        11,
        14,
        18,
        10,
        13,
        11,
        14,
        13,
        15,
        14,
        11,
        10,
        12,
        39,
        11,
        11,
        27,
        10,
        11,
        30,
        15,
        31,
        29,
        22,
        20,
        19,
        14,
        26,
        19,
        24,
        25,
        14,
        32,
        18,
        16,
        12,
        43,
        26,
        28,
        15,
        17,
        16,
        19,
        23,
        41,
        48,
        26,
        23
    ],
    "time history": [
        0.000725804999092361,
        0.04411469600017881,
        0.2027991969989671,
        0.09039603000201168,
        0.13422051000088686,
        0.13764897500004736,
        0.09376907399928314,
        0.08799944999918807,
        0.06753981499787187,
        0.09020287200110033,
        0.047911222998664016,
        0.059947259000182385,
        0.07828971399794682,
        0.07100654099849635,
        0.0652566159988055,
        0.07944797999880393,
        0.05787467199843377,
        0.06477298100071494,
        0.0676628460023494,
        0.06319946100120433,
        0.06468951299757464,
        0.06075529000008828,
        0.08540459100186126,
        0.06437547799941967,
        0.05927739999970072,
        0.06545948599887197,
        0.06744789999720524,
        0.07447440099713276,
        0.07863587099927827,
        0.07086982100008754,
        0.0783173190029629,
        0.05995368699950632,
        0.05358044200329459,
        0.07519072099967161,
        0.07984641899747658,
        0.08240680699964287,
        0.0580482680015848,
        0.09121731200139038,
        0.07737649399859947,
        0.09178937999968184,
        0.10291105700162007,
        0.08841260199915268,
        0.061620513999514515,
        0.06748960400000215,
        0.0905989769998996,
        0.08189831100025913,
        0.06719452999823261,
        0.07018861299729906,
        0.08785773999989033,
        0.08240854399991804,
        0.08608224400086328,
        0.07095574800041504,
        0.07082329299737466,
        0.08725917699848651,
        0.11691221599903656,
        0.06312726300166105,
        0.08236257499811472,
        0.07078704800005653,
        0.08624652800062904,
        0.07977726799799711,
        0.09797359499862068,
        0.08913883199784323,
        0.0683871649998764,
        0.0625823139998829,
        0.073701899000298,
        0.24542980800106307,
        0.0694604039999831,
        0.06813624100323068,
        0.16660526800114894,
        0.06188678199760034,
        0.06896730800144724,
        0.1930223269991984,
        0.09247728400077904,
        0.1931000969998422,
        0.18116568199911853,
        0.13752526999815018,
        0.12121908900007838,
        0.12966542599679087,
        0.08859393400052795,
        0.15570007100177463,
        0.11471090400300454,
        0.147725591003109,
        0.15318090800064965,
        0.08680443699995521,
        0.20372537000002922,
        0.11595389600188355,
        0.11187545499706175,
        0.07370593199811992,
        0.2672998989983171,
        0.16486563800208387,
        0.17002243000024464,
        0.11021895300291362,
        0.11206391099767643,
        0.10219408999910229,
        0.11494814099933137,
        0.14539499500097008,
        0.2533557370006747,
        0.29217300600066665,
        0.1561964619977516,
        0.14009511199765257
    ],
    "hyperparameters": {
        "memory size": 2000,
        "discount factor": 0.95,
        "minibatch size": 32,
        "learning rate": 0.001,
        "epsilon decay": 0.99,
        "final epsilon": 0.1,
        "target neural network update freq": 100,
        "live plot freq": 1,
        "live plot": false,
        "neural network save freq": 100000
    },
    "game": "cartpole"
}