{
    "episodes": 100,
    "performance history": [
        59,
        22,
        28,
        13,
        8,
        22,
        35,
        25,
        17,
        21,
        29,
        26,
        22,
        24,
        16,
        46,
        36,
        111,
        54,
        26,
        21,
        15,
        84,
        23,
        20,
        57,
        29,
        15,
        18,
        13,
        61,
        15,
        12,
        59,
        64,
        118,
        16,
        177,
        179,
        33,
        43,
        16,
        23,
        32,
        16,
        17,
        14,
        13,
        88,
        70,
        15,
        18,
        28,
        13,
        14,
        13,
        20,
        14,
        9,
        10,
        35,
        29,
        38,
        46,
        47,
        35,
        60,
        38,
        10,
        57,
        35,
        24,
        10,
        9,
        8,
        9,
        20,
        12,
        14,
        14,
        32,
        15,
        10,
        8,
        17,
        10,
        35,
        13,
        9,
        10,
        13,
        9,
        12,
        9,
        15,
        10,
        9,
        10,
        9,
        11
    ],
    "time history": [
        0.16705994999938412,
        0.12485768099941197,
        0.1739560239984712,
        0.08142215699990629,
        0.048340845001803245,
        0.1290527849996579,
        0.2027862719987752,
        0.14480318099958822,
        0.0965858709969325,
        0.11825082499854034,
        0.16406280899900594,
        0.14832580000074813,
        0.1241429159999825,
        0.13606743999844184,
        0.0916879920005158,
        0.26357415299935383,
        0.2102243900008034,
        0.6383852440012561,
        0.30384438300097827,
        0.14599367099799565,
        0.12116723600047408,
        0.08945670300090569,
        0.486383138999372,
        0.13376579300165758,
        0.1165768390019366,
        0.33000402899779147,
        0.16671836499881465,
        0.08905972299908171,
        0.10465561000091839,
        0.07689680500334362,
        0.34789970999918296,
        0.08643983600268257,
        0.06928889800110483,
        0.34005564199833316,
        0.3662743370005046,
        0.6643836959992768,
        0.09075670699894545,
        0.9947985940016224,
        0.9894394189977902,
        0.19683136499952525,
        0.2412153369987209,
        0.09313581500100554,
        0.13206960699972115,
        0.18323824500112096,
        0.0920101550000254,
        0.10134832399853622,
        0.0809934009994322,
        0.07577418100117939,
        0.5128952820014092,
        0.3892962700010685,
        0.08715803800077992,
        0.10631383600048139,
        0.1596830430025875,
        0.07690427400302724,
        0.0809325269983674,
        0.07540111699927365,
        0.11451913199925912,
        0.08126960099980352,
        0.052396756000234745,
        0.058972850998543436,
        0.20595018699896173,
        0.17113583299942547,
        0.22245491899957415,
        0.26732584799901815,
        0.27305162099946756,
        0.20256529800099088,
        0.35136245700050495,
        0.21977512300145463,
        0.05864740299875848,
        0.3239602339999692,
        0.20603894200030481,
        0.14031782899837708,
        0.058371797000290826,
        0.05337649899956887,
        0.047115722998569254,
        0.05356972400113591,
        0.1167809020007553,
        0.07049331500093103,
        0.08201232499777689,
        0.08114969900270808,
        0.1845265490010206,
        0.0865923749988724,
        0.05837045199950808,
        0.0472638419996656,
        0.09929457700127386,
        0.05895328200131189,
        0.20204602100056945,
        0.07662600700132316,
        0.05343504299889901,
        0.05861619799907203,
        0.07560166800249135,
        0.05357992499921238,
        0.07040210099876276,
        0.0529092180004227,
        0.08743766599945957,
        0.05775584300135961,
        0.0525011909994646,
        0.05763942100020358,
        0.05242641800214187,
        0.0636241339998378
    ],
    "hyperparameters": {
        "memory size": 2000,
        "discount factor": 0.99,
        "minibatch size": 32,
        "learning rate": 0.001,
        "epsilon decay": 0.99,
        "final epsilon": 0.1,
        "target neural network update freq": 100,
        "live plot freq": true,
        "live plot": 1,
        "neural network save freq": 100000
    }
}