{
    "time": "2022-09-01-16-32-19",
    "episodes": 100,
    "performance history": [
        9,
        22,
        16,
        25,
        11,
        16,
        12,
        12,
        11,
        9,
        19,
        21,
        21,
        10,
        11,
        11,
        10,
        10,
        10,
        10,
        9,
        12,
        9,
        21,
        29,
        10,
        13,
        21,
        19,
        15,
        12,
        9,
        16,
        13,
        9,
        10,
        12,
        11,
        10,
        10,
        10,
        11,
        10,
        10,
        10,
        10,
        9,
        12,
        10,
        9,
        13,
        12,
        13,
        14,
        12,
        9,
        11,
        13,
        19,
        11,
        11,
        10,
        11,
        9,
        17,
        14,
        13,
        14,
        16,
        12,
        11,
        12,
        15,
        14,
        13,
        12,
        17,
        11,
        13,
        12,
        17,
        11,
        14,
        12,
        12,
        16,
        11,
        14,
        18,
        8,
        14,
        13,
        23,
        36,
        12,
        13,
        25,
        68,
        27,
        10
    ],
    "time history": [
        0.00028526399910333566,
        0.00046358299732673913,
        0.11078616799932206,
        0.16545548000067356,
        0.07560407499840949,
        0.10313781399963773,
        0.08002870500058634,
        0.08298058299988043,
        0.07350804800080368,
        0.061143595001340145,
        0.12424874100179295,
        0.14220726799976546,
        0.14181485600056476,
        0.067381700999249,
        0.07148193100147182,
        0.0660087639989797,
        0.05955269000332919,
        0.06163328000184265,
        0.068382138000743,
        0.06765572299991618,
        0.06210798900065129,
        0.07667926000067382,
        0.05619975299850921,
        0.12665005099916016,
        0.20767810699908296,
        0.06260978899808833,
        0.07871145299941418,
        0.13216540600114968,
        0.11669483099831268,
        0.09567817300194292,
        0.07409754299806082,
        0.054850623000675114,
        0.0981233450002037,
        0.07987732699984917,
        0.05535062900162302,
        0.0693708990002051,
        0.07600654500129167,
        0.06694408100156579,
        0.061039853000693256,
        0.061565210002299864,
        0.06142980900040129,
        0.06718593500045245,
        0.06307393299721298,
        0.06163579300118727,
        0.06171585699848947,
        0.060374838998541236,
        0.054676594998454675,
        0.07503982799971709,
        0.06121525300113717,
        0.05467090900128824,
        0.07906420400104253,
        0.07260775599934277,
        0.0805928080008016,
        0.08695559799889452,
        0.07404183899780037,
        0.05481944900020608,
        0.06735343400214333,
        0.07996150699909776,
        0.11771771299754619,
        0.06876833500064095,
        0.07339314399723662,
        0.06463118900137488,
        0.06830233500295435,
        0.05580223799915984,
        0.10597411900016596,
        0.08533041599730495,
        0.09940548200029298,
        0.09325894499852438,
        0.09653415700086043,
        0.07454180599961546,
        0.06721595300041372,
        0.07501930000216817,
        0.0963766310014762,
        0.09616879899840569,
        0.0810734090009646,
        0.07491885000126786,
        0.10280814099678537,
        0.07006942900261492,
        0.08147632899999735,
        0.07384263600033592,
        0.10879464399840799,
        0.0684144799997739,
        0.08647104700139607,
        0.0908317489993351,
        0.07380806500077597,
        0.09781472299800953,
        0.06607656099731685,
        0.0848573680013942,
        0.10868411499905051,
        0.048278903999744216,
        0.08935672000006889,
        0.07783864300290588,
        0.14001752700278303,
        0.2181179040017014,
        0.07287201199869742,
        0.08142808499906096,
        0.15011677499933285,
        0.40318708900304046,
        0.1630366649987991,
        0.06763756299915258
    ],
    "hyperparameters": {
        "memory size": 2000,
        "discount factor": 0.95,
        "minibatch size": 32,
        "learning rate": 0.001,
        "epsilon decay": 0.99,
        "final epsilon": 0.1,
        "target neural network update freq": 100,
        "live plot freq": 1,
        "live plot": false,
        "neural network save freq": 100000
    },
    "game": "cartpole"
}