{
    "time": "2022-09-01-16-29-33",
    "episodes": 100,
    "performance history": [
        18,
        16,
        11,
        28,
        18,
        17,
        12,
        15,
        11,
        12,
        11,
        11,
        10,
        10,
        9,
        12,
        9,
        8,
        9,
        9,
        9,
        8,
        8,
        10,
        10,
        11,
        11,
        10,
        10,
        9,
        11,
        9,
        9,
        11,
        9,
        9,
        10,
        11,
        12,
        10,
        10,
        11,
        14,
        10,
        11,
        14,
        12,
        9,
        10,
        11,
        9,
        11,
        10,
        11,
        10,
        12,
        9,
        12,
        13,
        12,
        11,
        12,
        9,
        12,
        10,
        11,
        13,
        10,
        10,
        13,
        11,
        14,
        9,
        16,
        25,
        21,
        27,
        24,
        23,
        28,
        32,
        38,
        24,
        34,
        34,
        30,
        48,
        38,
        65,
        30,
        103,
        53,
        90,
        132,
        68,
        84,
        31,
        63,
        53,
        34
    ],
    "time history": [
        0.0005457970000861678,
        0.020393735001562163,
        0.07567351400211919,
        0.19062762899920926,
        0.12137295199863729,
        0.11260893999860855,
        0.08536930300033418,
        0.09947120500146411,
        0.07649759599735262,
        0.0820196290005697,
        0.07389811399843893,
        0.06547842300278717,
        0.059926107998762745,
        0.06045755699960864,
        0.05337000800136593,
        0.07992336899769725,
        0.06265574799908791,
        0.05358205300217378,
        0.06036270799813792,
        0.05823254300048575,
        0.05743875699772616,
        0.05171358899679035,
        0.05338534699694719,
        0.06719560300189187,
        0.07026537699857727,
        0.07409990000087419,
        0.07128089499747148,
        0.06607756800076459,
        0.08710317199802375,
        0.06644037599835428,
        0.09261428999889176,
        0.07781422499829205,
        0.06972703200153774,
        0.0918164569993678,
        0.06539669899939327,
        0.07994012000199291,
        0.07240958200054592,
        0.09105902099690866,
        0.0956817480000609,
        0.08124451500043506,
        0.0743625430004613,
        0.09090815400122665,
        0.10714080300022033,
        0.08421798999916064,
        0.08272547900196514,
        0.11366489099964383,
        0.09488586999941617,
        0.05713608600126463,
        0.05793157500011148,
        0.06510195900045801,
        0.0525447960026213,
        0.07891832799941767,
        0.06409253899983014,
        0.07325359999958891,
        0.05854119500145316,
        0.07631932799995411,
        0.05750831900149933,
        0.07890534000034677,
        0.0810221880019526,
        0.0790502479976567,
        0.06910026799960178,
        0.07799572499789065,
        0.06047103899982176,
        0.07612802499716054,
        0.06574873299905448,
        0.07106565900176065,
        0.08534957699885126,
        0.06603401200118242,
        0.06708164500014391,
        0.0863740870008769,
        0.07304980600019917,
        0.09739628199895378,
        0.059710130000894424,
        0.10301757599881967,
        0.16630805500244605,
        0.12661676900097518,
        0.16228322299866704,
        0.14459878799971193,
        0.13916495699959341,
        0.17019986400191556,
        0.1957297369990556,
        0.23348553699906915,
        0.14232099400032894,
        0.20103248899977189,
        0.1977601299986418,
        0.19670291200236534,
        0.3090042190015083,
        0.24950682100097765,
        0.4048035539999546,
        0.18856592300289776,
        0.63144293899677,
        0.3258113600022625,
        0.590724849000253,
        0.8049239140018472,
        0.4124142110013054,
        0.5165638720027346,
        0.20073065999895334,
        0.39309727100044256,
        0.3237915650024661,
        0.21804116999919643
    ],
    "hyperparameters": {
        "memory size": 2000,
        "discount factor": 0.95,
        "minibatch size": 32,
        "learning rate": 0.001,
        "epsilon decay": 0.99,
        "final epsilon": 0.1,
        "target neural network update freq": 100,
        "live plot freq": 1,
        "live plot": false,
        "neural network save freq": 100000
    },
    "game": "cartpole"
}