{
    "time": "2022-09-01-16-24-11",
    "episodes": 100,
    "performance history": [
        17,
        46,
        29,
        49,
        70,
        47,
        31,
        32,
        34,
        30,
        33,
        28,
        34,
        20,
        24,
        27,
        45,
        19,
        27,
        33,
        30,
        30,
        29,
        22,
        26,
        24,
        24,
        18,
        25,
        33,
        30,
        37,
        30,
        25,
        57,
        35,
        42,
        34,
        40,
        60,
        32,
        62,
        50,
        83,
        72,
        90,
        49,
        61,
        59,
        35,
        51,
        40,
        36,
        50,
        37,
        27,
        25,
        36,
        20,
        19,
        15,
        25,
        27,
        34,
        25,
        37,
        29,
        27,
        24,
        26,
        30,
        27,
        27,
        23,
        21,
        31,
        23,
        41,
        82,
        81,
        113,
        38,
        84,
        53,
        70,
        86,
        94,
        82,
        43,
        69,
        82,
        64,
        84,
        99,
        104,
        87,
        159,
        82,
        100,
        69
    ],
    "time history": [
        0.0011442960021668114,
        0.19742289900023025,
        0.17377748800208792,
        0.32380991500031087,
        0.47007043899793644,
        0.3037239770019369,
        0.19860697100011748,
        0.2467201750005188,
        0.24844503599888412,
        0.19459542600088753,
        0.20857491299830144,
        0.17902359399886336,
        0.21407588700094493,
        0.12675256399961654,
        0.15356321600120282,
        0.17044023900234606,
        0.2897235330019612,
        0.11144387000240386,
        0.16697438300252543,
        0.21298062999994727,
        0.19841700500182924,
        0.2009269560003304,
        0.18455430199901457,
        0.1525996700001997,
        0.1855533589987317,
        0.14170316300078412,
        0.14365508599803434,
        0.10962135599766043,
        0.15359015700232703,
        0.20836944300026516,
        0.19652107799993246,
        0.24177616800079704,
        0.19915992399910465,
        0.1615506620000815,
        0.3689675410023483,
        0.2847370189992944,
        0.29435858500073664,
        0.19880497600024682,
        0.2642251029974432,
        0.37791547999950126,
        0.1954265319982369,
        0.38629925600253046,
        0.3336981949978508,
        0.5159602259991516,
        0.42261636500188615,
        0.5399805289998767,
        0.31886319399927743,
        0.40107689700016635,
        0.46769498900175677,
        0.20528508699862869,
        0.3053200560025289,
        0.23911943799976143,
        0.25195558899940806,
        0.32608452400017995,
        0.22877671400055988,
        0.1612727610008733,
        0.1483153979970666,
        0.23123870299968985,
        0.12047142599840299,
        0.11710494199724053,
        0.0928293399992981,
        0.16984534200310009,
        0.18542003100083093,
        0.20810139500099467,
        0.15227742600109195,
        0.22381268700337387,
        0.17499772799783386,
        0.16331597499811323,
        0.1445881149993511,
        0.15617934900001273,
        0.18342334999761079,
        0.1639027540004463,
        0.16394838700216496,
        0.1396806739976455,
        0.1306597509974381,
        0.1883013420010684,
        0.1515898819998256,
        0.24449115700190305,
        0.5120280439987255,
        0.5500885590008693,
        0.7046363759982341,
        0.2317358839973167,
        0.5269847279996611,
        0.4281700829997135,
        0.45426616899931105,
        0.5373681800010672,
        0.586340644997108,
        0.5067267529993842,
        0.26020618500115233,
        0.4507568840017484,
        0.5150369369985128,
        0.40511866100132465,
        0.5449585179994756,
        0.6463254270020116,
        0.6816672029999609,
        0.5847115579999809,
        1.1952180170010251,
        0.5105719479979598,
        0.6513540659980208,
        0.4296923180008889
    ],
    "hyperparameters": {
        "memory size": 2000,
        "discount factor": 0.95,
        "minibatch size": 32,
        "learning rate": 0.001,
        "epsilon decay": 0.99,
        "final epsilon": 0.1,
        "target neural network update freq": 100,
        "live plot freq": 1,
        "live plot": false,
        "neural network save freq": 100000
    },
    "game": "cartpole"
}