{
    "time": "2022-09-01-16-37-20",
    "episodes": 100,
    "performance history": [
        13,
        14,
        47,
        15,
        12,
        9,
        15,
        9,
        10,
        10,
        9,
        9,
        10,
        9,
        10,
        10,
        9,
        12,
        9,
        9,
        9,
        10,
        14,
        11,
        12,
        12,
        11,
        14,
        9,
        16,
        10,
        9,
        12,
        10,
        12,
        13,
        15,
        11,
        16,
        11,
        10,
        18,
        11,
        17,
        17,
        21,
        17,
        26,
        15,
        27,
        21,
        16,
        25,
        16,
        17,
        25,
        41,
        19,
        27,
        25,
        30,
        23,
        24,
        20,
        24,
        65,
        43,
        24,
        23,
        51,
        30,
        29,
        25,
        24,
        41,
        66,
        34,
        25,
        31,
        28,
        64,
        40,
        70,
        27,
        37,
        38,
        29,
        46,
        42,
        30,
        41,
        35,
        45,
        69,
        38,
        51,
        38,
        33,
        39,
        37
    ],
    "time history": [
        0.0003030400002899114,
        0.0003064319971599616,
        0.34523103199899197,
        0.09009454400074901,
        0.07322364900028333,
        0.05458206399998744,
        0.08997043300041696,
        0.05536809400291531,
        0.0604570559989952,
        0.060578792999876896,
        0.05440418700163718,
        0.054463051001221174,
        0.05972220100011327,
        0.0544121829989308,
        0.06395433400030015,
        0.062424273000942776,
        0.05639825799880782,
        0.07988607399965986,
        0.062291086000186624,
        0.06090823799968348,
        0.06141418200058979,
        0.06852142700154218,
        0.08757513099772041,
        0.0656629500008421,
        0.07235470800151234,
        0.07124852600099985,
        0.06487459100026172,
        0.08841225699870847,
        0.05375066499982495,
        0.09764768300010473,
        0.06788762100040913,
        0.06091399700017064,
        0.07890967200000887,
        0.062243463999038795,
        0.08062769000025582,
        0.08618495799964876,
        0.10029651500008185,
        0.07560393700259738,
        0.10973542400097358,
        0.07183792200157768,
        0.06889573299849872,
        0.12468095399890444,
        0.07262606800213689,
        0.11237657099991338,
        0.1042318299987528,
        0.1253018700008397,
        0.11304737700265832,
        0.1567639450004208,
        0.09081135300220922,
        0.1844318370021938,
        0.12377352499970584,
        0.09676205199866672,
        0.15136917199924937,
        0.09781760700207087,
        0.10341559600055916,
        0.1523859619992436,
        0.25252141599776223,
        0.1135061909990327,
        0.16056676199877984,
        0.15196106800067355,
        0.19285952799691586,
        0.14916745300070033,
        0.1598803829983808,
        0.12113914100336842,
        0.14234178100014105,
        0.4346979879992432,
        0.2568986840014986,
        0.1588959740001883,
        0.17369188900192967,
        0.3300116869977501,
        0.2001915030014061,
        0.19707576200016774,
        0.15711770100097056,
        0.14846125400072196,
        0.2486504030021024,
        0.40262643700043554,
        0.20158961299966904,
        0.14872924800147302,
        0.18335669199950644,
        0.16793093399974168,
        0.39573084200310404,
        0.24689175999810686,
        0.41906066600131453,
        0.16069124700152315,
        0.2217339359995094,
        0.23089186499782954,
        0.17314156300199102,
        0.28951520700138644,
        0.29048726499968325,
        0.20187813300071866,
        0.2729471479979111,
        0.23021798800255056,
        0.3051105140002619,
        0.43284010700153885,
        0.2326557460000913,
        0.3206005469983211,
        0.24831042899677414,
        0.20131521500297822,
        0.23788018099730834,
        0.22277363000102923
    ],
    "hyperparameters": {
        "memory size": 2000,
        "discount factor": 0.95,
        "minibatch size": 32,
        "learning rate": 0.001,
        "epsilon decay": 0.99,
        "final epsilon": 0.1,
        "target neural network update freq": 100,
        "live plot freq": 1,
        "live plot": false,
        "neural network save freq": 100000
    },
    "game": "cartpole"
}