{
    "time": "2022-09-01-17-08-17",
    "episodes": 100,
    "performance history": [
        41,
        26,
        22,
        10,
        11,
        10,
        11,
        10,
        16,
        8,
        9,
        13,
        10,
        11,
        9,
        13,
        13,
        52,
        22,
        16,
        18,
        9,
        27,
        11,
        8,
        10,
        9,
        10,
        10,
        10,
        12,
        28,
        9,
        17,
        16,
        20,
        12,
        11,
        12,
        15,
        29,
        20,
        39,
        18,
        35,
        39,
        24,
        22,
        40,
        25,
        35,
        85,
        44,
        26,
        55,
        10,
        17,
        14,
        11,
        17,
        19,
        33,
        15,
        14,
        19,
        31,
        40,
        51,
        20,
        41,
        43,
        26,
        53,
        81,
        41,
        79,
        37,
        68,
        39,
        45,
        93,
        48,
        50,
        41,
        113,
        74,
        108,
        36,
        44,
        68,
        74,
        73,
        93,
        174,
        70,
        235,
        82,
        85,
        106,
        185
    ],
    "time history": [
        0.05755421299909358,
        0.13674732899744413,
        0.11468153500027256,
        0.05309660300190444,
        0.057054961998801446,
        0.05468837200169219,
        0.06003149000025587,
        0.05161505299838609,
        0.08632549799949629,
        0.04149010599940084,
        0.0464530030003516,
        0.06885522499942454,
        0.05186455500006559,
        0.05633941199994297,
        0.04730042899973341,
        0.06897257300079218,
        0.07481212899801903,
        0.28277138200064655,
        0.11832466299892985,
        0.08605863699995098,
        0.09713910299979034,
        0.049290938000922324,
        0.14876517999800853,
        0.06139489600172965,
        0.044260022001253674,
        0.05404018800254562,
        0.04906235699672834,
        0.05480383199756034,
        0.054566683000302874,
        0.054383208000217564,
        0.06430488100158982,
        0.15310161100205733,
        0.0486255629984953,
        0.09336262500073644,
        0.08667989999958081,
        0.1078411260023131,
        0.06461700200088671,
        0.05882238599951961,
        0.06280450099802692,
        0.07880293299967889,
        0.15663164000216057,
        0.10923871599879931,
        0.2108760880000773,
        0.09678644700034056,
        0.18764136800018605,
        0.22402895699997316,
        0.13744935499926214,
        0.11921024899857002,
        0.21501262800302356,
        0.13494289200025378,
        0.19505615700109047,
        0.466731994998554,
        0.24274227800196968,
        0.14439140600006795,
        0.3014819259988144,
        0.05582162700011395,
        0.09889956099868868,
        0.07680002599954605,
        0.060221538002224406,
        0.0934358259983128,
        0.10286637099852669,
        0.1820824280002853,
        0.08215484199899947,
        0.07636531499883858,
        0.10348059399984777,
        0.1657108440012962,
        0.21341024600042147,
        0.2697817549997126,
        0.1054930919999606,
        0.21762838900031056,
        0.22704399199938052,
        0.14058951499828254,
        0.28180964199782466,
        0.4278560499988089,
        0.21157158099958906,
        0.4269831230012642,
        0.19827114299914683,
        0.3649869580003724,
        0.21078408100220258,
        0.2476704590008012,
        0.5181912849984656,
        0.26365274199997657,
        0.27534988099796465,
        0.22596594800052117,
        0.6252177050009777,
        0.40922477899948717,
        0.5961238119998598,
        0.19972386299923528,
        0.23913912900025025,
        0.3698893910004699,
        0.40807340500032296,
        0.397754937002901,
        0.5076330240008247,
        0.9647781969979405,
        0.3882354840025073,
        1.293956576999335,
        0.4625220959969738,
        0.4651630650005245,
        0.5794056990016543,
        1.0064696019981056
    ],
    "hyperparameters": {
        "memory size": 2000,
        "discount factor": 0.95,
        "minibatch size": 32,
        "learning rate": 0.001,
        "epsilon decay": 0.99,
        "final epsilon": 0.1,
        "target neural network update freq": 100,
        "live plot freq": 1,
        "live plot": false,
        "neural network save freq": 100000
    },
    "game": "cartpole"
}