{
    "time": "2022-09-01-16-38-19",
    "episodes": 100,
    "performance history": [
        27,
        14,
        17,
        25,
        16,
        20,
        11,
        14,
        15,
        10,
        10,
        9,
        13,
        14,
        14,
        16,
        16,
        12,
        11,
        12,
        13,
        14,
        14,
        10,
        12,
        10,
        10,
        15,
        10,
        14,
        10,
        14,
        11,
        15,
        15,
        15,
        11,
        12,
        16,
        14,
        12,
        12,
        17,
        15,
        16,
        17,
        22,
        20,
        31,
        21,
        22,
        17,
        28,
        19,
        19,
        25,
        17,
        27,
        23,
        26,
        26,
        29,
        18,
        27,
        31,
        27,
        30,
        25,
        20,
        25,
        29,
        24,
        30,
        31,
        41,
        29,
        24,
        28,
        38,
        30,
        36,
        46,
        26,
        45,
        34,
        48,
        35,
        35,
        37,
        54,
        53,
        33,
        30,
        34,
        49,
        66,
        31,
        38,
        53,
        31
    ],
    "time history": [
        0.0006879280008433852,
        0.06133907100229408,
        0.11022761600179365,
        0.1985257870001078,
        0.10565118500016979,
        0.1222789709972858,
        0.06700869999986026,
        0.08664610999767319,
        0.09081883700127946,
        0.060290129000350134,
        0.06374616799803334,
        0.060987607001152355,
        0.08967099599976791,
        0.09166769399962504,
        0.09861567100233515,
        0.09634316300071077,
        0.10473958399961703,
        0.07599686599860433,
        0.07425452299867175,
        0.0784826859999157,
        0.07810059199982788,
        0.08555438499752199,
        0.08471336900038295,
        0.06262037200212944,
        0.07316334700226435,
        0.061642844000743935,
        0.06787575600174023,
        0.10041996300060418,
        0.06867335599963553,
        0.08499898199806921,
        0.06794688100126223,
        0.09850501299661119,
        0.07513562500025728,
        0.10113917499984382,
        0.10154578199944808,
        0.10563184700004058,
        0.07451464200130431,
        0.08307121100006043,
        0.10857599299924914,
        0.09780711699931999,
        0.07503954700223403,
        0.08161914399897796,
        0.11672901899873978,
        0.10128017800161615,
        0.11016500500045368,
        0.11414190899813548,
        0.14293068000188214,
        0.12404613800026709,
        0.19272345100034727,
        0.13286498099841992,
        0.14931261699894094,
        0.10109686700161546,
        0.1707140159996925,
        0.11481934699986596,
        0.1165575440027169,
        0.15505554199990002,
        0.11688619599954109,
        0.18525990700072725,
        0.1508681740015163,
        0.17903595399911865,
        0.16237718599950313,
        0.18883804500001133,
        0.10955818599904887,
        0.16975272400304675,
        0.188410971997655,
        0.16544106400033343,
        0.18049558400161914,
        0.1499068029988848,
        0.1201500479983224,
        0.15044429099725676,
        0.17761484299990116,
        0.14611913800035836,
        0.18458635800197953,
        0.19080878699969617,
        0.31774484800189384,
        0.17241104300046572,
        0.18027082700064057,
        0.19503044800148928,
        0.23078053599965642,
        0.184607438997773,
        0.2351659550004115,
        0.2928319310012739,
        0.1583384500008833,
        0.2768429499992635,
        0.2317158180012484,
        0.3335807980001846,
        0.22984365099910065,
        0.26501173799988464,
        0.30717381900103646,
        0.3632009779976215,
        0.32507352600077866,
        0.20593335000012303,
        0.18878866299928632,
        0.22979307899731793,
        0.33213009999963106,
        0.4448792559996946,
        0.21133416600059718,
        0.24246354000206338,
        0.37897970199992415,
        0.19270606200007023
    ],
    "hyperparameters": {
        "memory size": 2000,
        "discount factor": 0.95,
        "minibatch size": 32,
        "learning rate": 0.001,
        "epsilon decay": 0.99,
        "final epsilon": 0.1,
        "target neural network update freq": 100,
        "live plot freq": 1,
        "live plot": false,
        "neural network save freq": 100000
    },
    "game": "cartpole"
}