{
    "time": "2022-09-01-16-17-15",
    "episodes": 100,
    "performance history": [
        21,
        18,
        17,
        17,
        13,
        26,
        18,
        11,
        13,
        13,
        13,
        15,
        15,
        14,
        15,
        13,
        11,
        14,
        17,
        13,
        10,
        14,
        13,
        16,
        11,
        17,
        10,
        15,
        15,
        13,
        8,
        12,
        12,
        14,
        12,
        12,
        9,
        12,
        9,
        34,
        23,
        12,
        17,
        17,
        19,
        16,
        19,
        17,
        18,
        15,
        20,
        19,
        15,
        15,
        13,
        15,
        13,
        12,
        11,
        14,
        21,
        11,
        16,
        14,
        23,
        16,
        13,
        11,
        14,
        15,
        12,
        14,
        13,
        13,
        21,
        14,
        20,
        22,
        20,
        17,
        18,
        16,
        16,
        20,
        16,
        17,
        20,
        16,
        19,
        16,
        20,
        16,
        15,
        13,
        19,
        16,
        15,
        14,
        17,
        17
    ],
    "time history": [
        0.0006581900015589781,
        0.050135753001086414,
        0.10619142799987458,
        0.11172616200201446,
        0.08525517000089167,
        0.16654102000029525,
        0.11476845899960608,
        0.0752984619975905,
        0.08199561799847288,
        0.08633831400220515,
        0.08506129300076282,
        0.0941366389997711,
        0.09621949100255733,
        0.09055186100158608,
        0.09559275599895045,
        0.09263837199978298,
        0.07849541600080556,
        0.09574158399846056,
        0.1042121259997657,
        0.08057603300039773,
        0.08387332100028289,
        0.08961519100193982,
        0.08185522799976752,
        0.10051294000004418,
        0.07045931299944641,
        0.1158455189979577,
        0.06267928600209416,
        0.09714334199816221,
        0.096858159002295,
        0.08584361699831788,
        0.05032927600041148,
        0.07935082399853854,
        0.076257994001935,
        0.0888098470022669,
        0.07593420799821615,
        0.07616856199820177,
        0.08076885099944775,
        0.07942155599812395,
        0.056358060999627924,
        0.22850631400069688,
        0.16421541099771275,
        0.0730909049998445,
        0.11430837700027041,
        0.11234980199878919,
        0.12391921699963859,
        0.11280462799913948,
        0.12964703199759242,
        0.11841352699775598,
        0.12428769699909026,
        0.1006143560007331,
        0.14101338900218252,
        0.1303400699980557,
        0.09719487499751267,
        0.10171563600306399,
        0.0866458540003805,
        0.1026633289984602,
        0.08406175599884591,
        0.08084591899751103,
        0.06777397000041674,
        0.08653725200201734,
        0.13171407199843088,
        0.06902963100219495,
        0.09943980400203145,
        0.08524967400080641,
        0.1409724240002106,
        0.10067470399735612,
        0.08167393999974593,
        0.0710616750002373,
        0.09518187499998021,
        0.09145017699847813,
        0.07898084599946742,
        0.098174986000231,
        0.085304971998994,
        0.0809171119981329,
        0.13888552799835452,
        0.09914240400030394,
        0.1459804799997073,
        0.15748237799925846,
        0.13201859800028615,
        0.10747552500106394,
        0.11103028700017603,
        0.09908874499888043,
        0.09958125999764889,
        0.12223742900096113,
        0.09908313799678581,
        0.10429069900055765,
        0.12318728799800738,
        0.10382457300147507,
        0.13815508200059412,
        0.11451703400234692,
        0.1446375329978764,
        0.11537337700065109,
        0.10729253799945582,
        0.09087156200257596,
        0.12754249199861079,
        0.09909290200084797,
        0.09366149799825507,
        0.0854097740011639,
        0.10444582900163368,
        0.1046163200007868
    ],
    "hyperparameters": {
        "memory size": 2000,
        "discount factor": 0.95,
        "minibatch size": 32,
        "learning rate": 0.001,
        "epsilon decay": 0.99,
        "final epsilon": 0.1,
        "target neural network update freq": 100,
        "live plot freq": 1,
        "live plot": false,
        "neural network save freq": 100000
    },
    "game": "cartpole"
}