{
    "time": "2022-09-01-17-07-31",
    "episodes": 100,
    "performance history": [
        16,
        24,
        17,
        23,
        12,
        20,
        9,
        11,
        12,
        10,
        12,
        12,
        9,
        9,
        10,
        9,
        10,
        12,
        10,
        9,
        10,
        10,
        10,
        10,
        11,
        9,
        10,
        26,
        10,
        10,
        9,
        11,
        9,
        13,
        12,
        11,
        15,
        11,
        15,
        14,
        11,
        12,
        9,
        13,
        11,
        14,
        11,
        11,
        13,
        24,
        36,
        13,
        11,
        10,
        11,
        10,
        13,
        12,
        13,
        13,
        92,
        89,
        33,
        37,
        31,
        48,
        58,
        9,
        12,
        12,
        11,
        11,
        13,
        10,
        12,
        12,
        10,
        39,
        45,
        17,
        56,
        52,
        47,
        77,
        41,
        54,
        80,
        105,
        83,
        82,
        64,
        108,
        88,
        38,
        83,
        101,
        130,
        123,
        132,
        122
    ],
    "time history": [
        0.0004907069996988866,
        0.05129700799807324,
        0.08932694499890204,
        0.11787513400122407,
        0.061444414997822605,
        0.10225748399898293,
        0.04727415800152812,
        0.057312454999191687,
        0.06258702199920663,
        0.05102747699856991,
        0.06183719000182464,
        0.06226828499711701,
        0.04567423099797452,
        0.04606054999749176,
        0.05169154600298498,
        0.04589638000106788,
        0.05092901099851588,
        0.06143347800025367,
        0.0510057549981866,
        0.04593973200098844,
        0.058961667000403395,
        0.055592598000657745,
        0.05258998300269013,
        0.05146877999868593,
        0.05633949799812399,
        0.049239323001529556,
        0.05106698400049936,
        0.13051311099843588,
        0.05099256199900992,
        0.05127189099948737,
        0.04623168200123473,
        0.05622002199743292,
        0.04609496899865917,
        0.0659394770009385,
        0.06141365100120311,
        0.0565873619998456,
        0.0759730519966979,
        0.05647403099646908,
        0.0789946080003574,
        0.07205684300060966,
        0.056644748998223804,
        0.06272219400125323,
        0.04570814500038978,
        0.06626858599702246,
        0.05602810700293048,
        0.07220165100079612,
        0.056194922002759995,
        0.05576105399813969,
        0.06695503100127098,
        0.12316176899912534,
        0.1839376399984758,
        0.06623294200107921,
        0.055912319003255107,
        0.05081676400004653,
        0.05665612799930386,
        0.0524051899992628,
        0.06611704099850613,
        0.06207254499895498,
        0.06665745599821093,
        0.06675649899989367,
        0.4734685620023811,
        0.4604839300009189,
        0.17156608600271284,
        0.19083087500257534,
        0.15936937700098497,
        0.24660889300139388,
        0.3019754240012844,
        0.045890158999100095,
        0.060728468000888824,
        0.06137669500094489,
        0.05607395200058818,
        0.05599649199939449,
        0.06653843700041762,
        0.05165285000111908,
        0.0707159439989482,
        0.06464531600067858,
        0.05125974800102995,
        0.20358447900071042,
        0.23132335400077864,
        0.08672292099799961,
        0.285975683000288,
        0.2656365309994726,
        0.24243848200057982,
        0.39454732399826753,
        0.2109815490002802,
        0.2767173140018713,
        0.41683857799944235,
        0.5390617809971445,
        0.4244424299977254,
        0.42058237899982487,
        0.33104192199971294,
        0.5674060720011767,
        0.4606759479975153,
        0.20121238399951835,
        0.4292745990023832,
        0.5315991290008242,
        0.7095650130031572,
        0.6611316190028447,
        0.7271020859989221,
        0.6667251189974195
    ],
    "hyperparameters": {
        "memory size": 2000,
        "discount factor": 0.95,
        "minibatch size": 32,
        "learning rate": 0.001,
        "epsilon decay": 0.99,
        "final epsilon": 0.1,
        "target neural network update freq": 100,
        "live plot freq": 1,
        "live plot": false,
        "neural network save freq": 100000
    },
    "game": "cartpole"
}