{
    "time": "2022-09-01-16-58-14",
    "episodes": 100,
    "performance history": [
        17,
        12,
        14,
        14,
        40,
        18,
        14,
        15,
        12,
        13,
        14,
        12,
        11,
        11,
        11,
        10,
        10,
        21,
        10,
        11,
        9,
        10,
        8,
        12,
        9,
        11,
        12,
        11,
        9,
        12,
        11,
        10,
        11,
        11,
        11,
        11,
        11,
        10,
        11,
        13,
        10,
        11,
        12,
        12,
        10,
        14,
        13,
        12,
        9,
        10,
        11,
        12,
        12,
        15,
        13,
        10,
        13,
        12,
        13,
        14,
        11,
        14,
        14,
        15,
        22,
        16,
        23,
        15,
        22,
        39,
        21,
        29,
        27,
        36,
        23,
        39,
        35,
        29,
        19,
        22,
        28,
        25,
        26,
        23,
        26,
        25,
        17,
        29,
        28,
        19,
        25,
        19,
        25,
        23,
        20,
        29,
        29,
        22,
        27,
        26
    ],
    "time history": [
        0.0004535830012173392,
        0.00011224800255149603,
        0.08492705900061992,
        0.09207135299948277,
        0.2693743390009331,
        0.1094650749982975,
        0.09197747800135403,
        0.10051110299900756,
        0.07319522499892628,
        0.08401875799972913,
        0.08708498399937525,
        0.07407887000226765,
        0.06943527399926097,
        0.07676091499888571,
        0.07535666799958562,
        0.06573251299778349,
        0.06632095299937646,
        0.1337918940007512,
        0.05968131299960078,
        0.07115131599857705,
        0.05700527199951466,
        0.06112082500112592,
        0.05152581199945416,
        0.08170236899968586,
        0.06110377199729555,
        0.07964563499990618,
        0.08482740600084071,
        0.07531667900184402,
        0.058489437000389444,
        0.08728687700204318,
        0.07908634599880315,
        0.06467974100087304,
        0.07572875400001067,
        0.07604131199695985,
        0.07021244399948046,
        0.0681674320003367,
        0.06604728499951307,
        0.060826193999673706,
        0.0750080510006228,
        0.08927033999862033,
        0.06729755999913323,
        0.07326929799819482,
        0.07540955199874588,
        0.0719526600005338,
        0.06091970299894456,
        0.09706597799959127,
        0.0795662739983527,
        0.08191200600049342,
        0.05479465499956859,
        0.06491642699984368,
        0.06680112799949711,
        0.0724137699980929,
        0.07231288100228994,
        0.09444320699913078,
        0.08006497099995613,
        0.05978607799988822,
        0.07959921400106396,
        0.0723041560013371,
        0.07820338999954402,
        0.08471406999888131,
        0.06701686599990353,
        0.08427694700003485,
        0.08411507100026938,
        0.0873639089986682,
        0.1312146579984983,
        0.09512170900052297,
        0.15299931800109334,
        0.09598315299808746,
        0.1351312320002762,
        0.2579181229993992,
        0.15367608399901656,
        0.20991622299698065,
        0.15979891100141685,
        0.21354408399929525,
        0.15166421299727517,
        0.2414022010016197,
        0.21427276699978393,
        0.18400811500032432,
        0.11819495400050073,
        0.13988037799936137,
        0.18306632800158695,
        0.17245961099979468,
        0.17731109699889203,
        0.15737710700341268,
        0.17340957000124035,
        0.1574965770014387,
        0.12918322699988494,
        0.18429308099803166,
        0.1936416630014719,
        0.12168021400066209,
        0.15344017199822702,
        0.1418049069980043,
        0.16399715199804632,
        0.15345190999869374,
        0.12708793899946613,
        0.18092482000065502,
        0.17395370400117827,
        0.1323901539981307,
        0.1755940829971223,
        0.1693562770014978
    ],
    "hyperparameters": {
        "memory size": 2000,
        "discount factor": 0.95,
        "minibatch size": 32,
        "learning rate": 0.001,
        "epsilon decay": 0.99,
        "final epsilon": 0.1,
        "target neural network update freq": 100,
        "live plot freq": 1,
        "live plot": false,
        "neural network save freq": 100000
    },
    "game": "cartpole"
}