{
    "time": "2022-09-01-16-18-02",
    "episodes": 100,
    "performance history": [
        28,
        12,
        12,
        18,
        10,
        13,
        14,
        13,
        13,
        15,
        11,
        10,
        17,
        17,
        10,
        9,
        8,
        11,
        11,
        10,
        11,
        10,
        13,
        10,
        10,
        16,
        11,
        12,
        11,
        9,
        10,
        14,
        10,
        14,
        12,
        11,
        11,
        13,
        10,
        15,
        14,
        23,
        22,
        22,
        25,
        43,
        27,
        28,
        52,
        22,
        23,
        34,
        44,
        42,
        32,
        36,
        18,
        17,
        85,
        135,
        92,
        62,
        95,
        76,
        64,
        21,
        70,
        29,
        48,
        56,
        20,
        90,
        92,
        25,
        56,
        35,
        34,
        23,
        150,
        68,
        36,
        52,
        90,
        88,
        144,
        104,
        88,
        124,
        201,
        105,
        139,
        77,
        282,
        295,
        500,
        243,
        305,
        311,
        98,
        76
    ],
    "time history": [
        0.0007124370022211224,
        0.061094917000446,
        0.07895389099940076,
        0.1212207930002478,
        0.06598850599766592,
        0.08334126599947922,
        0.09578930299903732,
        0.08292835500105866,
        0.0882821570012311,
        0.09788688600019668,
        0.07298314600120648,
        0.06821503699757159,
        0.11135184599697823,
        0.11624147000111407,
        0.06714447000194923,
        0.060723810998752015,
        0.05517991499800701,
        0.07200664400079404,
        0.0744650240012561,
        0.06813369200244779,
        0.07512082399989595,
        0.06603454500145745,
        0.08265146800113143,
        0.06631659100094112,
        0.0660020799987251,
        0.10859345400240272,
        0.07244953199915471,
        0.07315273200219963,
        0.07636824099972728,
        0.06452918800277985,
        0.06057384700034163,
        0.0833939250005642,
        0.0608224550014711,
        0.0841259689987055,
        0.07401510899944697,
        0.06569834800029639,
        0.06716808299825061,
        0.07945791900056065,
        0.06046624000009615,
        0.0895170629992208,
        0.08354731600047671,
        0.13737237399982405,
        0.13324436400216655,
        0.1324545239986037,
        0.15467786400040495,
        0.264495187002467,
        0.16496335799820372,
        0.17134156199972495,
        0.31917576100022416,
        0.13343939900005353,
        0.14197611900090124,
        0.2082388369999535,
        0.29585031399983563,
        0.2529855810025765,
        0.19335913099712343,
        0.21565823299897602,
        0.10979087699888623,
        0.10277108599984786,
        0.5477065659979417,
        0.8807905020003091,
        0.5558456569997361,
        0.4061856890002673,
        0.6257899349984655,
        0.4765438440008438,
        0.4244146589990123,
        0.1327632620013901,
        0.4552101159970334,
        0.19483879800100112,
        0.3162746660018456,
        0.37476910699842847,
        0.13563927699942724,
        0.5995399570019799,
        0.5790753030014457,
        0.1539346569988993,
        0.35749171800125623,
        0.23727731699909782,
        0.23244823700224515,
        0.1616864150018955,
        1.0113656579997041,
        0.47475992899853736,
        0.2512038759996358,
        0.33395989000200643,
        0.569455367000046,
        0.5701735619986721,
        1.0687487319992215,
        0.6725840170001902,
        0.5437858840014087,
        0.8337186589997145,
        1.3662177129990596,
        0.717912943000556,
        0.9550981810025405,
        0.49281500200231676,
        1.8781994870005292,
        1.971136779000517,
        3.310571310001251,
        1.562308082000527,
        2.0436876519997895,
        1.968448019997595,
        0.6313552690007782,
        0.4732163609987765
    ],
    "hyperparameters": {
        "memory size": 2000,
        "discount factor": 0.95,
        "minibatch size": 32,
        "learning rate": 0.001,
        "epsilon decay": 0.99,
        "final epsilon": 0.1,
        "target neural network update freq": 100,
        "live plot freq": 1,
        "live plot": false,
        "neural network save freq": 100000
    },
    "game": "cartpole"
}