{
    "time": "2022-09-01-17-00-11",
    "episodes": 100,
    "performance history": [
        20,
        36,
        12,
        13,
        9,
        10,
        10,
        12,
        12,
        11,
        12,
        10,
        13,
        10,
        8,
        10,
        10,
        11,
        9,
        10,
        9,
        9,
        10,
        9,
        10,
        12,
        11,
        10,
        9,
        9,
        10,
        13,
        8,
        8,
        13,
        9,
        11,
        9,
        10,
        12,
        13,
        11,
        15,
        12,
        14,
        12,
        10,
        11,
        12,
        10,
        12,
        25,
        10,
        14,
        11,
        18,
        28,
        12,
        12,
        12,
        33,
        16,
        14,
        14,
        13,
        15,
        13,
        34,
        21,
        48,
        13,
        15,
        17,
        14,
        14,
        13,
        12,
        16,
        15,
        13,
        14,
        14,
        19,
        12,
        11,
        16,
        13,
        17,
        18,
        12,
        11,
        18,
        17,
        15,
        15,
        11,
        12,
        16,
        17,
        12
    ],
    "time history": [
        0.00044956899728276767,
        0.13665242199931527,
        0.065147737001098,
        0.07085202300004312,
        0.04848051199951442,
        0.053625411997927586,
        0.054326712001056876,
        0.06443541100088623,
        0.06499571099993773,
        0.05850448500132188,
        0.06464626899833092,
        0.053902786999969976,
        0.06830553200052236,
        0.0531119849983952,
        0.042354376000730554,
        0.053204220999759855,
        0.05393370700039668,
        0.05834028399840463,
        0.047715171000163537,
        0.05291252899769461,
        0.047527672999422066,
        0.04770657900007791,
        0.053147102997172624,
        0.0471518880003714,
        0.05212565500187338,
        0.06357133999699727,
        0.058423254999070195,
        0.05285213100069086,
        0.04777025599832996,
        0.04867786300019361,
        0.054180361999897286,
        0.06850865600063116,
        0.042736274997878354,
        0.04252201700001024,
        0.07348837600147817,
        0.05280703199969139,
        0.06507958400106872,
        0.05269165099889506,
        0.05612463799843681,
        0.06931884099685703,
        0.0708741269991151,
        0.05898131299909437,
        0.08442565999939688,
        0.07273832300052163,
        0.08479872300085844,
        0.07449720600197907,
        0.05865216799793416,
        0.061811853000108385,
        0.06646008199822973,
        0.05831521000072826,
        0.07429742800013628,
        0.1521160759984923,
        0.06296352400022442,
        0.08026168900323682,
        0.06593962199985981,
        0.11448380400179303,
        0.179566591999901,
        0.07681881800090196,
        0.0677657009982795,
        0.06806762999985949,
        0.18757405699943774,
        0.09430535700084874,
        0.07787235000068904,
        0.07673154399890336,
        0.0739849099991261,
        0.08816115200170316,
        0.07607937599823344,
        0.19218928400005098,
        0.1123035999989952,
        0.2590182769999956,
        0.06952581600125995,
        0.0800395269980072,
        0.0909205310017569,
        0.07444521599973086,
        0.07402537000234588,
        0.07002253999962704,
        0.07103975300196907,
        0.09403428000223357,
        0.08586431799994898,
        0.07590114999766229,
        0.08258367699818336,
        0.08086661800189177,
        0.11055108700020355,
        0.07178643199949875,
        0.06308432800142327,
        0.0945453330023156,
        0.07354734799810103,
        0.094014532998699,
        0.1031952490011463,
        0.06675548300336231,
        0.07091908700022032,
        0.11259636800241424,
        0.10041917499984265,
        0.0867856760014547,
        0.08862031299941009,
        0.06506676900244202,
        0.07050183500177809,
        0.09505581499979598,
        0.099801431002561,
        0.06730932599748485
    ],
    "hyperparameters": {
        "memory size": 2000,
        "discount factor": 0.95,
        "minibatch size": 32,
        "learning rate": 0.001,
        "epsilon decay": 0.99,
        "final epsilon": 0.1,
        "target neural network update freq": 100,
        "live plot freq": 1,
        "live plot": false,
        "neural network save freq": 100000
    },
    "game": "cartpole"
}