{
    "time": "2022-09-01-17-07-04",
    "episodes": 100,
    "performance history": [
        22,
        28,
        9,
        11,
        15,
        22,
        10,
        10,
        13,
        10,
        12,
        9,
        10,
        11,
        9,
        10,
        10,
        11,
        10,
        11,
        8,
        10,
        10,
        14,
        10,
        10,
        13,
        10,
        9,
        9,
        10,
        10,
        9,
        12,
        10,
        15,
        15,
        10,
        10,
        11,
        9,
        10,
        12,
        15,
        9,
        12,
        14,
        13,
        20,
        15,
        15,
        10,
        12,
        11,
        16,
        8,
        21,
        17,
        17,
        20,
        17,
        12,
        13,
        15,
        24,
        12,
        21,
        16,
        16,
        21,
        24,
        17,
        24,
        21,
        22,
        19,
        20,
        23,
        11,
        20,
        10,
        11,
        11,
        10,
        12,
        14,
        14,
        11,
        11,
        12,
        15,
        13,
        12,
        8,
        10,
        10,
        11,
        9,
        11,
        9
    ],
    "time history": [
        0.0005263279999780934,
        0.10707434200230637,
        0.0495956369995838,
        0.05917254099767888,
        0.08177654899918707,
        0.11777986800007056,
        0.05321362000177032,
        0.05282499800159712,
        0.06959055499828537,
        0.05327393400148139,
        0.06455777700102772,
        0.048699172999477014,
        0.05331607699918095,
        0.05717222000021138,
        0.048495001003175275,
        0.052876481000566855,
        0.05242518399973051,
        0.05714351899950998,
        0.05249997699866071,
        0.057162281998898834,
        0.0413565449998714,
        0.051849131003109505,
        0.05346617800023523,
        0.07558725999842864,
        0.05411754899978405,
        0.05335536799975671,
        0.06730316199900699,
        0.05157288800182869,
        0.047003506999317324,
        0.04581904500082601,
        0.0513455670006806,
        0.05178596499899868,
        0.04581338199932361,
        0.06486777499958407,
        0.0540696409989323,
        0.07722366700181738,
        0.0774287189997267,
        0.05096789699746296,
        0.05271475500194356,
        0.05899670500002685,
        0.04643543400015915,
        0.050873685999249574,
        0.06100165099996957,
        0.07838531800007331,
        0.04756347100192215,
        0.061359396000625566,
        0.07125498700042954,
        0.06662719000087236,
        0.10207708999951137,
        0.07724063500063494,
        0.0768669890021556,
        0.053813005000847625,
        0.06248309999864432,
        0.05733197199879214,
        0.08361133799917297,
        0.042740752000099747,
        0.10764692299926537,
        0.08734715799801052,
        0.08671084099842119,
        0.10325432500030729,
        0.08652865300246049,
        0.06477671500033466,
        0.06678198900044663,
        0.07638225200207671,
        0.12347631199736497,
        0.0618812530010473,
        0.10907524899812415,
        0.08109736199912732,
        0.08002829799806932,
        0.1088850080013799,
        0.12311303299793508,
        0.08586324600037187,
        0.1210500540000794,
        0.10874062200309709,
        0.11839687100291485,
        0.09895515799871646,
        0.10672958199938876,
        0.11782991600193782,
        0.05734019100054866,
        0.10567529699983425,
        0.05116782100230921,
        0.0561652860014874,
        0.056630489001690876,
        0.05092953699931968,
        0.061373432999971556,
        0.07225932499932242,
        0.07135628099786118,
        0.05690690800111042,
        0.05659774600280798,
        0.061235322998982156,
        0.07876496199969552,
        0.06689654900037567,
        0.06102922399804811,
        0.04076037100094254,
        0.0505796340003144,
        0.05050688499977696,
        0.05642933799754246,
        0.04672970899991924,
        0.05962157599788043,
        0.04640260899759596
    ],
    "hyperparameters": {
        "memory size": 2000,
        "discount factor": 0.95,
        "minibatch size": 32,
        "learning rate": 0.001,
        "epsilon decay": 0.99,
        "final epsilon": 0.1,
        "target neural network update freq": 100,
        "live plot freq": 1,
        "live plot": false,
        "neural network save freq": 100000
    },
    "game": "cartpole"
}