{
    "time": "2022-09-01-16-58-03",
    "episodes": 100,
    "performance history": [
        27,
        68,
        139,
        101,
        18,
        15,
        30,
        17,
        15,
        60,
        15,
        29,
        29,
        21,
        33,
        15,
        11,
        25,
        19,
        18,
        14,
        16,
        15,
        12,
        14,
        19,
        15,
        18,
        53,
        14,
        10,
        31,
        11,
        15,
        26,
        33,
        15,
        13,
        13,
        26,
        64,
        39,
        63,
        74,
        50,
        78,
        74,
        44,
        48,
        31,
        44,
        44,
        104,
        57,
        29,
        47,
        55,
        41,
        24,
        25,
        32,
        41,
        27,
        58,
        58,
        36,
        39,
        43,
        28,
        49,
        23,
        27,
        33,
        30,
        63,
        34,
        29,
        31,
        35,
        47,
        106,
        34,
        43,
        71,
        36,
        89,
        55,
        40,
        31,
        12,
        87,
        67,
        58,
        90,
        38,
        30,
        17,
        24,
        23,
        58
    ],
    "time history": [
        0.0006656350014964119,
        0.4762100019979698,
        1.0716429559979588,
        0.7259048039995832,
        0.1287412609999592,
        0.10353791700254078,
        0.1887127000009059,
        0.11713553899971885,
        0.09306590200139908,
        0.42661930300164386,
        0.1114262740011327,
        0.18781693699929747,
        0.2049545970003237,
        0.14585217099738657,
        0.24533824199897936,
        0.14320619299905957,
        0.10579311600304209,
        0.2682076609999058,
        0.18603908400109503,
        0.17270307100261562,
        0.11940907299867831,
        0.13541625300058513,
        0.10759205300200847,
        0.11161562900088029,
        0.10575853100090171,
        0.14243236599941156,
        0.15038772600019001,
        0.16489509199891472,
        0.5431143360001442,
        0.12975269900198327,
        0.08463369200035231,
        0.24275099499936914,
        0.07359515099960845,
        0.09663562400237424,
        0.19296753900198382,
        0.32811560099798953,
        0.17238088500016602,
        0.15986353300104383,
        0.1430377690012392,
        0.2701346169997123,
        0.6060124299983727,
        0.28083412799969665,
        0.4167143029990257,
        0.49459377500170376,
        0.49627730999782216,
        0.5950113399994734,
        0.5220100689984974,
        0.30286052099836525,
        0.32526313600101275,
        0.22444315599932452,
        0.28346348400009447,
        0.27732282700162614,
        0.6438350419994094,
        0.3721977170025639,
        0.17321018800066668,
        0.281320253998274,
        0.3643979640000907,
        0.2691602980012249,
        0.1474643030014704,
        0.15861392599981627,
        0.228485917999933,
        0.4264194890020008,
        0.2073006959981285,
        0.4326155099988682,
        0.3702519559992652,
        0.2404904950017226,
        0.25995373299883795,
        0.2907335659983801,
        0.1770651920014643,
        0.3527015299987397,
        0.17941154900108813,
        0.20185795399811468,
        0.22234223499981454,
        0.19536215699918102,
        0.42861220899794716,
        0.2715463069980615,
        0.25047184199866024,
        0.3041616839982453,
        0.32125004100089427,
        0.418766204998974,
        0.7475697409972781,
        0.2559964980027871,
        0.32887857899913797,
        0.6194141220003075,
        0.3116190610016929,
        0.6317378050007392,
        0.3736092599974654,
        0.2986273570022604,
        0.24262736099990434,
        0.07969525600128691,
        0.6436289150005905,
        0.4379846730007557,
        0.3860988400010683,
        0.5781281150011637,
        0.26188934099991457,
        0.18072994700196432,
        0.10699781799849006,
        0.17781953799931216,
        0.1600145779993909,
        0.3654747389991826
    ],
    "hyperparameters": {
        "memory size": 2000,
        "discount factor": 0.95,
        "minibatch size": 32,
        "learning rate": 0.001,
        "epsilon decay": 0.99,
        "final epsilon": 0.1,
        "target neural network update freq": 100,
        "live plot freq": 1,
        "live plot": false,
        "neural network save freq": 100000
    },
    "game": "cartpole"
}