{
    "time": "2022-09-01-16-49-02",
    "episodes": 100,
    "performance history": [
        36,
        15,
        13,
        10,
        9,
        14,
        10,
        11,
        13,
        9,
        8,
        9,
        12,
        10,
        11,
        10,
        9,
        11,
        10,
        9,
        10,
        9,
        11,
        10,
        10,
        11,
        14,
        10,
        10,
        9,
        9,
        11,
        9,
        12,
        10,
        9,
        9,
        11,
        14,
        10,
        9,
        9,
        13,
        9,
        8,
        8,
        9,
        10,
        9,
        10,
        9,
        10,
        10,
        10,
        9,
        9,
        11,
        12,
        10,
        10,
        10,
        9,
        14,
        9,
        10,
        9,
        11,
        10,
        9,
        12,
        10,
        8,
        11,
        11,
        11,
        9,
        11,
        8,
        9,
        11,
        11,
        9,
        12,
        9,
        11,
        11,
        11,
        11,
        11,
        11,
        11,
        14,
        11,
        13,
        9,
        11,
        12,
        11,
        11,
        11
    ],
    "time history": [
        0.03382933699685964,
        0.11256852599763079,
        0.08661282299726736,
        0.0639378600026248,
        0.058020066000608495,
        0.09091996300048777,
        0.0639605059986934,
        0.068545163001545,
        0.08234113800062914,
        0.056685911997192306,
        0.05081493000034243,
        0.05753543000173522,
        0.08078362600281253,
        0.061310375000175554,
        0.07351278200076194,
        0.0609781560015108,
        0.05588879800052382,
        0.06775995900170528,
        0.06428928700188408,
        0.05954181199922459,
        0.08101801100201556,
        0.058620119001716375,
        0.06698372599930735,
        0.062373819997446844,
        0.06441435400120099,
        0.06871089400010533,
        0.0918238049998763,
        0.06361289199776365,
        0.06565233400033321,
        0.05947374500101432,
        0.05905132800035062,
        0.0720628189992567,
        0.057371193997823866,
        0.07624382100038929,
        0.06029363400011789,
        0.055251393001526594,
        0.05669996500000707,
        0.06926246900184196,
        0.08733334299904527,
        0.061161395999079105,
        0.05540554599792813,
        0.056810179998137755,
        0.08222598000065773,
        0.057685278999997536,
        0.04967450999902212,
        0.05090987799849245,
        0.0563257869980589,
        0.06195929199748207,
        0.05463936399974045,
        0.06024113500097883,
        0.05409053500261507,
        0.06001119799839216,
        0.06169477200091933,
        0.06236473799799569,
        0.0549993770000583,
        0.05541028600055142,
        0.0678324500004237,
        0.07419005200063111,
        0.06134259499958716,
        0.06163112700232887,
        0.06209109900009935,
        0.055829513003118336,
        0.09780678799870657,
        0.06073116100014886,
        0.06685043600009521,
        0.06094489700262784,
        0.06801278000057209,
        0.06107628500103601,
        0.058078833997569745,
        0.08479877900026622,
        0.06790949400237878,
        0.053634219999366906,
        0.07404970100105857,
        0.06602752500111819,
        0.06716784099990036,
        0.05610716199953458,
        0.06861964799827547,
        0.05185222000000067,
        0.05944268200255465,
        0.06869863600149984,
        0.07429014700028347,
        0.05700335200162954,
        0.08041451300232438,
        0.056730494998191716,
        0.06999588699909509,
        0.0675672850011324,
        0.06825544200182776,
        0.06784486600008677,
        0.06720810299884761,
        0.06629432699992321,
        0.06654662199798622,
        0.08515529800206423,
        0.08423844600110897,
        0.08486094899853924,
        0.057364055999642005,
        0.07218736400318448,
        0.08012539199989988,
        0.07072957299897098,
        0.0681292150002264,
        0.07149638099872391
    ],
    "hyperparameters": {
        "memory size": 2000,
        "discount factor": 0.95,
        "minibatch size": 32,
        "learning rate": 0.001,
        "epsilon decay": 0.99,
        "final epsilon": 0.1,
        "target neural network update freq": 100,
        "live plot freq": 1,
        "live plot": false,
        "neural network save freq": 100000
    },
    "game": "cartpole"
}