{
    "time": "2022-09-01-17-06-56",
    "episodes": 100,
    "performance history": [
        83,
        14,
        11,
        21,
        10,
        10,
        10,
        11,
        9,
        8,
        10,
        9,
        11,
        19,
        31,
        35,
        11,
        33,
        39,
        92,
        45,
        28,
        14,
        18,
        21,
        19,
        18,
        15,
        21,
        14,
        13,
        20,
        27,
        15,
        21,
        14,
        19,
        24,
        21,
        13,
        11,
        10,
        17,
        17,
        13,
        24,
        50,
        23,
        26,
        16,
        17,
        14,
        31,
        11,
        15,
        22,
        24,
        28,
        22,
        32,
        11,
        25,
        12,
        11,
        25,
        24,
        21,
        34,
        26,
        22,
        26,
        29,
        27,
        28,
        33,
        27,
        24,
        35,
        34,
        29,
        23,
        35,
        28,
        24,
        24,
        28,
        25,
        34,
        32,
        18,
        22,
        26,
        17,
        27,
        21,
        24,
        41,
        23,
        24,
        46
    ],
    "time history": [
        0.2686343260029389,
        0.0699498339999991,
        0.05586919699999271,
        0.10630422800022643,
        0.05048298999827239,
        0.05014514100184897,
        0.05040508099773433,
        0.055510860998765565,
        0.045143502997234464,
        0.04013151699837181,
        0.050592997002240736,
        0.045470873003068846,
        0.054474988999572815,
        0.09466085600070073,
        0.15547667800274212,
        0.17645171399999526,
        0.05519579199972213,
        0.16730657200241694,
        0.1978189920009754,
        0.4715802789978625,
        0.22907325200139894,
        0.14897681799993734,
        0.07406474000163144,
        0.09332408200134523,
        0.10868416399898706,
        0.09651161399960984,
        0.09145967599761207,
        0.07650759799798834,
        0.10636077799790655,
        0.07145124599992414,
        0.06621206199997687,
        0.1008271099999547,
        0.1387267210011487,
        0.07660346799821127,
        0.10735926399866003,
        0.07201120899844682,
        0.09682772900123382,
        0.12313986600202043,
        0.10725696599911316,
        0.06623910300186253,
        0.05642079400058719,
        0.05091064800217282,
        0.08671369299918297,
        0.08696879700073623,
        0.06590077199871303,
        0.12281524500212981,
        0.2564686200021242,
        0.11668594300135737,
        0.13209487299900502,
        0.08115816900317441,
        0.08661990600012359,
        0.0711614819992974,
        0.15867980099937995,
        0.05620855199958896,
        0.07716438100032974,
        0.11299476000203867,
        0.12197431799722835,
        0.1464997279981617,
        0.11166465699716355,
        0.16171231499902206,
        0.05611521999890101,
        0.12697876499805716,
        0.06048168500274187,
        0.05560605599748669,
        0.12648980200174265,
        0.12191245899884962,
        0.10629915399840684,
        0.18290023899680818,
        0.13739504199838848,
        0.11150098600046476,
        0.14042769800289534,
        0.15037289400061127,
        0.13775416499993298,
        0.1426857030019164,
        0.16654143900086638,
        0.13509350000094855,
        0.12149755399877904,
        0.17921407299945713,
        0.1748286840011133,
        0.14785540400043828,
        0.11816569199800142,
        0.17695590799849015,
        0.1424981050004135,
        0.12049519500214956,
        0.12918678500136593,
        0.1463212909984577,
        0.13253152299876092,
        0.18097705599939218,
        0.18750573800207349,
        0.09594475500125554,
        0.11569781700018211,
        0.13745202200152562,
        0.08710683599929325,
        0.14159452700187103,
        0.1146504089992959,
        0.13001183999949717,
        0.21149022699682973,
        0.11968774200067855,
        0.1315444869978819,
        0.24285894799686503
    ],
    "hyperparameters": {
        "memory size": 2000,
        "discount factor": 0.95,
        "minibatch size": 32,
        "learning rate": 0.001,
        "epsilon decay": 0.99,
        "final epsilon": 0.1,
        "target neural network update freq": 100,
        "live plot freq": 1,
        "live plot": false,
        "neural network save freq": 100000
    },
    "game": "cartpole"
}