{
    "time": "2022-09-01-16-59-35",
    "episodes": 100,
    "performance history": [
        15,
        30,
        15,
        12,
        12,
        14,
        12,
        19,
        17,
        10,
        10,
        12,
        9,
        9,
        10,
        10,
        9,
        8,
        20,
        13,
        18,
        10,
        15,
        15,
        13,
        16,
        10,
        14,
        25,
        27,
        38,
        24,
        39,
        40,
        36,
        59,
        33,
        29,
        56,
        27,
        30,
        29,
        42,
        40,
        43,
        39,
        32,
        37,
        40,
        36,
        33,
        44,
        38,
        42,
        46,
        61,
        58,
        114,
        126,
        42,
        45,
        78,
        59,
        14,
        20,
        31,
        54,
        40,
        22,
        29,
        12,
        21,
        31,
        29,
        57,
        50,
        52,
        46,
        39,
        54,
        64,
        41,
        28,
        46,
        29,
        76,
        47,
        50,
        69,
        37,
        43,
        48,
        52,
        35,
        50,
        95,
        42,
        68,
        28,
        25
    ],
    "time history": [
        0.0005081730014353525,
        0.09353238699986832,
        0.10306956400017953,
        0.07829846200183965,
        0.08304030400176998,
        0.09554764099812019,
        0.07845478500166791,
        0.12853288000042085,
        0.1142819890010287,
        0.06668000699937693,
        0.05922116999863647,
        0.07166493800104945,
        0.05443987399848993,
        0.06392046300243237,
        0.07202349599901936,
        0.06187988899910124,
        0.06040214400127297,
        0.05574010899727,
        0.13276876199961407,
        0.08545845899789128,
        0.11427383400223334,
        0.06251935600084835,
        0.0933748999996169,
        0.09177274600006058,
        0.08132886600287748,
        0.09714581400112365,
        0.06181239400029881,
        0.08695007799906307,
        0.15311491600004956,
        0.1664858110016212,
        0.2788289550007903,
        0.16424843800268718,
        0.24255205000008573,
        0.24982926599841448,
        0.2378463950008154,
        0.3643703279994952,
        0.20265133200155105,
        0.22127649300091434,
        0.3979982239980018,
        0.16756751099819667,
        0.20174448599937023,
        0.18480530799934058,
        0.2736695050007256,
        0.24453264499970828,
        0.2571229820023291,
        0.26437975199951325,
        0.22064289799891412,
        0.24535025300065172,
        0.257455282000592,
        0.2246432799984177,
        0.22614100699865958,
        0.2953072689997498,
        0.23781243600024027,
        0.2761933069996303,
        0.3086881689996517,
        0.4129623030021321,
        0.39654262800104334,
        0.7854705499994452,
        0.8021108229986567,
        0.3009503980028967,
        0.28457373099809047,
        0.5532435779969092,
        0.38526215300225886,
        0.0891781179998361,
        0.16243476099771215,
        0.22240463699927204,
        0.3674576560006244,
        0.2690121240011649,
        0.14699477000249317,
        0.19580341500113718,
        0.0784732609972707,
        0.1332799209994846,
        0.18958462700175005,
        0.23260766100065666,
        0.41327974399973755,
        0.34757735599851003,
        0.3547554639990267,
        0.3578730679982982,
        0.28172803900088184,
        0.3702080479997676,
        0.4137519340001745,
        0.27916304799873615,
        0.17544015800012858,
        0.29052420600055484,
        0.17361867599902325,
        0.4764586479977879,
        0.3232505929991021,
        0.34210841700041783,
        0.4690717079975002,
        0.2567343250011618,
        0.2932599920022767,
        0.330976229000953,
        0.3523837669999921,
        0.22730508200038457,
        0.33292974200230674,
        0.719814681000571,
        0.375588595001318,
        0.5812937449991296,
        0.2104034039984981,
        0.2274650389990711
    ],
    "hyperparameters": {
        "memory size": 2000,
        "discount factor": 0.95,
        "minibatch size": 32,
        "learning rate": 0.001,
        "epsilon decay": 0.99,
        "final epsilon": 0.1,
        "target neural network update freq": 100,
        "live plot freq": 1,
        "live plot": false,
        "neural network save freq": 100000
    },
    "game": "cartpole"
}