{
    "time": "2022-09-01-16-17-05",
    "episodes": 100,
    "performance history": [
        35,
        14,
        27,
        70,
        41,
        22,
        38,
        12,
        18,
        14,
        15,
        14,
        12,
        11,
        10,
        9,
        9,
        9,
        12,
        14,
        15,
        9,
        11,
        11,
        15,
        11,
        16,
        11,
        11,
        13,
        11,
        11,
        11,
        11,
        13,
        10,
        11,
        11,
        14,
        13,
        15,
        15,
        15,
        17,
        20,
        19,
        14,
        17,
        27,
        26,
        16,
        19,
        13,
        25,
        22,
        22,
        24,
        14,
        20,
        21,
        23,
        20,
        25,
        19,
        42,
        27,
        36,
        66,
        30,
        69,
        35,
        32,
        92,
        39,
        56,
        51,
        156,
        55,
        43,
        67,
        52,
        82,
        97,
        84,
        83,
        113,
        148,
        155,
        143,
        126,
        130,
        101,
        129,
        128,
        189,
        159,
        188,
        252,
        164,
        158
    ],
    "time history": [
        0.028437396002118476,
        0.09587862999978825,
        0.18260517200178583,
        0.4602855939992878,
        0.2635683649968996,
        0.14477714399981778,
        0.24474497900155257,
        0.07741573999737739,
        0.11558189000061247,
        0.09174352199988789,
        0.09766693799974746,
        0.09870140100247227,
        0.07734282299861661,
        0.07100925800114055,
        0.06718406100117136,
        0.059429688000818714,
        0.06393686900264584,
        0.06066341800033115,
        0.07813883299968438,
        0.090316685000289,
        0.09554440400097519,
        0.057477846999972826,
        0.06988189100229647,
        0.07028904300022987,
        0.09494924200043897,
        0.07023415199728333,
        0.10815661100059515,
        0.07158346099822666,
        0.06953768799940008,
        0.08155574899865314,
        0.07522622399847023,
        0.07548723600120866,
        0.07320506600080989,
        0.06922429299811483,
        0.08325203099957434,
        0.06583905699881143,
        0.0703801250019751,
        0.07001792599839973,
        0.08862712799964356,
        0.0828801019997627,
        0.09543099400252686,
        0.09489977200064459,
        0.09314127799734706,
        0.10503909799808753,
        0.12385836000248673,
        0.11867251600051532,
        0.08958503999747336,
        0.10871922899968922,
        0.17195675900075003,
        0.16667968399997335,
        0.10373672800051281,
        0.12483697900097468,
        0.08586449200083734,
        0.16116489300111425,
        0.141531164998014,
        0.14076951600145549,
        0.15498460399976466,
        0.08766430399919045,
        0.12962445900120656,
        0.1446425169997383,
        0.1417801249990589,
        0.12776946699887048,
        0.16093575100239832,
        0.1195771530001366,
        0.27253709400247317,
        0.1756531659993925,
        0.24231654100003652,
        0.4200046440018923,
        0.19552375099738128,
        0.5048663849993318,
        0.2238478409999516,
        0.21318079800039413,
        0.5863739470005385,
        0.3806137280007533,
        0.4077361640011077,
        0.3825186730027781,
        1.1335147110003163,
        0.3799855840006785,
        0.2772051710016967,
        0.4524553380033467,
        0.3463259950003703,
        0.5409890259979875,
        0.6715914390006219,
        0.5733960559991829,
        0.5488485889982258,
        0.7423115829988092,
        0.9481454769993434,
        0.9861629519982671,
        0.9091044289998536,
        0.8478829339983349,
        0.833003596002527,
        0.6456440750007459,
        0.8390615060015989,
        0.8543463800015161,
        1.2276154499995755,
        1.0392188120022183,
        1.2252090129986755,
        1.6451585540016822,
        1.111383849001868,
        1.037337452002248
    ],
    "hyperparameters": {
        "memory size": 2000,
        "discount factor": 0.95,
        "minibatch size": 32,
        "learning rate": 0.001,
        "epsilon decay": 0.99,
        "final epsilon": 0.1,
        "target neural network update freq": 100,
        "live plot freq": 1,
        "live plot": false,
        "neural network save freq": 100000
    },
    "game": "cartpole"
}