{
    "time": "2022-09-01-16-46-31",
    "episodes": 100,
    "performance history": [
        45,
        22,
        23,
        20,
        21,
        27,
        21,
        17,
        20,
        17,
        21,
        13,
        17,
        12,
        17,
        10,
        15,
        11,
        13,
        13,
        11,
        13,
        13,
        13,
        20,
        12,
        17,
        19,
        15,
        15,
        14,
        14,
        17,
        18,
        15,
        17,
        19,
        19,
        22,
        21,
        29,
        19,
        20,
        15,
        19,
        13,
        24,
        17,
        28,
        19,
        27,
        20,
        27,
        19,
        18,
        19,
        26,
        25,
        19,
        23,
        32,
        19,
        27,
        19,
        26,
        28,
        27,
        25,
        26,
        26,
        29,
        22,
        32,
        28,
        26,
        30,
        37,
        29,
        40,
        26,
        20,
        30,
        23,
        25,
        29,
        33,
        25,
        33,
        81,
        30,
        43,
        33,
        30,
        32,
        31,
        37,
        23,
        15,
        40,
        42
    ],
    "time history": [
        0.08662085199830472,
        0.14902491600150825,
        0.14117292100127088,
        0.1306120879999071,
        0.12909463500182028,
        0.27195446800033096,
        0.287661416001356,
        0.2602619710014551,
        0.39449738100302056,
        0.3580469209991861,
        0.39907184399999096,
        0.1411164800010738,
        0.10585830199852353,
        0.06639885900221998,
        0.10599195800023153,
        0.06275196600108757,
        0.09856773200226598,
        0.0679751120005676,
        0.07289151499935542,
        0.07227065700135427,
        0.06212423300166847,
        0.07242367600338184,
        0.07216619199971319,
        0.07227427800171426,
        0.11117740199915715,
        0.06612399600271601,
        0.09552445400186116,
        0.10564193800018984,
        0.08325308500207029,
        0.0840322770018247,
        0.07834269100203528,
        0.09227955900132656,
        0.11208311999871512,
        0.10846377299822052,
        0.08414735599944834,
        0.10565605399824562,
        0.13396156599992537,
        0.15210053800183232,
        0.15200419599932502,
        0.12235069099915563,
        0.17790558499837061,
        0.10815125899898703,
        0.1179939989997365,
        0.08481639400270069,
        0.10838330700062215,
        0.07367080100084422,
        0.14091595399804646,
        0.10304961099973298,
        0.17489089800073998,
        0.12089223399743787,
        0.1799366760023986,
        0.1331545230023039,
        0.18645097899934626,
        0.12911774399981368,
        0.12300267899991013,
        0.12930625900116866,
        0.17819556999893393,
        0.1708812120014045,
        0.12887671800126554,
        0.15275968399873818,
        0.22114894300102605,
        0.1302707279974129,
        0.1770044599979883,
        0.11302500599776977,
        0.1582942909990379,
        0.18049933099973714,
        0.1878106080002908,
        0.16939239099883707,
        0.1717412849975517,
        0.17694656899766414,
        0.2009814679986448,
        0.15033998400031123,
        0.22354832799828728,
        0.19090982099805842,
        0.18217707499934477,
        0.19447960300021805,
        0.2529519759991672,
        0.20231213100123568,
        0.274026513001445,
        0.17554061000191723,
        0.1502346369998122,
        0.24726975399971707,
        0.190375933998439,
        0.20262073900084943,
        0.20871641199846636,
        0.21522885199738084,
        0.17476314899977297,
        0.22335041699989233,
        0.525483893998171,
        0.19166143600159558,
        0.27528649699888774,
        0.20780275300057838,
        0.18837490700025228,
        0.19871098200019333,
        0.19346860200312221,
        0.22987159900003462,
        0.1433614409979782,
        0.09272161700209836,
        0.24834098000064841,
        0.26223330200082273
    ],
    "hyperparameters": {
        "memory size": 2000,
        "discount factor": 0.95,
        "minibatch size": 32,
        "learning rate": 0.001,
        "epsilon decay": 0.99,
        "final epsilon": 0.1,
        "target neural network update freq": 100,
        "live plot freq": 1,
        "live plot": false,
        "neural network save freq": 100000
    },
    "game": "cartpole"
}