{
    "time": "2022-09-01-16-28-29",
    "episodes": 100,
    "performance history": [
        26,
        19,
        15,
        23,
        18,
        15,
        13,
        15,
        16,
        18,
        16,
        19,
        12,
        16,
        22,
        14,
        15,
        12,
        19,
        15,
        16,
        16,
        19,
        18,
        14,
        12,
        17,
        17,
        14,
        15,
        17,
        12,
        13,
        13,
        12,
        19,
        20,
        15,
        15,
        13,
        21,
        15,
        14,
        17,
        18,
        17,
        16,
        20,
        15,
        18,
        22,
        11,
        17,
        19,
        19,
        19,
        18,
        16,
        17,
        17,
        17,
        20,
        14,
        22,
        22,
        20,
        21,
        25,
        22,
        23,
        21,
        29,
        23,
        21,
        21,
        22,
        21,
        25,
        19,
        23,
        27,
        28,
        26,
        25,
        21,
        24,
        30,
        19,
        17,
        27,
        22,
        19,
        32,
        27,
        27,
        32,
        29,
        27,
        20,
        36
    ],
    "time history": [
        0.0006158629985293373,
        0.08282142299867701,
        0.08728592099942034,
        0.13460282500091125,
        0.10592193499905989,
        0.08870306699827779,
        0.07739334300276823,
        0.09020183000029647,
        0.09381225700053619,
        0.10547491700344835,
        0.09349586400276166,
        0.11137201200108393,
        0.07009829399976297,
        0.09621612599949003,
        0.12816847399881226,
        0.08043370200175559,
        0.08886376800001017,
        0.0691868300018541,
        0.11182918499980588,
        0.08673114999692189,
        0.09337136799877044,
        0.09487337899918202,
        0.11306969100041897,
        0.10802720500214491,
        0.08332134200099972,
        0.07118285700198612,
        0.10110449599960702,
        0.10066763199938578,
        0.0859979699998803,
        0.08886199099652003,
        0.10239365199959138,
        0.07926095000220812,
        0.08369417700305348,
        0.08278483799949754,
        0.08076848699784023,
        0.1276395489985589,
        0.13365364999845042,
        0.0910180089995265,
        0.08913031699921703,
        0.08027890700032003,
        0.12415263100047014,
        0.08959069300181,
        0.08269719300005818,
        0.10218515299857245,
        0.10709411599964369,
        0.101119546998234,
        0.09566553100012243,
        0.11856958499993198,
        0.08989452500100015,
        0.10799314299947582,
        0.1313436240016017,
        0.06469152100180509,
        0.10105125599875464,
        0.11311975599892321,
        0.11172279699894716,
        0.11348196900144103,
        0.10732970200115233,
        0.09478667399889673,
        0.10213801600184524,
        0.10198737099926802,
        0.09983685900078854,
        0.11645535999923595,
        0.08243880399822956,
        0.13015856000129133,
        0.13620877699941047,
        0.13343180599986226,
        0.14139279500159319,
        0.1710483570022916,
        0.1464672279980732,
        0.15547229900039383,
        0.14082874299856485,
        0.19781068399970536,
        0.15655829400202492,
        0.14021160899937968,
        0.1389211499990779,
        0.14796376099911868,
        0.1350752869984717,
        0.14733607200105325,
        0.11243044900038512,
        0.1463970539989532,
        0.1931392339974991,
        0.16873603600106435,
        0.15715328299847897,
        0.1495091959986894,
        0.12465934500141884,
        0.14415279000240844,
        0.18226855600005365,
        0.1149604240017652,
        0.10189971300133038,
        0.1620141550010885,
        0.13213239300239366,
        0.11421801799951936,
        0.19251212200106238,
        0.16064070999709656,
        0.1639309999991383,
        0.19021905300178332,
        0.17185240899925702,
        0.15924556899699382,
        0.11621066799852997,
        0.20712119699965115
    ],
    "hyperparameters": {
        "memory size": 2000,
        "discount factor": 0.95,
        "minibatch size": 32,
        "learning rate": 0.001,
        "epsilon decay": 0.99,
        "final epsilon": 0.1,
        "target neural network update freq": 100,
        "live plot freq": 1,
        "live plot": false,
        "neural network save freq": 100000
    },
    "game": "cartpole"
}