{
    "time": "2022-09-01-17-00-03",
    "episodes": 100,
    "performance history": [
        36,
        9,
        11,
        12,
        14,
        13,
        12,
        13,
        12,
        8,
        11,
        11,
        11,
        9,
        10,
        9,
        10,
        9,
        9,
        9,
        9,
        9,
        11,
        9,
        8,
        10,
        12,
        10,
        12,
        9,
        9,
        9,
        9,
        9,
        9,
        8,
        11,
        9,
        9,
        11,
        10,
        12,
        11,
        11,
        9,
        9,
        11,
        9,
        9,
        10,
        8,
        9,
        10,
        8,
        9,
        11,
        11,
        10,
        9,
        13,
        8,
        9,
        9,
        10,
        10,
        8,
        10,
        12,
        9,
        9,
        10,
        9,
        10,
        10,
        10,
        9,
        11,
        12,
        10,
        11,
        9,
        12,
        9,
        9,
        11,
        10,
        10,
        9,
        8,
        10,
        9,
        12,
        11,
        9,
        12,
        12,
        10,
        11,
        9,
        10
    ],
    "time history": [
        0.039005646998703014,
        0.051270681997266365,
        0.05977425899982336,
        0.06662596000023768,
        0.07732004500212497,
        0.07402427600027295,
        0.07593259799978114,
        0.07761765800023568,
        0.07341134899979807,
        0.05282962999990559,
        0.06441314699986833,
        0.07441721500072163,
        0.07215133299905574,
        0.06020094300038181,
        0.06000198400215595,
        0.05703114700008882,
        0.057877990999259055,
        0.05143529899942223,
        0.05214472899751854,
        0.05096007199972519,
        0.053848760999244405,
        0.050619811001524795,
        0.06202015899907565,
        0.050087858999177115,
        0.045093814998836024,
        0.056655198997759726,
        0.06776270099726389,
        0.05642750699917087,
        0.06746627800021088,
        0.054414813999756007,
        0.06598243299958995,
        0.07339501599926734,
        0.061140370002249256,
        0.05070582600092166,
        0.050228584001160925,
        0.045318237996980315,
        0.06155785000009928,
        0.05044107899811934,
        0.049376090999430744,
        0.058201967000059085,
        0.05257799199898727,
        0.06595353000011528,
        0.05929997000203002,
        0.060478415001853136,
        0.05085250499905669,
        0.053295549001632025,
        0.06301111900029355,
        0.05269150500316755,
        0.05296089300099993,
        0.05717893700057175,
        0.04702558799908729,
        0.04849217399896588,
        0.05269845499788062,
        0.04247925899835536,
        0.04753316699861898,
        0.058274866998544894,
        0.05777332399884472,
        0.05373086799954763,
        0.047059003001777455,
        0.0689378469978692,
        0.04373182300332701,
        0.048204336999333464,
        0.04764026799966814,
        0.05231974799971795,
        0.052375103998201666,
        0.04210667200095486,
        0.05321719800122082,
        0.06420454699764377,
        0.04732636100015952,
        0.04728917099782848,
        0.053684256999986246,
        0.0474251630002982,
        0.05204269100067904,
        0.052554801000951556,
        0.05287546099862084,
        0.04778346400053124,
        0.05784166100056609,
        0.06305970199900912,
        0.051570473002357176,
        0.05685080700277467,
        0.05090889699931722,
        0.0756344680012262,
        0.05910211599984905,
        0.05737175299873343,
        0.06595338500119396,
        0.05658349399891449,
        0.055755729001248255,
        0.05298996000055922,
        0.053253245998348575,
        0.05571196999881067,
        0.04942815300091752,
        0.06612504899749183,
        0.06067686399910599,
        0.04993345900220447,
        0.06540793900057906,
        0.06633144799707225,
        0.06001496800308814,
        0.0650413559997105,
        0.05191430899867555,
        0.05892614699769183
    ],
    "hyperparameters": {
        "memory size": 2000,
        "discount factor": 0.95,
        "minibatch size": 32,
        "learning rate": 0.001,
        "epsilon decay": 0.99,
        "final epsilon": 0.1,
        "target neural network update freq": 100,
        "live plot freq": 1,
        "live plot": false,
        "neural network save freq": 100000
    },
    "game": "cartpole"
}