{
    "time": "2022-09-01-16-15-58",
    "episodes": 100,
    "performance history": [
        14,
        29,
        11,
        14,
        19,
        13,
        14,
        12,
        13,
        13,
        10,
        10,
        10,
        12,
        8,
        11,
        8,
        10,
        10,
        8,
        15,
        10,
        9,
        9,
        9,
        11,
        10,
        9,
        10,
        10,
        10,
        10,
        9,
        11,
        11,
        9,
        11,
        8,
        8,
        10,
        11,
        11,
        11,
        9,
        10,
        10,
        15,
        9,
        10,
        13,
        10,
        10,
        10,
        10,
        10,
        8,
        8,
        9,
        8,
        10,
        9,
        9,
        8,
        9,
        10,
        11,
        10,
        9,
        10,
        11,
        10,
        9,
        10,
        8,
        10,
        11,
        11,
        11,
        10,
        12,
        11,
        8,
        12,
        11,
        12,
        14,
        10,
        10,
        14,
        12,
        13,
        15,
        11,
        11,
        13,
        15,
        11,
        40,
        42,
        35
    ],
    "time history": [
        0.0005110639976919629,
        0.0810045119978895,
        0.07628712700170581,
        0.08533471099872258,
        0.11993770499975653,
        0.09247904900257709,
        0.09333727699777228,
        0.07697726200058241,
        0.0916691450001963,
        0.08654700300030527,
        0.07174417600253946,
        0.0699735559974215,
        0.07003365900163772,
        0.0757861199999752,
        0.04874537700015935,
        0.06871266500093043,
        0.05294021800000337,
        0.06573180699706427,
        0.07044373200187692,
        0.05346093900152482,
        0.10098736899817595,
        0.07168053200075519,
        0.05856247500196332,
        0.05691009200018016,
        0.05671635399994557,
        0.07848111499697552,
        0.06255238000085228,
        0.05535287200109451,
        0.07850140599839506,
        0.06188127900168183,
        0.06684180799857131,
        0.06274472900258843,
        0.060278926001046784,
        0.0684495909990801,
        0.07330390800052555,
        0.05778850400020019,
        0.06938001799790072,
        0.049934466998820426,
        0.05582664200119325,
        0.060915079000551486,
        0.06851734800147824,
        0.06857701999979327,
        0.07378352500018082,
        0.055030948999046814,
        0.0618391200005135,
        0.06304977299805614,
        0.0927999980012828,
        0.056068416000925936,
        0.0625454319997516,
        0.08121656900038943,
        0.06232674599959864,
        0.062352545999601716,
        0.06558772000062163,
        0.07270819100085646,
        0.08752354399985052,
        0.07294321800145553,
        0.08176461599941831,
        0.10738390800179332,
        0.06800845099860453,
        0.06892989900006796,
        0.06306473900258425,
        0.06405145199823892,
        0.0548113109980477,
        0.06055394600116415,
        0.07060218400147278,
        0.07584984799905214,
        0.07012280599883525,
        0.06576043099994422,
        0.06976375199883478,
        0.10876873399683973,
        0.08626077799999621,
        0.06329435899897362,
        0.06876108399956138,
        0.056660892001673346,
        0.06727348500135122,
        0.07000846899973112,
        0.06906921699919621,
        0.07135447100154124,
        0.06255998999768053,
        0.07638373200097703,
        0.07720408399836742,
        0.05454799799917964,
        0.08530859699749271,
        0.06854526800088934,
        0.07930437399772927,
        0.09271701499892515,
        0.07346754599711858,
        0.0655509960015479,
        0.0947953469985805,
        0.08297154600222711,
        0.0917809689999558,
        0.10334826699909172,
        0.0927689050004119,
        0.06995886200093082,
        0.09291238200239604,
        0.10687826399953337,
        0.07782689300074708,
        0.2532436459987366,
        0.25713357600034215,
        0.23021195600085775
    ],
    "hyperparameters": {
        "memory size": 2000,
        "discount factor": 0.95,
        "minibatch size": 32,
        "learning rate": 0.001,
        "epsilon decay": 0.99,
        "final epsilon": 0.1,
        "target neural network update freq": 100,
        "live plot freq": 1,
        "live plot": false,
        "neural network save freq": 100000
    },
    "game": "cartpole"
}