{
    "time": "2022-09-01-16-14-36",
    "episodes": 100,
    "performance history": [
        13,
        17,
        18,
        10,
        15,
        10,
        11,
        11,
        11,
        10,
        16,
        13,
        12,
        12,
        9,
        11,
        9,
        10,
        9,
        11,
        10,
        10,
        14,
        9,
        10,
        10,
        11,
        10,
        10,
        10,
        9,
        14,
        10,
        10,
        10,
        10,
        11,
        11,
        9,
        10,
        10,
        10,
        14,
        12,
        11,
        16,
        11,
        14,
        14,
        12,
        11,
        10,
        10,
        15,
        13,
        12,
        11,
        11,
        13,
        13,
        11,
        10,
        11,
        12,
        12,
        15,
        11,
        11,
        9,
        12,
        13,
        15,
        11,
        18,
        14,
        12,
        12,
        16,
        10,
        11,
        13,
        13,
        12,
        12,
        12,
        16,
        15,
        14,
        12,
        12,
        13,
        14,
        16,
        14,
        14,
        14,
        14,
        11,
        14,
        14
    ],
    "time history": [
        0.0004111720008950215,
        0.0005524929983948823,
        0.11719047999940813,
        0.06553479699869058,
        0.10180577299979632,
        0.06973200399806956,
        0.07399266199718113,
        0.07245111899828771,
        0.0766864719989826,
        0.0648652130003029,
        0.10722480399999768,
        0.08777166600339115,
        0.07902690199989593,
        0.0837442470001406,
        0.0613268720007909,
        0.07387387900234899,
        0.06244255300043733,
        0.06233152499771677,
        0.055599440001969924,
        0.06791634199908003,
        0.06405358199845068,
        0.06375871799900779,
        0.0897655910011963,
        0.0587401039992983,
        0.06391745800283388,
        0.06478316599896061,
        0.07088821799698053,
        0.06541487600043183,
        0.06371539099927759,
        0.06516496000040206,
        0.05861443699905067,
        0.08964492100130883,
        0.06604317399978754,
        0.06452962499679415,
        0.06270107899763389,
        0.06374380399938673,
        0.0713566999984323,
        0.07247650600038469,
        0.05873577300008037,
        0.06712043699735659,
        0.06272823300241726,
        0.060850976002257084,
        0.08493617999920389,
        0.07337021700004698,
        0.06719575399984024,
        0.09767220800131327,
        0.08195244000307866,
        0.09560595999937505,
        0.09968189899882418,
        0.08179884399942239,
        0.0764572300031432,
        0.0699720630000229,
        0.07218675600233837,
        0.10246112499953597,
        0.09159233999889693,
        0.07437484700130881,
        0.06972754200251075,
        0.06908298900088994,
        0.08220798399997875,
        0.08178712299923063,
        0.06935404899923014,
        0.06359951099875616,
        0.07196943399685551,
        0.07879969799978426,
        0.07729401599863195,
        0.09804877400165424,
        0.0681125039991457,
        0.06780070799868554,
        0.058282935999159236,
        0.0782704859993828,
        0.0899700589980057,
        0.10062423599811154,
        0.0702805389992136,
        0.11833605499850819,
        0.09319832400069572,
        0.07807049099938013,
        0.07700339499933762,
        0.10388388800129178,
        0.06458788900272339,
        0.07231360099831363,
        0.08088295800189371,
        0.08679538999786018,
        0.08310095599881606,
        0.08009725200099638,
        0.08341841100263991,
        0.10217356999783078,
        0.09871722100069746,
        0.09695471500162967,
        0.07914410100056557,
        0.08125583899891353,
        0.08387256400237675,
        0.09273266699892702,
        0.1073204349995649,
        0.08837146299993037,
        0.09387384900037432,
        0.09008513599837897,
        0.0899571849986387,
        0.07376022400057991,
        0.10802821300239884,
        0.09729231600067578
    ],
    "hyperparameters": {
        "memory size": 2000,
        "discount factor": 0.95,
        "minibatch size": 32,
        "learning rate": 0.001,
        "epsilon decay": 0.99,
        "final epsilon": 0.1,
        "target neural network update freq": 100,
        "live plot freq": 1,
        "live plot": false,
        "neural network save freq": 100000
    },
    "game": "cartpole"
}