{
    "time": "2022-09-01-16-23-41",
    "episodes": 100,
    "performance history": [
        16,
        25,
        15,
        73,
        27,
        32,
        24,
        21,
        37,
        54,
        38,
        25,
        33,
        48,
        37,
        53,
        51,
        74,
        71,
        111,
        48,
        38,
        30,
        21,
        29,
        29,
        14,
        13,
        14,
        15,
        18,
        18,
        31,
        32,
        28,
        34,
        43,
        43,
        126,
        72,
        37,
        32,
        42,
        33,
        42,
        29,
        45,
        38,
        28,
        91,
        50,
        83,
        46,
        52,
        37,
        136,
        43,
        40,
        39,
        73,
        32,
        27,
        39,
        30,
        35,
        71,
        47,
        47,
        40,
        37,
        56,
        80,
        41,
        97,
        110,
        137,
        75,
        38,
        19,
        59,
        130,
        140,
        53,
        87,
        75,
        45,
        57,
        31,
        59,
        119,
        57,
        57,
        80,
        70,
        39,
        131,
        42,
        54,
        93,
        54
    ],
    "time history": [
        0.0005028310006309766,
        0.06316370700005791,
        0.09352647500054445,
        0.4642543879999721,
        0.17082943200148293,
        0.2036617710000428,
        0.15883163800026523,
        0.13751099300134229,
        0.23486337500071386,
        0.3294785910002247,
        0.24124321899944334,
        0.15819782499966095,
        0.21073462999993353,
        0.31616549099999247,
        0.2422140290000243,
        0.32345736700153793,
        0.30893350200130953,
        0.470602985998994,
        0.43435711699930835,
        0.6967251419991953,
        0.3315505079990544,
        0.2312313600014022,
        0.20310484999936307,
        0.13022291399829555,
        0.18198237699834863,
        0.21224110900220694,
        0.08992317000229377,
        0.09415537799941376,
        0.09178537200205028,
        0.1052225629973691,
        0.12192245199912577,
        0.10966136600109166,
        0.18991878399901907,
        0.20502909000060754,
        0.20899507599824574,
        0.22411222599839675,
        0.2882275820011273,
        0.28920582000137074,
        0.8266470649978146,
        0.48547323800084996,
        0.2528259610007808,
        0.2145687639967946,
        0.2848109980004665,
        0.2192666699993424,
        0.2900906169998052,
        0.20338322700263234,
        0.300879229002021,
        0.2579628450002929,
        0.18905769999764743,
        0.6119294169984641,
        0.3161261019995436,
        0.5443965649974416,
        0.3097693820018321,
        0.33965902300042217,
        0.2529941600005259,
        0.9087922709986742,
        0.293718266999349,
        0.26042904799760436,
        0.26315622300171526,
        0.5013766820011369,
        0.21866722199774813,
        0.18489867799871718,
        0.2644853419988067,
        0.1946140940017358,
        0.22021328000118956,
        0.4772208460017282,
        0.32341657699726056,
        0.32415623599808896,
        0.26605637399916304,
        0.25130625999736367,
        0.36023710199879133,
        0.506928078000783,
        0.26081870599955437,
        0.6953927539980214,
        0.8306862379977247,
        0.8840170699986629,
        0.46992230099931476,
        0.23870023700146703,
        0.11553665099927457,
        0.3667815610024263,
        0.9131640689993219,
        1.1362370909992023,
        0.31979354900249746,
        0.5747476290016493,
        0.5016456189987366,
        0.27111278400116134,
        0.37997381900277105,
        0.21066824799709138,
        0.39103797499774373,
        0.8823551599998609,
        0.3515216480009258,
        0.3944188249988656,
        0.6012178669989225,
        0.5758475700022245,
        0.3226811619970249,
        1.0601100460007729,
        0.3448373709979933,
        0.4125678130003507,
        0.589109496002493,
        0.33626517800075817
    ],
    "hyperparameters": {
        "memory size": 2000,
        "discount factor": 0.95,
        "minibatch size": 32,
        "learning rate": 0.001,
        "epsilon decay": 0.99,
        "final epsilon": 0.1,
        "target neural network update freq": 100,
        "live plot freq": 1,
        "live plot": false,
        "neural network save freq": 100000
    },
    "game": "cartpole"
}