{
    "time": "2022-09-01-16-29-19",
    "episodes": 100,
    "performance history": [
        12,
        39,
        12,
        15,
        10,
        10,
        10,
        9,
        13,
        10,
        10,
        9,
        11,
        10,
        9,
        10,
        9,
        10,
        9,
        11,
        8,
        16,
        15,
        10,
        10,
        9,
        11,
        8,
        9,
        9,
        8,
        10,
        8,
        13,
        10,
        11,
        10,
        10,
        10,
        11,
        10,
        12,
        13,
        9,
        9,
        12,
        9,
        13,
        11,
        10,
        11,
        12,
        10,
        12,
        12,
        11,
        9,
        10,
        11,
        10,
        13,
        10,
        12,
        15,
        13,
        17,
        19,
        16,
        15,
        17,
        12,
        21,
        18,
        16,
        12,
        17,
        13,
        19,
        36,
        15,
        30,
        43,
        16,
        50,
        49,
        25,
        60,
        28,
        64,
        64,
        55,
        42,
        66,
        63,
        47,
        45,
        43,
        47,
        20,
        114
    ],
    "time history": [
        0.0003286280007159803,
        0.12348726699929102,
        0.07293670500075677,
        0.14052619699941715,
        0.07705385399822262,
        0.08239485100057209,
        0.06633445899933577,
        0.06277138400037074,
        0.08892459500202676,
        0.0660444870009087,
        0.0651315719987906,
        0.052892455001710914,
        0.06751829200220527,
        0.06942365099894232,
        0.06195468299847562,
        0.06749629899786669,
        0.05904737800301518,
        0.06411944800129277,
        0.057303279001644114,
        0.07075626000005286,
        0.04767635399912251,
        0.09353233499859925,
        0.08820546100105275,
        0.061718577999272384,
        0.06729139600065537,
        0.06009437100146897,
        0.06580810000014026,
        0.049174476000189316,
        0.06097339700136217,
        0.06149735799772316,
        0.0535632050014101,
        0.06887882699811598,
        0.05154109700015397,
        0.08918414200161351,
        0.06522129400036647,
        0.07361263499842607,
        0.06655732999934116,
        0.06644177999987733,
        0.0668966180019197,
        0.07645470899660722,
        0.06837654699847917,
        0.07958822100044927,
        0.08362894600213622,
        0.060157435000292026,
        0.06297020299825817,
        0.0705825309996726,
        0.05333896099909907,
        0.08322822599802748,
        0.07225142300012521,
        0.06688411600043764,
        0.07200662399918656,
        0.08000468000318506,
        0.0713555259972054,
        0.08095526299803169,
        0.07901376699737739,
        0.07017515099869343,
        0.05898392800008878,
        0.06623517299885862,
        0.0753679369991005,
        0.06745487199805211,
        0.08620863100077258,
        0.06561241400049767,
        0.07755920099953073,
        0.10233849799988093,
        0.08503482000014628,
        0.11426480999944033,
        0.11187276499913423,
        0.09579104899967206,
        0.09490396799810696,
        0.11608338700170862,
        0.08466066800247063,
        0.13656831800108193,
        0.12314534699908108,
        0.10144949099776568,
        0.0903288209992752,
        0.13768472100127838,
        0.10506262499984587,
        0.11932322299981024,
        0.21821629400074016,
        0.09209584099880885,
        0.18724883800314274,
        0.26847237100082566,
        0.09915264200026286,
        0.3096838779965765,
        0.30162144700079807,
        0.1728221660014242,
        0.3901412259983772,
        0.179023993001465,
        0.396343185002479,
        0.39900687899717013,
        0.3353865349999978,
        0.2569841339973209,
        0.4284380550016067,
        0.4569729920003738,
        0.28779885599942645,
        0.27892280599917285,
        0.2639164459978929,
        0.28809721199650085,
        0.1266934039995249,
        0.733266718001687
    ],
    "hyperparameters": {
        "memory size": 2000,
        "discount factor": 0.95,
        "minibatch size": 32,
        "learning rate": 0.001,
        "epsilon decay": 0.99,
        "final epsilon": 0.1,
        "target neural network update freq": 100,
        "live plot freq": 1,
        "live plot": false,
        "neural network save freq": 100000
    },
    "game": "cartpole"
}