{
    "time": "2022-09-01-16-27-08",
    "episodes": 100,
    "performance history": [
        23,
        31,
        32,
        51,
        31,
        47,
        16,
        17,
        10,
        9,
        9,
        11,
        9,
        9,
        9,
        10,
        9,
        9,
        10,
        9,
        9,
        12,
        8,
        10,
        10,
        22,
        31,
        33,
        66,
        70,
        119,
        98,
        42,
        56,
        40,
        40,
        54,
        47,
        62,
        85,
        38,
        33,
        60,
        51,
        35,
        75,
        49,
        44,
        104,
        78,
        54,
        56,
        48,
        89,
        43,
        45,
        89,
        196,
        181,
        181,
        156,
        235,
        250,
        83,
        85,
        162,
        122,
        89,
        358,
        116,
        100,
        127,
        111,
        106,
        127,
        152,
        127,
        94,
        154,
        178,
        167,
        148,
        100,
        138,
        184,
        164,
        96,
        140,
        338,
        125,
        120,
        124,
        115,
        118,
        117,
        114,
        93,
        101,
        94,
        104
    ],
    "time history": [
        0.0005740970009355806,
        0.16112845099996775,
        0.2076542190006876,
        0.31490625600054045,
        0.1854808009993576,
        0.30760104400178534,
        0.09633410099922912,
        0.10313601799862226,
        0.0602990450024663,
        0.05404898000051617,
        0.054325872002664255,
        0.09485769200182403,
        0.06107575400164933,
        0.051570438998169266,
        0.051946641000540694,
        0.05888442799914628,
        0.05504726099752588,
        0.06194463899737457,
        0.06857710700205644,
        0.06224794700028724,
        0.061847569999372354,
        0.08221289499851991,
        0.04852743000083137,
        0.06787797400102136,
        0.06724233999921125,
        0.14636439999958384,
        0.21319526000297628,
        0.22465060199829168,
        0.45478744699721574,
        0.47410888399826945,
        0.7626471459989261,
        0.6091317499995057,
        0.2671248970000306,
        0.3533978429986746,
        0.24648687400258495,
        0.25052978100211476,
        0.3257438379987434,
        0.2871170250000432,
        0.38309108700195793,
        0.5226015309999639,
        0.23316586299915798,
        0.20225124900025548,
        0.4025083810010983,
        0.34427593799773604,
        0.23346810400107643,
        0.5105606759971124,
        0.3190833209991979,
        0.27881624099973124,
        0.6556044500030112,
        0.513306360997376,
        0.3648738999982015,
        0.3864912009994441,
        0.38899365599718294,
        0.6941222049972566,
        0.26510158800010686,
        0.2741322170004423,
        0.5487704440020025,
        1.2470092820003629,
        1.1447270900025615,
        1.1902345759990567,
        1.072921289000078,
        1.5227978459988663,
        1.6059947870016913,
        0.5497315430002345,
        0.5729209080018336,
        1.094337757996982,
        0.8350550410032156,
        0.7262296200024139,
        2.334513010999217,
        0.7848033970003598,
        0.67063969100127,
        0.840519723999023,
        0.7360981550009456,
        0.6725253449985757,
        0.8445688780011551,
        0.9916434730002948,
        0.8028079390023777,
        0.6224557440000353,
        1.0340555619986844,
        1.2119982430012897,
        1.1052717540005688,
        0.9504574040001899,
        0.6305963069971767,
        0.8739382949970604,
        1.1554636729997583,
        0.9950883519995841,
        0.5959502999976394,
        0.8819431189986062,
        2.144898678001482,
        0.7813352970006235,
        0.7685636690002866,
        0.7653451910009608,
        0.7039264699997148,
        0.7354376840012264,
        0.7258493150002323,
        0.7208671050029807,
        0.6007670910003071,
        0.6319606789984391,
        0.6341788509998878,
        0.6648047839989886
    ],
    "hyperparameters": {
        "memory size": 2000,
        "discount factor": 0.95,
        "minibatch size": 32,
        "learning rate": 0.001,
        "epsilon decay": 0.99,
        "final epsilon": 0.1,
        "target neural network update freq": 100,
        "live plot freq": 1,
        "live plot": false,
        "neural network save freq": 100000
    },
    "game": "cartpole"
}