{
    "time": "2022-09-01-17-04-35",
    "episodes": 100,
    "performance history": [
        11,
        18,
        10,
        13,
        12,
        9,
        9,
        11,
        11,
        10,
        11,
        14,
        15,
        10,
        9,
        14,
        10,
        9,
        11,
        9,
        10,
        9,
        8,
        8,
        9,
        9,
        9,
        13,
        10,
        10,
        8,
        8,
        8,
        10,
        10,
        10,
        13,
        11,
        10,
        9,
        10,
        10,
        10,
        10,
        10,
        10,
        9,
        9,
        11,
        10,
        11,
        8,
        9,
        11,
        9,
        9,
        10,
        10,
        10,
        11,
        8,
        11,
        9,
        10,
        10,
        9,
        10,
        10,
        10,
        11,
        8,
        9,
        11,
        10,
        9,
        12,
        10,
        10,
        8,
        9,
        10,
        9,
        11,
        11,
        8,
        10,
        12,
        10,
        8,
        13,
        13,
        11,
        9,
        10,
        11,
        9,
        10,
        9,
        9,
        9
    ],
    "time history": [
        0.00026432199956616387,
        0.0004338830003689509,
        0.04285315000015544,
        0.0649083479984256,
        0.058118621996982256,
        0.044096991998230806,
        0.04493403600281454,
        0.05359062699790229,
        0.054359529000066686,
        0.05086969999683788,
        0.055644632997427834,
        0.06843964599829633,
        0.07435044300291338,
        0.049331760998029495,
        0.04377827700227499,
        0.06929568700070377,
        0.049350894001690904,
        0.044575251999049215,
        0.053556963001028635,
        0.04363960699993186,
        0.04890231799799949,
        0.04416416800086154,
        0.03926643500017235,
        0.03897203700034879,
        0.04398826699980418,
        0.04391802800091682,
        0.04332913500184077,
        0.06319199300196487,
        0.04985991699868464,
        0.04887252999833436,
        0.03897916600180906,
        0.038981262001470895,
        0.03919292700084043,
        0.049251738000748446,
        0.04930877500009956,
        0.049176733002241235,
        0.06433921099960571,
        0.05316690600011498,
        0.04850314400027855,
        0.04377861499961,
        0.04861318799885339,
        0.048521194999921136,
        0.04818416699708905,
        0.048951179000141565,
        0.04876166900066892,
        0.05074748500192072,
        0.048421040999528486,
        0.04759421999915503,
        0.056214980002550874,
        0.051002615997276735,
        0.05386736600121367,
        0.038987515999906464,
        0.044106220000685425,
        0.05348174100072356,
        0.04399990799720399,
        0.04368603900002199,
        0.04935471399949165,
        0.049723938001989154,
        0.049236693001148524,
        0.05429858600109583,
        0.038926874000026146,
        0.05266512100206455,
        0.043056511000031605,
        0.047987063000618946,
        0.04812209900046582,
        0.04316702500000247,
        0.04856143399956636,
        0.0487252270031604,
        0.048877638997510076,
        0.05321759200160159,
        0.03983862700260943,
        0.04547046500010765,
        0.05365858100049081,
        0.048442731000250205,
        0.043854489998921053,
        0.057720470998901874,
        0.049471422000351595,
        0.04828208699836978,
        0.039074206000805134,
        0.04497143499975209,
        0.049267888000031235,
        0.04361013499874389,
        0.05378290899898275,
        0.05369272700045258,
        0.039096502998290816,
        0.04839826600073138,
        0.058060141000169097,
        0.05150040300213732,
        0.04103206300351303,
        0.06329677300163894,
        0.06599668899798417,
        0.054347042001609225,
        0.046897588999854634,
        0.050819738000427606,
        0.05520641300245188,
        0.043278537999867694,
        0.04937359800169361,
        0.046953810000559315,
        0.04596395899716299,
        0.04418025899940403
    ],
    "hyperparameters": {
        "memory size": 2000,
        "discount factor": 0.95,
        "minibatch size": 32,
        "learning rate": 0.001,
        "epsilon decay": 0.99,
        "final epsilon": 0.1,
        "target neural network update freq": 100,
        "live plot freq": 1,
        "live plot": false,
        "neural network save freq": 100000
    },
    "game": "cartpole"
}