{
    "time": "2022-09-01-16-21-17",
    "episodes": 100,
    "performance history": [
        32,
        63,
        97,
        34,
        42,
        65,
        43,
        13,
        9,
        12,
        10,
        9,
        9,
        11,
        8,
        11,
        9,
        9,
        8,
        9,
        9,
        9,
        13,
        9,
        8,
        10,
        10,
        10,
        19,
        12,
        13,
        27,
        18,
        19,
        28,
        13,
        27,
        35,
        48,
        14,
        10,
        11,
        10,
        10,
        10,
        13,
        9,
        9,
        9,
        9,
        9,
        10,
        10,
        10,
        10,
        10,
        8,
        9,
        8,
        10,
        9,
        8,
        10,
        11,
        10,
        10,
        11,
        9,
        8,
        11,
        9,
        10,
        12,
        9,
        9,
        12,
        9,
        13,
        8,
        13,
        11,
        10,
        11,
        12,
        12,
        12,
        10,
        12,
        9,
        11,
        10,
        10,
        14,
        10,
        12,
        12,
        11,
        13,
        10,
        14
    ],
    "time history": [
        0.007191704997239867,
        0.3937041129975114,
        0.610816676999093,
        0.21550452800147468,
        0.26724767300038366,
        0.4052407979979762,
        0.2631258700021135,
        0.0789222109997354,
        0.05516562100092415,
        0.07491289599784068,
        0.0617201950008166,
        0.05558361599833006,
        0.055743016997439554,
        0.06947769899852574,
        0.05029637699772138,
        0.06785240200042608,
        0.05523388899746351,
        0.057431928002188215,
        0.04981875700104865,
        0.05607891500039841,
        0.06796769599895924,
        0.053970561999449274,
        0.08238195600279141,
        0.05665974899966386,
        0.050241352000739425,
        0.0635393299999123,
        0.0667044360016007,
        0.06279990199982421,
        0.11907780800174805,
        0.07678676000068663,
        0.09356706800099346,
        0.18377857799714548,
        0.11331181800051127,
        0.12214649499946972,
        0.1878398679982638,
        0.10260392099735327,
        0.18506343899935018,
        0.2568576999983634,
        0.3174964309982897,
        0.09407471699887537,
        0.06773338800121564,
        0.08038167700215126,
        0.06365841099977843,
        0.06726959200022975,
        0.06707098900005803,
        0.09284669000044232,
        0.06525114200121607,
        0.08722942000167677,
        0.07429842700003064,
        0.051456385997880716,
        0.051367452997510554,
        0.05829388199708774,
        0.05977628699838533,
        0.06005149500197149,
        0.06190321200119797,
        0.0614488130013342,
        0.04988240000238875,
        0.05568740099988645,
        0.04989715199917555,
        0.061867857999459375,
        0.054969171000266215,
        0.049320310001348844,
        0.0610651479983062,
        0.0667607590003172,
        0.06081443400034914,
        0.06261768599870265,
        0.06722969700058457,
        0.05473329400047078,
        0.05003994299840997,
        0.07163646700064419,
        0.06158379699991201,
        0.0668726109979616,
        0.07558539800083963,
        0.07770033199994941,
        0.05250199100191821,
        0.07028301899845246,
        0.053358778000983875,
        0.07791963599811425,
        0.04867147400000249,
        0.08867126100085443,
        0.0734308199971565,
        0.06732259300042642,
        0.07331110599989188,
        0.08385516699854634,
        0.08323251399997389,
        0.07922575699922163,
        0.06407984899851726,
        0.08595601900015026,
        0.06092866000108188,
        0.07309953500225674,
        0.06419085199740948,
        0.07163215599939576,
        0.09248867900168989,
        0.06169362199943862,
        0.07642254299935303,
        0.07252258700100356,
        0.06647027999861166,
        0.08017950099747395,
        0.060113171999546466,
        0.09245084299982409
    ],
    "hyperparameters": {
        "memory size": 2000,
        "discount factor": 0.95,
        "minibatch size": 32,
        "learning rate": 0.001,
        "epsilon decay": 0.99,
        "final epsilon": 0.1,
        "target neural network update freq": 100,
        "live plot freq": 1,
        "live plot": false,
        "neural network save freq": 100000
    },
    "game": "cartpole"
}