{
    "time": "2022-09-01-16-57-25",
    "episodes": 100,
    "performance history": [
        14,
        17,
        12,
        9,
        14,
        13,
        12,
        16,
        11,
        15,
        10,
        11,
        9,
        11,
        9,
        11,
        10,
        10,
        12,
        10,
        9,
        9,
        10,
        9,
        10,
        9,
        9,
        9,
        10,
        10,
        11,
        9,
        10,
        9,
        10,
        8,
        10,
        9,
        9,
        10,
        9,
        9,
        12,
        9,
        9,
        11,
        11,
        11,
        10,
        11,
        12,
        9,
        10,
        11,
        11,
        9,
        11,
        9,
        10,
        8,
        10,
        12,
        9,
        10,
        8,
        10,
        11,
        10,
        11,
        9,
        9,
        10,
        16,
        9,
        11,
        12,
        10,
        10,
        9,
        12,
        9,
        15,
        10,
        9,
        10,
        10,
        10,
        9,
        9,
        11,
        10,
        12,
        9,
        10,
        10,
        10,
        9,
        9,
        12,
        10
    ],
    "time history": [
        0.0008859320005285554,
        0.00041525599954184145,
        0.07283650499812211,
        0.052971185999922454,
        0.08276564999687253,
        0.0837400529999286,
        0.08133480900141876,
        0.09428901800129097,
        0.06466238099892507,
        0.0888106250022247,
        0.05935306899846182,
        0.06469070900129736,
        0.05235918999824207,
        0.06364602800022112,
        0.052475209999101935,
        0.06415330700110644,
        0.05924090600092313,
        0.05795810299969162,
        0.07001737600148772,
        0.058978051998565206,
        0.05325258599987137,
        0.053549701002339134,
        0.06174459400062915,
        0.0589321959996596,
        0.05972233599823085,
        0.05328961999839521,
        0.05299331199785229,
        0.05350641300174175,
        0.06615468100062571,
        0.06006489099672763,
        0.06528092500229832,
        0.05279526600133977,
        0.057721777997358004,
        0.05220144499980961,
        0.058506012999714585,
        0.046573633000662085,
        0.058381514998472994,
        0.05272011300257873,
        0.052429125000344357,
        0.05844677400091314,
        0.059110350000992185,
        0.061297420998016605,
        0.07687039400116191,
        0.058206060999509646,
        0.05811607100258698,
        0.06552095600272878,
        0.06878044399854844,
        0.0705927389972203,
        0.0576790510021965,
        0.06381605899878195,
        0.07012897599997814,
        0.055714565998641774,
        0.06625748099759221,
        0.07731589200193412,
        0.06832854999811389,
        0.061798650000127964,
        0.07469373499770882,
        0.06205949600189342,
        0.06827861799683888,
        0.05515104500227608,
        0.06735565000053612,
        0.08107340700007626,
        0.06185313999958453,
        0.06817201000012574,
        0.05281094500242034,
        0.06720311200115248,
        0.07475962500029709,
        0.062463884001772385,
        0.07338631099992199,
        0.06007597300049383,
        0.05940736599950469,
        0.05718250000063563,
        0.10792012499950943,
        0.061286829000891885,
        0.06533946800118429,
        0.07317711300129304,
        0.07317715699900873,
        0.08168696600114345,
        0.057840445999318035,
        0.08092952599690761,
        0.05724320100125624,
        0.09840584600169677,
        0.06289042199932737,
        0.05427769900052226,
        0.06596919200092088,
        0.06671972399999504,
        0.05995789200096624,
        0.05354783199800295,
        0.05333599799996591,
        0.06632791700030793,
        0.05874988600044162,
        0.07065999500264297,
        0.06284145300014643,
        0.061584304999996675,
        0.061552957999083446,
        0.06011526000293088,
        0.05379269200057024,
        0.05341030600175145,
        0.08194396199905896,
        0.060802842999692075
    ],
    "hyperparameters": {
        "memory size": 2000,
        "discount factor": 0.95,
        "minibatch size": 32,
        "learning rate": 0.001,
        "epsilon decay": 0.99,
        "final epsilon": 0.1,
        "target neural network update freq": 100,
        "live plot freq": 1,
        "live plot": false,
        "neural network save freq": 100000
    },
    "game": "cartpole"
}