{
    "time": "2022-09-01-16-54-31",
    "episodes": 100,
    "performance history": [
        35,
        16,
        17,
        15,
        12,
        10,
        13,
        8,
        12,
        12,
        10,
        15,
        9,
        9,
        9,
        10,
        9,
        9,
        9,
        9,
        10,
        12,
        11,
        11,
        12,
        11,
        11,
        10,
        11,
        11,
        14,
        11,
        11,
        9,
        9,
        11,
        9,
        14,
        9,
        12,
        10,
        11,
        13,
        10,
        12,
        11,
        12,
        11,
        11,
        11,
        12,
        11,
        12,
        10,
        41,
        17,
        14,
        16,
        246,
        11,
        14,
        29,
        43,
        30,
        32,
        34,
        84,
        14,
        11,
        12,
        11,
        12,
        10,
        10,
        12,
        11,
        9,
        9,
        13,
        9,
        12,
        10,
        10,
        10,
        11,
        12,
        9,
        10,
        8,
        9,
        8,
        10,
        11,
        9,
        10,
        9,
        9,
        11,
        12,
        11
    ],
    "time history": [
        0.031505352999374736,
        0.09885515999849304,
        0.10390727699996205,
        0.09182972100097686,
        0.07215973599886638,
        0.06236225699831266,
        0.08721928399972967,
        0.07907134700144525,
        0.07641303600030369,
        0.08217851399967913,
        0.06858377599928644,
        0.08865892999892822,
        0.052878613998473156,
        0.05338364899944281,
        0.054297214999678545,
        0.06049065000115661,
        0.05523617099970579,
        0.06252496800152585,
        0.06098895999821252,
        0.054410839002230205,
        0.0644775450018642,
        0.07890188500095974,
        0.0740752359997714,
        0.07544763199985027,
        0.08108892700329307,
        0.07269159499992384,
        0.07247882999945432,
        0.06599214899688377,
        0.07324252300168155,
        0.07577744299851474,
        0.0933950789985829,
        0.07256479200077592,
        0.07286049100002856,
        0.06112856099935016,
        0.061320609998801956,
        0.07289451500037103,
        0.06136360299933585,
        0.09790953899937449,
        0.06047543900058372,
        0.07943381500081159,
        0.06712476699976833,
        0.07240198100043926,
        0.08997737699974095,
        0.06727197800137219,
        0.0725216589999036,
        0.06640853499993682,
        0.07320313600212103,
        0.07255834700117703,
        0.0738975339991157,
        0.07564869299676502,
        0.08306864699989092,
        0.07269174999964889,
        0.07972927499940852,
        0.06925972400131286,
        0.2814681730014854,
        0.1193229060008889,
        0.09011665399884805,
        0.11056601900054375,
        1.5981686769991938,
        0.07330827600162593,
        0.09740192699973704,
        0.18597450299785123,
        0.26418102599927806,
        0.19859208799971384,
        0.22111611099899164,
        0.23258388400063268,
        0.5607322819996625,
        0.10042912499920931,
        0.07387005400232738,
        0.08516537399918889,
        0.07528918900061399,
        0.08053397299954668,
        0.06695287699767505,
        0.06885225900259684,
        0.07363557400094578,
        0.06671005699899979,
        0.05539163000139524,
        0.054820670000481186,
        0.07863285900020855,
        0.05561336599930655,
        0.07299397299721022,
        0.06658510099805426,
        0.0645313150016591,
        0.06269492099818308,
        0.06802493599752779,
        0.07359964699935517,
        0.05999138599872822,
        0.061045345999446,
        0.04966874000092503,
        0.055401265002728906,
        0.04896998399999575,
        0.06118534999768599,
        0.06855056000131299,
        0.055235585998161696,
        0.062193475001549814,
        0.05517664199942374,
        0.05519031500080018,
        0.06725808899864205,
        0.07363072800217196,
        0.06828624199988553
    ],
    "hyperparameters": {
        "memory size": 2000,
        "discount factor": 0.95,
        "minibatch size": 32,
        "learning rate": 0.001,
        "epsilon decay": 0.99,
        "final epsilon": 0.1,
        "target neural network update freq": 100,
        "live plot freq": 1,
        "live plot": false,
        "neural network save freq": 100000
    },
    "game": "cartpole"
}