{
    "time": "2022-09-01-16-51-51",
    "episodes": 100,
    "performance history": [
        15,
        21,
        16,
        22,
        12,
        17,
        11,
        9,
        12,
        8,
        11,
        13,
        9,
        9,
        9,
        10,
        10,
        10,
        9,
        12,
        11,
        10,
        13,
        11,
        12,
        12,
        9,
        9,
        10,
        14,
        10,
        9,
        11,
        9,
        9,
        13,
        17,
        16,
        14,
        33,
        57,
        73,
        19,
        67,
        130,
        82,
        53,
        105,
        146,
        45,
        71,
        57,
        66,
        73,
        58,
        53,
        79,
        46,
        59,
        100,
        49,
        63,
        59,
        42,
        57,
        46,
        65,
        93,
        47,
        40,
        51,
        60,
        43,
        56,
        70,
        67,
        85,
        71,
        62,
        54,
        76,
        62,
        62,
        52,
        52,
        54,
        42,
        52,
        48,
        65,
        49,
        48,
        62,
        57,
        48,
        54,
        86,
        55,
        49,
        61
    ],
    "time history": [
        0.0005176060003577732,
        0.03066246199887246,
        0.10939025400148239,
        0.14570054000068922,
        0.08588084999792045,
        0.11256102900006226,
        0.0757199789986771,
        0.06135004099996877,
        0.07927018299960764,
        0.055799186000513146,
        0.07362181600183249,
        0.08961670099961339,
        0.06027775900292909,
        0.05806993700025487,
        0.054028218997700606,
        0.06043439300265163,
        0.0599314070022956,
        0.06735458800176275,
        0.0606750609986193,
        0.07200872400062508,
        0.09351066299859667,
        0.05830149499888648,
        0.07647058200018364,
        0.07799130499915918,
        0.10228777999873273,
        0.08098595200135605,
        0.058192831002088496,
        0.057261457997810794,
        0.059381879997090437,
        0.0831232300006377,
        0.05912523300139583,
        0.052323846000945196,
        0.06627547899915953,
        0.05468994799957727,
        0.06069376500090584,
        0.07714300799852936,
        0.10674103500059573,
        0.10810660399874905,
        0.09072895400095149,
        0.20924275099969236,
        0.3878838399978122,
        0.4799136699984956,
        0.11694399399857502,
        0.4129047759997775,
        0.8210509920027107,
        0.5303004609995696,
        0.3602188130025752,
        0.6969220120008686,
        0.9687182210000174,
        0.30474844299897086,
        0.4835715510016598,
        0.36691827599861426,
        0.4256600709995837,
        0.47960195500127156,
        0.34698687399941264,
        0.3170659630013688,
        0.4916098760004388,
        0.2905673309978738,
        0.38856954999937443,
        0.6821068370009016,
        0.32799895700009074,
        0.4138029240020842,
        0.37427350700090756,
        0.2820980590004183,
        0.39607631800026866,
        0.32243070600088686,
        0.43507203399713035,
        0.6384752289995959,
        0.30677860499781673,
        0.27645422700152267,
        0.3576267039970844,
        0.38904045499657514,
        0.29967395000130637,
        0.37773252300030435,
        0.4435083360003773,
        0.41278199599764775,
        0.5416960820002714,
        0.4825076599991007,
        0.4027113480005937,
        0.44498159299837425,
        0.5494751090009231,
        0.4091805600000953,
        0.422461939000641,
        0.3480738399994152,
        0.34229306199995335,
        0.37963917600063724,
        0.2849174769980891,
        0.34989621299973805,
        0.3250541699999303,
        0.5368333609985712,
        0.3102341509984399,
        0.31251569600135554,
        0.4252998709998792,
        0.3826511439983733,
        0.3208163710005465,
        0.3535801630023343,
        0.5570226639974862,
        0.3679798440025479,
        0.3169721609992848,
        0.37740554899937706
    ],
    "hyperparameters": {
        "memory size": 2000,
        "discount factor": 0.95,
        "minibatch size": 32,
        "learning rate": 0.001,
        "epsilon decay": 0.99,
        "final epsilon": 0.1,
        "target neural network update freq": 100,
        "live plot freq": 1,
        "live plot": false,
        "neural network save freq": 100000
    },
    "game": "cartpole"
}