{
    "time": "2022-09-10-07-32-23",
    "generations": 200,
    "fitness history": [
        8.42,
        8.426666666666666,
        8.24,
        8.44,
        8.366666666666667,
        8.36,
        8.286666666666667,
        8.46,
        8.44,
        8.333333333333334,
        8.313333333333333,
        8.32,
        8.36,
        8.266666666666667,
        8.466666666666667,
        8.273333333333333,
        8.36,
        8.346666666666666,
        8.4,
        8.38,
        8.313333333333333,
        8.28,
        8.366666666666667,
        8.306666666666667,
        8.286666666666667,
        8.293333333333333,
        8.246666666666666,
        8.3,
        8.28,
        9.006666666666666,
        10.913333333333334,
        8.413333333333334,
        8.3,
        24.846666666666668,
        29.266666666666666,
        8.306666666666667,
        8.313333333333333,
        29.04,
        28.153333333333332,
        8.426666666666666,
        8.286666666666667,
        8.406666666666666,
        8.406666666666666,
        28.606666666666666,
        17.22,
        76.9,
        26.793333333333333,
        128.67333333333335,
        8.393333333333333,
        8.346666666666666,
        28.68,
        8.506666666666666,
        8.76,
        59.846666666666664,
        30.046666666666667,
        8.313333333333333,
        39.04,
        8.013333333333334,
        8.206666666666667,
        59.38666666666666,
        118.1,
        10.306666666666667,
        7.773333333333333,
        357.0133333333333,
        8.26,
        182.74,
        200.1,
        137.77333333333334,
        29.053333333333335,
        8.28,
        26.85333333333333,
        8.666666666666666,
        54.946666666666665,
        18.69333333333333,
        8.266666666666667,
        8.073333333333334,
        498.47333333333336,
        8.866666666666667,
        20.833333333333332,
        8.22,
        8.633333333333333,
        8.393333333333333,
        8.58,
        7.76,
        7.806666666666667,
        64.90666666666667,
        8.193333333333333,
        44.193333333333335,
        27.546666666666667,
        31.413333333333334,
        162.5,
        22.35333333333333,
        8.333333333333334,
        10.846666666666666,
        7.713333333333333,
        7.6866666666666665,
        482.6666666666667,
        110.85333333333334,
        38.44,
        82.24,
        7.72,
        499.0,
        142.97333333333333,
        8.393333333333333,
        40.64,
        25.7,
        8.273333333333333,
        188.46666666666667,
        8.82,
        166.12,
        8.32,
        8.226666666666667,
        8.353333333333333,
        32.086666666666666,
        7.786666666666667,
        8.586666666666666,
        27.76,
        8.646666666666667,
        63.58,
        7.8533333333333335,
        38.58,
        74.58666666666667,
        159.33333333333334,
        8.24,
        7.833333333333333,
        14.22,
        8.94,
        7.78,
        40.99333333333333,
        7.72,
        444.88666666666666,
        352.3066666666667,
        40.8,
        8.353333333333333,
        7.933333333333334,
        7.82,
        47.60666666666667,
        8.306666666666667,
        8.506666666666666,
        8.066666666666666,
        499.0,
        25.82,
        49.75333333333333,
        7.84,
        7.773333333333333,
        8.786666666666667,
        57.733333333333334,
        39.193333333333335,
        38.373333333333335,
        9.786666666666667,
        8.293333333333333,
        7.773333333333333,
        29.893333333333334,
        16.22,
        194.06666666666666,
        8.26,
        127.28,
        38.36666666666667,
        7.906666666666666,
        21.44,
        39.96666666666667,
        54.94,
        8.246666666666666,
        7.8,
        8.12,
        116.91333333333333,
        7.72,
        15.486666666666666,
        36.233333333333334,
        13.013333333333334,
        7.72,
        8.153333333333334,
        67.34666666666666,
        7.8533333333333335,
        114.09333333333333,
        24.44,
        61.306666666666665,
        38.06666666666667,
        8.32,
        8.24,
        7.7,
        41.93333333333333,
        204.49333333333334,
        8.433333333333334,
        40.553333333333335,
        7.993333333333333,
        397.6066666666667,
        7.766666666666667,
        8.986666666666666,
        7.946666666666666,
        64.72,
        8.293333333333333,
        7.74,
        8.146666666666667,
        63.28666666666667,
        9.12,
        24.12,
        14.42,
        8.846666666666666,
        8.353333333333333
    ],
    "best fitness history": [
        10,
        10,
        10,
        10,
        10,
        10,
        10,
        10,
        10,
        10,
        10,
        10,
        10,
        10,
        10,
        10,
        10,
        10,
        10,
        10,
        10,
        10,
        10,
        10,
        10,
        10,
        10,
        10,
        11,
        40,
        57,
        10,
        10,
        64,
        66,
        10,
        10,
        71,
        62,
        10,
        10,
        10,
        10,
        67,
        153,
        312,
        60,
        214,
        10,
        9,
        63,
        37,
        52,
        137,
        71,
        12,
        78,
        9,
        9,
        107,
        175,
        39,
        9,
        499,
        9,
        281,
        318,
        492,
        85,
        9,
        45,
        14,
        137,
        50,
        9,
        10,
        499,
        10,
        58,
        10,
        10,
        10,
        10,
        9,
        9,
        120,
        9,
        73,
        85,
        60,
        302,
        80,
        10,
        21,
        9,
        8,
        499,
        190,
        116,
        282,
        9,
        499,
        290,
        11,
        61,
        53,
        10,
        270,
        10,
        280,
        10,
        9,
        12,
        50,
        9,
        32,
        60,
        10,
        244,
        10,
        65,
        251,
        275,
        10,
        10,
        53,
        10,
        10,
        71,
        8,
        499,
        499,
        72,
        9,
        9,
        10,
        117,
        10,
        14,
        9,
        499,
        38,
        105,
        11,
        8,
        10,
        110,
        119,
        61,
        72,
        10,
        9,
        82,
        27,
        288,
        10,
        191,
        125,
        9,
        45,
        56,
        92,
        10,
        10,
        11,
        227,
        8,
        29,
        65,
        25,
        9,
        10,
        94,
        11,
        194,
        53,
        135,
        59,
        10,
        9,
        10,
        70,
        403,
        10,
        60,
        9,
        499,
        8,
        10,
        12,
        103,
        10,
        10,
        10,
        158,
        16,
        37,
        26,
        10,
        10
    ],