{
    "time": "2022-09-10-09-42-12",
    "generations": 200,
    "fitness history": [
        8.446666666666667,
        8.366666666666667,
        8.426666666666666,
        8.34,
        8.32,
        9.446666666666667,
        8.366666666666667,
        8.36,
        31.666666666666668,
        79.29333333333334,
        183.34666666666666,
        194.99333333333334,
        8.233333333333333,
        202.35333333333332,
        8.28,
        192.87333333333333,
        8.28,
        197.26,
        197.54666666666665,
        8.18,
        8.18,
        8.28,
        193.32,
        8.233333333333333,
        200.67333333333335,
        198.15333333333334,
        8.3,
        200.91333333333333,
        200.02,
        8.32,
        8.26,
        8.266666666666667,
        8.18,
        204.18,
        199.13333333333333,
        8.266666666666667,
        194.39333333333335,
        8.173333333333334,
        196.9,
        8.26,
        8.353333333333333,
        8.213333333333333,
        8.52,
        8.273333333333333,
        189.68666666666667,
        8.34,
        197.62666666666667,
        8.353333333333333,
        8.266666666666667,
        8.333333333333334,
        8.293333333333333,
        8.22,
        197.03333333333333,
        8.28,
        8.353333333333333,
        8.22,
        8.193333333333333,
        8.22,
        163.20666666666668,
        8.22,
        8.34,
        8.246666666666666,
        8.26,
        8.24,
        203.34,
        8.34,
        8.42,
        199.43333333333334,
        8.406666666666666,
        8.22,
        190.62666666666667,
        8.306666666666667,
        8.32,
        194.12666666666667,
        8.433333333333334,
        8.346666666666666,
        8.246666666666666,
        58.153333333333336,
        8.266666666666667,
        8.273333333333333,
        8.32,
        8.32,
        45.053333333333335,
        193.63333333333333,
        8.326666666666666,
        15.28,
        8.446666666666667,
        8.373333333333333,
        111.78,
        8.32,
        8.253333333333334,
        8.393333333333333,
        8.26,
        8.3,
        196.45333333333335,
        8.313333333333333,
        8.32,
        8.273333333333333,
        59.64,
        8.386666666666667,
        8.3,
        8.22,
        8.4,
        8.386666666666667,
        22.32,
        8.366666666666667,
        8.373333333333333,
        8.32,
        8.38,
        8.353333333333333,
        10.04,
        23.066666666666666,
        8.36,
        8.353333333333333,
        8.386666666666667,
        8.3,
        13.126666666666667,
        16.573333333333334,
        10.573333333333334,
        8.34,
        8.453333333333333,
        29.133333333333333,
        8.246666666666666,
        8.74,
        8.32,
        8.446666666666667,
        8.3,
        52.22666666666667,
        8.286666666666667,
        8.426666666666666,
        20.633333333333333,
        196.79333333333332,
        8.366666666666667,
        23.846666666666668,
        8.74,
        8.3,
        8.32,
        8.386666666666667,
        12.32,
        99.41333333333333,
        8.4,
        36.20666666666666,
        8.36,
        27.993333333333332,
        8.653333333333334,
        8.266666666666667,
        8.333333333333334,
        8.36,
        8.273333333333333,
        109.07333333333334,
        8.4,
        8.306666666666667,
        8.32,
        148.37333333333333,
        8.213333333333333,
        8.34,
        8.3,
        8.326666666666666,
        8.373333333333333,
        21.313333333333333,
        8.593333333333334,
        17.726666666666667,
        8.34,
        8.293333333333333,
        8.42,
        8.313333333333333,
        16.84,
        8.3,
        8.453333333333333,
        8.333333333333334,
        8.393333333333333,
        11.26,
        8.353333333333333,
        8.38,
        8.406666666666666,
        90.25333333333333,
        8.446666666666667,
        8.286666666666667,
        8.366666666666667,
        8.413333333333334,
        8.273333333333333,
        8.36,
        8.44,
        8.373333333333333,
        13.96,
        8.366666666666667,
        8.42,
        8.426666666666666,
        8.306666666666667,
        8.24,
        8.306666666666667,
        8.266666666666667,
        8.34,
        8.3,
        8.42,
        47.026666666666664,
        35.11333333333334,
        8.266666666666667,
        8.46,
        8.386666666666667
    ],
    "best fitness history": [
        10,
        10,
        10,
        10,
        10,
        168,
        10,
        10,
        269,
        287,
        315,
        298,
        9,
        324,
        9,
        278,
        9,
        312,
        333,
        10,
        9,
        10,
        296,
        10,
        342,
        299,
        10,
        281,
        308,
        9,
        9,
        10,
        9,
        314,
        300,
        9,
        281,
        10,
        331,
        9,
        10,
        10,
        10,
        9,
        298,
        10,
        299,
        9,
        9,
        10,
        10,
        10,
        297,
        9,
        10,
        10,
        10,
        9,
        290,
        10,
        9,
        9,
        9,
        9,
        294,
        9,
        10,
        294,
        10,
        9,
        285,
        9,
        10,
        286,
        10,
        10,
        10,
        273,
        10,
        9,
        10,
        10,
        351,
        293,
        10,
        253,
        10,
        10,
        190,
        10,
        10,
        10,
        9,
        10,
        346,
        10,
        10,
        10,
        121,
        10,
        10,
        10,
        10,
        10,
        33,
        10,
        10,
        10,
        10,
        10,
        13,
        170,
        10,
        10,
        10,
        10,
        16,
        20,
        12,
        10,
        10,
        36,
        10,
        10,
        10,
        10,
        10,
        103,
        10,
        10,
        27,
        355,
        10,
        32,
        12,
        10,
        10,
        10,
        16,
        197,
        10,
        131,
        10,
        36,
        10,
        10,
        10,
        10,
        10,
        205,
        10,
        10,
        9,
        322,
        10,
        10,
        10,
        10,
        10,
        29,
        10,
        23,
        10,
        10,
        10,
        10,
        21,
        10,
        10,
        10,
        10,
        15,
        10,
        10,
        10,
        144,
        10,
        10,
        10,
        10,
        10,
        10,
        10,
        10,
        18,
        10,
        10,
        10,
        10,
        10,
        10,
        10,
        10,
        10,
        10,
        69,
        48,
        10,
        10,
        10
    ],