{
    "time": "2022-09-10-02-04-39",
    "generations": 200,
    "fitness history": [
        8.44,
        8.273333333333333,
        8.633333333333333,
        8.38,
        9.08,
        8.226666666666667,
        8.38,
        8.426666666666666,
        8.44,
        9.12,
        13.426666666666666,
        35.82666666666667,
        38.76,
        38.093333333333334,
        8.32,
        8.293333333333333,
        37.53333333333333,
        38.08,
        8.28,
        44.25333333333333,
        8.406666666666666,
        43.64,
        14.44,
        8.446666666666667,
        25.133333333333333,
        8.346666666666666,
        8.326666666666666,
        9.993333333333334,
        30.1,
        8.333333333333334,
        8.326666666666666,
        45.42666666666667,
        9.04,
        29.14666666666667,
        10.806666666666667,
        36.166666666666664,
        8.546666666666667,
        27.866666666666667,
        39.873333333333335,
        40.48,
        44.36666666666667,
        8.333333333333334,
        51.2,
        112.42,
        8.866666666666667,
        125.94666666666667,
        8.4,
        49.68666666666667,
        93.08666666666667,
        8.473333333333333,
        198.92,
        311.00666666666666,
        35.86666666666667,
        131.58666666666667,
        8.34,
        8.353333333333333,
        30.553333333333335,
        36.84,
        94.96,
        39.56,
        8.26,
        8.233333333333333,
        163.6,
        60.513333333333335,
        19.19333333333333,
        50.333333333333336,
        404.36,
        41.68666666666667,
        8.306666666666667,
        8.393333333333333,
        27.966666666666665,
        8.233333333333333,
        116.59333333333333,
        161.49333333333334,
        40.49333333333333,
        8.44,
        143.08,
        62.413333333333334,
        8.426666666666666,
        8.233333333333333,
        8.4,
        36.9,
        156.59333333333333,
        10.033333333333333,
        72.54,
        465.14,
        8.36,
        8.206666666666667,
        34.50666666666667,
        202.20666666666668,
        36.053333333333335,
        151.72666666666666,
        8.286666666666667,
        55.29333333333334,
        15.52,
        206.61333333333334,
        76.59333333333333,
        8.466666666666667,
        8.293333333333333,
        8.346666666666666,
        8.3,
        17.726666666666667,
        8.213333333333333,
        190.88,
        8.28,
        8.3,
        90.47333333333333,
        38.81333333333333,
        8.186666666666667,
        193.47333333333333,
        322.0733333333333,
        8.273333333333333,
        8.433333333333334,
        59.28666666666667,
        8.273333333333333,
        8.36,
        243.27333333333334,
        8.273333333333333,
        24.82,
        122.50666666666666,
        7.82,
        8.433333333333334,
        41.153333333333336,
        59.76,
        8.313333333333333,
        45.35333333333333,
        8.206666666666667,
        37.66,
        37.74,
        8.466666666666667,
        11.306666666666667,
        8.28,
        8.633333333333333,
        50.29333333333334,
        39.666666666666664,
        194.44,
        8.133333333333333,
        38.406666666666666,
        8.88,
        142.56,
        77.14,
        264.43333333333334,
        7.726666666666667,
        42.28666666666667,
        124.45333333333333,
        8.88,
        8.32,
        97.41333333333333,
        181.80666666666667,
        66.01333333333334,
        471.2133333333333,
        153.59333333333333,
        122.5,
        8.506666666666666,
        134.4,
        137.36,
        8.493333333333334,
        8.26,
        8.34,
        46.833333333333336,
        257.05333333333334,
        8.913333333333334,
        33.18666666666667,
        8.393333333333333,
        68.86666666666666,
        8.853333333333333,
        497.8,
        8.78,
        39.74666666666667,
        8.326666666666666,
        21.58,
        8.386666666666667,
        8.486666666666666,
        8.386666666666667,
        8.306666666666667,
        410.3066666666667,
        8.42,
        499.0,
        33.693333333333335,
        31.62,
        11.686666666666667,
        8.386666666666667,
        8.38,
        8.873333333333333,
        41.32,
        8.526666666666667,
        8.286666666666667,
        8.253333333333334,
        35.72666666666667,
        8.4,
        8.346666666666666,
        449.0133333333333,
        8.333333333333334,
        8.326666666666666,
        54.64,
        20.753333333333334,
        45.76,
        7.826666666666667,
        7.8,
        52.85333333333333
    ],
    "best fitness history": [
        10,
        10,
        50,
        10,
        41,
        10,
        10,
        23,
        11,
        46,
        62,
        102,
        131,
        104,
        10,
        10,
        90,
        104,
        10,
        160,
        10,
        146,
        43,
        10,
        49,
        10,
        10,
        21,
        65,
        10,
        10,
        111,
        19,
        68,
        21,
        85,
        10,
        69,
        116,
        235,
        136,
        10,
        258,
        382,
        58,
        210,
        11,
        272,
        191,
        10,
        354,
        431,
        91,
        499,
        10,
        10,
        94,
        131,
        173,
        127,
        10,
        10,
        423,
        97,
        45,
        141,
        499,
        114,
        10,
        10,
        64,
        10,
        226,
        293,
        92,
        12,
        365,
        237,
        10,
        10,
        10,
        122,
        284,
        22,
        174,
        499,
        10,
        10,
        90,
        315,
        86,
        321,
        10,
        145,
        33,
        499,
        114,
        10,
        10,
        10,
        9,
        40,
        10,
        293,
        9,
        10,
        142,
        94,
        9,
        309,
        445,
        10,
        10,
        191,
        10,
        10,
        499,
        10,
        68,
        436,
        9,
        10,
        193,
        123,
        10,
        80,
        10,
        101,
        88,
        10,
        29,
        10,
        10,
        85,
        149,
        287,
        10,
        68,
        10,
        260,
        499,
        499,
        9,
        176,
        382,
        10,
        10,
        499,
        337,
        391,
        499,
        226,
        245,
        10,
        499,
        361,
        10,
        10,
        10,
        113,
        461,
        10,
        105,
        10,
        264,
        10,
        499,
        10,
        152,
        10,
        40,
        10,
        10,
        10,
        10,
        499,
        10,
        499,
        91,
        70,
        26,
        10,
        10,
        10,
        102,
        12,
        10,
        10,
        112,
        10,
        10,
        499,
        10,
        14,
        93,
        52,
        108,
        9,
        8,
        127
    ],