{
    "time": "2022-09-10-00-52-59",
    "generations": 200,
    "fitness history": [
        8.353333333333333,
        8.373333333333333,
        8.366666666666667,
        8.373333333333333,
        8.353333333333333,
        8.393333333333333,
        8.313333333333333,
        8.34,
        9.86,
        8.713333333333333,
        10.846666666666666,
        27.993333333333332,
        102.32666666666667,
        100.53333333333333,
        118.44,
        72.07333333333334,
        102.23333333333333,
        121.83333333333333,
        108.2,
        125.78,
        118.17333333333333,
        122.74666666666667,
        128.86666666666667,
        121.95333333333333,
        128.48666666666668,
        137.35333333333332,
        119.62666666666667,
        118.02666666666667,
        130.61333333333334,
        144.95333333333335,
        126.0,
        131.73333333333332,
        132.38,
        142.28,
        130.49333333333334,
        133.02,
        124.08666666666667,
        132.60666666666665,
        120.23333333333333,
        126.72,
        135.02666666666667,
        128.75333333333333,
        133.54,
        137.08,
        132.34666666666666,
        132.95333333333335,
        136.5,
        136.45333333333335,
        126.28666666666666,
        131.4,
        142.08666666666667,
        134.72,
        135.77333333333334,
        132.31333333333333,
        136.02666666666667,
        137.82666666666665,
        134.98666666666668,
        140.28666666666666,
        136.06,
        139.54,
        141.55333333333334,
        127.78666666666666,
        131.14,
        128.22666666666666,
        132.86,
        126.70666666666666,
        132.49333333333334,
        144.06,
        130.65333333333334,
        135.18666666666667,
        134.65333333333334,
        131.05333333333334,
        126.64,
        136.86666666666667,
        127.65333333333334,
        129.82,
        135.00666666666666,
        135.37333333333333,
        128.62,
        142.05333333333334,
        134.45333333333335,
        129.55333333333334,
        140.57333333333332,
        136.17333333333335,
        138.18666666666667,
        145.97333333333333,
        127.56,
        136.72,
        142.57333333333332,
        142.64,
        132.54,
        137.34,
        136.02666666666667,
        140.81333333333333,
        136.93333333333334,
        141.22,
        138.11333333333334,
        137.16666666666666,
        138.86,
        141.34666666666666,
        133.06666666666666,
        131.17333333333335,
        139.25333333333333,
        139.13333333333333,
        139.84,
        137.22,
        136.66,
        142.08666666666667,
        139.96,
        130.22666666666666,
        123.42,
        129.26666666666668,
        135.23333333333332,
        136.58666666666667,
        141.70666666666668,
        137.46,
        148.01333333333332,
        140.96666666666667,
        132.13333333333333,
        138.66666666666666,
        132.28,
        148.20666666666668,
        134.32666666666665,
        139.29333333333332,
        140.66,
        139.98,
        140.68666666666667,
        136.57333333333332,
        146.19333333333333,
        143.11333333333334,
        144.88666666666666,
        134.62666666666667,
        147.62666666666667,
        153.32,
        142.97333333333333,
        141.82666666666665,
        133.67333333333335,
        132.61333333333334,
        138.96666666666667,
        133.44,
        137.82666666666665,
        135.84666666666666,
        121.95333333333333,
        130.70666666666668,
        127.74666666666667,
        143.66666666666666,
        145.80666666666667,
        140.75333333333333,
        132.0,
        133.49333333333334,
        143.47333333333333,
        138.98666666666668,
        138.14,
        136.07333333333332,
        136.29333333333332,
        133.98666666666668,
        145.16666666666666,
        138.51333333333332,
        141.37333333333333,
        137.71333333333334,
        145.09333333333333,
        139.82,
        149.08,
        143.22666666666666,
        136.06666666666666,
        128.34666666666666,
        139.16,
        131.88666666666666,
        143.01333333333332,
        140.87333333333333,
        141.40666666666667,
        141.67333333333335,
        142.76,
        137.51333333333332,
        129.74666666666667,
        143.79333333333332,
        139.34666666666666,
        138.34666666666666,
        136.1,
        141.18,
        140.62,
        138.67333333333335,
        139.80666666666667,
        131.33333333333334,
        139.46,
        136.20666666666668,
        139.5,
        134.56666666666666,
        137.88,
        140.58,
        142.7,
        137.38666666666666,
        135.34,
        143.14,
        137.31333333333333,
        136.89333333333335,
        136.03333333333333,
        127.35333333333334,
        137.17333333333335,
        133.66
    ],
    "best fitness history": [
        10,
        10,
        10,
        10,
        10,
        10,
        10,
        10,
        185,
        54,
        90,
        163,
        273,
        266,
        299,
        261,
        296,
        301,
        337,
        306,
        303,
        291,
        310,
        281,
        331,
        296,
        271,
        268,
        323,
        295,
        289,
        329,
        290,
        296,
        288,
        314,
        292,
        306,
        328,
        305,
        287,
        312,
        310,
        279,
        280,
        319,
        292,
        288,
        315,
        295,
        309,
        282,
        320,
        288,
        303,
        292,
        305,
        281,
        329,
        299,
        307,
        276,
        284,
        280,
        289,
        291,
        291,
        296,
        277,
        293,
        296,
        323,
        284,
        303,
        292,
        306,
        282,
        274,
        295,
        295,
        277,
        276,
        331,
        326,
        321,
        278,
        283,
        271,
        298,
        277,
        404,
        280,
        302,
        325,
        321,
        311,
        284,
        298,
        325,
        315,
        301,
        294,
        317,
        321,
        302,
        319,
        353,
        300,
        339,
        270,
        337,
        279,
        294,
        301,
        314,
        324,
        326,
        296,
        303,
        338,
        304,
        319,
        310,
        306,
        298,
        280,
        269,
        342,
        302,
        291,
        332,
        270,
        300,
        294,
        274,
        306,
        279,
        314,
        304,
        290,
        282,
        296,
        297,
        303,
        294,
        325,
        308,
        337,
        299,
        401,
        305,
        320,
        304,
        278,
        289,
        293,
        297,
        307,
        286,
        299,
        286,
        291,
        300,
        284,
        294,
        269,
        295,
        282,
        294,
        305,
        286,
        327,
        293,
        318,
        305,
        326,
        283,
        267,
        304,
        296,
        291,
        282,
        294,
        306,
        291,
        305,
        275,
        325,
        287,
        325,
        302,
        302,
        322,
        303,
        289,
        284,
        288,
        337,
        294,
        297
    ],