{
    "time": "2022-09-10-02-59-30",
    "generations": 200,
    "fitness history": [
        8.453333333333333,
        8.233333333333333,
        8.4,
        8.413333333333334,
        12.193333333333333,
        21.32,
        113.94666666666667,
        80.36666666666666,
        111.16666666666667,
        103.8,
        120.94,
        99.48666666666666,
        100.76666666666667,
        118.56,
        124.73333333333333,
        100.38,
        120.10666666666667,
        128.31333333333333,
        128.51333333333332,
        124.50666666666666,
        140.67333333333335,
        134.86,
        130.99333333333334,
        133.16666666666666,
        136.79333333333332,
        119.06,
        130.04666666666665,
        134.31333333333333,
        129.01333333333332,
        126.43333333333334,
        138.97333333333333,
        138.19333333333333,
        126.27333333333333,
        132.52,
        133.53333333333333,
        129.71333333333334,
        139.90666666666667,
        134.41333333333333,
        125.03333333333333,
        129.71333333333334,
        141.44666666666666,
        126.00666666666666,
        130.76666666666668,
        136.14666666666668,
        138.17333333333335,
        142.29333333333332,
        128.92666666666668,
        136.48666666666668,
        133.58666666666667,
        133.16,
        133.34666666666666,
        131.86666666666667,
        137.69333333333333,
        131.43333333333334,
        132.48666666666668,
        141.12666666666667,
        134.13333333333333,
        135.14,
        140.50666666666666,
        137.44666666666666,
        143.15333333333334,
        145.02666666666667,
        138.16,
        132.36666666666667,
        133.08,
        129.82,
        138.88,
        131.76,
        138.55333333333334,
        140.53333333333333,
        138.30666666666667,
        137.98,
        143.60666666666665,
        130.72,
        132.08666666666667,
        143.21333333333334,
        133.6,
        141.28,
        133.54,
        127.34,
        136.83333333333334,
        140.72666666666666,
        137.90666666666667,
        138.34666666666666,
        140.74666666666667,
        137.59333333333333,
        130.14,
        134.48666666666668,
        144.04666666666665,
        147.46666666666667,
        142.03333333333333,
        142.90666666666667,
        141.10666666666665,
        138.0,
        142.09333333333333,
        141.68666666666667,
        139.26,
        135.62,
        145.4,
        143.36666666666667,
        141.87333333333333,
        144.40666666666667,
        140.96,
        127.87333333333333,
        135.94666666666666,
        137.03333333333333,
        133.9,
        142.38666666666666,
        146.54,
        139.70666666666668,
        133.73333333333332,
        136.76666666666668,
        139.37333333333333,
        153.20666666666668,
        143.66666666666666,
        142.66666666666666,
        141.16666666666666,
        144.08,
        140.14666666666668,
        137.5,
        138.66,
        136.18666666666667,
        140.97333333333333,
        139.02,
        131.86,
        131.47333333333333,
        131.46666666666667,
        132.16,
        143.68,
        141.64666666666668,
        147.84666666666666,
        144.3,
        141.59333333333333,
        146.61333333333334,
        142.20666666666668,
        134.50666666666666,
        134.82,
        139.33333333333334,
        141.03333333333333,
        134.91333333333333,
        144.16666666666666,
        137.12,
        128.35333333333332,
        139.89333333333335,
        132.66,
        129.02666666666667,
        130.4,
        135.19333333333333,
        135.1,
        146.46666666666667,
        146.38,
        139.72,
        148.78,
        144.25333333333333,
        132.94,
        140.81333333333333,
        135.62666666666667,
        129.88,
        131.82,
        131.70666666666668,
        140.71333333333334,
        132.57333333333332,
        129.38,
        134.64666666666668,
        132.52666666666667,
        133.56666666666666,
        126.19333333333333,
        136.43333333333334,
        138.98,
        140.38666666666666,
        140.85333333333332,
        136.15333333333334,
        141.00666666666666,
        134.8,
        139.06666666666666,
        135.99333333333334,
        139.44666666666666,
        142.78666666666666,
        149.95333333333335,
        137.56,
        137.22666666666666,
        134.22,
        133.7,
        137.8,
        130.88666666666666,
        131.38,
        128.03333333333333,
        132.77333333333334,
        136.06,
        139.98666666666668,
        137.58,
        129.53333333333333,
        137.74666666666667,
        130.14666666666668,
        134.1,
        130.52666666666667,
        143.4,
        135.62,
        133.10666666666665,
        141.88666666666666
    ],
    "best fitness history": [
        10,
        10,
        27,
        10,
        210,
        147,
        289,
        284,
        276,
        298,
        308,
        287,
        282,
        300,
        305,
        318,
        274,
        271,
        297,
        311,
        310,
        305,
        318,
        319,
        304,
        289,
        282,
        290,
        291,
        302,
        302,
        265,
        302,
        297,
        332,
        324,
        298,
        297,
        293,
        309,
        293,
        295,
        323,
        296,
        322,
        294,
        292,
        304,
        288,
        275,
        321,
        289,
        319,
        300,
        285,
        293,
        321,
        311,
        282,
        293,
        292,
        314,
        286,
        276,
        290,
        294,
        289,
        291,
        301,
        264,
        324,
        354,
        285,
        306,
        290,
        295,
        321,
        303,
        299,
        307,
        312,
        293,
        290,
        294,
        281,
        277,
        314,
        283,
        292,
        319,
        297,
        283,
        289,
        302,
        298,
        321,
        308,
        302,
        268,
        334,
        292,
        276,
        291,
        297,
        294,
        294,
        280,
        337,
        266,
        297,
        335,
        326,
        307,
        316,
        369,
        319,
        307,
        304,
        285,
        286,
        293,
        272,
        324,
        291,
        297,
        290,
        308,
        333,
        292,
        315,
        284,
        297,
        304,
        297,
        299,
        296,
        302,
        286,
        276,
        280,
        304,
        289,
        287,
        313,
        325,
        283,
        320,
        297,
        304,
        312,
        286,
        301,
        316,
        292,
        304,
        321,
        265,
        272,
        304,
        285,
        290,
        290,
        276,
        323,
        305,
        317,
        311,
        278,
        294,
        340,
        312,
        295,
        291,
        294,
        293,
        330,
        300,
        281,
        310,
        310,
        276,
        296,
        319,
        273,
        288,
        301,
        272,
        310,
        291,
        303,
        312,
        319,
        301,
        303,
        273,
        286,
        339,
        286,
        281,
        286
    ],