{
    "time": "2022-09-14-10-57-38",
    "generations": 200,
    "fitness history": [
        8.433333333333334,
        8.226666666666667,
        8.36,
        8.3,
        10.073333333333334,
        13.426666666666666,
        22.093333333333334,
        22.293333333333333,
        14.786666666666667,
        11.693333333333333,
        18.86,
        8.413333333333334,
        40.28666666666667,
        54.473333333333336,
        14.24,
        36.24,
        46.26,
        39.666666666666664,
        13.633333333333333,
        27.866666666666667,
        32.5,
        60.06666666666667,
        78.45333333333333,
        87.38,
        105.31333333333333,
        123.26,
        118.88,
        125.81333333333333,
        127.01333333333334,
        128.76666666666668,
        131.74666666666667,
        136.50666666666666,
        114.92666666666666,
        124.01333333333334,
        136.94,
        132.78,
        134.43333333333334,
        130.57333333333332,
        128.06666666666666,
        127.6,
        136.72666666666666,
        142.0,
        144.14666666666668,
        125.08,
        141.48,
        146.01333333333332,
        137.86666666666667,
        141.50666666666666,
        139.54,
        143.18,
        137.36666666666667,
        137.35333333333332,
        148.00666666666666,
        139.10666666666665,
        140.17333333333335,
        140.81333333333333,
        136.66666666666666,
        132.98,
        142.5,
        141.09333333333333,
        138.05333333333334,
        148.36666666666667,
        135.41333333333333,
        136.28666666666666,
        139.89333333333335,
        142.26666666666668,
        142.00666666666666,
        134.1,
        131.21333333333334,
        128.7,
        137.73333333333332,
        140.31333333333333,
        134.94666666666666,
        137.85333333333332,
        137.26666666666668,
        138.52,
        137.93333333333334,
        140.60666666666665,
        133.02666666666667,
        139.93333333333334,
        142.3,
        138.01333333333332,
        140.1,
        147.51333333333332,
        135.76666666666668,
        132.90666666666667,
        135.84,
        147.17333333333335,
        139.90666666666667,
        147.14,
        138.04666666666665,
        137.89333333333335,
        142.65333333333334,
        134.68,
        136.60666666666665,
        135.3,
        135.70666666666668,
        137.34666666666666,
        144.58,
        136.70666666666668,
        143.53333333333333,
        145.44,
        152.72,
        141.18,
        147.22,
        140.76,
        136.63333333333333,
        145.44,
        139.36,
        134.24666666666667,
        140.22666666666666,
        138.32,
        133.90666666666667,
        148.21333333333334,
        135.43333333333334,
        135.05333333333334,
        140.40666666666667,
        138.54,
        141.83333333333334,
        136.67333333333335,
        145.18666666666667,
        140.33333333333334,
        147.66666666666666,
        148.59333333333333,
        143.53333333333333,
        139.79333333333332,
        132.23333333333332,
        139.38666666666666,
        142.73333333333332,
        149.74,
        140.67333333333335,
        144.36666666666667,
        141.00666666666666,
        139.34,
        129.04,
        134.88666666666666,
        127.72,
        137.7,
        141.14666666666668,
        141.97333333333333,
        144.66666666666666,
        144.60666666666665,
        142.68666666666667,
        147.12,
        142.72,
        139.18666666666667,
        153.36666666666667,
        145.05333333333334,
        143.40666666666667,
        140.64666666666668,
        141.51333333333332,
        141.81333333333333,
        141.44666666666666,
        155.13333333333333,
        135.82666666666665,
        139.51333333333332,
        145.92,
        141.72666666666666,
        140.54666666666665,
        146.17333333333335,
        152.98,
        143.44,
        137.22666666666666,
        132.28666666666666,
        136.74666666666667,
        142.98666666666668,
        134.16,
        140.58,
        138.03333333333333,
        145.91333333333333,
        131.27333333333334,
        137.82,
        138.44,
        139.71333333333334,
        133.42666666666668,
        143.28666666666666,
        149.82666666666665,
        141.57333333333332,
        143.81333333333333,
        149.57333333333332,
        145.02,
        136.86666666666667,
        138.99333333333334,
        146.70666666666668,
        151.05333333333334,
        138.72,
        141.48,
        149.13333333333333,
        148.46,
        136.92,
        138.06,
        139.98666666666668,
        136.63333333333333,
        140.52,
        134.8,
        145.63333333333333,
        134.04,
        140.96666666666667,
        132.86666666666667,
        138.99333333333334
    ],
    "best fitness history": [
        10,
        10,
        10,
        10,
        55,
        50,
        55,
        63,
        76,
        122,
        81,
        10,
        255,
        261,
        229,
        238,
        307,
        340,
        170,
        176,
        277,
        266,
        308,
        307,
        289,
        310,
        345,
        307,
        290,
        291,
        304,
        290,
        292,
        336,
        305,
        318,
        323,
        282,
        317,
        289,
        288,
        283,
        308,
        272,
        309,
        372,
        281,
        293,
        290,
        310,
        308,
        499,
        499,
        299,
        329,
        318,
        272,
        278,
        313,
        289,
        294,
        308,
        287,
        294,
        334,
        309,
        294,
        292,
        310,
        314,
        302,
        291,
        293,
        305,
        304,
        286,
        302,
        308,
        283,
        289,
        315,
        347,
        339,
        323,
        326,
        304,
        313,
        340,
        288,
        309,
        304,
        316,
        280,
        330,
        447,
        348,
        286,
        326,
        365,
        347,
        323,
        306,
        298,
        292,
        308,
        285,
        303,
        326,
        297,
        303,
        296,
        304,
        319,
        315,
        290,
        288,
        276,
        312,
        415,
        277,
        308,
        335,
        313,
        289,
        311,
        300,
        315,
        299,
        335,
        312,
        302,
        337,
        327,
        288,
        339,
        283,
        273,
        284,
        282,
        293,
        279,
        292,
        307,
        288,
        344,
        284,
        332,
        288,
        323,
        285,
        318,
        305,
        381,
        353,
        299,
        296,
        281,
        294,
        294,
        284,
        311,
        296,
        317,
        289,
        323,
        318,
        307,
        288,
        342,
        315,
        342,
        348,
        281,
        297,
        321,
        350,
        283,
        347,
        299,
        307,
        299,
        315,
        293,
        315,
        304,
        298,
        324,
        324,
        340,
        296,
        331,
        296,
        309,
        298,
        282,
        377,
        304,
        264,
        323,
        318
    ],