{
    "time": "2022-09-11-19-23-41",
    "generations": 200,
    "fitness history": [
        8.26,
        8.573333333333334,
        8.28,
        9.733333333333333,
        73.1,
        43.28,
        17.793333333333333,
        35.07333333333333,
        76.14,
        15.033333333333333,
        181.90666666666667,
        120.9,
        189.26666666666668,
        59.0,
        146.82666666666665,
        55.62,
        133.62666666666667,
        130.2,
        144.13333333333333,
        190.37333333333333,
        174.97333333333333,
        159.94666666666666,
        172.24666666666667,
        185.88666666666666,
        225.98,
        246.22666666666666,
        260.55333333333334,
        251.58666666666667,
        240.32,
        290.37333333333333,
        304.55333333333334,
        287.43333333333334,
        269.4,
        268.53333333333336,
        266.2266666666667,
        262.44666666666666,
        261.47333333333336,
        260.6933333333333,
        260.3466666666667,
        259.46666666666664,
        257.29333333333335,
        257.43333333333334,
        252.84,
        251.52,
        251.0,
        250.78,
        318.4533333333333,
        268.79333333333335,
        276.02666666666664,
        271.34,
        271.7133333333333,
        268.56,
        271.52,
        269.97333333333336,
        264.8933333333333,
        269.02,
        268.46666666666664,
        264.98,
        267.3,
        267.3,
        265.5133333333333,
        267.2133333333333,
        264.8466666666667,
        265.17333333333335,
        262.7866666666667,
        263.25333333333333,
        265.41333333333336,
        265.4066666666667,
        264.05333333333334,
        264.99333333333334,
        264.46,
        264.23333333333335,
        262.92,
        265.04,
        264.97333333333336,
        264.44666666666666,
        265.22,
        265.43333333333334,
        264.03333333333336,
        264.14666666666665,
        264.3933333333333,
        265.29333333333335,
        265.2866666666667,
        265.03333333333336,
        262.0933333333333,
        264.34,
        263.91333333333336,
        262.84,
        265.0,
        264.4533333333333,
        265.14666666666665,
        263.99333333333334,
        264.6,
        264.96666666666664,
        264.02666666666664,
        264.92,
        263.3933333333333,
        263.44,
        265.26666666666665,
        264.74666666666667,
        265.14,
        264.44666666666666,
        264.47333333333336,
        263.48,
        264.56666666666666,
        265.5466666666667,
        264.1333333333333,
        265.14666666666665,
        265.50666666666666,
        263.54,
        265.3466666666667,
        264.5133333333333,
        263.94666666666666,
        265.2866666666667,
        264.14666666666665,
        265.25333333333333,
        263.35333333333335,
        264.62666666666667,
        265.53333333333336,
        264.42,
        265.3066666666667,
        262.1066666666667,
        263.08,
        261.8933333333333,
        262.12666666666667,
        261.84,
        262.12666666666667,
        261.7866666666667,
        261.91333333333336,
        262.0133333333333,
        262.22,
        260.52666666666664,
        257.68666666666667,
        258.91333333333336,
        257.86,
        258.74666666666667,
        257.9,
        258.92,
        257.67333333333335,
        258.82666666666665,
        257.8066666666667,
        257.38,
        257.74,
        258.88666666666666,
        259.02,
        257.5733333333333,
        258.00666666666666,
        259.0933333333333,
        259.1533333333333,
        258.76666666666665,
        258.55333333333334,
        258.7,
        257.79333333333335,
        259.52666666666664,
        259.32,
        260.14666666666665,
        259.73333333333335,
        260.2266666666667,
        257.26666666666665,
        258.2733333333333,
        258.73333333333335,
        258.8333333333333,
        258.7266666666667,
        258.5466666666667,
        258.6533333333333,
        258.6533333333333,
        258.7866666666667,
        258.74666666666667,
        258.76,
        258.7,
        258.74666666666667,
        258.8666666666667,
        258.44,
        257.62666666666667,
        257.75333333333333,
        258.2,
        258.75333333333333,
        258.9066666666667,
        259.00666666666666,
        257.36,
        258.62,
        258.66,
        257.8066666666667,
        258.52666666666664,
        257.28,
        257.5733333333333,
        258.2133333333333,
        258.62666666666667,
        258.54,
        258.7266666666667,
        258.8933333333333,
        258.5,
        258.4866666666667,
        256.14666666666665,
        262.7,
        257.48,
        259.17333333333335,
        259.4066666666667,
        259.64666666666665,
        258.1066666666667
    ],
    "best fitness history": [
        10,
        33,
        10,
        48,
        284,
        257,
        499,
        499,
        499,
        499,
        499,
        499,
        499,
        499,
        499,
        499,
        499,
        499,
        499,
        499,
        499,
        499,
        499,
        499,
        499,
        499,
        499,
        499,
        499,
        499,
        499,
        499,
        499,
        499,
        499,
        499,
        499,
        499,
        499,
        499,
        499,
        499,
        499,
        499,
        499,
        499,
        499,
        499,
        499,
        499,
        499,
        499,
        499,
        499,
        499,
        499,
        499,
        499,
        499,
        499,
        499,
        499,
        499,
        499,
        499,
        499,
        499,
        499,
        499,
        499,
        499,
        499,
        499,
        499,
        499,
        499,
        499,
        499,
        499,
        499,
        499,
        499,
        499,
        499,
        499,
        499,
        499,
        499,
        499,
        499,
        499,
        499,
        499,
        499,
        499,
        499,
        499,
        499,
        499,
        499,
        499,
        499,
        499,
        499,
        499,
        499,
        499,
        499,
        499,
        499,
        499,
        499,
        499,
        499,
        499,
        499,
        499,
        499,
        499,
        499,
        499,
        499,
        499,
        499,
        499,
        499,
        499,
        499,
        499,
        499,
        499,
        499,
        499,
        499,
        499,
        499,
        499,
        499,
        499,
        499,
        499,
        499,
        499,
        499,
        499,
        499,
        499,
        499,
        499,
        499,
        499,
        499,
        499,
        499,
        499,
        499,
        499,
        499,
        499,
        499,
        499,
        499,
        499,
        499,
        499,
        499,
        499,
        499,
        499,
        499,
        499,
        499,
        499,
        499,
        499,
        499,
        499,
        499,
        499,
        499,
        499,
        499,
        499,
        499,
        499,
        499,
        499,
        499,
        499,
        499,
        499,
        499,
        499,
        499,
        499,
        499,
        499,
        499,
        499,
        499
    ],