{
    "time": "2022-09-14-10-35-38",
    "generations": 200,
    "fitness history": [
        8.306666666666667,
        8.466666666666667,
        10.18,
        26.273333333333333,
        30.38,
        28.053333333333335,
        13.893333333333333,
        9.766666666666667,
        8.373333333333333,
        8.213333333333333,
        8.393333333333333,
        15.353333333333333,
        15.646666666666667,
        13.533333333333333,
        16.553333333333335,
        14.48,
        13.553333333333333,
        13.58,
        15.933333333333334,
        16.273333333333333,
        20.486666666666668,
        22.433333333333334,
        24.033333333333335,
        22.14,
        25.46,
        23.02,
        23.68,
        24.046666666666667,
        23.926666666666666,
        22.94,
        25.266666666666666,
        25.1,
        25.58,
        27.106666666666666,
        27.433333333333334,
        29.173333333333332,
        33.26,
        28.973333333333333,
        29.433333333333334,
        27.986666666666668,
        30.02,
        34.666666666666664,
        39.53333333333333,
        33.306666666666665,
        35.586666666666666,
        30.906666666666666,
        35.5,
        35.03333333333333,
        34.00666666666667,
        32.76,
        26.906666666666666,
        29.386666666666667,
        29.813333333333333,
        27.9,
        26.206666666666667,
        34.4,
        36.513333333333335,
        49.766666666666666,
        64.61333333333333,
        95.23333333333333,
        124.16,
        143.06,
        176.38,
        180.37333333333333,
        195.21333333333334,
        198.47333333333333,
        215.3,
        193.00666666666666,
        185.99333333333334,
        202.23333333333332,
        208.49333333333334,
        217.76,
        212.93333333333334,
        207.72666666666666,
        204.68666666666667,
        202.45333333333335,
        209.24,
        220.64666666666668,
        213.44,
        240.24,
        251.86666666666667,
        229.10666666666665,
        233.13333333333333,
        244.23333333333332,
        264.2866666666667,
        234.48666666666668,
        252.47333333333333,
        241.13333333333333,
        232.3,
        235.50666666666666,
        250.32666666666665,
        251.26666666666668,
        273.38666666666666,
        247.96,
        257.56,
        273.84,
        235.36,
        224.48,
        222.12666666666667,
        233.54,
        224.48666666666668,
        250.73333333333332,
        260.94,
        274.3933333333333,
        246.68666666666667,
        243.62,
        258.76666666666665,
        259.44,
        253.84666666666666,
        271.94,
        246.71333333333334,
        269.79333333333335,
        256.06,
        298.20666666666665,
        266.4,
        254.70666666666668,
        309.6,
        266.36,
        258.6066666666667,
        258.48,
        249.07333333333332,
        303.9866666666667,
        282.54,
        265.3066666666667,
        262.9866666666667,
        253.34666666666666,
        261.36,
        262.1666666666667,
        248.46666666666667,
        301.32666666666665,
        278.26,
        261.32666666666665,
        265.85333333333335,
        261.49333333333334,
        262.85333333333335,
        263.79333333333335,
        260.46,
        264.75333333333333,
        257.1,
        256.37333333333333,
        259.18666666666667,
        255.14,
        251.76,
        259.8,
        258.9,
        257.05333333333334,
        253.72,
        264.94,
        258.9533333333333,
        253.06666666666666,
        254.47333333333333,
        257.00666666666666,
        257.08,
        263.44666666666666,
        259.8666666666667,
        250.81333333333333,
        253.87333333333333,
        254.27333333333334,
        252.6,
        261.4066666666667,
        255.11333333333334,
        256.02666666666664,
        257.50666666666666,
        250.75333333333333,
        258.8666666666667,
        247.42666666666668,
        313.9066666666667,
        285.4866666666667,
        276.23333333333335,
        270.8466666666667,
        272.6,
        274.18666666666667,
        271.62,
        279.26666666666665,
        278.58,
        274.4266666666667,
        274.26666666666665,
        278.12666666666667,
        269.58,
        277.2266666666667,
        275.35333333333335,
        275.3,
        280.82,
        270.9,
        275.4,
        276.7266666666667,
        273.93333333333334,
        273.5,
        277.08,
        278.48,
        278.6,
        277.02,
        282.18666666666667,
        282.42,
        286.92,
        282.0933333333333,
        280.62,
        284.54,
        286.7866666666667,
        287.94
    ],
    "best fitness history": [
        10,
        22,
        56,
        104,
        107,
        92,
        82,
        63,
        10,
        10,
        24,
        62,
        49,
        58,
        73,
        106,
        60,
        61,
        59,
        55,
        62,
        61,
        71,
        58,
        65,
        59,
        71,
        72,
        61,
        61,
        113,
        76,
        136,
        209,
        116,
        235,
        428,
        401,
        252,
        256,
        145,
        429,
        499,
        425,
        442,
        87,
        499,
        410,
        334,
        115,
        59,
        62,
        66,
        65,
        66,
        271,
        350,
        405,
        499,
        499,
        499,
        499,
        499,
        499,
        499,
        499,
        499,
        499,
        499,
        499,
        499,
        499,
        499,
        499,
        499,
        499,
        499,
        499,
        499,
        499,
        499,
        499,
        499,
        499,
        499,
        499,
        499,
        499,
        499,
        499,
        499,
        499,
        499,
        499,
        499,
        499,
        499,
        499,
        499,
        499,
        499,
        499,
        499,
        499,
        499,
        499,
        499,
        499,
        499,
        499,
        499,
        499,
        499,
        499,
        499,
        499,
        499,
        499,
        499,
        499,
        499,
        499,
        499,
        499,
        499,
        499,
        499,
        499,
        499,
        499,
        499,
        499,
        499,
        499,
        499,
        499,
        499,
        499,
        499,
        499,
        499,
        499,
        499,
        499,
        499,
        499,
        499,
        499,
        499,
        499,
        499,
        499,
        499,
        499,
        499,
        499,
        499,
        499,
        499,
        499,
        499,
        499,
        499,
        499,
        499,
        499,
        499,
        499,
        499,
        499,
        499,
        499,
        499,
        499,
        499,
        499,
        499,
        499,
        499,
        499,
        499,
        499,
        499,
        499,
        499,
        499,
        499,
        499,
        499,
        499,
        499,
        499,
        499,
        499,
        499,
        499,
        499,
        499,
        499,
        499
    ],