{
    "time": "2022-09-10-02-14-59",
    "generations": 200,
    "fitness history": [
        8.246666666666666,
        8.44,
        8.293333333333333,
        8.36,
        8.36,
        8.38,
        8.326666666666666,
        8.44,
        9.493333333333334,
        8.266666666666667,
        8.34,
        8.306666666666667,
        83.07333333333334,
        194.72666666666666,
        8.246666666666666,
        8.26,
        201.75333333333333,
        8.273333333333333,
        201.94,
        9.266666666666667,
        8.286666666666667,
        8.233333333333333,
        8.213333333333333,
        8.206666666666667,
        193.73333333333332,
        8.38,
        195.40666666666667,
        195.02666666666667,
        8.293333333333333,
        200.72,
        195.54,
        197.1,
        8.173333333333334,
        196.85333333333332,
        8.266666666666667,
        197.98666666666668,
        200.55333333333334,
        197.97333333333333,
        8.166666666666666,
        8.48,
        196.28666666666666,
        196.62,
        177.48666666666668,
        196.70666666666668,
        10.346666666666666,
        8.253333333333334,
        8.26,
        210.69333333333333,
        106.56666666666666,
        198.17333333333335,
        175.44,
        41.52,
        41.8,
        17.64666666666667,
        7.886666666666667,
        8.813333333333333,
        8.053333333333333,
        39.53333333333333,
        8.28,
        499.0,
        159.66666666666666,
        499.0,
        7.8933333333333335,
        192.82,
        195.5,
        8.173333333333334,
        7.766666666666667,
        8.673333333333334,
        19.82,
        8.26,
        7.68,
        201.52666666666667,
        199.18666666666667,
        7.72,
        8.313333333333333,
        8.12,
        8.466666666666667,
        7.693333333333333,
        7.766666666666667,
        9.526666666666667,
        8.266666666666667,
        8.906666666666666,
        8.326666666666666,
        154.25333333333333,
        8.22,
        8.26,
        39.39333333333333,
        8.326666666666666,
        38.78666666666667,
        497.0933333333333,
        8.28,
        210.72,
        56.446666666666665,
        24.866666666666667,
        435.02666666666664,
        8.266666666666667,
        45.3,
        8.226666666666667,
        8.52,
        91.63333333333334,
        15.686666666666667,
        38.68,
        230.36666666666667,
        8.22,
        8.32,
        8.18,
        35.473333333333336,
        31.32,
        8.406666666666666,
        29.433333333333334,
        8.38,
        18.566666666666666,
        195.25333333333333,
        7.693333333333333,
        213.24666666666667,
        37.82666666666667,
        30.746666666666666,
        367.17333333333335,
        8.253333333333334,
        8.62,
        7.8933333333333335,
        29.5,
        490.1,
        7.713333333333333,
        8.32,
        7.66,
        7.673333333333333,
        160.59333333333333,
        8.3,
        8.266666666666667,
        499.0,
        8.206666666666667,
        8.426666666666666,
        98.68,
        8.206666666666667,
        9.0,
        499.0,
        29.586666666666666,
        8.24,
        8.606666666666667,
        36.34,
        8.673333333333334,
        392.18,
        8.373333333333333,
        7.846666666666667,
        8.093333333333334,
        8.46,
        426.0466666666667,
        8.246666666666666,
        8.46,
        26.28,
        11.706666666666667,
        8.293333333333333,
        9.533333333333333,
        8.28,
        8.24,
        38.84,
        25.673333333333332,
        15.486666666666666,
        24.80666666666667,
        20.966666666666665,
        28.113333333333333,
        36.95333333333333,
        30.92,
        27.413333333333334,
        35.82,
        59.526666666666664,
        93.58,
        84.89333333333333,
        112.64,
        111.39333333333333,
        147.36666666666667,
        162.63333333333333,
        180.88666666666666,
        191.6,
        196.71333333333334,
        198.67333333333335,
        218.78666666666666,
        219.85333333333332,
        233.52,
        232.16666666666666,
        244.34666666666666,
        243.76666666666668,
        241.38,
        246.51333333333332,
        255.02,
        248.6,
        245.42666666666668,
        250.28666666666666,
        254.07333333333332,
        250.16666666666666,
        270.48,
        251.12,
        279.3466666666667,
        256.74,
        258.35333333333335,
        262.38666666666666,
        256.81333333333333,
        254.75333333333333,
        259.0733333333333
    ],
    "best fitness history": [
        10,
        10,
        10,
        10,
        10,
        10,
        10,
        10,
        172,
        10,
        10,
        10,
        278,
        288,
        9,
        10,
        324,
        10,
        290,
        165,
        10,
        10,
        10,
        9,
        312,
        10,
        332,
        300,
        9,
        291,
        323,
        296,
        9,
        306,
        10,
        295,
        298,
        307,
        10,
        10,
        297,
        307,
        277,
        499,
        55,
        9,
        10,
        350,
        298,
        277,
        248,
        60,
        64,
        30,
        9,
        10,
        9,
        67,
        9,
        499,
        241,
        499,
        9,
        293,
        295,
        9,
        10,
        10,
        32,
        10,
        8,
        321,
        315,
        10,
        9,
        9,
        10,
        9,
        8,
        53,
        9,
        10,
        10,
        359,
        9,
        10,
        58,
        9,
        121,
        499,
        10,
        499,
        499,
        36,
        499,
        10,
        69,
        9,
        14,
        297,
        29,
        111,
        412,
        10,
        9,
        10,
        95,
        70,
        10,
        80,
        10,
        33,
        281,
        9,
        323,
        98,
        44,
        499,
        9,
        10,
        9,
        77,
        499,
        9,
        10,
        8,
        9,
        280,
        10,
        9,
        499,
        10,
        10,
        247,
        10,
        10,
        499,
        65,
        9,
        10,
        96,
        10,
        499,
        9,
        9,
        9,
        10,
        499,
        10,
        11,
        145,
        246,
        10,
        209,
        10,
        10,
        91,
        102,
        91,
        499,
        162,
        499,
        386,
        406,
        341,
        334,
        499,
        499,
        499,
        499,
        499,
        499,
        499,
        499,
        499,
        499,
        499,
        499,
        499,
        499,
        499,
        499,
        499,
        499,
        499,
        499,
        499,
        499,
        499,
        499,
        499,
        499,
        499,
        499,
        499,
        499,
        499,
        499,
        499,
        499
    ],