{
    "time": "2022-09-11-21-57-58",
    "generations": 200,
    "fitness history": [
        8.273333333333333,
        8.266666666666667,
        8.193333333333333,
        17.186666666666667,
        8.94,
        8.333333333333334,
        21.56,
        10.96,
        26.106666666666666,
        25.9,
        25.553333333333335,
        27.373333333333335,
        25.5,
        27.533333333333335,
        44.93333333333333,
        37.76,
        47.38666666666666,
        30.35333333333333,
        89.97333333333333,
        97.44666666666667,
        73.46666666666667,
        124.25333333333333,
        108.51333333333334,
        139.65333333333334,
        148.28,
        165.70666666666668,
        164.34666666666666,
        167.04,
        170.96666666666667,
        200.94666666666666,
        196.04,
        208.75333333333333,
        212.37333333333333,
        208.26666666666668,
        224.43333333333334,
        213.55333333333334,
        227.45333333333335,
        239.32,
        231.95333333333335,
        254.92666666666668,
        256.92,
        256.7266666666667,
        261.78,
        248.51333333333332,
        263.17333333333335,
        284.24666666666667,
        263.62,
        266.81333333333333,
        258.28,
        247.05333333333334,
        281.6333333333333,
        265.7733333333333,
        248.10666666666665,
        240.58666666666667,
        261.0466666666667,
        259.81333333333333,
        273.62,
        257.92,
        262.02666666666664,
        269.3933333333333,
        290.7266666666667,
        269.0933333333333,
        244.40666666666667,
        269.56,
        253.81333333333333,
        288.96666666666664,
        270.73333333333335,
        267.8066666666667,
        254.62,
        258.4066666666667,
        264.3666666666667,
        257.54,
        262.93333333333334,
        249.12666666666667,
        294.37333333333333,
        265.7733333333333,
        266.62666666666667,
        249.31333333333333,
        280.17333333333335,
        269.24,
        254.28666666666666,
        262.86,
        256.62,
        271.48,
        258.12666666666667,
        302.8333333333333,
        286.53333333333336,
        267.4866666666667,
        261.4866666666667,
        258.75333333333333,
        258.76666666666665,
        250.25333333333333,
        263.11333333333334,
        255.04,
        292.5733333333333,
        276.41333333333336,
        273.58666666666664,
        271.91333333333336,
        268.78,
        264.50666666666666,
        258.9066666666667,
        250.98666666666668,
        259.48,
        261.7733333333333,
        254.52,
        255.54,
        256.68,
        260.8066666666667,
        253.09333333333333,
        255.58,
        253.9,
        251.03333333333333,
        249.7,
        248.56,
        303.7733333333333,
        293.3333333333333,
        287.26,
        280.36,
        286.61333333333334,
        288.5733333333333,
        272.9866666666667,
        290.32666666666665,
        294.1,
        282.68,
        288.41333333333336,
        290.97333333333336,
        281.3333333333333,
        275.06,
        281.5933333333333,
        271.74,
        277.96666666666664,
        278.79333333333335,
        274.73333333333335,
        280.02,
        275.82666666666665,
        273.7133333333333,
        275.52666666666664,
        277.78,
        274.3666666666667,
        272.8333333333333,
        275.35333333333335,
        273.8666666666667,
        273.68,
        270.98,
        271.48,
        266.1933333333333,
        275.55333333333334,
        271.32666666666665,
        267.3466666666667,
        276.48,
        274.3933333333333,
        266.0133333333333,
        266.82666666666665,
        269.3333333333333,
        281.11333333333334,
        273.78,
        271.42,
        273.17333333333335,
        271.0733333333333,
        270.41333333333336,
        274.3933333333333,
        275.32666666666665,
        278.47333333333336,
        272.38666666666666,
        269.46,
        269.23333333333335,
        266.92,
        266.97333333333336,
        263.28,
        268.16,
        264.14,
        268.75333333333333,
        268.5933333333333,
        259.5733333333333,
        264.55333333333334,
        260.3666666666667,
        266.0466666666667,
        269.3066666666667,
        263.52,
        260.1,
        260.41333333333336,
        255.54,
        254.36,
        259.0933333333333,
        256.37333333333333,
        263.6,
        260.03333333333336,
        260.14,
        253.06,
        254.3,
        258.34,
        259.4533333333333,
        257.46,
        252.70666666666668,
        253.13333333333333,
        261.2133333333333,
        251.39333333333335,
        255.2,
        253.77333333333334,
        257.03333333333336
    ],
    "best fitness history": [
        10,
        10,
        10,
        227,
        51,
        10,
        113,
        280,
        173,
        223,
        220,
        227,
        166,
        175,
        499,
        331,
        486,
        358,
        499,
        499,
        499,
        499,
        499,
        499,
        499,
        499,
        499,
        499,
        499,
        499,
        499,
        499,
        499,
        499,
        499,
        499,
        499,
        499,
        499,
        499,
        499,
        499,
        499,
        499,
        499,
        499,
        499,
        499,
        499,
        499,
        499,
        499,
        499,
        499,
        499,
        499,
        499,
        499,
        499,
        499,
        499,
        499,
        499,
        499,
        499,
        499,
        499,
        499,
        499,
        499,
        499,
        499,
        499,
        499,
        499,
        499,
        499,
        499,
        499,
        499,
        499,
        499,
        499,
        499,
        499,
        499,
        499,
        499,
        499,
        499,
        499,
        499,
        499,
        499,
        499,
        499,
        499,
        499,
        499,
        499,
        499,
        499,
        499,
        499,
        499,
        499,
        499,
        499,
        499,
        499,
        499,
        499,
        499,
        499,
        499,
        499,
        499,
        499,
        499,
        499,
        499,
        499,
        499,
        499,
        499,
        499,
        499,
        499,
        499,
        499,
        499,
        499,
        499,
        499,
        499,
        499,
        499,
        499,
        499,
        499,
        499,
        499,
        499,
        499,
        499,
        499,
        499,
        499,
        499,
        499,
        499,
        499,
        499,
        499,
        499,
        499,
        499,
        499,
        499,
        499,
        499,
        499,
        499,
        499,
        499,
        499,
        499,
        499,
        499,
        499,
        499,
        499,
        499,
        499,
        499,
        499,
        499,
        499,
        499,
        499,
        499,
        499,
        499,
        499,
        499,
        499,
        499,
        499,
        499,
        499,
        499,
        499,
        499,
        499,
        499,
        499,
        499,
        499,
        499,
        499
    ],