{
    "time": "2022-09-10-05-18-18",
    "generations": 200,
    "fitness history": [
        8.446666666666667,
        8.353333333333333,
        8.433333333333334,
        8.34,
        8.24,
        8.433333333333334,
        8.36,
        8.413333333333334,
        8.38,
        8.433333333333334,
        8.42,
        8.333333333333334,
        8.233333333333333,
        8.333333333333334,
        8.306666666666667,
        8.193333333333333,
        8.346666666666666,
        8.366666666666667,
        8.306666666666667,
        8.34,
        8.34,
        8.393333333333333,
        8.313333333333333,
        8.393333333333333,
        8.42,
        8.373333333333333,
        8.44,
        8.4,
        9.273333333333333,
        8.133333333333333,
        8.326666666666666,
        11.593333333333334,
        8.066666666666666,
        20.88,
        41.70666666666666,
        43.333333333333336,
        41.093333333333334,
        7.806666666666667,
        7.68,
        42.04,
        7.6866666666666665,
        7.733333333333333,
        8.353333333333333,
        7.733333333333333,
        8.44,
        8.406666666666666,
        40.36,
        7.766666666666667,
        7.6866666666666665,
        42.14666666666667,
        8.373333333333333,
        7.773333333333333,
        7.78,
        7.9,
        8.36,
        8.46,
        8.413333333333334,
        8.393333333333333,
        9.466666666666667,
        8.326666666666666,
        8.326666666666666,
        8.38,
        8.6,
        8.973333333333333,
        9.066666666666666,
        9.393333333333333,
        10.18,
        12.306666666666667,
        12.34,
        14.9,
        15.426666666666666,
        18.886666666666667,
        18.866666666666667,
        22.733333333333334,
        25.66,
        27.013333333333332,
        28.326666666666668,
        30.553333333333335,
        28.08,
        28.366666666666667,
        29.513333333333332,
        29.093333333333334,
        28.846666666666668,
        31.133333333333333,
        27.886666666666667,
        30.926666666666666,
        31.266666666666666,
        29.36,
        28.18,
        25.84,
        27.88,
        28.706666666666667,
        27.686666666666667,
        30.34,
        28.666666666666668,
        28.133333333333333,
        30.54,
        30.82,
        31.6,
        31.126666666666665,
        30.66,
        32.38666666666666,
        32.513333333333335,
        32.806666666666665,
        32.42,
        33.62,
        32.513333333333335,
        31.933333333333334,
        30.666666666666668,
        29.786666666666665,
        29.56,
        28.906666666666666,
        28.273333333333333,
        28.073333333333334,
        28.42,
        28.013333333333332,
        29.673333333333332,
        31.026666666666667,
        29.426666666666666,
        27.66,
        28.68,
        29.98,
        29.973333333333333,
        31.433333333333334,
        30.69333333333333,
        32.12,
        34.7,
        33.846666666666664,
        34.38666666666666,
        36.50666666666667,
        35.06666666666667,
        32.2,
        30.52,
        29.52,
        30.74,
        31.84,
        31.273333333333333,
        32.18,
        31.846666666666668,
        33.446666666666665,
        36.593333333333334,
        33.17333333333333,
        33.766666666666666,
        33.68,
        34.64,
        36.153333333333336,
        35.56666666666667,
        36.093333333333334,
        33.473333333333336,
        36.57333333333333,
        37.373333333333335,
        35.04666666666667,
        34.44,
        34.39333333333333,
        36.72666666666667,
        36.76,
        36.373333333333335,
        34.126666666666665,
        34.79333333333334,
        36.873333333333335,
        34.86666666666667,
        37.3,
        32.27333333333333,
        34.96,
        37.4,
        34.67333333333333,
        34.38666666666666,
        36.026666666666664,
        31.373333333333335,
        32.653333333333336,
        32.8,
        33.013333333333335,
        36.11333333333334,
        33.82666666666667,
        32.48,
        35.12,
        34.266666666666666,
        34.82666666666667,
        35.873333333333335,
        36.16,
        35.98,
        35.18666666666667,
        35.31333333333333,
        36.36,
        34.626666666666665,
        37.14,
        33.96666666666667,
        32.513333333333335,
        34.693333333333335,
        35.66,
        36.086666666666666,
        34.906666666666666,
        35.34,
        35.44,
        36.026666666666664,
        34.693333333333335,
        35.9,
        34.46666666666667,
        34.31333333333333,
        33.3
    ],
    "best fitness history": [
        10,
        10,
        10,
        10,
        10,
        10,
        10,
        10,
        10,
        10,
        10,
        10,
        10,
        10,
        10,
        10,
        10,
        10,
        10,
        10,
        10,
        10,
        10,
        10,
        10,
        10,
        34,
        10,
        39,
        10,
        10,
        55,
        10,
        62,
        63,
        499,
        62,
        10,
        8,
        63,
        8,
        10,
        10,
        10,
        10,
        10,
        61,
        9,
        10,
        63,
        10,
        10,
        10,
        10,
        10,
        10,
        10,
        10,
        52,
        10,
        10,
        10,
        38,
        43,
        57,
        46,
        50,
        59,
        52,
        58,
        66,
        56,
        62,
        62,
        64,
        62,
        60,
        65,
        64,
        64,
        71,
        56,
        65,
        67,
        63,
        65,
        61,
        57,
        63,
        66,
        73,
        61,
        67,
        61,
        66,
        71,
        64,
        60,
        62,
        63,
        67,
        59,
        61,
        67,
        67,
        63,
        61,
        63,
        67,
        67,
        67,
        60,
        60,
        67,
        60,
        65,
        64,
        63,
        62,
        61,
        65,
        66,
        66,
        63,
        70,
        61,
        57,
        64,
        58,
        61,
        65,
        57,
        63,
        62,
        66,
        63,
        69,
        67,
        58,
        65,
        65,
        64,
        62,
        62,
        61,
        70,
        67,
        63,
        62,
        64,
        61,
        67,
        60,
        60,
        66,
        63,
        61,
        67,
        66,
        67,
        67,
        65,
        61,
        62,
        67,
        64,
        62,
        63,
        66,
        66,
        61,
        61,
        63,
        58,
        64,
        65,
        66,
        62,
        61,
        63,
        63,
        66,
        61,
        70,
        65,
        67,
        67,
        71,
        61,
        67,
        65,
        71,
        65,
        67,
        64,
        67,
        67,
        61,
        61,
        66
    ],