{
    "time": "2022-09-10-07-50-37",
    "generations": 200,
    "fitness history": [
        8.313333333333333,
        8.32,
        8.3,
        8.393333333333333,
        8.433333333333334,
        8.273333333333333,
        8.253333333333334,
        8.366666666666667,
        8.32,
        8.366666666666667,
        8.306666666666667,
        8.34,
        8.393333333333333,
        8.366666666666667,
        8.72,
        8.313333333333333,
        9.946666666666667,
        22.38,
        21.35333333333333,
        21.58,
        28.846666666666668,
        24.113333333333333,
        28.56,
        25.82,
        25.286666666666665,
        23.72,
        25.58,
        24.68,
        25.6,
        29.706666666666667,
        26.246666666666666,
        25.893333333333334,
        30.426666666666666,
        29.433333333333334,
        30.846666666666668,
        33.11333333333334,
        27.393333333333334,
        28.553333333333335,
        30.006666666666668,
        28.88,
        33.28,
        30.16,
        28.30666666666667,
        32.266666666666666,
        29.64666666666667,
        30.32,
        29.98,
        31.06,
        31.14,
        34.5,
        26.98,
        31.9,
        29.0,
        30.706666666666667,
        31.66,
        32.22,
        29.58,
        31.98,
        27.6,
        28.593333333333334,
        28.013333333333332,
        30.886666666666667,
        27.42,
        30.113333333333333,
        30.673333333333332,
        28.233333333333334,
        29.486666666666668,
        31.033333333333335,
        31.653333333333332,
        27.626666666666665,
        31.3,
        28.98,
        26.986666666666668,
        30.42,
        28.666666666666668,
        29.486666666666668,
        29.866666666666667,
        28.92,
        25.286666666666665,
        28.3,
        28.366666666666667,
        31.4,
        32.58,
        32.00666666666667,
        28.533333333333335,
        29.12,
        31.566666666666666,
        31.273333333333333,
        28.033333333333335,
        31.06,
        28.3,
        29.173333333333332,
        29.62,
        29.46,
        30.233333333333334,
        31.666666666666668,
        30.053333333333335,
        31.0,
        31.113333333333333,
        29.106666666666666,
        30.9,
        26.566666666666666,
        29.0,
        26.413333333333334,
        31.7,
        29.826666666666668,
        29.493333333333332,
        27.453333333333333,
        30.5,
        31.953333333333333,
        29.073333333333334,
        27.68,
        30.166666666666668,
        30.413333333333334,
        30.453333333333333,
        31.94,
        30.773333333333333,
        27.366666666666667,
        31.086666666666666,
        29.473333333333333,
        30.453333333333333,
        30.946666666666665,
        30.88,
        30.613333333333333,
        30.866666666666667,
        29.85333333333333,
        30.213333333333335,
        33.126666666666665,
        30.846666666666668,
        30.16,
        33.03333333333333,
        30.993333333333332,
        31.253333333333334,
        31.3,
        30.206666666666667,
        29.69333333333333,
        26.7,
        32.18666666666667,
        27.346666666666668,
        32.13333333333333,
        28.526666666666667,
        28.066666666666666,
        31.773333333333333,
        30.56,
        33.806666666666665,
        29.74,
        29.653333333333332,
        28.626666666666665,
        30.96,
        30.94,
        34.333333333333336,
        29.76,
        28.366666666666667,
        31.493333333333332,
        29.68,
        29.073333333333334,
        29.54,
        29.14,
        29.26,
        28.513333333333332,
        30.006666666666668,
        29.26,
        29.38,
        28.133333333333333,
        29.28,
        29.993333333333332,
        27.893333333333334,
        30.793333333333333,
        29.06,
        29.22,
        29.08,
        29.166666666666668,
        27.34,
        30.673333333333332,
        30.386666666666667,
        30.886666666666667,
        30.333333333333332,
        23.893333333333334,
        29.713333333333335,
        32.46,
        31.106666666666666,
        29.44,
        29.96,
        27.766666666666666,
        31.06,
        29.68,
        28.6,
        28.766666666666666,
        27.7,
        32.56,
        27.733333333333334,
        28.166666666666668,
        30.026666666666667,
        30.0,
        28.0,
        31.326666666666668,
        30.02,
        28.8,
        29.926666666666666,
        30.526666666666667
    ],
    "best fitness history": [
        10,
        10,
        10,
        10,
        10,
        10,
        9,
        10,
        10,
        10,
        10,
        10,
        10,
        10,
        56,
        10,
        51,
        115,
        99,
        84,
        140,
        89,
        136,
        103,
        132,
        75,
        113,
        104,
        111,
        121,
        159,
        91,
        180,
        92,
        132,
        160,
        96,
        79,
        97,
        120,
        142,
        133,
        78,
        84,
        102,
        141,
        101,
        85,
        72,
        115,
        78,
        125,
        96,
        72,
        99,
        84,
        151,
        144,
        161,
        119,
        146,
        166,
        105,
        144,
        134,
        129,
        141,
        101,
        93,
        108,
        101,
        101,
        100,
        183,
        126,
        98,
        187,
        132,
        115,
        102,
        117,
        105,
        110,
        102,
        98,
        114,
        132,
        128,
        73,
        77,
        107,
        78,
        130,
        120,
        105,
        128,
        107,
        137,
        122,
        164,
        116,
        81,
        126,
        93,
        108,
        150,
        121,
        104,
        106,
        108,
        90,
        106,
        131,
        132,
        86,
        167,
        105,
        91,
        108,
        104,
        101,
        122,
        175,
        104,
        161,
        112,
        99,
        126,
        118,
        129,
        116,
        114,
        112,
        119,
        79,
        145,
        97,
        138,
        105,
        152,
        118,
        98,
        135,
        90,
        125,
        120,
        108,
        109,
        106,
        143,
        140,
        126,
        85,
        82,
        127,
        133,
        93,
        95,
        106,
        86,
        83,
        89,
        92,
        82,
        80,
        104,
        87,
        108,
        82,
        111,
        104,
        101,
        91,
        99,
        194,
        84,
        128,
        91,
        99,
        170,
        92,
        128,
        82,
        97,
        131,
        111,
        110,
        113,
        104,
        82,
        121,
        138,
        128,
        154,
        78,
        142,
        80,
        125,
        94,
        83
    ],