{
    "time": "2022-09-10-04-40-05",
    "generations": 200,
    "fitness history": [
        8.346666666666666,
        8.453333333333333,
        8.366666666666667,
        8.393333333333333,
        8.333333333333334,
        8.266666666666667,
        9.346666666666666,
        14.953333333333333,
        8.3,
        69.10666666666667,
        33.593333333333334,
        11.266666666666667,
        25.166666666666668,
        94.0,
        34.053333333333335,
        109.73333333333333,
        82.25333333333333,
        124.58,
        91.76,
        44.36666666666667,
        59.22666666666667,
        100.38666666666667,
        109.1,
        110.64666666666666,
        105.28666666666666,
        117.02666666666667,
        120.73333333333333,
        136.48,
        123.52,
        137.84666666666666,
        133.47333333333333,
        115.88,
        130.3,
        121.71333333333334,
        139.42666666666668,
        119.75333333333333,
        117.04,
        133.84666666666666,
        134.64666666666668,
        137.08,
        135.93333333333334,
        136.12,
        126.60666666666667,
        133.76666666666668,
        136.3,
        132.7,
        130.58666666666667,
        132.51333333333332,
        133.68,
        132.49333333333334,
        135.48666666666668,
        134.26,
        124.24,
        136.16,
        136.12666666666667,
        132.08666666666667,
        128.07333333333332,
        132.55333333333334,
        136.16666666666666,
        133.29333333333332,
        129.12666666666667,
        133.36,
        142.52,
        130.99333333333334,
        134.65333333333334,
        144.91333333333333,
        137.89333333333335,
        127.1,
        137.3,
        146.94,
        136.82,
        133.06,
        135.84666666666666,
        137.82,
        134.58,
        129.12666666666667,
        130.1,
        126.12666666666667,
        140.68,
        140.08666666666667,
        132.25333333333333,
        139.02,
        137.11333333333334,
        125.72666666666667,
        141.3,
        139.4,
        136.10666666666665,
        135.8,
        133.24,
        133.09333333333333,
        134.50666666666666,
        142.29333333333332,
        134.8,
        130.69333333333333,
        140.29333333333332,
        137.87333333333333,
        136.62666666666667,
        133.16,
        146.35333333333332,
        135.96666666666667,
        141.11333333333334,
        147.78666666666666,
        145.86,
        139.94666666666666,
        139.94,
        142.44666666666666,
        142.16666666666666,
        132.06,
        136.98,
        137.11333333333334,
        135.74,
        140.73333333333332,
        139.16666666666666,
        138.8,
        138.54666666666665,
        141.82,
        136.82,
        139.01333333333332,
        141.74,
        130.06666666666666,
        144.82666666666665,
        139.8,
        139.84666666666666,
        129.6,
        134.7,
        134.22,
        131.79333333333332,
        132.34,
        136.06,
        141.58666666666667,
        135.46666666666667,
        130.7,
        133.72,
        126.05333333333333,
        134.08,
        129.65333333333334,
        135.16666666666666,
        142.65333333333334,
        138.66666666666666,
        132.53333333333333,
        138.59333333333333,
        133.07333333333332,
        131.82666666666665,
        134.38666666666666,
        147.41333333333333,
        145.54,
        136.44666666666666,
        134.72666666666666,
        140.31333333333333,
        139.05333333333334,
        133.96,
        134.09333333333333,
        139.24,
        137.18,
        140.52666666666667,
        144.31333333333333,
        132.04666666666665,
        139.14,
        136.48,
        141.53333333333333,
        135.84,
        144.31333333333333,
        143.92,
        140.96666666666667,
        146.42,
        138.32,
        132.26,
        129.69333333333333,
        143.05333333333334,
        146.41333333333333,
        139.9,
        134.84,
        138.94,
        157.38666666666666,
        144.04,
        143.02666666666667,
        136.52,
        138.16666666666666,
        138.52666666666667,
        148.88666666666666,
        134.77333333333334,
        135.59333333333333,
        129.53333333333333,
        144.64,
        128.38666666666666,
        138.86666666666667,
        140.13333333333333,
        139.03333333333333,
        133.01333333333332,
        138.21333333333334,
        140.3,
        136.55333333333334,
        131.68666666666667,
        134.25333333333333,
        136.75333333333333,
        136.02,
        136.43333333333334,
        125.64,
        141.14666666666668,
        137.36
    ],
    "best fitness history": [
        10,
        10,
        10,
        10,
        10,
        10,
        152,
        260,
        10,
        308,
        248,
        69,
        243,
        290,
        276,
        286,
        308,
        286,
        315,
        268,
        321,
        314,
        282,
        282,
        289,
        279,
        288,
        297,
        277,
        332,
        300,
        288,
        290,
        292,
        288,
        290,
        294,
        296,
        294,
        317,
        287,
        308,
        318,
        365,
        301,
        296,
        375,
        295,
        281,
        309,
        282,
        289,
        294,
        303,
        285,
        324,
        314,
        282,
        287,
        274,
        279,
        298,
        311,
        277,
        333,
        307,
        286,
        281,
        308,
        331,
        309,
        293,
        293,
        325,
        277,
        291,
        285,
        309,
        340,
        298,
        305,
        292,
        305,
        286,
        286,
        286,
        301,
        318,
        283,
        305,
        306,
        347,
        284,
        295,
        294,
        295,
        274,
        309,
        289,
        324,
        308,
        298,
        305,
        285,
        297,
        296,
        315,
        337,
        295,
        312,
        303,
        275,
        288,
        304,
        326,
        296,
        309,
        293,
        350,
        288,
        307,
        285,
        319,
        282,
        301,
        336,
        273,
        289,
        332,
        276,
        343,
        285,
        287,
        349,
        274,
        272,
        278,
        286,
        295,
        296,
        271,
        305,
        277,
        293,
        290,
        291,
        292,
        300,
        312,
        285,
        300,
        296,
        297,
        272,
        306,
        287,
        268,
        324,
        323,
        284,
        319,
        281,
        324,
        300,
        305,
        324,
        294,
        293,
        288,
        317,
        296,
        291,
        302,
        295,
        318,
        294,
        269,
        275,
        286,
        299,
        337,
        281,
        288,
        293,
        317,
        308,
        300,
        332,
        303,
        308,
        331,
        339,
        293,
        292,
        296,
        297,
        293,
        280,
        320,
        286
    ],