{
    "time": "2022-09-14-09-54-19",
    "generations": 200,
    "fitness history": [
        8.306666666666667,
        8.4,
        8.373333333333333,
        8.286666666666667,
        8.48,
        20.426666666666666,
        14.193333333333333,
        30.433333333333334,
        25.486666666666668,
        20.726666666666667,
        26.906666666666666,
        29.46,
        27.986666666666668,
        26.32,
        27.826666666666668,
        29.826666666666668,
        27.54,
        27.8,
        28.633333333333333,
        28.613333333333333,
        31.733333333333334,
        31.22,
        34.526666666666664,
        30.733333333333334,
        30.52,
        29.92,
        29.073333333333334,
        30.053333333333335,
        26.9,
        29.326666666666668,
        27.153333333333332,
        30.4,
        30.093333333333334,
        29.893333333333334,
        29.973333333333333,
        28.066666666666666,
        28.066666666666666,
        29.826666666666668,
        27.386666666666667,
        28.013333333333332,
        28.726666666666667,
        32.013333333333335,
        30.926666666666666,
        29.933333333333334,
        29.553333333333335,
        27.033333333333335,
        29.2,
        26.446666666666665,
        29.506666666666668,
        28.72,
        28.9,
        28.14,
        27.32,
        28.393333333333334,
        26.8,
        29.126666666666665,
        28.293333333333333,
        29.053333333333335,
        28.106666666666666,
        33.14,
        46.333333333333336,
        35.63333333333333,
        55.626666666666665,
        53.82,
        35.88666666666666,
        51.22,
        34.473333333333336,
        47.57333333333333,
        39.60666666666667,
        34.02,
        38.973333333333336,
        57.62,
        87.39333333333333,
        84.58666666666667,
        127.00666666666666,
        111.10666666666667,
        198.95333333333335,
        195.39333333333335,
        166.02,
        187.28666666666666,
        199.66,
        205.32666666666665,
        185.95333333333335,
        230.96,
        213.8,
        218.60666666666665,
        269.97333333333336,
        242.76,
        230.65333333333334,
        235.3,
        241.46666666666667,
        246.28666666666666,
        268.2733333333333,
        253.36,
        265.3066666666667,
        307.7733333333333,
        291.88,
        283.36,
        281.0133333333333,
        276.64,
        282.8933333333333,
        272.7133333333333,
        274.81333333333333,
        260.56666666666666,
        265.26,
        262.48,
        256.3466666666667,
        253.66,
        323.54,
        271.32666666666665,
        263.23333333333335,
        259.92,
        258.41333333333336,
        260.44,
        247.24,
        299.64666666666665,
        260.44666666666666,
        260.31333333333333,
        254.82,
        246.25333333333333,
        327.8466666666667,
        299.3333333333333,
        296.26,
        290.81333333333333,
        293.24666666666667,
        294.1333333333333,
        291.2266666666667,
        291.4266666666667,
        292.32666666666665,
        284.12666666666667,
        288.52,
        283.38666666666666,
        279.8933333333333,
        281.5466666666667,
        282.4533333333333,
        280.43333333333334,
        279.1666666666667,
        279.4533333333333,
        279.78,
        274.82,
        275.70666666666665,
        275.5466666666667,
        275.96666666666664,
        275.46,
        274.18666666666667,
        278.8933333333333,
        277.74,
        277.98,
        280.0133333333333,
        280.5133333333333,
        276.94,
        279.2266666666667,
        278.87333333333333,
        279.0933333333333,
        279.82,
        279.1333333333333,
        278.7,
        283.14,
        281.7266666666667,
        283.74666666666667,
        282.61333333333334,
        280.46666666666664,
        284.8,
        285.81333333333333,
        282.0933333333333,
        282.38,
        282.3066666666667,
        277.18666666666667,
        277.7266666666667,
        278.75333333333333,
        277.43333333333334,
        278.16,
        278.46666666666664,
        275.53333333333336,
        277.5,
        277.26666666666665,
        278.2133333333333,
        275.74666666666667,
        278.16,
        276.85333333333335,
        275.9866666666667,
        275.3066666666667,
        275.31333333333333,
        275.06,
        273.64666666666665,
        271.82,
        275.1,
        274.22,
        275.24,
        272.8933333333333,
        272.1666666666667,
        273.58,
        274.4533333333333,
        274.8466666666667,
        274.26,
        274.88,
        274.50666666666666,
        275.44666666666666,
        274.88,
        274.04
    ],
    "best fitness history": [
        10,
        10,
        10,
        10,
        27,
        60,
        58,
        69,
        60,
        67,
        67,
        71,
        61,
        59,
        61,
        66,
        60,
        62,
        67,
        61,
        65,
        65,
        62,
        66,
        63,
        67,
        63,
        64,
        62,
        67,
        59,
        62,
        66,
        66,
        61,
        63,
        67,
        65,
        67,
        67,
        67,
        69,
        70,
        62,
        67,
        66,
        67,
        60,
        66,
        61,
        61,
        63,
        64,
        71,
        59,
        60,
        61,
        60,
        64,
        499,
        499,
        499,
        499,
        499,
        499,
        499,
        499,
        499,
        499,
        499,
        499,
        499,
        499,
        499,
        499,
        499,
        499,
        499,
        499,
        499,
        499,
        499,
        499,
        499,
        499,
        499,
        499,
        499,
        499,
        499,
        499,
        499,
        499,
        499,
        499,
        499,
        499,
        499,
        499,
        499,
        499,
        499,
        499,
        499,
        499,
        499,
        499,
        499,
        499,
        499,
        499,
        499,
        499,
        499,
        499,
        499,
        499,
        499,
        499,
        499,
        499,
        499,
        499,
        499,
        499,
        499,
        499,
        499,
        499,
        499,
        499,
        499,
        499,
        499,
        499,
        499,
        499,
        499,
        499,
        499,
        499,
        499,
        499,
        499,
        499,
        499,
        499,
        499,
        499,
        499,
        499,
        499,
        499,
        499,
        499,
        499,
        499,
        499,
        499,
        499,
        499,
        499,
        499,
        499,
        499,
        499,
        499,
        499,
        499,
        499,
        499,
        499,
        499,
        499,
        499,
        499,
        499,
        499,
        499,
        499,
        499,
        499,
        499,
        499,
        499,
        499,
        499,
        499,
        499,
        499,
        499,
        499,
        499,
        499,
        499,
        499,
        499,
        499,
        499,
        499
    ],