{
    "time": "2022-09-10-00-26-09",
    "generations": 200,
    "fitness history": [
        8.306666666666667,
        8.233333333333333,
        8.32,
        8.293333333333333,
        8.24,
        8.486666666666666,
        8.44,
        8.433333333333334,
        8.246666666666666,
        9.5,
        8.326666666666666,
        8.453333333333333,
        8.393333333333333,
        8.346666666666666,
        8.406666666666666,
        8.24,
        8.406666666666666,
        8.32,
        8.346666666666666,
        8.333333333333334,
        8.4,
        8.406666666666666,
        8.433333333333334,
        8.366666666666667,
        8.34,
        8.313333333333333,
        8.38,
        8.433333333333334,
        8.306666666666667,
        8.32,
        8.326666666666666,
        8.48,
        8.306666666666667,
        8.486666666666666,
        8.293333333333333,
        8.333333333333334,
        8.426666666666666,
        8.46,
        8.34,
        12.866666666666667,
        21.706666666666667,
        8.36,
        8.293333333333333,
        40.63333333333333,
        8.28,
        8.38,
        8.313333333333333,
        9.853333333333333,
        42.99333333333333,
        8.36,
        8.346666666666666,
        8.36,
        8.306666666666667,
        8.32,
        39.78666666666667,
        8.293333333333333,
        38.29333333333334,
        161.51333333333332,
        8.34,
        196.37333333333333,
        8.353333333333333,
        194.46666666666667,
        59.48,
        8.266666666666667,
        8.26,
        8.286666666666667,
        33.526666666666664,
        8.293333333333333,
        40.64,
        8.313333333333333,
        193.84666666666666,
        8.42,
        40.86666666666667,
        8.306666666666667,
        101.98666666666666,
        60.5,
        44.62,
        201.82,
        8.28,
        8.293333333333333,
        189.83333333333334,
        37.56,
        197.39333333333335,
        38.56,
        8.32,
        41.00666666666667,
        8.42,
        8.4,
        198.43333333333334,
        8.226666666666667,
        40.153333333333336,
        8.333333333333334,
        204.81333333333333,
        87.02,
        32.24666666666667,
        8.26,
        8.266666666666667,
        8.32,
        39.913333333333334,
        421.42,
        8.34,
        8.273333333333333,
        8.353333333333333,
        8.34,
        8.24,
        139.97333333333333,
        8.366666666666667,
        194.84666666666666,
        389.0466666666667,
        42.153333333333336,
        8.313333333333333,
        197.78,
        8.333333333333334,
        40.77333333333333,
        8.32,
        8.266666666666667,
        26.733333333333334,
        8.28,
        8.36,
        201.88,
        8.22,
        8.233333333333333,
        9.886666666666667,
        8.32,
        8.346666666666666,
        8.406666666666666,
        135.51333333333332,
        8.28,
        309.02666666666664,
        197.86,
        32.86,
        186.48,
        8.266666666666667,
        38.22666666666667,
        40.766666666666666,
        38.96666666666667,
        89.22,
        8.326666666666666,
        198.98,
        8.326666666666666,
        37.72666666666667,
        8.22,
        8.253333333333334,
        8.393333333333333,
        8.166666666666666,
        8.36,
        8.173333333333334,
        33.4,
        142.36,
        7.76,
        42.26,
        9.0,
        219.93333333333334,
        472.08666666666664,
        210.68,
        8.906666666666666,
        7.8,
        8.4,
        26.473333333333333,
        7.74,
        26.073333333333334,
        24.94,
        9.213333333333333,
        197.42,
        203.72666666666666,
        413.46666666666664,
        8.346666666666666,
        52.70666666666666,
        17.64666666666667,
        8.76,
        8.42,
        426.16,
        38.53333333333333,
        38.39333333333333,
        8.226666666666667,
        8.06,
        22.84,
        8.226666666666667,
        251.21333333333334,
        8.133333333333333,
        8.26,
        8.266666666666667,
        8.246666666666666,
        8.393333333333333,
        417.82,
        8.32,
        8.44,
        161.1,
        59.96,
        22.78,
        8.746666666666666,
        8.44,
        7.966666666666667,
        17.766666666666666,
        8.3,
        8.306666666666667,
        8.54,
        34.18666666666667,
        7.82,
        79.28666666666666
    ],
    "best fitness history": [
        10,
        10,
        10,
        10,
        10,
        10,
        10,
        10,
        10,
        61,
        10,
        10,
        10,
        10,
        10,
        10,
        10,
        10,
        10,
        10,
        10,
        10,
        10,
        10,
        10,
        10,
        10,
        10,
        10,
        10,
        10,
        10,
        10,
        10,
        10,
        10,
        20,
        10,
        10,
        73,
        109,
        10,
        10,
        130,
        10,
        10,
        10,
        248,
        213,
        10,
        10,
        10,
        10,
        10,
        137,
        9,
        93,
        269,
        10,
        291,
        10,
        329,
        183,
        9,
        9,
        10,
        87,
        10,
        100,
        10,
        334,
        10,
        93,
        10,
        220,
        200,
        125,
        289,
        10,
        10,
        293,
        145,
        326,
        101,
        9,
        129,
        10,
        10,
        310,
        9,
        85,
        10,
        314,
        171,
        69,
        10,
        9,
        10,
        153,
        499,
        10,
        10,
        10,
        10,
        9,
        214,
        10,
        278,
        499,
        138,
        10,
        493,
        10,
        160,
        10,
        10,
        111,
        10,
        10,
        329,
        10,
        9,
        194,
        10,
        10,
        10,
        258,
        10,
        493,
        295,
        115,
        320,
        9,
        96,
        148,
        146,
        176,
        10,
        285,
        10,
        143,
        9,
        10,
        10,
        9,
        10,
        10,
        77,
        383,
        8,
        423,
        16,
        499,
        499,
        318,
        10,
        9,
        10,
        72,
        8,
        46,
        36,
        16,
        311,
        435,
        499,
        10,
        97,
        27,
        10,
        10,
        499,
        95,
        138,
        9,
        10,
        26,
        10,
        499,
        10,
        10,
        10,
        10,
        10,
        499,
        10,
        10,
        475,
        108,
        37,
        10,
        10,
        10,
        29,
        10,
        10,
        10,
        72,
        9,
        159
    ],