{
    "time": "2022-09-10-03-53-09",
    "generations": 200,
    "fitness history": [
        8.34,
        8.373333333333333,
        8.406666666666666,
        8.326666666666666,
        8.293333333333333,
        8.326666666666666,
        8.28,
        8.34,
        8.213333333333333,
        8.32,
        8.32,
        8.34,
        8.413333333333334,
        8.466666666666667,
        8.333333333333334,
        9.413333333333334,
        8.413333333333334,
        15.433333333333334,
        8.366666666666667,
        78.74,
        8.286666666666667,
        8.22,
        174.62,
        8.266666666666667,
        8.166666666666666,
        8.18,
        8.106666666666667,
        8.22,
        8.293333333333333,
        195.39333333333335,
        8.206666666666667,
        197.01333333333332,
        8.28,
        8.193333333333333,
        190.2,
        8.16,
        8.233333333333333,
        8.3,
        8.24,
        194.43333333333334,
        8.186666666666667,
        8.3,
        198.49333333333334,
        198.78666666666666,
        8.146666666666667,
        193.19333333333333,
        8.26,
        195.38,
        8.38,
        200.34666666666666,
        196.07333333333332,
        193.8,
        8.18,
        199.33333333333334,
        196.2,
        200.12,
        8.273333333333333,
        8.246666666666666,
        8.193333333333333,
        8.226666666666667,
        193.26,
        196.82666666666665,
        8.14,
        192.72,
        8.6,
        187.33333333333334,
        8.36,
        199.26,
        8.246666666666666,
        199.62666666666667,
        8.32,
        194.76666666666668,
        197.88666666666666,
        8.353333333333333,
        8.16,
        191.8,
        8.32,
        196.22666666666666,
        204.57333333333332,
        201.4,
        8.306666666666667,
        8.373333333333333,
        8.266666666666667,
        198.5,
        173.7,
        192.61333333333334,
        201.01333333333332,
        196.68,
        192.88666666666666,
        8.233333333333333,
        201.79333333333332,
        8.266666666666667,
        8.353333333333333,
        193.41333333333333,
        196.02,
        196.36666666666667,
        8.393333333333333,
        8.233333333333333,
        8.28,
        177.88,
        8.22,
        8.346666666666666,
        8.326666666666666,
        192.96666666666667,
        8.326666666666666,
        199.50666666666666,
        8.293333333333333,
        8.4,
        192.54,
        8.306666666666667,
        8.246666666666666,
        134.53333333333333,
        8.346666666666666,
        170.23333333333332,
        192.91333333333333,
        199.54666666666665,
        201.38666666666666,
        200.23333333333332,
        200.14,
        208.08,
        8.12,
        197.18666666666667,
        192.35333333333332,
        193.96666666666667,
        200.49333333333334,
        8.18,
        8.246666666666666,
        8.22,
        195.15333333333334,
        8.213333333333333,
        99.99333333333334,
        8.22,
        168.8,
        8.686666666666667,
        192.54666666666665,
        186.8,
        8.353333333333333,
        199.32666666666665,
        8.32,
        8.213333333333333,
        8.153333333333334,
        10.506666666666666,
        133.17333333333335,
        198.97333333333333,
        8.273333333333333,
        8.42,
        196.18,
        8.166666666666666,
        8.446666666666667,
        8.2,
        198.88,
        8.353333333333333,
        190.59333333333333,
        8.34,
        194.46666666666667,
        194.13333333333333,
        8.346666666666666,
        201.06,
        192.39333333333335,
        8.106666666666667,
        198.70666666666668,
        8.226666666666667,
        8.4,
        8.353333333333333,
        8.306666666666667,
        8.24,
        70.02,
        68.54,
        12.573333333333334,
        22.086666666666666,
        64.12666666666667,
        19.72,
        14.046666666666667,
        23.773333333333333,
        16.846666666666668,
        15.646666666666667,
        30.613333333333333,
        31.673333333333332,
        28.946666666666665,
        49.78,
        74.8,
        89.13333333333334,
        98.14666666666666,
        101.20666666666666,
        105.4,
        111.62666666666667,
        118.96666666666667,
        102.14666666666666,
        115.28,
        107.27333333333333,
        116.32,
        119.50666666666666,
        122.44666666666667,
        114.64,
        125.79333333333334,
        124.94666666666667,
        130.80666666666667,
        128.70666666666668,
        135.12,
        127.04
    ],
    "best fitness history": [
        10,
        10,
        10,
        10,
        10,
        10,
        10,
        10,
        10,
        10,
        10,
        10,
        10,
        10,
        10,
        168,
        10,
        239,
        10,
        301,
        9,
        10,
        301,
        10,
        10,
        9,
        9,
        9,
        9,
        281,
        9,
        314,
        9,
        9,
        282,
        9,
        10,
        9,
        10,
        293,
        9,
        9,
        315,
        286,
        10,
        291,
        10,
        322,
        10,
        308,
        292,
        303,
        9,
        286,
        290,
        282,
        10,
        10,
        10,
        10,
        295,
        307,
        9,
        375,
        29,
        284,
        10,
        312,
        9,
        291,
        10,
        312,
        296,
        10,
        9,
        284,
        10,
        324,
        326,
        296,
        10,
        10,
        9,
        294,
        290,
        289,
        297,
        285,
        276,
        9,
        316,
        9,
        10,
        301,
        279,
        285,
        10,
        9,
        9,
        301,
        9,
        18,
        10,
        319,
        10,
        310,
        10,
        9,
        316,
        10,
        10,
        295,
        10,
        310,
        316,
        284,
        307,
        324,
        309,
        297,
        9,
        347,
        287,
        296,
        305,
        10,
        10,
        10,
        296,
        9,
        294,
        9,
        291,
        50,
        300,
        308,
        10,
        317,
        9,
        10,
        10,
        62,
        299,
        296,
        10,
        10,
        306,
        9,
        10,
        9,
        284,
        10,
        329,
        9,
        289,
        305,
        9,
        301,
        293,
        10,
        297,
        9,
        10,
        10,
        10,
        9,
        278,
        273,
        265,
        223,
        260,
        243,
        207,
        222,
        240,
        190,
        304,
        275,
        210,
        289,
        323,
        337,
        306,
        340,
        279,
        310,
        316,
        338,
        292,
        344,
        326,
        389,
        379,
        285,
        290,
        336,
        314,
        344,
        287,
        290
    ],