{
    "time": "2022-09-12-10-37-31",
    "generations": 200,
    "fitness history": [
        8.42,
        8.38,
        8.36,
        9.913333333333334,
        10.34,
        22.293333333333333,
        41.88,
        14.426666666666666,
        106.28666666666666,
        121.05333333333333,
        26.533333333333335,
        46.693333333333335,
        107.9,
        119.5,
        108.26666666666667,
        130.4,
        116.27333333333333,
        112.83333333333333,
        125.64,
        117.79333333333334,
        118.82,
        121.04,
        125.42666666666666,
        115.98,
        121.89333333333333,
        131.24,
        130.86666666666667,
        125.58,
        128.8,
        125.08,
        121.14666666666666,
        129.39333333333335,
        133.17333333333335,
        133.74,
        133.72666666666666,
        130.31333333333333,
        121.83333333333333,
        132.88666666666666,
        127.11333333333333,
        134.04666666666665,
        133.55333333333334,
        132.80666666666667,
        129.56,
        128.72666666666666,
        132.93333333333334,
        122.88666666666667,
        138.06666666666666,
        140.17333333333335,
        128.38,
        134.0,
        131.01333333333332,
        131.6,
        128.26666666666668,
        133.38,
        119.86666666666666,
        138.21333333333334,
        135.38,
        130.52666666666667,
        133.76666666666668,
        140.23333333333332,
        133.41333333333333,
        133.93333333333334,
        127.82666666666667,
        134.72,
        134.12,
        142.11333333333334,
        130.57333333333332,
        135.63333333333333,
        133.29333333333332,
        142.99333333333334,
        137.47333333333333,
        141.12,
        138.08666666666667,
        134.50666666666666,
        132.16,
        128.3,
        132.26,
        129.07333333333332,
        120.47333333333333,
        139.07333333333332,
        126.58,
        128.66666666666666,
        129.02,
        124.37333333333333,
        142.96666666666667,
        131.5,
        121.40666666666667,
        134.35333333333332,
        139.55333333333334,
        145.98666666666668,
        141.66,
        143.75333333333333,
        138.8,
        141.92,
        137.62666666666667,
        151.50666666666666,
        139.66666666666666,
        133.47333333333333,
        132.08,
        136.16666666666666,
        142.82,
        148.79333333333332,
        141.38,
        139.54,
        136.94,
        143.07333333333332,
        140.35333333333332,
        140.27333333333334,
        136.6,
        143.82666666666665,
        137.2,
        142.31333333333333,
        138.84666666666666,
        148.80666666666667,
        146.28666666666666,
        141.75333333333333,
        142.02666666666667,
        139.2,
        139.18666666666667,
        140.37333333333333,
        132.11333333333334,
        139.16,
        134.30666666666667,
        134.38,
        134.72666666666666,
        143.76,
        142.28666666666666,
        141.64,
        137.58,
        138.72,
        136.14,
        138.2,
        137.76666666666668,
        136.12666666666667,
        134.61333333333334,
        130.64,
        132.64,
        132.82,
        134.38666666666666,
        131.73333333333332,
        136.75333333333333,
        130.87333333333333,
        143.74,
        137.95333333333335,
        142.36,
        137.74,
        137.89333333333335,
        140.92,
        138.16,
        128.82,
        139.38,
        138.64666666666668,
        134.08,
        146.44,
        148.98666666666668,
        136.68666666666667,
        137.58666666666667,
        133.86,
        132.13333333333333,
        131.64666666666668,
        134.25333333333333,
        132.54666666666665,
        127.7,
        139.97333333333333,
        144.04666666666665,
        147.15333333333334,
        137.5,
        137.48666666666668,
        136.70666666666668,
        139.28666666666666,
        146.14,
        144.77333333333334,
        138.98,
        138.62,
        140.94,
        134.14,
        123.24666666666667,
        131.7,
        131.42666666666668,
        133.68666666666667,
        139.7,
        130.35333333333332,
        140.42666666666668,
        131.5,
        141.50666666666666,
        141.9,
        141.88,
        140.91333333333333,
        131.30666666666667,
        139.31333333333333,
        126.48666666666666,
        143.1,
        133.88,
        132.6,
        134.13333333333333,
        143.35333333333332,
        135.24666666666667,
        133.56,
        142.22666666666666,
        144.36666666666667
    ],
    "best fitness history": [
        10,
        10,
        10,
        247,
        160,
        264,
        290,
        273,
        282,
        301,
        287,
        296,
        301,
        468,
        499,
        499,
        499,
        499,
        300,
        278,
        284,
        317,
        295,
        272,
        301,
        290,
        303,
        297,
        294,
        291,
        342,
        286,
        322,
        308,
        274,
        264,
        302,
        283,
        290,
        277,
        272,
        348,
        324,
        268,
        272,
        308,
        316,
        316,
        292,
        375,
        499,
        416,
        297,
        276,
        307,
        278,
        286,
        302,
        284,
        278,
        282,
        309,
        278,
        277,
        293,
        333,
        321,
        279,
        297,
        332,
        300,
        295,
        285,
        300,
        320,
        314,
        297,
        289,
        284,
        295,
        283,
        315,
        289,
        306,
        333,
        267,
        335,
        302,
        282,
        295,
        363,
        304,
        286,
        294,
        311,
        292,
        331,
        296,
        298,
        273,
        319,
        300,
        300,
        306,
        303,
        295,
        312,
        319,
        308,
        274,
        286,
        289,
        281,
        323,
        295,
        297,
        293,
        348,
        293,
        300,
        290,
        310,
        302,
        331,
        297,
        274,
        310,
        344,
        300,
        290,
        308,
        316,
        266,
        286,
        282,
        287,
        288,
        278,
        317,
        298,
        295,
        285,
        322,
        301,
        324,
        344,
        290,
        296,
        343,
        265,
        281,
        292,
        279,
        306,
        297,
        309,
        322,
        313,
        288,
        287,
        306,
        305,
        299,
        320,
        312,
        294,
        302,
        306,
        280,
        289,
        292,
        291,
        304,
        315,
        289,
        324,
        272,
        272,
        292,
        294,
        311,
        288,
        294,
        275,
        314,
        271,
        336,
        303,
        314,
        306,
        302,
        314,
        318,
        345,
        285,
        312,
        311,
        288,
        286,
        307
    ],