{
    "time": "2022-09-11-22-36-06",
    "generations": 200,
    "fitness history": [
        8.333333333333334,
        8.573333333333334,
        9.02,
        10.94,
        27.633333333333333,
        23.966666666666665,
        26.706666666666667,
        49.21333333333333,
        34.95333333333333,
        27.0,
        25.586666666666666,
        27.946666666666665,
        28.986666666666668,
        49.61333333333334,
        25.44,
        28.8,
        30.68,
        35.54666666666667,
        31.746666666666666,
        33.96,
        36.74,
        40.56,
        31.626666666666665,
        39.6,
        34.21333333333333,
        33.28,
        29.74,
        29.35333333333333,
        30.69333333333333,
        30.686666666666667,
        30.666666666666668,
        34.2,
        34.346666666666664,
        36.93333333333333,
        42.58,
        35.10666666666667,
        41.266666666666666,
        53.486666666666665,
        51.57333333333333,
        52.99333333333333,
        65.14666666666666,
        58.86666666666667,
        66.87333333333333,
        72.82666666666667,
        69.91333333333333,
        65.28,
        53.78,
        63.64,
        57.22666666666667,
        75.98666666666666,
        76.81333333333333,
        91.26,
        80.55333333333333,
        78.98666666666666,
        93.34,
        99.76,
        91.05333333333333,
        90.75333333333333,
        104.87333333333333,
        101.0,
        116.21333333333334,
        127.82666666666667,
        148.68,
        143.0,
        151.60666666666665,
        148.73333333333332,
        143.88666666666666,
        178.18666666666667,
        166.88666666666666,
        173.60666666666665,
        181.59333333333333,
        176.33333333333334,
        188.72666666666666,
        181.56,
        186.86,
        171.24,
        177.14666666666668,
        190.45333333333335,
        175.50666666666666,
        191.54,
        205.90666666666667,
        201.98666666666668,
        194.15333333333334,
        210.59333333333333,
        215.53333333333333,
        225.18666666666667,
        222.39333333333335,
        202.97333333333333,
        226.34,
        250.49333333333334,
        220.42666666666668,
        227.95333333333335,
        246.57333333333332,
        230.34666666666666,
        242.24,
        230.11333333333334,
        231.71333333333334,
        242.56,
        235.14666666666668,
        237.50666666666666,
        238.65333333333334,
        227.05333333333334,
        238.90666666666667,
        249.04,
        248.78,
        245.27333333333334,
        227.56,
        242.88666666666666,
        248.74666666666667,
        231.88666666666666,
        254.38666666666666,
        245.99333333333334,
        245.88,
        250.75333333333333,
        242.10666666666665,
        250.46666666666667,
        252.97333333333333,
        250.51333333333332,
        259.35333333333335,
        249.32666666666665,
        248.11333333333334,
        258.87333333333333,
        276.29333333333335,
        240.53333333333333,
        246.86666666666667,
        247.36666666666667,
        262.68,
        270.68,
        247.98,
        281.7133333333333,
        243.38,
        247.52,
        267.8,
        257.61333333333334,
        253.08,
        272.04,
        281.94666666666666,
        259.00666666666666,
        246.98666666666668,
        272.17333333333335,
        249.32666666666665,
        258.5466666666667,
        259.6666666666667,
        247.92,
        279.3066666666667,
        256.6333333333333,
        250.48666666666668,
        253.76,
        241.40666666666667,
        260.87333333333333,
        247.99333333333334,
        247.19333333333333,
        255.42666666666668,
        261.24666666666667,
        252.52666666666667,
        251.26,
        247.46666666666667,
        275.9066666666667,
        248.11333333333334,
        262.2266666666667,
        260.43333333333334,
        247.70666666666668,
        266.04,
        252.36666666666667,
        270.0133333333333,
        250.84666666666666,
        251.62,
        253.58,
        242.93333333333334,
        262.76,
        258.6,
        241.92,
        282.29333333333335,
        259.82666666666665,
        256.58666666666664,
        263.5,
        255.39333333333335,
        256.9533333333333,
        252.86,
        246.46666666666667,
        285.6933333333333,
        265.5933333333333,
        254.64,
        256.20666666666665,
        244.07333333333332,
        290.58,
        262.72,
        260.14,
        255.45333333333335,
        250.85333333333332,
        250.34,
        253.94666666666666,
        251.69333333333333,
        249.52,
        257.4266666666667,
        255.06666666666666,
        245.28,
        264.62666666666667,
        256.32,
        255.85333333333332
    ],
    "best fitness history": [
        10,
        37,
        48,
        70,
        102,
        84,
        104,
        396,
        247,
        229,
        147,
        209,
        181,
        499,
        251,
        237,
        264,
        499,
        499,
        499,
        449,
        499,
        123,
        399,
        321,
        370,
        196,
        144,
        499,
        127,
        132,
        499,
        499,
        499,
        499,
        499,
        499,
        499,
        499,
        499,
        499,
        499,
        499,
        499,
        499,
        499,
        499,
        499,
        499,
        499,
        499,
        499,
        499,
        499,
        499,
        499,
        499,
        499,
        499,
        499,
        499,
        499,
        499,
        499,
        499,
        499,
        499,
        499,
        499,
        499,
        499,
        499,
        499,
        499,
        499,
        499,
        499,
        499,
        499,
        499,
        499,
        499,
        499,
        499,
        499,
        499,
        499,
        499,
        499,
        499,
        499,
        499,
        499,
        499,
        499,
        499,
        499,
        499,
        499,
        499,
        499,
        499,
        499,
        499,
        499,
        499,
        499,
        499,
        499,
        499,
        499,
        499,
        499,
        499,
        499,
        499,
        499,
        499,
        499,
        499,
        499,
        499,
        499,
        499,
        499,
        499,
        499,
        499,
        499,
        499,
        499,
        499,
        499,
        499,
        499,
        499,
        499,
        499,
        499,
        499,
        499,
        499,
        499,
        499,
        499,
        499,
        499,
        499,
        499,
        499,
        499,
        499,
        499,
        499,
        499,
        499,
        499,
        499,
        499,
        499,
        499,
        499,
        499,
        499,
        499,
        499,
        499,
        499,
        499,
        499,
        499,
        499,
        499,
        499,
        499,
        499,
        499,
        499,
        499,
        499,
        499,
        499,
        499,
        499,
        499,
        499,
        499,
        499,
        499,
        499,
        499,
        499,
        499,
        499,
        499,
        499,
        499,
        499,
        499,
        499
    ],