{
    "time": "2022-09-10-11-25-37",
    "generations": 200,
    "fitness history": [
        8.393333333333333,
        8.46,
        8.526666666666667,
        9.006666666666666,
        12.713333333333333,
        8.066666666666666,
        8.373333333333333,
        31.666666666666668,
        7.806666666666667,
        8.293333333333333,
        39.99333333333333,
        7.753333333333333,
        42.07333333333333,
        40.46,
        7.766666666666667,
        7.6866666666666665,
        7.8,
        7.733333333333333,
        42.22666666666667,
        41.093333333333334,
        40.74,
        7.806666666666667,
        8.38,
        41.28666666666667,
        39.48,
        7.76,
        41.7,
        7.773333333333333,
        7.713333333333333,
        41.446666666666665,
        41.446666666666665,
        7.78,
        7.78,
        7.713333333333333,
        11.066666666666666,
        33.77333333333333,
        7.806666666666667,
        42.57333333333333,
        40.093333333333334,
        7.8,
        7.753333333333333,
        8.486666666666666,
        7.726666666666667,
        7.8,
        39.74666666666667,
        40.32,
        7.78,
        42.99333333333333,
        7.753333333333333,
        40.96,
        8.333333333333334,
        8.38,
        7.8,
        37.233333333333334,
        7.653333333333333,
        40.986666666666665,
        7.713333333333333,
        40.66,
        7.753333333333333,
        7.753333333333333,
        42.08,
        40.04666666666667,
        7.78,
        7.693333333333333,
        40.86666666666667,
        7.753333333333333,
        8.32,
        39.693333333333335,
        7.866666666666666,
        43.9,
        107.94666666666667,
        45.60666666666667,
        9.16,
        31.5,
        22.033333333333335,
        56.513333333333335,
        65.24666666666667,
        24.6,
        219.38666666666666,
        8.333333333333334,
        40.626666666666665,
        40.586666666666666,
        7.793333333333333,
        7.733333333333333,
        32.96666666666667,
        8.4,
        32.85333333333333,
        453.2733333333333,
        13.966666666666667,
        461.7133333333333,
        37.96,
        8.953333333333333,
        11.106666666666667,
        44.64,
        38.22666666666667,
        8.313333333333333,
        8.293333333333333,
        54.28666666666667,
        8.48,
        45.00666666666667,
        71.91333333333333,
        8.293333333333333,
        8.106666666666667,
        10.986666666666666,
        9.606666666666667,
        7.973333333333334,
        9.76,
        8.32,
        8.253333333333334,
        113.66666666666667,
        143.28,
        8.433333333333334,
        14.993333333333334,
        25.833333333333332,
        7.933333333333334,
        37.48,
        20.293333333333333,
        15.246666666666666,
        8.34,
        10.073333333333334,
        7.96,
        48.1,
        64.6,
        8.286666666666667,
        30.333333333333332,
        49.38,
        8.393333333333333,
        38.8,
        8.28,
        12.02,
        8.213333333333333,
        499.0,
        7.706666666666667,
        7.86,
        8.413333333333334,
        8.353333333333333,
        69.68,
        8.4,
        8.32,
        8.473333333333333,
        34.84,
        8.353333333333333,
        8.313333333333333,
        8.48,
        56.22666666666667,
        8.346666666666666,
        8.34,
        8.333333333333334,
        11.42,
        18.346666666666668,
        8.333333333333334,
        28.88,
        7.793333333333333,
        8.946666666666667,
        8.313333333333333,
        10.846666666666666,
        35.873333333333335,
        24.713333333333335,
        8.313333333333333,
        8.406666666666666,
        220.04,
        8.493333333333334,
        8.453333333333333,
        61.50666666666667,
        8.24,
        8.4,
        7.8,
        8.34,
        7.96,
        8.366666666666667,
        38.8,
        137.96666666666667,
        27.5,
        8.44,
        8.28,
        26.78,
        8.28,
        27.566666666666666,
        8.32,
        12.793333333333333,
        40.7,
        8.213333333333333,
        8.3,
        21.593333333333334,
        11.6,
        8.06,
        15.253333333333334,
        10.04,
        8.333333333333334,
        47.78666666666667,
        8.346666666666666,
        8.313333333333333,
        35.02,
        31.073333333333334,
        8.106666666666667,
        8.326666666666666,
        39.54,
        8.3,
        165.62666666666667,
        8.353333333333333
    ],
    "best fitness history": [
        10,
        10,
        46,
        48,
        55,
        10,
        10,
        63,
        8,
        85,
        64,
        9,
        67,
        70,
        10,
        8,
        10,
        8,
        65,
        67,
        61,
        10,
        10,
        67,
        62,
        10,
        61,
        10,
        9,
        66,
        70,
        8,
        9,
        8,
        105,
        66,
        10,
        66,
        67,
        8,
        10,
        10,
        9,
        10,
        71,
        71,
        10,
        63,
        10,
        63,
        10,
        10,
        10,
        64,
        8,
        66,
        8,
        58,
        10,
        10,
        67,
        61,
        9,
        9,
        65,
        8,
        10,
        96,
        14,
        358,
        499,
        83,
        38,
        106,
        27,
        499,
        499,
        65,
        454,
        10,
        63,
        58,
        10,
        10,
        123,
        10,
        93,
        499,
        26,
        499,
        124,
        10,
        427,
        499,
        99,
        10,
        10,
        176,
        10,
        148,
        171,
        10,
        9,
        15,
        39,
        9,
        13,
        10,
        10,
        124,
        181,
        10,
        64,
        80,
        9,
        109,
        46,
        25,
        10,
        15,
        10,
        91,
        115,
        10,
        63,
        401,
        10,
        134,
        10,
        21,
        10,
        499,
        9,
        9,
        10,
        10,
        156,
        10,
        10,
        10,
        96,
        10,
        10,
        10,
        109,
        10,
        10,
        10,
        14,
        43,
        10,
        74,
        9,
        10,
        10,
        14,
        87,
        34,
        10,
        10,
        499,
        10,
        10,
        131,
        10,
        10,
        9,
        10,
        9,
        10,
        138,
        232,
        80,
        10,
        10,
        62,
        10,
        111,
        10,
        18,
        171,
        10,
        10,
        51,
        15,
        9,
        49,
        13,
        10,
        105,
        10,
        10,
        83,
        41,
        10,
        10,
        69,
        10,
        280,
        10
    ],