{
    "time": "2022-09-12-00-44-38",
    "generations": 200,
    "fitness history": [
        8.286666666666667,
        8.466666666666667,
        8.426666666666666,
        10.84,
        12.4,
        14.2,
        17.02,
        25.086666666666666,
        21.6,
        18.633333333333333,
        18.486666666666668,
        19.446666666666665,
        20.30666666666667,
        19.02,
        19.466666666666665,
        19.8,
        20.96,
        21.126666666666665,
        21.093333333333334,
        20.266666666666666,
        22.14666666666667,
        21.986666666666668,
        20.393333333333334,
        21.226666666666667,
        20.94,
        20.066666666666666,
        18.84,
        19.653333333333332,
        21.486666666666668,
        20.92,
        21.046666666666667,
        20.166666666666668,
        22.56,
        20.253333333333334,
        20.233333333333334,
        21.093333333333334,
        21.14666666666667,
        20.993333333333332,
        20.226666666666667,
        21.293333333333333,
        21.24,
        22.366666666666667,
        19.35333333333333,
        20.326666666666668,
        20.906666666666666,
        23.553333333333335,
        20.866666666666667,
        22.473333333333333,
        23.126666666666665,
        23.4,
        22.92,
        22.18,
        19.733333333333334,
        22.206666666666667,
        20.72,
        21.033333333333335,
        21.673333333333332,
        20.873333333333335,
        20.54,
        20.7,
        20.793333333333333,
        20.68,
        22.406666666666666,
        22.86,
        21.173333333333332,
        21.813333333333333,
        21.593333333333334,
        22.013333333333332,
        21.633333333333333,
        21.866666666666667,
        21.42,
        21.3,
        20.426666666666666,
        19.486666666666668,
        20.2,
        20.793333333333333,
        20.046666666666667,
        22.093333333333334,
        19.453333333333333,
        18.913333333333334,
        20.673333333333332,
        22.113333333333333,
        21.733333333333334,
        19.633333333333333,
        21.3,
        21.686666666666667,
        22.486666666666668,
        21.546666666666667,
        23.6,
        22.966666666666665,
        22.16,
        19.966666666666665,
        21.30666666666667,
        22.126666666666665,
        21.293333333333333,
        22.366666666666667,
        22.186666666666667,
        22.406666666666666,
        21.786666666666665,
        23.866666666666667,
        22.333333333333332,
        22.3,
        24.526666666666667,
        24.88,
        23.213333333333335,
        23.4,
        21.793333333333333,
        21.453333333333333,
        22.76,
        23.833333333333332,
        24.566666666666666,
        23.69333333333333,
        22.326666666666668,
        23.513333333333332,
        22.793333333333333,
        21.80666666666667,
        20.786666666666665,
        22.833333333333332,
        24.086666666666666,
        22.613333333333333,
        24.213333333333335,
        24.173333333333332,
        23.88,
        22.746666666666666,
        21.773333333333333,
        21.046666666666667,
        19.186666666666667,
        20.033333333333335,
        18.773333333333333,
        19.813333333333333,
        19.68,
        22.46,
        21.6,
        21.19333333333333,
        21.953333333333333,
        23.466666666666665,
        23.313333333333333,
        22.726666666666667,
        21.733333333333334,
        21.36,
        20.073333333333334,
        22.173333333333332,
        21.826666666666668,
        20.586666666666666,
        21.293333333333333,
        22.326666666666668,
        22.98,
        22.533333333333335,
        22.266666666666666,
        24.96,
        21.766666666666666,
        25.113333333333333,
        24.06,
        23.786666666666665,
        20.526666666666667,
        23.013333333333332,
        22.006666666666668,
        22.373333333333335,
        20.966666666666665,
        22.966666666666665,
        23.366666666666667,
        23.206666666666667,
        22.02,
        22.766666666666666,
        23.086666666666666,
        22.173333333333332,
        22.926666666666666,
        21.76,
        22.373333333333335,
        22.96,
        24.86,
        23.073333333333334,
        23.613333333333333,
        25.473333333333333,
        24.82,
        24.906666666666666,
        23.566666666666666,
        23.586666666666666,
        23.326666666666668,
        24.80666666666667,
        24.66,
        23.513333333333332,
        23.4,
        23.5,
        25.69333333333333,
        26.246666666666666,
        24.506666666666668,
        25.19333333333333,
        24.486666666666668,
        23.713333333333335,
        24.52,
        25.72,
        27.64666666666667,
        26.886666666666667,
        27.486666666666668,
        27.506666666666668,
        26.573333333333334,
        27.093333333333334,
        25.266666666666666,
        27.066666666666666
    ],
    "best fitness history": [
        10,
        27,
        11,
        50,
        47,
        52,
        170,
        67,
        67,
        68,
        62,
        63,
        59,
        57,
        58,
        65,
        59,
        63,
        68,
        64,
        62,
        72,
        71,
        51,
        64,
        58,
        68,
        61,
        67,
        74,
        55,
        63,
        61,
        60,
        64,
        57,
        62,
        68,
        61,
        60,
        71,
        76,
        64,
        64,
        65,
        65,
        74,
        79,
        67,
        65,
        62,
        75,
        57,
        59,
        76,
        60,
        59,
        72,
        54,
        59,
        76,
        67,
        57,
        64,
        113,
        57,
        62,
        57,
        66,
        65,
        68,
        60,
        59,
        62,
        57,
        57,
        62,
        60,
        54,
        55,
        63,
        67,
        62,
        73,
        56,
        62,
        65,
        75,
        66,
        53,
        64,
        55,
        68,
        60,
        74,
        57,
        55,
        76,
        84,
        66,
        63,
        53,
        60,
        75,
        62,
        62,
        68,
        61,
        59,
        66,
        71,
        61,
        56,
        70,
        61,
        57,
        61,
        74,
        155,
        69,
        60,
        64,
        58,
        72,
        65,
        63,
        52,
        62,
        61,
        63,
        61,
        59,
        66,
        61,
        67,
        58,
        72,
        65,
        71,
        84,
        65,
        57,
        62,
        60,
        56,
        62,
        68,
        72,
        57,
        72,
        67,
        66,
        72,
        63,
        55,
        72,
        59,
        71,
        63,
        55,
        65,
        66,
        57,
        58,
        57,
        59,
        72,
        67,
        55,
        60,
        62,
        53,
        62,
        52,
        76,
        65,
        55,
        62,
        55,
        72,
        57,
        62,
        59,
        63,
        55,
        55,
        57,
        71,
        56,
        67,
        57,
        61,
        60,
        66,
        84,
        80,
        67,
        89,
        99,
        78
    ],