{
    "time": "2022-09-12-02-02-20",
    "generations": 200,
    "fitness history": [
        8.333333333333334,
        8.346666666666666,
        9.04,
        18.30666666666667,
        21.573333333333334,
        18.613333333333333,
        14.033333333333333,
        9.993333333333334,
        113.41333333333333,
        16.926666666666666,
        8.993333333333334,
        9.1,
        8.786666666666667,
        8.353333333333333,
        8.433333333333334,
        8.366666666666667,
        8.306666666666667,
        8.266666666666667,
        8.373333333333333,
        8.393333333333333,
        8.313333333333333,
        8.333333333333334,
        8.42,
        8.34,
        8.24,
        8.38,
        8.313333333333333,
        8.346666666666666,
        8.346666666666666,
        8.52,
        8.433333333333334,
        8.406666666666666,
        8.38,
        8.346666666666666,
        8.36,
        8.44,
        8.64,
        8.806666666666667,
        8.433333333333334,
        8.52,
        8.493333333333334,
        8.28,
        8.273333333333333,
        8.366666666666667,
        8.48,
        8.333333333333334,
        8.393333333333333,
        8.3,
        8.346666666666666,
        8.28,
        8.426666666666666,
        8.413333333333334,
        8.286666666666667,
        8.313333333333333,
        8.393333333333333,
        8.346666666666666,
        8.46,
        8.34,
        8.253333333333334,
        8.306666666666667,
        8.406666666666666,
        8.42,
        8.46,
        8.38,
        8.32,
        8.36,
        8.306666666666667,
        8.333333333333334,
        8.293333333333333,
        8.42,
        8.34,
        8.326666666666666,
        8.4,
        8.373333333333333,
        8.42,
        8.426666666666666,
        8.386666666666667,
        8.326666666666666,
        8.346666666666666,
        8.38,
        8.426666666666666,
        8.326666666666666,
        8.353333333333333,
        8.28,
        8.393333333333333,
        8.4,
        8.306666666666667,
        8.42,
        8.526666666666667,
        8.88,
        8.74,
        8.973333333333333,
        9.366666666666667,
        9.02,
        9.833333333333334,
        10.62,
        11.58,
        15.033333333333333,
        16.333333333333332,
        18.96,
        23.866666666666667,
        24.24,
        27.3,
        24.113333333333333,
        26.62,
        26.84,
        27.173333333333332,
        27.093333333333334,
        27.253333333333334,
        28.993333333333332,
        28.526666666666667,
        29.346666666666668,
        28.446666666666665,
        28.94,
        30.64,
        28.893333333333334,
        29.513333333333332,
        29.5,
        31.393333333333334,
        28.286666666666665,
        29.253333333333334,
        28.94,
        30.186666666666667,
        30.473333333333333,
        29.793333333333333,
        29.793333333333333,
        29.02,
        29.76,
        28.446666666666665,
        28.85333333333333,
        27.593333333333334,
        26.733333333333334,
        31.086666666666666,
        35.946666666666665,
        63.24,
        79.70666666666666,
        172.16666666666666,
        200.71333333333334,
        189.66666666666666,
        275.6333333333333,
        261.37333333333333,
        283.03333333333336,
        312.96666666666664,
        295.26666666666665,
        290.86,
        287.08,
        283.88666666666666,
        282.96,
        284.0133333333333,
        281.97333333333336,
        280.56,
        275.84,
        274.58666666666664,
        268.46666666666664,
        264.29333333333335,
        262.96666666666664,
        262.0133333333333,
        263.6333333333333,
        266.81333333333333,
        266.23333333333335,
        270.58,
        261.81333333333333,
        264.18,
        261.49333333333334,
        259.79333333333335,
        257.74666666666667,
        263.2133333333333,
        262.97333333333336,
        263.05333333333334,
        263.4533333333333,
        259.0,
        261.14666666666665,
        258.8,
        257.72,
        258.9066666666667,
        261.06,
        260.08,
        259.28,
        258.96,
        261.5733333333333,
        254.8,
        253.46,
        254.04,
        254.18666666666667,
        254.16,
        254.18666666666667,
        251.86,
        253.40666666666667,
        253.16666666666666,
        254.22666666666666,
        252.54666666666665,
        253.95333333333335,
        252.46666666666667,
        253.97333333333333,
        254.05333333333334,
        253.98,
        252.72666666666666,
        252.60666666666665,
        251.1,
        257.23333333333335
    ],
    "best fitness history": [
        10,
        10,
        35,
        153,
        68,
        213,
        264,
        233,
        281,
        252,
        99,
        122,
        70,
        10,
        10,
        10,
        10,
        10,
        10,
        10,
        10,
        10,
        10,
        10,
        10,
        10,
        10,
        10,
        10,
        10,
        10,
        10,
        14,
        14,
        11,
        19,
        38,
        28,
        21,
        13,
        10,
        10,
        10,
        10,
        10,
        10,
        10,
        10,
        10,
        10,
        10,
        10,
        10,
        10,
        10,
        10,
        10,
        10,
        10,
        10,
        10,
        10,
        10,
        10,
        10,
        10,
        10,
        10,
        10,
        10,
        10,
        10,
        10,
        10,
        10,
        10,
        10,
        10,
        10,
        10,
        10,
        10,
        10,
        10,
        10,
        10,
        10,
        10,
        33,
        74,
        37,
        51,
        57,
        42,
        55,
        48,
        54,
        59,
        56,
        60,
        71,
        88,
        71,
        60,
        59,
        66,
        59,
        64,
        69,
        67,
        62,
        67,
        69,
        62,
        65,
        68,
        61,
        67,
        63,
        57,
        62,
        63,
        63,
        65,
        69,
        66,
        60,
        67,
        61,
        59,
        73,
        63,
        499,
        499,
        499,
        499,
        499,
        499,
        499,
        499,
        499,
        499,
        499,
        499,
        499,
        499,
        499,
        499,
        499,
        499,
        499,
        499,
        499,
        499,
        499,
        499,
        499,
        499,
        499,
        499,
        499,
        499,
        499,
        499,
        499,
        499,
        499,
        499,
        499,
        499,
        499,
        499,
        499,
        499,
        499,
        499,
        499,
        499,
        499,
        499,
        499,
        499,
        499,
        499,
        499,
        499,
        499,
        499,
        499,
        499,
        499,
        499,
        499,
        499,
        499,
        499,
        499,
        499,
        499,
        499
    ],