{
    "time": "2022-09-10-02-18-20",
    "generations": 200,
    "fitness history": [
        8.386666666666667,
        8.366666666666667,
        8.293333333333333,
        8.273333333333333,
        8.4,
        8.293333333333333,
        8.286666666666667,
        8.253333333333334,
        8.38,
        8.453333333333333,
        8.313333333333333,
        8.286666666666667,
        8.326666666666666,
        8.34,
        8.393333333333333,
        8.313333333333333,
        8.353333333333333,
        8.493333333333334,
        9.286666666666667,
        8.38,
        8.34,
        8.4,
        8.306666666666667,
        8.26,
        8.193333333333333,
        8.26,
        8.38,
        8.4,
        8.34,
        8.373333333333333,
        8.466666666666667,
        9.04,
        10.32,
        21.113333333333333,
        18.4,
        15.04,
        20.56,
        19.953333333333333,
        19.886666666666667,
        17.813333333333333,
        18.533333333333335,
        17.26,
        19.946666666666665,
        19.013333333333332,
        18.066666666666666,
        18.58,
        19.78,
        21.126666666666665,
        22.486666666666668,
        20.26,
        23.906666666666666,
        21.38,
        22.64666666666667,
        22.94,
        22.053333333333335,
        21.226666666666667,
        21.18,
        22.19333333333333,
        22.66,
        23.153333333333332,
        21.573333333333334,
        23.386666666666667,
        21.813333333333333,
        23.74,
        20.626666666666665,
        21.74,
        20.16,
        21.966666666666665,
        22.086666666666666,
        20.48,
        24.066666666666666,
        21.926666666666666,
        22.566666666666666,
        20.173333333333332,
        19.833333333333332,
        20.46,
        21.206666666666667,
        20.80666666666667,
        21.14,
        22.4,
        20.553333333333335,
        18.72,
        20.85333333333333,
        20.246666666666666,
        22.426666666666666,
        24.36,
        22.673333333333332,
        22.733333333333334,
        22.26,
        22.253333333333334,
        23.346666666666668,
        21.593333333333334,
        20.94,
        19.866666666666667,
        21.72,
        20.973333333333333,
        20.913333333333334,
        23.313333333333333,
        21.6,
        22.1,
        21.073333333333334,
        20.98,
        20.293333333333333,
        19.926666666666666,
        20.533333333333335,
        21.453333333333333,
        20.246666666666666,
        20.7,
        22.68,
        20.493333333333332,
        20.713333333333335,
        20.76,
        20.773333333333333,
        20.69333333333333,
        20.85333333333333,
        22.22,
        20.6,
        21.80666666666667,
        20.586666666666666,
        20.726666666666667,
        20.553333333333335,
        21.76,
        23.82,
        21.92,
        21.213333333333335,
        22.30666666666667,
        21.013333333333332,
        20.586666666666666,
        21.04,
        20.266666666666666,
        21.58,
        20.64666666666667,
        21.953333333333333,
        20.766666666666666,
        20.033333333333335,
        21.966666666666665,
        19.026666666666667,
        21.366666666666667,
        20.58,
        21.766666666666666,
        21.446666666666665,
        22.906666666666666,
        21.613333333333333,
        23.113333333333333,
        20.533333333333335,
        20.966666666666665,
        22.12,
        21.24,
        19.333333333333332,
        21.133333333333333,
        19.546666666666667,
        19.053333333333335,
        19.786666666666665,
        21.733333333333334,
        20.966666666666665,
        21.946666666666665,
        21.35333333333333,
        20.753333333333334,
        19.953333333333333,
        20.546666666666667,
        22.04,
        20.14,
        22.086666666666666,
        21.48,
        20.42,
        20.446666666666665,
        21.753333333333334,
        24.30666666666667,
        23.433333333333334,
        21.046666666666667,
        20.486666666666668,
        21.073333333333334,
        21.54,
        21.14,
        23.913333333333334,
        22.593333333333334,
        21.826666666666668,
        25.0,
        22.453333333333333,
        24.866666666666667,
        23.073333333333334,
        26.28,
        24.393333333333334,
        25.033333333333335,
        24.006666666666668,
        23.246666666666666,
        24.74,
        24.006666666666668,
        28.073333333333334,
        28.393333333333334,
        22.966666666666665,
        24.093333333333334,
        26.2,
        24.86,
        23.893333333333334,
        21.833333333333332,
        25.42,
        23.1,
        23.086666666666666,
        25.386666666666667
    ],
    "best fitness history": [
        10,
        10,
        10,
        10,
        10,
        10,
        10,
        10,
        10,
        10,
        10,
        10,
        10,
        10,
        10,
        10,
        10,
        10,
        145,
        10,
        10,
        10,
        10,
        10,
        10,
        10,
        10,
        10,
        10,
        10,
        20,
        37,
        65,
        58,
        68,
        55,
        63,
        68,
        63,
        51,
        58,
        59,
        53,
        54,
        59,
        63,
        59,
        61,
        65,
        59,
        65,
        61,
        58,
        68,
        60,
        60,
        56,
        58,
        57,
        63,
        62,
        62,
        51,
        63,
        52,
        61,
        59,
        59,
        62,
        60,
        69,
        84,
        64,
        57,
        60,
        50,
        62,
        58,
        57,
        64,
        67,
        55,
        57,
        50,
        71,
        62,
        61,
        58,
        55,
        60,
        77,
        54,
        57,
        59,
        72,
        57,
        55,
        73,
        68,
        67,
        55,
        65,
        68,
        64,
        57,
        63,
        72,
        66,
        68,
        59,
        68,
        56,
        63,
        65,
        62,
        54,
        58,
        68,
        72,
        65,
        72,
        66,
        59,
        53,
        55,
        57,
        64,
        54,
        66,
        61,
        63,
        50,
        68,
        61,
        58,
        57,
        53,
        69,
        61,
        62,
        73,
        58,
        66,
        60,
        65,
        63,
        66,
        63,
        51,
        54,
        61,
        57,
        59,
        67,
        58,
        72,
        68,
        60,
        59,
        101,
        118,
        129,
        150,
        69,
        61,
        120,
        79,
        257,
        57,
        57,
        68,
        63,
        60,
        56,
        66,
        80,
        181,
        165,
        103,
        93,
        157,
        181,
        138,
        265,
        193,
        147,
        191,
        247,
        250,
        186,
        100,
        147,
        250,
        82,
        82,
        66,
        299,
        78,
        68,
        85
    ],