{
    "time": "2022-09-10-02-21-38",
    "generations": 200,
    "fitness history": [
        8.213333333333333,
        8.413333333333334,
        8.433333333333334,
        8.18,
        8.386666666666667,
        8.426666666666666,
        8.373333333333333,
        8.393333333333333,
        8.36,
        8.273333333333333,
        8.453333333333333,
        8.293333333333333,
        8.34,
        8.36,
        8.266666666666667,
        8.26,
        8.32,
        8.326666666666666,
        8.313333333333333,
        8.333333333333334,
        8.44,
        8.326666666666666,
        8.326666666666666,
        8.386666666666667,
        8.286666666666667,
        8.18,
        8.333333333333334,
        8.36,
        8.326666666666666,
        8.32,
        8.366666666666667,
        8.44,
        8.433333333333334,
        8.413333333333334,
        8.34,
        8.346666666666666,
        8.16,
        8.28,
        8.22,
        8.386666666666667,
        8.393333333333333,
        8.273333333333333,
        8.36,
        8.4,
        8.373333333333333,
        8.413333333333334,
        8.266666666666667,
        8.373333333333333,
        8.373333333333333,
        8.3,
        8.373333333333333,
        8.333333333333334,
        8.433333333333334,
        8.4,
        8.406666666666666,
        8.346666666666666,
        8.353333333333333,
        8.393333333333333,
        8.44,
        8.333333333333334,
        8.32,
        8.413333333333334,
        8.366666666666667,
        8.32,
        8.393333333333333,
        8.333333333333334,
        8.366666666666667,
        8.273333333333333,
        8.346666666666666,
        8.44,
        8.44,
        8.286666666666667,
        8.306666666666667,
        8.266666666666667,
        8.486666666666666,
        8.32,
        8.366666666666667,
        8.306666666666667,
        8.446666666666667,
        8.306666666666667,
        8.346666666666666,
        10.426666666666666,
        16.613333333333333,
        26.753333333333334,
        29.466666666666665,
        29.1,
        8.253333333333334,
        8.266666666666667,
        8.513333333333334,
        8.34,
        28.78,
        28.886666666666667,
        8.4,
        10.053333333333333,
        8.36,
        8.393333333333333,
        9.686666666666667,
        33.24666666666667,
        28.726666666666667,
        15.6,
        52.82666666666667,
        8.406666666666666,
        8.333333333333334,
        27.013333333333332,
        27.513333333333332,
        8.18,
        131.88666666666666,
        8.466666666666667,
        8.266666666666667,
        190.44666666666666,
        8.2,
        8.353333333333333,
        27.606666666666666,
        19.06,
        8.26,
        8.326666666666666,
        111.23333333333333,
        8.38,
        8.306666666666667,
        44.14,
        8.313333333333333,
        84.90666666666667,
        8.546666666666667,
        57.7,
        38.68,
        8.446666666666667,
        8.233333333333333,
        8.206666666666667,
        8.693333333333333,
        8.246666666666666,
        55.29333333333334,
        189.61333333333334,
        26.24,
        8.326666666666666,
        143.11333333333334,
        8.3,
        200.16,
        9.886666666666667,
        28.19333333333333,
        8.293333333333333,
        30.993333333333332,
        188.44666666666666,
        222.17333333333335,
        152.77333333333334,
        8.213333333333333,
        28.74,
        167.76,
        191.41333333333333,
        98.49333333333334,
        39.93333333333333,
        185.95333333333335,
        8.146666666666667,
        10.006666666666666,
        10.06,
        8.226666666666667,
        87.16666666666667,
        8.393333333333333,
        10.26,
        226.64666666666668,
        36.63333333333333,
        41.48,
        8.48,
        8.246666666666666,
        128.5,
        8.26,
        38.62,
        8.206666666666667,
        39.71333333333333,
        8.326666666666666,
        8.38,
        33.873333333333335,
        41.9,
        8.406666666666666,
        8.213333333333333,
        105.37333333333333,
        8.326666666666666,
        35.68666666666667,
        35.586666666666666,
        8.266666666666667,
        8.333333333333334,
        8.293333333333333,
        8.32,
        8.226666666666667,
        8.313333333333333,
        31.726666666666667,
        8.293333333333333,
        8.36,
        35.913333333333334,
        8.446666666666667,
        158.16,
        8.353333333333333,
        8.28,
        13.446666666666667,
        8.313333333333333,
        8.206666666666667,
        8.22,
        8.293333333333333,
        27.906666666666666,
        8.406666666666666,
        8.153333333333334
    ],
    "best fitness history": [
        10,
        10,
        10,
        10,
        10,
        10,
        10,
        10,
        10,
        10,
        10,
        10,
        10,
        10,
        10,
        10,
        10,
        10,
        10,
        10,
        10,
        10,
        10,
        10,
        10,
        10,
        10,
        10,
        10,
        10,
        10,
        10,
        10,
        10,
        10,
        10,
        10,
        10,
        10,
        10,
        10,
        10,
        10,
        10,
        10,
        10,
        10,
        10,
        10,
        10,
        10,
        10,
        10,
        10,
        10,
        10,
        10,
        10,
        10,
        10,
        10,
        10,
        10,
        10,
        10,
        10,
        10,
        10,
        10,
        10,
        10,
        10,
        10,
        10,
        10,
        10,
        10,
        10,
        10,
        11,
        10,
        61,
        58,
        59,
        66,
        70,
        10,
        10,
        11,
        10,
        61,
        62,
        10,
        268,
        10,
        11,
        195,
        191,
        259,
        58,
        168,
        10,
        11,
        52,
        64,
        10,
        328,
        11,
        10,
        287,
        10,
        10,
        65,
        44,
        9,
        10,
        326,
        10,
        9,
        107,
        10,
        131,
        34,
        191,
        80,
        10,
        10,
        10,
        15,
        10,
        120,
        363,
        51,
        10,
        355,
        10,
        312,
        27,
        73,
        10,
        61,
        360,
        309,
        286,
        9,
        64,
        264,
        290,
        366,
        125,
        333,
        9,
        35,
        50,
        10,
        384,
        10,
        47,
        322,
        105,
        78,
        10,
        10,
        205,
        10,
        170,
        9,
        127,
        10,
        10,
        105,
        95,
        11,
        10,
        258,
        10,
        104,
        77,
        10,
        10,
        10,
        10,
        10,
        10,
        89,
        10,
        10,
        148,
        10,
        240,
        9,
        10,
        30,
        9,
        10,
        9,
        10,
        53,
        10,
        9
    ],