{
    "time": "2022-09-12-09-43-23",
    "generations": 200,
    "fitness history": [
        8.32,
        8.246666666666666,
        8.413333333333334,
        8.386666666666667,
        8.34,
        8.68,
        10.48,
        21.993333333333332,
        29.02,
        21.66,
        26.713333333333335,
        20.433333333333334,
        19.266666666666666,
        18.62,
        18.033333333333335,
        17.073333333333334,
        20.64,
        17.246666666666666,
        19.086666666666666,
        19.553333333333335,
        18.66,
        17.266666666666666,
        19.38,
        21.98,
        21.786666666666665,
        21.953333333333333,
        21.966666666666665,
        20.993333333333332,
        22.046666666666667,
        22.16,
        21.966666666666665,
        20.613333333333333,
        21.053333333333335,
        22.366666666666667,
        20.69333333333333,
        19.18,
        21.793333333333333,
        21.4,
        21.72,
        20.69333333333333,
        20.886666666666667,
        21.38,
        21.613333333333333,
        19.88,
        17.96,
        21.88,
        21.88,
        20.35333333333333,
        19.98,
        19.88,
        21.533333333333335,
        20.2,
        20.42,
        20.666666666666668,
        21.86,
        18.613333333333333,
        20.606666666666666,
        21.293333333333333,
        21.046666666666667,
        22.28,
        21.746666666666666,
        22.88,
        22.313333333333333,
        20.653333333333332,
        23.333333333333332,
        22.346666666666668,
        22.153333333333332,
        20.32,
        21.06,
        20.653333333333332,
        21.966666666666665,
        20.973333333333333,
        20.88,
        20.673333333333332,
        21.19333333333333,
        21.953333333333333,
        21.873333333333335,
        22.18,
        21.713333333333335,
        21.14,
        22.28,
        22.64666666666667,
        23.086666666666666,
        22.0,
        20.753333333333334,
        20.866666666666667,
        22.24,
        21.713333333333335,
        22.493333333333332,
        23.333333333333332,
        21.893333333333334,
        21.52,
        19.366666666666667,
        20.78,
        22.313333333333333,
        20.873333333333335,
        20.66,
        21.386666666666667,
        20.913333333333334,
        20.926666666666666,
        19.8,
        21.06,
        20.653333333333332,
        21.973333333333333,
        22.393333333333334,
        20.766666666666666,
        20.266666666666666,
        21.58,
        23.186666666666667,
        22.1,
        23.5,
        24.24,
        26.32,
        25.133333333333333,
        23.773333333333333,
        21.906666666666666,
        24.266666666666666,
        23.493333333333332,
        20.846666666666668,
        21.633333333333333,
        23.62,
        21.993333333333332,
        23.253333333333334,
        22.606666666666666,
        22.273333333333333,
        24.366666666666667,
        21.986666666666668,
        23.24,
        22.873333333333335,
        24.073333333333334,
        23.56,
        21.786666666666665,
        23.626666666666665,
        22.886666666666667,
        22.606666666666666,
        22.613333333333333,
        21.953333333333333,
        22.386666666666667,
        21.773333333333333,
        23.2,
        22.96,
        23.9,
        23.973333333333333,
        22.16,
        22.466666666666665,
        22.68,
        22.653333333333332,
        24.253333333333334,
        22.28,
        23.186666666666667,
        22.58,
        22.866666666666667,
        22.946666666666665,
        22.866666666666667,
        21.526666666666667,
        20.206666666666667,
        22.126666666666665,
        21.69333333333333,
        21.426666666666666,
        22.74,
        22.3,
        20.48,
        21.906666666666666,
        20.42,
        21.1,
        20.553333333333335,
        18.313333333333333,
        18.706666666666667,
        19.46,
        20.586666666666666,
        20.266666666666666,
        21.613333333333333,
        21.64666666666667,
        23.433333333333334,
        21.126666666666665,
        19.80666666666667,
        22.35333333333333,
        20.46,
        21.326666666666668,
        23.086666666666666,
        19.866666666666667,
        18.753333333333334,
        21.033333333333335,
        19.913333333333334,
        21.76,
        21.933333333333334,
        21.48,
        21.16,
        20.093333333333334,
        19.833333333333332,
        21.513333333333332,
        23.733333333333334,
        20.973333333333333,
        20.913333333333334,
        20.42,
        20.606666666666666,
        19.533333333333335,
        19.84,
        20.84,
        20.173333333333332
    ],
    "best fitness history": [
        10,
        10,
        10,
        10,
        10,
        31,
        75,
        237,
        499,
        420,
        499,
        206,
        62,
        60,
        61,
        60,
        63,
        66,
        51,
        72,
        55,
        56,
        146,
        144,
        88,
        63,
        55,
        69,
        63,
        68,
        60,
        55,
        55,
        64,
        58,
        62,
        66,
        61,
        59,
        68,
        56,
        52,
        54,
        61,
        50,
        79,
        56,
        59,
        46,
        66,
        72,
        75,
        57,
        58,
        61,
        61,
        63,
        82,
        68,
        77,
        117,
        87,
        66,
        61,
        74,
        106,
        60,
        62,
        55,
        65,
        66,
        51,
        68,
        51,
        66,
        145,
        224,
        55,
        71,
        65,
        64,
        67,
        70,
        89,
        77,
        186,
        181,
        127,
        124,
        218,
        94,
        178,
        59,
        57,
        55,
        74,
        65,
        71,
        93,
        126,
        62,
        106,
        82,
        65,
        58,
        57,
        68,
        59,
        81,
        95,
        79,
        110,
        104,
        113,
        72,
        72,
        67,
        69,
        93,
        59,
        118,
        65,
        63,
        64,
        67,
        88,
        101,
        67,
        74,
        81,
        66,
        56,
        71,
        56,
        71,
        63,
        64,
        64,
        58,
        61,
        62,
        62,
        58,
        84,
        66,
        61,
        62,
        60,
        58,
        61,
        72,
        71,
        66,
        62,
        57,
        57,
        68,
        58,
        73,
        65,
        61,
        65,
        62,
        55,
        61,
        55,
        61,
        67,
        54,
        69,
        56,
        61,
        83,
        54,
        60,
        69,
        62,
        56,
        59,
        68,
        57,
        56,
        68,
        59,
        56,
        68,
        59,
        87,
        65,
        68,
        70,
        68,
        57,
        64,
        63,
        57,
        60,
        53,
        56,
        60
    ],