{
    "time": "2022-09-14-10-04-36",
    "generations": 200,
    "fitness history": [
        8.366666666666667,
        8.386666666666667,
        8.333333333333334,
        8.493333333333334,
        11.113333333333333,
        122.97333333333333,
        23.44,
        38.71333333333333,
        55.913333333333334,
        55.333333333333336,
        121.37333333333333,
        13.8,
        106.7,
        127.19333333333333,
        66.36666666666666,
        92.12666666666667,
        29.913333333333334,
        51.373333333333335,
        35.32,
        29.213333333333335,
        31.653333333333332,
        34.86666666666667,
        30.133333333333333,
        36.76,
        29.753333333333334,
        26.42,
        27.766666666666666,
        27.086666666666666,
        28.233333333333334,
        28.413333333333334,
        30.38,
        28.926666666666666,
        28.706666666666667,
        31.606666666666666,
        30.426666666666666,
        31.8,
        31.32,
        33.4,
        29.873333333333335,
        31.326666666666668,
        31.26,
        30.62,
        30.913333333333334,
        26.46,
        28.82,
        31.786666666666665,
        29.16,
        29.586666666666666,
        31.153333333333332,
        30.813333333333333,
        28.326666666666668,
        30.34,
        28.0,
        27.833333333333332,
        30.406666666666666,
        34.486666666666665,
        28.52,
        31.733333333333334,
        28.326666666666668,
        28.433333333333334,
        30.653333333333332,
        29.826666666666668,
        31.073333333333334,
        26.22,
        27.526666666666667,
        33.02,
        26.14,
        29.98,
        29.44,
        27.34,
        27.393333333333334,
        29.286666666666665,
        29.486666666666668,
        33.85333333333333,
        29.366666666666667,
        30.106666666666666,
        28.506666666666668,
        30.333333333333332,
        29.8,
        32.906666666666666,
        32.1,
        30.426666666666666,
        28.69333333333333,
        28.62,
        29.19333333333333,
        30.3,
        29.013333333333332,
        29.093333333333334,
        29.96,
        30.906666666666666,
        30.5,
        29.333333333333332,
        28.526666666666667,
        31.69333333333333,
        28.566666666666666,
        29.346666666666668,
        27.88,
        30.14666666666667,
        31.013333333333332,
        26.886666666666667,
        30.086666666666666,
        31.54,
        29.733333333333334,
        27.526666666666667,
        27.966666666666665,
        36.70666666666666,
        29.62,
        29.486666666666668,
        28.713333333333335,
        33.16,
        36.61333333333334,
        36.88666666666666,
        36.766666666666666,
        61.486666666666665,
        55.00666666666667,
        51.36,
        54.49333333333333,
        66.74666666666667,
        86.04666666666667,
        91.48666666666666,
        110.94666666666667,
        115.75333333333333,
        118.94,
        139.92666666666668,
        158.44666666666666,
        144.64,
        152.97333333333333,
        161.57333333333332,
        176.90666666666667,
        186.60666666666665,
        198.93333333333334,
        183.18666666666667,
        190.9,
        199.04,
        188.11333333333334,
        168.28,
        198.30666666666667,
        209.65333333333334,
        210.88,
        212.32,
        203.84666666666666,
        200.12,
        221.22,
        215.18,
        219.44,
        224.72,
        229.16,
        237.11333333333334,
        236.64666666666668,
        240.72666666666666,
        247.59333333333333,
        233.21333333333334,
        244.61333333333334,
        247.04,
        241.96666666666667,
        232.78666666666666,
        227.93333333333334,
        230.73333333333332,
        250.3,
        249.88,
        243.83333333333334,
        248.72,
        251.86666666666667,
        267.88666666666666,
        271.82666666666665,
        248.51333333333332,
        267.43333333333334,
        246.02,
        278.82666666666665,
        252.96,
        247.61333333333334,
        269.23333333333335,
        278.7133333333333,
        262.0,
        246.86,
        262.93333333333334,
        253.47333333333333,
        281.38666666666666,
        253.39333333333335,
        256.8466666666667,
        244.90666666666667,
        245.44666666666666,
        263.3466666666667,
        258.93333333333334,
        262.74666666666667,
        255.85333333333332,
        242.97333333333333,
        257.06666666666666,
        292.26666666666665,
        273.24,
        238.93333333333334,
        242.46666666666667,
        258.46666666666664,
        234.86666666666667,
        251.38,
        241.68,
        253.52,
        247.2,
        253.35333333333332,
        253.26666666666668
    ],
    "best fitness history": [
        10,
        10,
        10,
        24,
        204,
        499,
        499,
        239,
        499,
        499,
        481,
        212,
        305,
        290,
        291,
        275,
        248,
        267,
        286,
        232,
        227,
        247,
        217,
        236,
        172,
        137,
        144,
        100,
        130,
        128,
        127,
        115,
        139,
        114,
        109,
        118,
        106,
        118,
        142,
        86,
        160,
        110,
        104,
        100,
        72,
        113,
        98,
        96,
        167,
        101,
        80,
        92,
        132,
        91,
        155,
        151,
        98,
        133,
        136,
        95,
        101,
        78,
        210,
        102,
        84,
        124,
        91,
        91,
        97,
        120,
        75,
        130,
        128,
        499,
        103,
        106,
        124,
        87,
        98,
        244,
        436,
        101,
        93,
        130,
        124,
        215,
        136,
        112,
        79,
        164,
        112,
        115,
        97,
        151,
        174,
        114,
        85,
        88,
        146,
        103,
        92,
        113,
        138,
        117,
        101,
        499,
        92,
        132,
        87,
        499,
        499,
        443,
        475,
        499,
        499,
        499,
        499,
        499,
        499,
        499,
        499,
        499,
        499,
        499,
        499,
        499,
        499,
        499,
        499,
        499,
        499,
        499,
        499,
        499,
        499,
        499,
        499,
        499,
        499,
        499,
        499,
        499,
        499,
        499,
        499,
        499,
        499,
        499,
        499,
        499,
        499,
        499,
        499,
        499,
        499,
        499,
        499,
        499,
        499,
        499,
        499,
        499,
        499,
        499,
        499,
        499,
        499,
        499,
        499,
        499,
        499,
        499,
        499,
        499,
        499,
        499,
        499,
        499,
        499,
        499,
        499,
        499,
        499,
        499,
        499,
        499,
        499,
        499,
        499,
        499,
        499,
        499,
        499,
        499,
        499,
        499,
        499,
        499,
        499,
        499
    ],