{
    "time": "2022-09-10-13-49-59",
    "generations": 200,
    "fitness history": [
        8.433333333333334,
        8.333333333333334,
        8.32,
        8.346666666666666,
        8.44,
        8.366666666666667,
        8.306666666666667,
        8.32,
        9.02,
        11.766666666666667,
        23.053333333333335,
        40.53333333333333,
        39.413333333333334,
        36.306666666666665,
        36.98,
        8.413333333333334,
        39.166666666666664,
        39.74,
        44.906666666666666,
        44.18666666666667,
        8.32,
        38.78666666666667,
        36.92,
        8.473333333333333,
        42.346666666666664,
        45.45333333333333,
        8.426666666666666,
        28.506666666666668,
        8.373333333333333,
        28.633333333333333,
        8.506666666666666,
        29.333333333333332,
        28.026666666666667,
        28.986666666666668,
        40.2,
        37.32,
        39.92,
        8.373333333333333,
        28.64666666666667,
        40.14666666666667,
        8.406666666666666,
        8.313333333333333,
        8.326666666666666,
        8.326666666666666,
        37.473333333333336,
        28.98,
        8.346666666666666,
        8.373333333333333,
        41.22666666666667,
        28.086666666666666,
        26.613333333333333,
        10.013333333333334,
        39.346666666666664,
        16.6,
        13.193333333333333,
        37.04,
        24.733333333333334,
        8.386666666666667,
        43.413333333333334,
        39.26,
        31.626666666666665,
        8.326666666666666,
        8.333333333333334,
        17.546666666666667,
        10.686666666666667,
        9.78,
        41.5,
        8.42,
        35.2,
        8.3,
        8.433333333333334,
        38.70666666666666,
        8.313333333333333,
        8.353333333333333,
        8.386666666666667,
        8.333333333333334,
        8.353333333333333,
        8.46,
        23.066666666666666,
        37.14666666666667,
        28.773333333333333,
        39.026666666666664,
        8.433333333333334,
        43.44,
        36.22,
        8.346666666666666,
        8.346666666666666,
        35.5,
        41.78666666666667,
        34.92,
        37.52,
        24.9,
        8.386666666666667,
        44.04,
        8.326666666666666,
        8.253333333333334,
        21.393333333333334,
        8.413333333333334,
        8.34,
        41.68,
        8.313333333333333,
        8.5,
        8.3,
        28.466666666666665,
        8.26,
        8.186666666666667,
        8.326666666666666,
        36.86,
        8.366666666666667,
        8.446666666666667,
        42.96666666666667,
        32.513333333333335,
        41.17333333333333,
        8.34,
        8.206666666666667,
        8.366666666666667,
        8.426666666666666,
        41.88,
        8.393333333333333,
        38.193333333333335,
        8.206666666666667,
        8.346666666666666,
        36.1,
        8.46,
        39.193333333333335,
        8.373333333333333,
        24.24,
        41.10666666666667,
        8.373333333333333,
        8.873333333333333,
        8.346666666666666,
        8.44,
        8.433333333333334,
        8.393333333333333,
        8.373333333333333,
        8.306666666666667,
        8.346666666666666,
        39.45333333333333,
        20.553333333333335,
        8.42,
        35.333333333333336,
        35.53333333333333,
        40.42666666666667,
        35.27333333333333,
        43.39333333333333,
        8.313333333333333,
        8.4,
        38.153333333333336,
        8.413333333333334,
        8.366666666666667,
        40.68,
        38.4,
        8.993333333333334,
        16.993333333333332,
        8.36,
        10.6,
        36.77333333333333,
        8.366666666666667,
        8.573333333333334,
        8.413333333333334,
        38.906666666666666,
        28.366666666666667,
        8.4,
        8.26,
        8.38,
        8.36,
        37.38,
        8.326666666666666,
        8.386666666666667,
        8.366666666666667,
        8.44,
        8.353333333333333,
        15.713333333333333,
        8.366666666666667,
        8.34,
        8.393333333333333,
        8.453333333333333,
        8.346666666666666,
        8.453333333333333,
        8.28,
        8.28,
        35.03333333333333,
        36.026666666666664,
        8.46,
        8.38,
        26.35333333333333,
        36.013333333333335,
        65.35333333333334,
        8.393333333333333,
        9.88,
        8.426666666666666,
        17.253333333333334,
        8.48,
        8.3,
        41.62,
        74.51333333333334,
        8.38,
        86.35333333333334,
        8.426666666666666,
        8.313333333333333
    ],
    "best fitness history": [
        10,
        10,
        10,
        10,
        10,
        10,
        10,
        10,
        44,
        72,
        164,
        97,
        136,
        91,
        88,
        10,
        134,
        138,
        334,
        114,
        10,
        101,
        110,
        10,
        118,
        254,
        10,
        60,
        10,
        55,
        11,
        160,
        72,
        67,
        116,
        109,
        94,
        10,
        72,
        180,
        10,
        10,
        10,
        10,
        122,
        61,
        10,
        32,
        102,
        59,
        66,
        68,
        142,
        45,
        72,
        115,
        109,
        10,
        324,
        91,
        89,
        10,
        10,
        42,
        360,
        219,
        90,
        10,
        76,
        10,
        10,
        100,
        10,
        10,
        10,
        10,
        10,
        10,
        65,
        109,
        115,
        112,
        10,
        121,
        128,
        10,
        10,
        74,
        156,
        92,
        257,
        76,
        10,
        222,
        10,
        10,
        98,
        10,
        10,
        106,
        10,
        10,
        10,
        76,
        10,
        10,
        10,
        115,
        10,
        10,
        111,
        87,
        103,
        10,
        10,
        10,
        10,
        228,
        10,
        135,
        10,
        10,
        75,
        10,
        101,
        10,
        45,
        118,
        10,
        11,
        10,
        10,
        10,
        10,
        10,
        10,
        10,
        106,
        63,
        10,
        88,
        91,
        109,
        94,
        208,
        10,
        10,
        112,
        10,
        10,
        156,
        95,
        16,
        44,
        10,
        14,
        111,
        10,
        11,
        10,
        106,
        62,
        10,
        10,
        10,
        10,
        82,
        10,
        10,
        10,
        10,
        10,
        28,
        10,
        10,
        10,
        10,
        10,
        10,
        10,
        10,
        134,
        105,
        10,
        10,
        248,
        86,
        130,
        10,
        13,
        10,
        28,
        10,
        10,
        166,
        246,
        10,
        177,
        10,
        10
    ],