{
    "time": "2022-09-12-12-52-49",
    "generations": 200,
    "fitness history": [
        8.346666666666666,
        8.86,
        14.913333333333334,
        36.126666666666665,
        15.126666666666667,
        27.706666666666667,
        10.993333333333334,
        9.713333333333333,
        27.226666666666667,
        10.026666666666667,
        8.933333333333334,
        36.22666666666667,
        178.14666666666668,
        184.46666666666667,
        8.313333333333333,
        165.46,
        9.7,
        8.413333333333334,
        22.44,
        343.8333333333333,
        8.293333333333333,
        8.3,
        8.233333333333333,
        34.653333333333336,
        8.386666666666667,
        53.126666666666665,
        8.373333333333333,
        8.453333333333333,
        28.473333333333333,
        17.2,
        18.69333333333333,
        33.44,
        8.993333333333334,
        8.38,
        8.28,
        34.346666666666664,
        16.793333333333333,
        8.34,
        8.473333333333333,
        34.5,
        8.22,
        8.34,
        9.193333333333333,
        13.566666666666666,
        18.073333333333334,
        8.313333333333333,
        8.28,
        10.686666666666667,
        42.14666666666667,
        8.313333333333333,
        22.86,
        8.393333333333333,
        8.386666666666667,
        14.586666666666666,
        27.613333333333333,
        16.886666666666667,
        9.866666666666667,
        8.346666666666666,
        13.94,
        8.353333333333333,
        8.386666666666667,
        24.073333333333334,
        8.393333333333333,
        8.76,
        8.286666666666667,
        32.973333333333336,
        8.353333333333333,
        54.7,
        8.28,
        8.366666666666667,
        8.326666666666666,
        67.44,
        8.22,
        8.406666666666666,
        8.466666666666667,
        8.44,
        35.9,
        8.386666666666667,
        8.373333333333333,
        8.326666666666666,
        8.366666666666667,
        8.413333333333334,
        8.5,
        8.333333333333334,
        8.326666666666666,
        8.36,
        10.96,
        15.5,
        8.18,
        11.82,
        8.306666666666667,
        8.346666666666666,
        18.58,
        73.85333333333334,
        8.433333333333334,
        8.386666666666667,
        8.3,
        47.85333333333333,
        32.82666666666667,
        8.406666666666666,
        8.393333333333333,
        8.4,
        8.306666666666667,
        8.38,
        27.113333333333333,
        12.486666666666666,
        8.386666666666667,
        8.386666666666667,
        8.406666666666666,
        113.26666666666667,
        8.46,
        16.9,
        8.333333333333334,
        42.126666666666665,
        8.386666666666667,
        11.36,
        8.453333333333333,
        53.653333333333336,
        8.34,
        8.486666666666666,
        8.44,
        9.073333333333334,
        8.346666666666666,
        8.326666666666666,
        32.67333333333333,
        31.1,
        8.433333333333334,
        8.453333333333333,
        8.493333333333334,
        8.38,
        8.393333333333333,
        8.346666666666666,
        25.366666666666667,
        15.606666666666667,
        8.366666666666667,
        8.406666666666666,
        8.36,
        8.326666666666666,
        68.93333333333334,
        9.013333333333334,
        8.373333333333333,
        8.34,
        8.306666666666667,
        8.386666666666667,
        8.413333333333334,
        8.386666666666667,
        8.286666666666667,
        18.433333333333334,
        8.353333333333333,
        8.313333333333333,
        8.346666666666666,
        73.62666666666667,
        9.62,
        8.306666666666667,
        9.306666666666667,
        8.4,
        33.14666666666667,
        8.3,
        8.346666666666666,
        14.513333333333334,
        9.12,
        8.733333333333333,
        11.786666666666667,
        58.96,
        11.806666666666667,
        8.22,
        8.3,
        8.406666666666666,
        8.32,
        8.3,
        8.346666666666666,
        8.42,
        8.266666666666667,
        8.293333333333333,
        8.34,
        71.66,
        9.486666666666666,
        8.3,
        8.353333333333333,
        8.466666666666667,
        8.386666666666667,
        8.386666666666667,
        8.273333333333333,
        13.873333333333333,
        8.766666666666667,
        8.386666666666667,
        38.22666666666667,
        8.353333333333333,
        8.486666666666666,
        49.45333333333333,
        8.253333333333334,
        8.36,
        8.48,
        8.486666666666666,
        8.286666666666667,
        8.32,
        11.826666666666666,
        8.406666666666666,
        8.246666666666666,
        8.386666666666667
    ],
    "best fitness history": [
        10,
        54,
        222,
        499,
        59,
        71,
        173,
        37,
        282,
        205,
        40,
        267,
        499,
        297,
        9,
        499,
        55,
        10,
        97,
        499,
        10,
        10,
        9,
        105,
        10,
        100,
        10,
        10,
        60,
        70,
        84,
        96,
        18,
        10,
        10,
        77,
        113,
        10,
        10,
        68,
        10,
        10,
        11,
        56,
        48,
        10,
        10,
        17,
        298,
        10,
        220,
        10,
        10,
        28,
        91,
        33,
        12,
        10,
        18,
        10,
        10,
        98,
        10,
        10,
        10,
        80,
        10,
        134,
        10,
        10,
        10,
        189,
        10,
        10,
        10,
        10,
        129,
        10,
        10,
        10,
        10,
        10,
        10,
        10,
        10,
        10,
        18,
        30,
        10,
        15,
        10,
        10,
        29,
        194,
        10,
        10,
        10,
        499,
        86,
        26,
        10,
        10,
        10,
        10,
        86,
        32,
        10,
        10,
        10,
        235,
        10,
        25,
        10,
        67,
        10,
        15,
        10,
        144,
        10,
        10,
        10,
        11,
        10,
        10,
        102,
        46,
        10,
        10,
        10,
        10,
        10,
        10,
        37,
        137,
        10,
        10,
        10,
        10,
        195,
        22,
        10,
        10,
        10,
        10,
        10,
        10,
        10,
        62,
        10,
        10,
        10,
        187,
        14,
        10,
        12,
        10,
        89,
        10,
        10,
        24,
        30,
        10,
        17,
        103,
        16,
        10,
        10,
        10,
        10,
        10,
        10,
        10,
        10,
        10,
        10,
        212,
        13,
        10,
        10,
        10,
        10,
        10,
        10,
        26,
        11,
        10,
        54,
        10,
        10,
        124,
        10,
        10,
        10,
        10,
        10,
        10,
        17,
        10,
        10,
        10
    ],