{
    "time": "2022-09-12-02-06-08",
    "generations": 200,
    "fitness history": [
        8.34,
        8.26,
        8.313333333333333,
        8.42,
        9.026666666666667,
        10.473333333333333,
        14.606666666666667,
        26.19333333333333,
        19.7,
        20.633333333333333,
        18.313333333333333,
        15.186666666666667,
        17.726666666666667,
        17.946666666666665,
        22.106666666666666,
        21.253333333333334,
        19.726666666666667,
        19.093333333333334,
        19.926666666666666,
        20.613333333333333,
        20.873333333333335,
        21.413333333333334,
        20.633333333333333,
        21.74,
        24.013333333333332,
        22.246666666666666,
        20.64,
        22.673333333333332,
        25.433333333333334,
        23.9,
        21.686666666666667,
        22.18,
        21.066666666666666,
        24.753333333333334,
        21.473333333333333,
        23.453333333333333,
        22.32,
        20.266666666666666,
        21.773333333333333,
        21.886666666666667,
        19.033333333333335,
        21.06,
        22.393333333333334,
        20.546666666666667,
        23.653333333333332,
        21.673333333333332,
        20.446666666666665,
        21.3,
        21.26,
        21.473333333333333,
        20.56,
        21.52,
        22.35333333333333,
        20.706666666666667,
        20.513333333333332,
        21.986666666666668,
        20.066666666666666,
        21.253333333333334,
        20.2,
        19.253333333333334,
        22.493333333333332,
        22.52,
        20.56,
        22.1,
        22.566666666666666,
        22.533333333333335,
        21.813333333333333,
        23.033333333333335,
        22.62,
        22.173333333333332,
        21.7,
        19.42,
        20.573333333333334,
        22.68,
        21.84,
        20.466666666666665,
        21.746666666666666,
        20.3,
        20.72,
        22.166666666666668,
        20.42,
        18.1,
        20.473333333333333,
        20.3,
        20.913333333333334,
        22.58,
        21.586666666666666,
        21.16,
        21.86,
        22.233333333333334,
        22.76,
        22.22,
        21.013333333333332,
        20.8,
        19.86,
        21.813333333333333,
        20.773333333333333,
        22.133333333333333,
        22.246666666666666,
        19.566666666666666,
        18.986666666666668,
        20.38,
        20.513333333333332,
        21.633333333333333,
        21.446666666666665,
        19.133333333333333,
        21.873333333333335,
        20.593333333333334,
        22.933333333333334,
        20.013333333333332,
        21.72,
        21.986666666666668,
        22.206666666666667,
        21.086666666666666,
        20.786666666666665,
        19.766666666666666,
        22.166666666666668,
        23.726666666666667,
        24.333333333333332,
        22.633333333333333,
        23.513333333333332,
        23.226666666666667,
        22.006666666666668,
        22.96,
        22.84,
        23.32,
        20.493333333333332,
        22.26,
        22.633333333333333,
        20.386666666666667,
        20.626666666666665,
        21.08,
        20.886666666666667,
        22.22,
        23.486666666666668,
        21.666666666666668,
        21.266666666666666,
        22.24,
        22.36,
        21.64666666666667,
        20.726666666666667,
        21.766666666666666,
        21.66,
        19.32,
        19.406666666666666,
        20.633333333333333,
        21.533333333333335,
        19.666666666666668,
        21.546666666666667,
        20.593333333333334,
        20.54,
        21.22,
        20.973333333333333,
        20.54,
        21.406666666666666,
        19.85333333333333,
        21.473333333333333,
        22.46,
        21.466666666666665,
        20.113333333333333,
        20.706666666666667,
        20.926666666666666,
        20.433333333333334,
        21.493333333333332,
        20.64,
        22.233333333333334,
        22.053333333333335,
        22.133333333333333,
        22.22,
        21.393333333333334,
        21.373333333333335,
        23.226666666666667,
        22.85333333333333,
        20.973333333333333,
        22.833333333333332,
        20.913333333333334,
        21.1,
        20.0,
        21.406666666666666,
        20.35333333333333,
        20.613333333333333,
        21.9,
        19.48,
        21.133333333333333,
        21.32,
        20.346666666666668,
        21.033333333333335,
        20.453333333333333,
        21.64666666666667,
        23.073333333333334,
        22.48,
        23.346666666666668,
        20.44,
        19.94,
        20.72,
        21.486666666666668,
        23.153333333333332,
        22.446666666666665,
        22.706666666666667,
        20.246666666666666
    ],
    "best fitness history": [
        10,
        10,
        10,
        24,
        52,
        51,
        59,
        65,
        67,
        65,
        66,
        62,
        68,
        65,
        117,
        65,
        76,
        60,
        61,
        61,
        59,
        57,
        53,
        59,
        132,
        105,
        145,
        109,
        198,
        105,
        116,
        175,
        114,
        345,
        107,
        65,
        66,
        52,
        65,
        60,
        53,
        63,
        73,
        67,
        68,
        63,
        54,
        58,
        54,
        60,
        61,
        66,
        59,
        63,
        66,
        60,
        52,
        63,
        62,
        55,
        66,
        68,
        71,
        61,
        52,
        58,
        64,
        64,
        65,
        58,
        60,
        59,
        63,
        68,
        65,
        52,
        54,
        57,
        55,
        66,
        53,
        44,
        62,
        63,
        53,
        56,
        64,
        54,
        68,
        72,
        74,
        60,
        57,
        65,
        55,
        82,
        55,
        66,
        57,
        52,
        58,
        60,
        53,
        65,
        59,
        54,
        77,
        55,
        63,
        63,
        77,
        65,
        68,
        62,
        62,
        54,
        60,
        63,
        58,
        60,
        58,
        59,
        76,
        49,
        60,
        63,
        70,
        76,
        61,
        59,
        59,
        65,
        62,
        64,
        68,
        62,
        60,
        76,
        61,
        54,
        76,
        71,
        64,
        66,
        65,
        62,
        61,
        54,
        83,
        62,
        59,
        55,
        59,
        79,
        66,
        72,
        59,
        74,
        60,
        58,
        62,
        53,
        71,
        95,
        92,
        75,
        98,
        92,
        128,
        80,
        79,
        128,
        86,
        138,
        65,
        65,
        83,
        65,
        61,
        62,
        58,
        57,
        111,
        56,
        72,
        58,
        63,
        65,
        60,
        65,
        65,
        64,
        66,
        62,
        59,
        55,
        60,
        59,
        61,
        55
    ],