{
    "time": "2022-09-10-12-34-46",
    "generations": 200,
    "fitness history": [
        8.353333333333333,
        8.28,
        8.386666666666667,
        8.36,
        8.366666666666667,
        8.366666666666667,
        8.353333333333333,
        8.32,
        8.46,
        8.42,
        8.406666666666666,
        8.313333333333333,
        8.366666666666667,
        8.413333333333334,
        8.306666666666667,
        8.34,
        8.373333333333333,
        8.3,
        9.64,
        15.22,
        8.293333333333333,
        49.25333333333333,
        8.34,
        8.306666666666667,
        8.333333333333334,
        185.86,
        200.48666666666668,
        8.193333333333333,
        201.47333333333333,
        198.72666666666666,
        8.126666666666667,
        196.0,
        8.173333333333334,
        8.333333333333334,
        199.72666666666666,
        196.20666666666668,
        8.206666666666667,
        196.77333333333334,
        195.66666666666666,
        195.24,
        8.346666666666666,
        202.88666666666666,
        195.96,
        198.20666666666668,
        155.97333333333333,
        197.45333333333335,
        8.246666666666666,
        8.24,
        8.393333333333333,
        8.24,
        199.10666666666665,
        8.253333333333334,
        8.126666666666667,
        8.233333333333333,
        191.46666666666667,
        200.28,
        201.01333333333332,
        8.346666666666666,
        8.446666666666667,
        8.42,
        8.32,
        195.19333333333333,
        193.78,
        8.293333333333333,
        197.1,
        8.18,
        8.293333333333333,
        201.6,
        8.38,
        8.406666666666666,
        191.68666666666667,
        8.266666666666667,
        199.04,
        191.36666666666667,
        8.366666666666667,
        8.34,
        197.89333333333335,
        8.306666666666667,
        8.346666666666666,
        8.286666666666667,
        8.36,
        8.426666666666666,
        8.353333333333333,
        8.286666666666667,
        8.273333333333333,
        11.72,
        8.36,
        12.773333333333333,
        9.88,
        8.366666666666667,
        8.346666666666666,
        8.3,
        67.18666666666667,
        8.373333333333333,
        190.85333333333332,
        8.3,
        8.313333333333333,
        8.393333333333333,
        8.38,
        14.326666666666666,
        8.326666666666666,
        8.366666666666667,
        8.42,
        9.913333333333334,
        182.38,
        8.4,
        8.76,
        10.613333333333333,
        48.52,
        14.54,
        8.32,
        8.42,
        8.286666666666667,
        8.493333333333334,
        8.48,
        8.426666666666666,
        8.333333333333334,
        8.466666666666667,
        8.28,
        8.253333333333334,
        12.333333333333334,
        8.46,
        8.473333333333333,
        8.313333333333333,
        8.46,
        8.34,
        8.346666666666666,
        44.25333333333333,
        8.386666666666667,
        45.94,
        8.273333333333333,
        8.34,
        8.34,
        8.426666666666666,
        8.18,
        8.413333333333334,
        8.286666666666667,
        8.326666666666666,
        8.313333333333333,
        157.10666666666665,
        8.346666666666666,
        8.386666666666667,
        8.3,
        8.173333333333334,
        10.466666666666667,
        8.34,
        8.313333333333333,
        8.26,
        8.366666666666667,
        8.226666666666667,
        8.3,
        16.293333333333333,
        8.326666666666666,
        8.433333333333334,
        8.313333333333333,
        8.48,
        8.386666666666667,
        20.966666666666665,
        18.96,
        8.326666666666666,
        8.26,
        8.32,
        30.66,
        8.333333333333334,
        7.8,
        8.406666666666666,
        11.166666666666666,
        8.433333333333334,
        8.38,
        8.34,
        8.486666666666666,
        8.206666666666667,
        25.746666666666666,
        8.346666666666666,
        8.42,
        8.333333333333334,
        9.213333333333333,
        8.38,
        8.366666666666667,
        8.406666666666666,
        8.266666666666667,
        8.406666666666666,
        8.46,
        8.326666666666666,
        8.313333333333333,
        8.333333333333334,
        8.333333333333334,
        8.353333333333333,
        8.34,
        8.333333333333334,
        8.373333333333333,
        8.393333333333333,
        8.706666666666667,
        51.00666666666667,
        8.36,
        12.4,
        8.366666666666667,
        8.14,
        8.273333333333333,
        8.453333333333333
    ],
    "best fitness history": [
        10,
        10,
        10,
        10,
        10,
        10,
        10,
        10,
        10,
        10,
        10,
        10,
        10,
        10,
        10,
        10,
        10,
        10,
        203,
        283,
        10,
        289,
        10,
        10,
        10,
        284,
        289,
        9,
        305,
        278,
        10,
        307,
        10,
        10,
        325,
        288,
        9,
        329,
        307,
        320,
        9,
        310,
        313,
        292,
        313,
        315,
        9,
        9,
        10,
        10,
        294,
        9,
        9,
        9,
        328,
        297,
        292,
        9,
        10,
        10,
        10,
        499,
        337,
        9,
        301,
        10,
        10,
        340,
        10,
        10,
        289,
        10,
        306,
        313,
        10,
        10,
        276,
        10,
        9,
        10,
        10,
        10,
        10,
        10,
        10,
        240,
        10,
        15,
        12,
        10,
        10,
        10,
        118,
        10,
        296,
        10,
        10,
        10,
        10,
        18,
        10,
        10,
        10,
        12,
        382,
        10,
        12,
        13,
        79,
        19,
        10,
        10,
        10,
        10,
        10,
        10,
        10,
        10,
        10,
        10,
        68,
        10,
        10,
        10,
        10,
        10,
        10,
        274,
        10,
        65,
        10,
        10,
        10,
        10,
        10,
        10,
        10,
        10,
        10,
        254,
        10,
        10,
        9,
        9,
        12,
        10,
        10,
        10,
        10,
        10,
        10,
        20,
        10,
        10,
        10,
        10,
        10,
        31,
        26,
        9,
        10,
        10,
        41,
        9,
        9,
        10,
        46,
        10,
        10,
        10,
        10,
        10,
        34,
        10,
        10,
        10,
        11,
        10,
        10,
        10,
        10,
        10,
        10,
        10,
        10,
        10,
        10,
        10,
        10,
        10,
        10,
        10,
        11,
        83,
        10,
        21,
        10,
        10,
        10,
        10
    ],