{
    "time": "2022-09-12-08-51-59",
    "generations": 200,
    "fitness history": [
        8.34,
        8.566666666666666,
        9.933333333333334,
        15.813333333333333,
        33.22666666666667,
        22.046666666666667,
        61.54,
        71.62666666666667,
        105.34,
        104.10666666666667,
        24.933333333333334,
        20.166666666666668,
        103.98666666666666,
        123.53333333333333,
        126.54,
        120.97333333333333,
        107.57333333333334,
        128.02666666666667,
        124.20666666666666,
        135.66666666666666,
        113.54,
        131.33333333333334,
        134.47333333333333,
        126.12,
        129.30666666666667,
        136.02,
        125.26666666666667,
        129.84666666666666,
        119.52666666666667,
        144.80666666666667,
        133.03333333333333,
        136.37333333333333,
        123.26,
        130.38666666666666,
        136.16666666666666,
        130.43333333333334,
        131.38666666666666,
        129.06666666666666,
        138.76666666666668,
        130.18666666666667,
        135.87333333333333,
        132.07333333333332,
        140.86666666666667,
        127.1,
        137.02666666666667,
        130.92666666666668,
        136.21333333333334,
        134.55333333333334,
        135.29333333333332,
        135.24,
        133.12666666666667,
        129.50666666666666,
        137.6,
        134.00666666666666,
        136.38666666666666,
        130.34,
        128.9,
        130.29333333333332,
        125.15333333333334,
        140.75333333333333,
        142.50666666666666,
        140.83333333333334,
        144.03333333333333,
        135.78,
        137.98666666666668,
        133.88666666666666,
        133.52,
        128.76666666666668,
        139.63333333333333,
        138.66666666666666,
        138.9,
        143.50666666666666,
        137.35333333333332,
        137.06666666666666,
        133.14,
        140.06666666666666,
        135.43333333333334,
        130.11333333333334,
        129.72,
        139.0,
        152.76666666666668,
        144.66,
        144.13333333333333,
        144.58666666666667,
        138.45333333333335,
        136.05333333333334,
        135.95333333333335,
        129.12666666666667,
        130.51333333333332,
        129.44,
        137.51333333333332,
        131.14,
        128.17333333333335,
        142.55333333333334,
        142.04,
        131.66666666666666,
        137.68666666666667,
        125.76,
        136.18,
        136.11333333333334,
        133.7,
        140.34,
        140.49333333333334,
        133.66666666666666,
        134.78666666666666,
        136.3,
        139.61333333333334,
        138.64666666666668,
        143.68,
        132.12,
        139.29333333333332,
        139.52666666666667,
        143.49333333333334,
        132.23333333333332,
        132.25333333333333,
        137.49333333333334,
        143.95333333333335,
        132.70666666666668,
        135.14,
        134.12666666666667,
        144.73333333333332,
        134.34666666666666,
        132.61333333333334,
        139.08666666666667,
        142.87333333333333,
        139.18666666666667,
        133.47333333333333,
        148.16666666666666,
        140.29333333333332,
        141.28666666666666,
        139.90666666666667,
        130.26,
        133.36666666666667,
        137.06666666666666,
        146.22,
        136.28,
        147.32666666666665,
        139.34666666666666,
        144.42666666666668,
        138.39333333333335,
        135.69333333333333,
        134.22666666666666,
        135.76,
        130.56,
        134.38,
        134.75333333333333,
        133.44,
        125.15333333333334,
        132.05333333333334,
        129.13333333333333,
        136.94,
        127.08666666666667,
        125.61333333333333,
        134.01333333333332,
        138.38666666666666,
        131.54666666666665,
        130.46,
        134.03333333333333,
        142.92666666666668,
        135.90666666666667,
        126.74,
        134.35333333333332,
        131.27333333333334,
        139.62,
        134.79333333333332,
        138.11333333333334,
        138.74,
        141.46666666666667,
        132.23333333333332,
        134.5,
        145.96666666666667,
        143.78666666666666,
        133.44666666666666,
        133.94666666666666,
        145.03333333333333,
        146.83333333333334,
        137.82666666666665,
        133.60666666666665,
        134.98,
        139.24666666666667,
        136.38666666666666,
        137.43333333333334,
        135.73333333333332,
        140.11333333333334,
        140.28666666666666,
        137.45333333333335,
        141.80666666666667,
        137.28,
        131.00666666666666,
        139.62666666666667,
        139.46666666666667,
        138.98666666666668,
        135.20666666666668,
        130.7,
        143.38666666666666,
        133.83333333333334,
        135.95333333333335,
        141.12666666666667,
        143.16666666666666,
        146.53333333333333
    ],
    "best fitness history": [
        10,
        48,
        236,
        257,
        268,
        60,
        287,
        269,
        298,
        321,
        239,
        276,
        298,
        326,
        325,
        295,
        329,
        284,
        279,
        320,
        283,
        362,
        308,
        297,
        323,
        337,
        279,
        287,
        289,
        300,
        309,
        302,
        287,
        305,
        298,
        328,
        303,
        318,
        309,
        282,
        330,
        284,
        307,
        270,
        320,
        300,
        300,
        304,
        305,
        297,
        273,
        286,
        332,
        279,
        329,
        278,
        301,
        300,
        309,
        284,
        278,
        307,
        313,
        319,
        303,
        322,
        260,
        266,
        314,
        294,
        286,
        325,
        286,
        339,
        326,
        330,
        322,
        297,
        282,
        297,
        306,
        307,
        295,
        284,
        317,
        311,
        294,
        284,
        301,
        298,
        320,
        296,
        288,
        312,
        292,
        294,
        291,
        272,
        309,
        327,
        307,
        286,
        301,
        289,
        499,
        499,
        302,
        306,
        290,
        304,
        333,
        298,
        311,
        296,
        310,
        499,
        297,
        345,
        297,
        283,
        312,
        306,
        291,
        303,
        280,
        266,
        289,
        331,
        309,
        316,
        271,
        305,
        314,
        340,
        304,
        300,
        285,
        299,
        298,
        273,
        279,
        336,
        270,
        304,
        287,
        301,
        314,
        301,
        300,
        302,
        331,
        310,
        315,
        342,
        298,
        294,
        280,
        273,
        283,
        281,
        288,
        304,
        320,
        281,
        299,
        316,
        287,
        315,
        292,
        290,
        286,
        271,
        327,
        298,
        284,
        294,
        293,
        311,
        289,
        324,
        268,
        308,
        308,
        313,
        321,
        296,
        278,
        278,
        300,
        283,
        281,
        286,
        270,
        291,
        303,
        293,
        289,
        345,
        301,
        316
    ],