{
    "time": "2022-09-10-05-08-49",
    "generations": 200,
    "fitness history": [
        8.346666666666666,
        8.493333333333334,
        8.346666666666666,
        8.313333333333333,
        8.333333333333334,
        8.393333333333333,
        8.333333333333334,
        8.433333333333334,
        8.333333333333334,
        8.3,
        8.386666666666667,
        8.693333333333333,
        8.34,
        8.253333333333334,
        8.393333333333333,
        8.353333333333333,
        8.226666666666667,
        8.313333333333333,
        8.38,
        8.366666666666667,
        9.06,
        12.806666666666667,
        8.293333333333333,
        34.63333333333333,
        8.34,
        8.36,
        8.433333333333334,
        41.38666666666666,
        38.166666666666664,
        8.366666666666667,
        38.693333333333335,
        8.466666666666667,
        43.973333333333336,
        8.28,
        8.34,
        8.32,
        8.393333333333333,
        9.94,
        8.273333333333333,
        8.393333333333333,
        39.32666666666667,
        8.253333333333334,
        38.34,
        70.72666666666667,
        22.42,
        8.273333333333333,
        200.27333333333334,
        13.406666666666666,
        8.28,
        8.4,
        166.87333333333333,
        11.846666666666666,
        95.44666666666667,
        292.6533333333333,
        8.0,
        51.82,
        495.73333333333335,
        8.2,
        8.386666666666667,
        8.313333333333333,
        463.38666666666666,
        187.69333333333333,
        162.92,
        8.173333333333334,
        391.04,
        35.666666666666664,
        8.2,
        51.94,
        8.32,
        8.173333333333334,
        8.146666666666667,
        8.433333333333334,
        8.533333333333333,
        23.28,
        8.26,
        494.76666666666665,
        8.833333333333334,
        465.4866666666667,
        200.05333333333334,
        8.38,
        67.84666666666666,
        25.713333333333335,
        185.55333333333334,
        7.773333333333333,
        8.326666666666666,
        31.413333333333334,
        184.16666666666666,
        8.026666666666667,
        8.413333333333334,
        58.04666666666667,
        8.22,
        8.906666666666666,
        180.08666666666667,
        17.473333333333333,
        282.91333333333336,
        8.286666666666667,
        8.293333333333333,
        8.173333333333334,
        7.94,
        9.02,
        8.326666666666666,
        8.366666666666667,
        8.56,
        8.126666666666667,
        8.973333333333333,
        188.42,
        329.5733333333333,
        8.206666666666667,
        44.43333333333333,
        8.213333333333333,
        170.16666666666666,
        282.6066666666667,
        203.53333333333333,
        39.79333333333334,
        39.346666666666664,
        8.306666666666667,
        86.96666666666667,
        8.246666666666666,
        8.28,
        42.42,
        403.9533333333333,
        8.353333333333333,
        54.07333333333333,
        134.32,
        73.45333333333333,
        198.04666666666665,
        194.76,
        8.6,
        8.186666666666667,
        8.433333333333334,
        8.213333333333333,
        8.133333333333333,
        187.84,
        8.26,
        208.71333333333334,
        195.34666666666666,
        77.36,
        8.253333333333334,
        8.933333333333334,
        8.153333333333334,
        66.07333333333334,
        8.38,
        32.27333333333333,
        8.133333333333333,
        8.24,
        8.2,
        196.33333333333334,
        246.55333333333334,
        114.38666666666667,
        495.0733333333333,
        8.273333333333333,
        33.946666666666665,
        8.26,
        54.82,
        8.293333333333333,
        30.72,
        205.78666666666666,
        8.366666666666667,
        8.473333333333333,
        8.473333333333333,
        8.206666666666667,
        195.14666666666668,
        200.52666666666667,
        141.31333333333333,
        88.69333333333333,
        7.72,
        242.26666666666668,
        189.72,
        7.8133333333333335,
        257.68,
        53.0,
        8.066666666666666,
        33.88,
        391.64,
        155.34,
        101.51333333333334,
        8.48,
        8.306666666666667,
        497.7,
        8.5,
        8.466666666666667,
        26.186666666666667,
        471.22,
        67.69333333333333,
        8.26,
        191.35333333333332,
        37.17333333333333,
        218.38666666666666,
        8.286666666666667,
        370.75333333333333,
        227.80666666666667,
        199.28,
        482.93333333333334,
        202.69333333333333,
        58.78,
        27.213333333333335,
        33.50666666666667,
        184.24,
        243.02666666666667,
        112.56
    ],
    "best fitness history": [
        10,
        10,
        10,
        10,
        10,
        10,
        10,
        10,
        10,
        10,
        10,
        57,
        10,
        10,
        10,
        10,
        10,
        10,
        10,
        10,
        45,
        78,
        10,
        119,
        10,
        10,
        10,
        130,
        122,
        10,
        92,
        10,
        162,
        10,
        10,
        10,
        10,
        258,
        10,
        10,
        105,
        10,
        82,
        177,
        54,
        9,
        296,
        38,
        9,
        10,
        499,
        499,
        214,
        409,
        9,
        169,
        499,
        9,
        9,
        10,
        499,
        282,
        218,
        9,
        499,
        81,
        9,
        133,
        10,
        9,
        9,
        9,
        10,
        36,
        9,
        499,
        10,
        499,
        296,
        10,
        191,
        39,
        328,
        9,
        10,
        55,
        320,
        9,
        10,
        147,
        9,
        10,
        274,
        27,
        385,
        9,
        10,
        9,
        9,
        10,
        10,
        10,
        10,
        10,
        10,
        362,
        499,
        10,
        66,
        10,
        252,
        499,
        304,
        176,
        114,
        10,
        181,
        9,
        10,
        75,
        499,
        10,
        100,
        499,
        98,
        297,
        313,
        10,
        10,
        10,
        9,
        9,
        499,
        10,
        312,
        332,
        136,
        9,
        10,
        10,
        210,
        10,
        82,
        9,
        9,
        10,
        349,
        499,
        214,
        499,
        10,
        84,
        9,
        93,
        9,
        46,
        297,
        10,
        10,
        10,
        10,
        294,
        315,
        223,
        159,
        9,
        476,
        369,
        10,
        499,
        118,
        9,
        80,
        499,
        259,
        499,
        10,
        10,
        499,
        10,
        10,
        45,
        499,
        125,
        10,
        295,
        99,
        499,
        9,
        499,
        499,
        307,
        499,
        303,
        159,
        75,
        70,
        281,
        352,
        189
    ],