{
    "time": "2022-09-10-02-24-59",
    "generations": 200,
    "fitness history": [
        8.286666666666667,
        8.34,
        8.326666666666666,
        8.32,
        8.293333333333333,
        8.253333333333334,
        8.446666666666667,
        8.26,
        8.46,
        8.286666666666667,
        8.346666666666666,
        8.393333333333333,
        8.72,
        8.3,
        8.32,
        8.306666666666667,
        8.3,
        8.286666666666667,
        8.493333333333334,
        8.34,
        8.366666666666667,
        8.48,
        8.353333333333333,
        8.373333333333333,
        8.433333333333334,
        8.32,
        8.366666666666667,
        8.513333333333334,
        8.446666666666667,
        8.306666666666667,
        8.306666666666667,
        8.36,
        8.32,
        8.453333333333333,
        8.48,
        8.293333333333333,
        8.453333333333333,
        8.313333333333333,
        8.34,
        8.366666666666667,
        8.26,
        8.406666666666666,
        8.366666666666667,
        8.286666666666667,
        8.306666666666667,
        8.366666666666667,
        8.26,
        8.42,
        8.36,
        8.286666666666667,
        8.453333333333333,
        8.34,
        8.306666666666667,
        8.366666666666667,
        8.646666666666667,
        8.326666666666666,
        8.453333333333333,
        8.34,
        8.373333333333333,
        8.36,
        8.313333333333333,
        8.5,
        8.34,
        8.36,
        8.2,
        8.293333333333333,
        8.386666666666667,
        8.34,
        8.466666666666667,
        9.36,
        12.68,
        21.4,
        8.413333333333334,
        8.42,
        8.346666666666666,
        8.333333333333334,
        8.406666666666666,
        8.42,
        8.446666666666667,
        8.38,
        8.333333333333334,
        8.406666666666666,
        8.913333333333334,
        28.3,
        8.266666666666667,
        8.286666666666667,
        28.666666666666668,
        29.30666666666667,
        8.306666666666667,
        29.02,
        28.373333333333335,
        27.173333333333332,
        8.32,
        8.333333333333334,
        28.273333333333333,
        29.286666666666665,
        28.06,
        8.326666666666666,
        8.326666666666666,
        8.5,
        8.346666666666666,
        8.4,
        28.26,
        8.34,
        8.246666666666666,
        8.34,
        8.36,
        26.366666666666667,
        29.093333333333334,
        8.333333333333334,
        8.446666666666667,
        27.48,
        28.78,
        8.486666666666666,
        8.46,
        29.346666666666668,
        29.666666666666668,
        8.28,
        8.46,
        29.14666666666667,
        28.946666666666665,
        32.21333333333333,
        37.36,
        19.64666666666667,
        8.32,
        8.333333333333334,
        8.426666666666666,
        9.046666666666667,
        8.446666666666667,
        8.42,
        8.4,
        209.04666666666665,
        27.053333333333335,
        8.26,
        184.88,
        69.70666666666666,
        8.333333333333334,
        41.74666666666667,
        28.626666666666665,
        8.453333333333333,
        145.25333333333333,
        93.33333333333333,
        8.4,
        8.373333333333333,
        8.413333333333334,
        30.433333333333334,
        32.86,
        8.42,
        59.86666666666667,
        8.386666666666667,
        8.173333333333334,
        216.50666666666666,
        24.04,
        277.37333333333333,
        55.06,
        35.76,
        300.28,
        8.5,
        8.273333333333333,
        8.366666666666667,
        37.013333333333335,
        63.413333333333334,
        8.24,
        8.306666666666667,
        42.34,
        40.94,
        28.833333333333332,
        8.1,
        8.293333333333333,
        26.526666666666667,
        8.28,
        8.506666666666666,
        119.01333333333334,
        8.28,
        8.193333333333333,
        8.38,
        127.09333333333333,
        10.58,
        8.473333333333333,
        44.06,
        8.46,
        173.78666666666666,
        10.133333333333333,
        8.286666666666667,
        8.413333333333334,
        8.366666666666667,
        21.506666666666668,
        8.42,
        38.28666666666667,
        207.00666666666666,
        43.89333333333333,
        24.226666666666667,
        8.266666666666667,
        8.306666666666667,
        8.353333333333333,
        8.493333333333334,
        8.36,
        8.4,
        14.066666666666666,
        34.42
    ],
    "best fitness history": [
        10,
        10,
        10,
        10,
        10,
        10,
        10,
        10,
        10,
        10,
        10,
        10,
        44,
        10,
        10,
        10,
        10,
        10,
        10,
        10,
        10,
        10,
        10,
        10,
        10,
        10,
        10,
        10,
        10,
        10,
        10,
        10,
        10,
        10,
        10,
        10,
        10,
        10,
        10,
        10,
        10,
        10,
        10,
        10,
        10,
        10,
        10,
        10,
        10,
        10,
        10,
        10,
        10,
        10,
        38,
        10,
        10,
        10,
        10,
        10,
        10,
        10,
        10,
        10,
        10,
        10,
        10,
        10,
        29,
        41,
        62,
        59,
        10,
        11,
        10,
        11,
        11,
        10,
        11,
        10,
        11,
        10,
        102,
        72,
        10,
        10,
        67,
        60,
        10,
        78,
        80,
        72,
        10,
        11,
        59,
        60,
        60,
        10,
        11,
        10,
        10,
        11,
        60,
        10,
        10,
        10,
        10,
        59,
        72,
        10,
        10,
        55,
        62,
        11,
        11,
        61,
        68,
        10,
        10,
        68,
        127,
        225,
        301,
        66,
        10,
        10,
        11,
        21,
        10,
        10,
        10,
        309,
        57,
        9,
        324,
        112,
        10,
        93,
        61,
        10,
        314,
        139,
        12,
        10,
        10,
        68,
        77,
        10,
        101,
        10,
        9,
        326,
        51,
        499,
        157,
        88,
        481,
        10,
        10,
        10,
        75,
        189,
        10,
        9,
        109,
        94,
        68,
        10,
        10,
        54,
        10,
        10,
        499,
        9,
        10,
        10,
        412,
        21,
        12,
        156,
        10,
        419,
        12,
        10,
        10,
        10,
        32,
        10,
        85,
        306,
        79,
        53,
        10,
        10,
        10,
        10,
        10,
        12,
        27,
        114
    ],