{
    "time": "2022-09-12-04-10-32",
    "generations": 200,
    "fitness history": [
        8.34,
        8.373333333333333,
        8.333333333333334,
        9.92,
        8.533333333333333,
        8.353333333333333,
        81.13333333333334,
        33.026666666666664,
        94.28666666666666,
        95.78666666666666,
        20.773333333333333,
        9.246666666666666,
        76.02,
        113.10666666666667,
        77.11333333333333,
        126.35333333333334,
        118.5,
        97.00666666666666,
        109.09333333333333,
        129.61333333333334,
        115.71333333333334,
        131.42666666666668,
        125.83333333333333,
        125.12666666666667,
        135.51333333333332,
        132.49333333333334,
        130.56,
        138.73333333333332,
        132.4,
        127.28,
        129.76666666666668,
        130.58666666666667,
        132.03333333333333,
        130.10666666666665,
        126.74666666666667,
        129.33333333333334,
        133.44666666666666,
        134.65333333333334,
        115.8,
        129.87333333333333,
        139.30666666666667,
        132.51333333333332,
        130.44666666666666,
        134.55333333333334,
        131.04666666666665,
        137.4,
        142.66,
        129.14,
        138.31333333333333,
        130.56666666666666,
        139.38,
        122.33333333333333,
        133.55333333333334,
        137.66666666666666,
        135.62,
        132.7,
        135.89333333333335,
        131.47333333333333,
        139.88666666666666,
        130.26666666666668,
        136.02,
        147.0,
        147.36,
        125.04666666666667,
        135.47333333333333,
        128.71333333333334,
        137.64666666666668,
        129.98,
        133.96666666666667,
        130.5,
        129.72666666666666,
        134.03333333333333,
        134.40666666666667,
        135.47333333333333,
        129.12,
        141.48,
        132.26666666666668,
        143.22666666666666,
        134.81333333333333,
        133.17333333333335,
        131.70666666666668,
        131.68,
        129.79333333333332,
        138.88,
        149.81333333333333,
        147.00666666666666,
        143.94,
        134.71333333333334,
        133.6,
        134.35333333333332,
        136.91333333333333,
        140.43333333333334,
        136.41333333333333,
        134.9,
        128.03333333333333,
        134.34,
        133.94,
        135.05333333333334,
        146.41333333333333,
        132.63333333333333,
        130.70666666666668,
        140.78666666666666,
        135.84,
        128.60666666666665,
        133.02666666666667,
        137.15333333333334,
        141.26,
        133.78,
        145.08,
        141.63333333333333,
        138.15333333333334,
        137.45333333333335,
        139.14666666666668,
        143.33333333333334,
        141.54666666666665,
        143.4,
        134.24,
        136.94,
        120.66666666666667,
        136.96666666666667,
        139.78666666666666,
        129.71333333333334,
        137.67333333333335,
        139.88666666666666,
        140.73333333333332,
        148.74666666666667,
        138.17333333333335,
        148.52,
        141.21333333333334,
        143.72666666666666,
        152.48666666666668,
        156.12666666666667,
        144.98,
        143.70666666666668,
        163.02,
        164.76,
        160.96,
        149.85333333333332,
        162.35333333333332,
        162.20666666666668,
        163.34666666666666,
        183.58,
        169.54666666666665,
        172.77333333333334,
        193.91333333333333,
        186.16666666666666,
        193.68666666666667,
        197.1,
        210.88666666666666,
        203.43333333333334,
        216.69333333333333,
        229.72,
        227.02666666666667,
        231.92666666666668,
        211.54,
        223.52,
        212.03333333333333,
        236.6,
        246.44666666666666,
        230.8,
        235.27333333333334,
        228.84666666666666,
        236.85333333333332,
        251.58,
        240.89333333333335,
        245.32666666666665,
        241.28,
        268.50666666666666,
        252.28,
        267.9266666666667,
        253.56666666666666,
        272.47333333333336,
        292.62666666666667,
        254.29333333333332,
        254.23333333333332,
        274.81333333333333,
        256.6666666666667,
        224.75333333333333,
        256.9866666666667,
        278.98,
        257.62,
        256.64666666666665,
        246.24,
        238.96,
        252.66,
        269.41333333333336,
        263.44666666666666,
        268.88,
        248.32,
        250.04666666666665,
        257.12,
        248.26,
        251.95333333333335,
        243.1,
        242.78666666666666,
        248.25333333333333,
        260.5933333333333,
        236.42,
        234.42,
        250.89333333333335
    ],
    "best fitness history": [
        10,
        10,
        10,
        237,
        32,
        10,
        275,
        311,
        255,
        278,
        236,
        146,
        323,
        286,
        272,
        279,
        284,
        280,
        293,
        305,
        289,
        303,
        308,
        292,
        310,
        282,
        284,
        294,
        276,
        314,
        350,
        288,
        301,
        306,
        276,
        376,
        330,
        308,
        287,
        303,
        352,
        312,
        302,
        288,
        283,
        285,
        299,
        276,
        262,
        298,
        298,
        302,
        289,
        306,
        275,
        299,
        292,
        314,
        392,
        369,
        499,
        499,
        491,
        281,
        293,
        289,
        286,
        288,
        311,
        370,
        298,
        297,
        490,
        291,
        279,
        321,
        328,
        295,
        292,
        285,
        304,
        289,
        296,
        299,
        295,
        321,
        299,
        309,
        334,
        315,
        353,
        313,
        299,
        288,
        272,
        270,
        499,
        499,
        499,
        310,
        319,
        499,
        474,
        470,
        472,
        499,
        499,
        499,
        499,
        499,
        499,
        499,
        499,
        499,
        499,
        499,
        447,
        499,
        499,
        499,
        499,
        496,
        499,
        499,
        499,
        499,
        499,
        499,
        499,
        499,
        499,
        499,
        499,
        499,
        499,
        499,
        499,
        499,
        499,
        499,
        499,
        499,
        499,
        499,
        499,
        499,
        499,
        499,
        499,
        499,
        499,
        499,
        499,
        499,
        499,
        499,
        499,
        499,
        499,
        499,
        499,
        499,
        499,
        499,
        499,
        499,
        499,
        499,
        499,
        499,
        499,
        499,
        499,
        499,
        499,
        499,
        499,
        499,
        499,
        499,
        499,
        499,
        499,
        499,
        499,
        499,
        499,
        499,
        499,
        499,
        499,
        499,
        499,
        499,
        499,
        499,
        499,
        499,
        499,
        499
    ],