{
    "time": "2022-09-11-17-14-02",
    "generations": 200,
    "fitness history": [
        8.326666666666666,
        8.326666666666666,
        8.3,
        8.386666666666667,
        8.44,
        8.26,
        8.226666666666667,
        8.333333333333334,
        8.333333333333334,
        8.266666666666667,
        8.64,
        9.16,
        8.306666666666667,
        17.813333333333333,
        19.426666666666666,
        18.893333333333334,
        13.153333333333334,
        17.96,
        23.293333333333333,
        19.293333333333333,
        20.48,
        19.8,
        17.34,
        20.32,
        19.453333333333333,
        16.88,
        18.866666666666667,
        19.773333333333333,
        21.533333333333335,
        22.893333333333334,
        22.293333333333333,
        22.34,
        21.226666666666667,
        21.273333333333333,
        21.5,
        23.586666666666666,
        20.82,
        21.533333333333335,
        20.413333333333334,
        21.573333333333334,
        22.406666666666666,
        20.786666666666665,
        22.406666666666666,
        19.726666666666667,
        20.186666666666667,
        19.453333333333333,
        20.8,
        20.66,
        21.393333333333334,
        20.94,
        20.246666666666666,
        21.126666666666665,
        22.486666666666668,
        22.366666666666667,
        22.026666666666667,
        20.9,
        19.893333333333334,
        18.766666666666666,
        21.593333333333334,
        21.96,
        20.96,
        20.326666666666668,
        18.886666666666667,
        18.19333333333333,
        20.35333333333333,
        20.426666666666666,
        22.5,
        20.713333333333335,
        20.866666666666667,
        20.62,
        21.093333333333334,
        21.9,
        24.713333333333335,
        21.8,
        24.426666666666666,
        21.326666666666668,
        22.526666666666667,
        21.19333333333333,
        21.586666666666666,
        20.346666666666668,
        21.666666666666668,
        21.113333333333333,
        20.38,
        21.793333333333333,
        21.606666666666666,
        20.826666666666668,
        21.086666666666666,
        21.24,
        21.326666666666668,
        20.013333333333332,
        22.466666666666665,
        20.286666666666665,
        22.92,
        21.286666666666665,
        22.34,
        20.766666666666666,
        21.8,
        19.766666666666666,
        21.186666666666667,
        21.813333333333333,
        21.0,
        21.206666666666667,
        21.106666666666666,
        20.013333333333332,
        22.14666666666667,
        22.4,
        19.873333333333335,
        21.34,
        19.213333333333335,
        21.426666666666666,
        20.633333333333333,
        23.006666666666668,
        22.033333333333335,
        21.666666666666668,
        21.993333333333332,
        21.246666666666666,
        22.473333333333333,
        22.72,
        23.30666666666667,
        20.986666666666668,
        21.513333333333332,
        20.866666666666667,
        19.54,
        20.993333333333332,
        20.653333333333332,
        21.69333333333333,
        21.613333333333333,
        22.326666666666668,
        22.76,
        21.746666666666666,
        21.206666666666667,
        20.66,
        21.453333333333333,
        19.78,
        19.1,
        19.286666666666665,
        21.78,
        21.64666666666667,
        23.226666666666667,
        23.286666666666665,
        22.866666666666667,
        21.726666666666667,
        22.30666666666667,
        22.68,
        20.293333333333333,
        20.866666666666667,
        19.066666666666666,
        21.866666666666667,
        20.093333333333334,
        22.433333333333334,
        22.386666666666667,
        19.773333333333333,
        20.626666666666665,
        17.66,
        20.573333333333334,
        21.993333333333332,
        21.30666666666667,
        21.64,
        22.58,
        22.446666666666665,
        23.5,
        20.64666666666667,
        22.333333333333332,
        22.553333333333335,
        20.0,
        21.506666666666668,
        22.44,
        21.793333333333333,
        21.026666666666667,
        20.846666666666668,
        21.72,
        21.473333333333333,
        21.506666666666668,
        21.62,
        21.886666666666667,
        22.14666666666667,
        20.793333333333333,
        21.153333333333332,
        21.86,
        19.233333333333334,
        21.486666666666668,
        21.786666666666665,
        20.36,
        22.62,
        19.746666666666666,
        20.80666666666667,
        19.713333333333335,
        19.686666666666667,
        19.38,
        19.80666666666667,
        19.273333333333333,
        20.886666666666667,
        22.093333333333334,
        20.473333333333333,
        21.69333333333333,
        22.766666666666666,
        21.62,
        20.06,
        20.933333333333334,
        20.96
    ],
    "best fitness history": [
        10,
        10,
        10,
        10,
        10,
        10,
        10,
        10,
        10,
        10,
        50,
        40,
        10,
        62,
        57,
        54,
        60,
        55,
        65,
        61,
        70,
        70,
        65,
        71,
        66,
        53,
        59,
        57,
        61,
        60,
        55,
        64,
        62,
        63,
        56,
        61,
        69,
        62,
        60,
        56,
        67,
        58,
        60,
        58,
        65,
        64,
        63,
        56,
        59,
        63,
        49,
        56,
        61,
        55,
        76,
        71,
        60,
        64,
        68,
        56,
        62,
        64,
        56,
        56,
        65,
        62,
        56,
        58,
        54,
        60,
        52,
        68,
        64,
        56,
        72,
        65,
        72,
        76,
        66,
        52,
        52,
        63,
        78,
        60,
        60,
        60,
        59,
        59,
        65,
        52,
        63,
        59,
        58,
        62,
        63,
        54,
        56,
        59,
        62,
        56,
        68,
        57,
        60,
        66,
        68,
        67,
        56,
        58,
        66,
        59,
        54,
        57,
        57,
        71,
        62,
        62,
        60,
        66,
        54,
        57,
        60,
        63,
        58,
        72,
        64,
        57,
        55,
        59,
        58,
        68,
        51,
        65,
        62,
        58,
        52,
        52,
        60,
        71,
        59,
        58,
        67,
        55,
        69,
        59,
        60,
        57,
        49,
        63,
        58,
        60,
        63,
        55,
        57,
        51,
        67,
        62,
        68,
        72,
        70,
        59,
        61,
        59,
        61,
        69,
        61,
        61,
        57,
        63,
        83,
        56,
        60,
        65,
        62,
        64,
        52,
        66,
        73,
        57,
        60,
        61,
        61,
        60,
        63,
        63,
        60,
        65,
        59,
        57,
        60,
        51,
        54,
        56,
        69,
        72,
        72,
        66,
        64,
        54,
        63,
        68
    ],