{
    "time": "2022-09-11-21-00-52",
    "generations": 200,
    "fitness history": [
        8.34,
        8.346666666666666,
        8.433333333333334,
        9.06,
        11.24,
        8.393333333333333,
        20.933333333333334,
        20.113333333333333,
        25.36,
        8.3,
        8.326666666666666,
        33.086666666666666,
        12.613333333333333,
        9.46,
        19.96,
        8.306666666666667,
        9.533333333333333,
        8.326666666666666,
        8.326666666666666,
        141.82666666666665,
        8.386666666666667,
        8.386666666666667,
        8.4,
        8.34,
        8.373333333333333,
        8.38,
        8.326666666666666,
        16.24,
        8.306666666666667,
        8.346666666666666,
        8.366666666666667,
        8.373333333333333,
        8.366666666666667,
        18.26,
        8.306666666666667,
        12.233333333333333,
        12.566666666666666,
        8.38,
        8.353333333333333,
        8.393333333333333,
        8.326666666666666,
        8.333333333333334,
        8.306666666666667,
        9.5,
        17.786666666666665,
        8.38,
        8.28,
        27.85333333333333,
        11.233333333333333,
        8.333333333333334,
        8.473333333333333,
        8.38,
        8.326666666666666,
        8.28,
        8.38,
        8.406666666666666,
        8.32,
        8.286666666666667,
        8.473333333333333,
        8.333333333333334,
        8.353333333333333,
        28.986666666666668,
        8.413333333333334,
        8.466666666666667,
        8.393333333333333,
        28.446666666666665,
        11.013333333333334,
        8.333333333333334,
        8.44,
        8.3,
        40.32,
        8.366666666666667,
        21.333333333333332,
        9.253333333333334,
        8.366666666666667,
        8.273333333333333,
        8.626666666666667,
        8.406666666666666,
        8.24,
        54.20666666666666,
        8.28,
        8.313333333333333,
        8.34,
        8.34,
        11.366666666666667,
        8.273333333333333,
        8.44,
        8.313333333333333,
        8.253333333333334,
        8.38,
        8.373333333333333,
        9.706666666666667,
        8.386666666666667,
        8.273333333333333,
        8.373333333333333,
        8.453333333333333,
        8.426666666666666,
        8.346666666666666,
        8.406666666666666,
        8.393333333333333,
        8.42,
        21.26,
        8.393333333333333,
        8.813333333333333,
        8.306666666666667,
        8.506666666666666,
        8.246666666666666,
        8.346666666666666,
        8.326666666666666,
        8.406666666666666,
        8.366666666666667,
        8.36,
        8.54,
        8.373333333333333,
        8.293333333333333,
        8.38,
        8.42,
        8.486666666666666,
        8.406666666666666,
        8.393333333333333,
        25.106666666666666,
        8.72,
        14.806666666666667,
        8.353333333333333,
        8.633333333333333,
        8.446666666666667,
        8.84,
        8.36,
        8.28,
        8.273333333333333,
        8.38,
        8.373333333333333,
        8.286666666666667,
        8.34,
        8.426666666666666,
        8.406666666666666,
        8.32,
        8.406666666666666,
        8.32,
        8.406666666666666,
        8.446666666666667,
        8.286666666666667,
        8.32,
        8.273333333333333,
        8.346666666666666,
        8.306666666666667,
        8.253333333333334,
        8.333333333333334,
        8.266666666666667,
        9.3,
        9.52,
        9.94,
        8.353333333333333,
        8.286666666666667,
        8.406666666666666,
        8.4,
        12.746666666666666,
        8.32,
        8.346666666666666,
        8.653333333333334,
        8.313333333333333,
        8.346666666666666,
        8.366666666666667,
        8.466666666666667,
        8.413333333333334,
        8.366666666666667,
        8.466666666666667,
        8.433333333333334,
        8.306666666666667,
        8.32,
        8.313333333333333,
        8.26,
        10.533333333333333,
        26.573333333333334,
        8.373333333333333,
        40.04,
        8.453333333333333,
        8.406666666666666,
        24.186666666666667,
        8.38,
        8.346666666666666,
        8.233333333333333,
        8.333333333333334,
        8.326666666666666,
        8.326666666666666,
        8.52,
        8.286666666666667,
        11.1,
        8.42,
        48.733333333333334,
        8.38,
        11.553333333333333,
        8.36,
        8.42,
        8.3,
        8.233333333333333,
        8.453333333333333,
        22.5,
        8.466666666666667,
        8.386666666666667
    ],
    "best fitness history": [
        10,
        10,
        24,
        47,
        55,
        10,
        136,
        94,
        120,
        10,
        10,
        95,
        478,
        61,
        72,
        10,
        25,
        10,
        10,
        284,
        10,
        10,
        10,
        10,
        10,
        10,
        10,
        62,
        9,
        10,
        10,
        10,
        10,
        72,
        10,
        83,
        20,
        10,
        10,
        10,
        10,
        10,
        10,
        14,
        29,
        10,
        10,
        42,
        15,
        10,
        10,
        10,
        10,
        10,
        10,
        10,
        10,
        10,
        10,
        10,
        10,
        112,
        10,
        10,
        10,
        84,
        15,
        10,
        11,
        10,
        172,
        10,
        85,
        20,
        10,
        10,
        11,
        10,
        10,
        218,
        10,
        10,
        10,
        10,
        56,
        10,
        10,
        10,
        10,
        10,
        10,
        13,
        10,
        10,
        10,
        10,
        10,
        10,
        10,
        10,
        10,
        49,
        10,
        10,
        10,
        10,
        10,
        10,
        10,
        10,
        10,
        10,
        10,
        10,
        10,
        10,
        10,
        10,
        10,
        10,
        34,
        11,
        35,
        10,
        17,
        10,
        11,
        10,
        10,
        10,
        10,
        10,
        10,
        10,
        10,
        10,
        10,
        10,
        10,
        10,
        10,
        10,
        10,
        10,
        10,
        10,
        10,
        10,
        10,
        12,
        15,
        14,
        10,
        10,
        10,
        10,
        16,
        10,
        10,
        11,
        10,
        10,
        10,
        24,
        10,
        10,
        10,
        10,
        9,
        10,
        10,
        10,
        51,
        89,
        10,
        120,
        10,
        10,
        45,
        10,
        10,
        10,
        10,
        10,
        10,
        10,
        10,
        29,
        10,
        131,
        10,
        30,
        10,
        10,
        10,
        10,
        10,
        36,
        10,
        10
    ],