{
    "time": "2022-09-11-17-02-13",
    "generations": 200,
    "fitness history": [
        8.273333333333333,
        8.333333333333334,
        8.433333333333334,
        8.36,
        8.34,
        8.34,
        8.333333333333334,
        8.426666666666666,
        8.366666666666667,
        8.373333333333333,
        8.406666666666666,
        8.346666666666666,
        8.36,
        8.413333333333334,
        8.406666666666666,
        8.28,
        8.413333333333334,
        8.313333333333333,
        8.293333333333333,
        8.473333333333333,
        8.313333333333333,
        8.326666666666666,
        8.233333333333333,
        8.306666666666667,
        8.293333333333333,
        8.433333333333334,
        8.453333333333333,
        8.293333333333333,
        8.413333333333334,
        8.353333333333333,
        8.306666666666667,
        8.34,
        8.966666666666667,
        9.786666666666667,
        8.36,
        76.9,
        85.32666666666667,
        139.72,
        116.26666666666667,
        130.53333333333333,
        96.66666666666667,
        138.2,
        127.64,
        117.44,
        111.52,
        135.49333333333334,
        116.51333333333334,
        125.84,
        125.92,
        135.62,
        123.36,
        144.36,
        120.08,
        132.00666666666666,
        134.65333333333334,
        126.85333333333334,
        128.98,
        131.25333333333333,
        130.96,
        137.32666666666665,
        137.38,
        125.01333333333334,
        133.05333333333334,
        136.45333333333335,
        138.01333333333332,
        129.9,
        139.59333333333333,
        136.27333333333334,
        129.68,
        143.04666666666665,
        131.48666666666668,
        130.53333333333333,
        140.92,
        127.07333333333334,
        132.03333333333333,
        128.08666666666667,
        139.04666666666665,
        123.38666666666667,
        134.92666666666668,
        143.86666666666667,
        132.09333333333333,
        138.88,
        143.61333333333334,
        134.94,
        137.54,
        137.16,
        128.90666666666667,
        145.71333333333334,
        139.05333333333334,
        139.08666666666667,
        138.48,
        134.43333333333334,
        135.88,
        138.96666666666667,
        135.2,
        126.74666666666667,
        143.98,
        132.98666666666668,
        140.53333333333333,
        145.46,
        134.33333333333334,
        132.33333333333334,
        136.22,
        138.07333333333332,
        129.54666666666665,
        137.17333333333335,
        133.31333333333333,
        139.60666666666665,
        141.92666666666668,
        139.02,
        145.76,
        137.9,
        136.84,
        133.84666666666666,
        137.08666666666667,
        133.72,
        133.63333333333333,
        131.97333333333333,
        128.7,
        120.99333333333334,
        127.66,
        134.77333333333334,
        127.74666666666667,
        127.05333333333333,
        138.80666666666667,
        134.77333333333334,
        136.3,
        137.32666666666665,
        137.22666666666666,
        141.84666666666666,
        143.21333333333334,
        132.52666666666667,
        142.90666666666667,
        133.36,
        140.46666666666667,
        139.96666666666667,
        134.68,
        132.33333333333334,
        140.24,
        131.98,
        139.19333333333333,
        141.13333333333333,
        139.73333333333332,
        129.97333333333333,
        135.22,
        139.04666666666665,
        143.14,
        130.82666666666665,
        138.22,
        139.76666666666668,
        141.52666666666667,
        133.70666666666668,
        141.08,
        144.69333333333333,
        140.6,
        139.55333333333334,
        145.16666666666666,
        140.14666666666668,
        141.49333333333334,
        141.63333333333333,
        138.04666666666665,
        138.64,
        137.12666666666667,
        143.18666666666667,
        142.18,
        135.14,
        140.07333333333332,
        146.48,
        136.36,
        135.11333333333334,
        141.38666666666666,
        144.86,
        142.38666666666666,
        143.48,
        138.41333333333333,
        143.71333333333334,
        140.22666666666666,
        143.6,
        143.47333333333333,
        144.62666666666667,
        136.64666666666668,
        133.03333333333333,
        129.11333333333334,
        145.44,
        132.92666666666668,
        140.46666666666667,
        146.15333333333334,
        144.52,
        141.24,
        138.44666666666666,
        138.94666666666666,
        136.69333333333333,
        145.36,
        140.89333333333335,
        150.18666666666667,
        134.75333333333333,
        135.28,
        129.82,
        138.39333333333335,
        127.0
    ],
    "best fitness history": [
        10,
        10,
        10,
        10,
        10,
        10,
        10,
        10,
        10,
        10,
        10,
        10,
        10,
        10,
        10,
        10,
        10,
        10,
        10,
        10,
        10,
        10,
        9,
        10,
        10,
        10,
        10,
        10,
        10,
        10,
        10,
        10,
        82,
        223,
        10,
        277,
        281,
        318,
        287,
        287,
        308,
        272,
        284,
        299,
        287,
        297,
        302,
        291,
        310,
        279,
        293,
        299,
        266,
        273,
        288,
        259,
        303,
        298,
        284,
        290,
        316,
        282,
        319,
        288,
        299,
        330,
        280,
        325,
        292,
        284,
        268,
        302,
        303,
        296,
        270,
        299,
        298,
        280,
        293,
        306,
        332,
        312,
        318,
        342,
        301,
        306,
        286,
        299,
        337,
        296,
        321,
        310,
        328,
        296,
        286,
        277,
        309,
        297,
        300,
        303,
        296,
        308,
        292,
        282,
        295,
        329,
        295,
        308,
        295,
        332,
        295,
        302,
        291,
        293,
        322,
        297,
        280,
        321,
        320,
        332,
        299,
        282,
        287,
        299,
        324,
        307,
        311,
        297,
        294,
        323,
        299,
        311,
        343,
        271,
        290,
        290,
        286,
        278,
        282,
        332,
        293,
        323,
        300,
        288,
        271,
        335,
        289,
        311,
        357,
        281,
        274,
        286,
        310,
        316,
        294,
        290,
        316,
        313,
        287,
        296,
        303,
        300,
        304,
        295,
        327,
        293,
        285,
        305,
        298,
        342,
        301,
        317,
        286,
        322,
        291,
        280,
        295,
        287,
        302,
        295,
        279,
        291,
        278,
        297,
        287,
        328,
        305,
        356,
        291,
        319,
        286,
        297,
        287,
        311,
        303,
        316,
        314,
        282,
        285,
        268
    ],