{
    "time": "2022-09-10-08-52-21",
    "generations": 200,
    "fitness history": [
        8.433333333333334,
        8.413333333333334,
        8.273333333333333,
        8.44,
        8.386666666666667,
        8.326666666666666,
        8.36,
        8.306666666666667,
        8.333333333333334,
        8.34,
        8.333333333333334,
        8.4,
        8.353333333333333,
        8.413333333333334,
        8.433333333333334,
        8.3,
        8.386666666666667,
        8.326666666666666,
        8.266666666666667,
        8.286666666666667,
        8.373333333333333,
        8.266666666666667,
        8.366666666666667,
        8.42,
        8.3,
        8.473333333333333,
        8.333333333333334,
        9.28,
        8.433333333333334,
        8.266666666666667,
        8.246666666666666,
        8.233333333333333,
        8.36,
        111.45333333333333,
        8.36,
        195.14,
        193.15333333333334,
        8.226666666666667,
        8.186666666666667,
        200.76666666666668,
        195.76,
        194.24,
        8.153333333333334,
        8.313333333333333,
        8.266666666666667,
        8.273333333333333,
        8.246666666666666,
        176.42666666666668,
        190.33333333333334,
        8.486666666666666,
        8.406666666666666,
        191.81333333333333,
        198.42666666666668,
        8.193333333333333,
        134.2,
        8.233333333333333,
        196.15333333333334,
        202.05333333333334,
        196.51333333333332,
        196.62666666666667,
        8.246666666666666,
        198.78,
        197.19333333333333,
        198.76,
        8.32,
        197.02,
        195.93333333333334,
        190.47333333333333,
        8.36,
        191.79333333333332,
        8.213333333333333,
        191.07333333333332,
        8.326666666666666,
        195.01333333333332,
        195.74,
        8.226666666666667,
        188.47333333333333,
        8.246666666666666,
        196.38,
        196.02,
        8.146666666666667,
        199.35333333333332,
        16.106666666666666,
        200.76666666666668,
        200.77333333333334,
        40.78,
        8.326666666666666,
        207.09333333333333,
        8.306666666666667,
        8.4,
        49.86,
        205.1,
        151.33333333333334,
        8.36,
        8.32,
        8.54,
        172.13333333333333,
        34.766666666666666,
        34.58,
        8.34,
        7.76,
        8.926666666666666,
        7.693333333333333,
        8.886666666666667,
        8.246666666666666,
        8.433333333333334,
        102.85333333333334,
        8.273333333333333,
        223.78,
        8.786666666666667,
        123.78666666666666,
        71.09333333333333,
        7.72,
        8.273333333333333,
        154.22666666666666,
        8.2,
        50.44,
        77.76666666666667,
        57.24666666666667,
        8.24,
        33.733333333333334,
        121.3,
        45.24666666666667,
        8.26,
        39.85333333333333,
        8.266666666666667,
        42.21333333333333,
        37.193333333333335,
        8.826666666666666,
        37.00666666666667,
        8.426666666666666,
        36.20666666666666,
        8.573333333333334,
        8.38,
        30.066666666666666,
        8.186666666666667,
        35.873333333333335,
        8.18,
        8.08,
        7.8933333333333335,
        8.56,
        38.46666666666667,
        8.18,
        145.88,
        68.96,
        94.62666666666667,
        7.873333333333333,
        9.553333333333333,
        45.11333333333334,
        7.873333333333333,
        9.933333333333334,
        8.693333333333333,
        119.12,
        183.70666666666668,
        8.266666666666667,
        8.286666666666667,
        8.346666666666666,
        32.82666666666667,
        7.846666666666667,
        8.44,
        8.56,
        33.0,
        214.36666666666667,
        8.36,
        39.06,
        127.44,
        8.64,
        367.70666666666665,
        147.81333333333333,
        8.32,
        8.366666666666667,
        8.973333333333333,
        7.966666666666667,
        64.81333333333333,
        60.46,
        8.333333333333334,
        8.373333333333333,
        8.353333333333333,
        8.386666666666667,
        81.63333333333334,
        8.393333333333333,
        8.24,
        33.82666666666667,
        7.773333333333333,
        38.166666666666664,
        24.533333333333335,
        313.0933333333333,
        8.366666666666667,
        8.053333333333333,
        15.28,
        8.546666666666667,
        8.28,
        8.413333333333334,
        8.9,
        11.286666666666667,
        8.84,
        8.326666666666666,
        8.3,
        31.266666666666666,
        28.46
    ],
    "best fitness history": [
        10,
        10,
        10,
        10,
        10,
        10,
        10,
        10,
        10,
        10,
        10,
        10,
        10,
        10,
        10,
        10,
        10,
        10,
        10,
        10,
        10,
        10,
        10,
        10,
        10,
        10,
        10,
        144,
        10,
        10,
        10,
        10,
        10,
        290,
        10,
        292,
        297,
        10,
        10,
        333,
        324,
        285,
        10,
        10,
        26,
        10,
        10,
        303,
        356,
        31,
        10,
        301,
        304,
        9,
        270,
        9,
        294,
        299,
        499,
        327,
        9,
        313,
        303,
        306,
        9,
        275,
        499,
        306,
        10,
        292,
        10,
        288,
        10,
        287,
        297,
        9,
        304,
        10,
        291,
        471,
        10,
        294,
        70,
        304,
        308,
        151,
        9,
        468,
        10,
        10,
        165,
        299,
        248,
        14,
        10,
        10,
        264,
        95,
        92,
        10,
        10,
        10,
        9,
        10,
        10,
        10,
        196,
        10,
        425,
        10,
        499,
        499,
        8,
        10,
        227,
        10,
        499,
        160,
        101,
        10,
        88,
        410,
        137,
        9,
        127,
        10,
        147,
        88,
        10,
        93,
        10,
        96,
        10,
        10,
        89,
        9,
        99,
        9,
        9,
        9,
        10,
        117,
        10,
        248,
        499,
        178,
        9,
        18,
        92,
        9,
        17,
        10,
        182,
        267,
        10,
        10,
        10,
        97,
        9,
        10,
        10,
        83,
        304,
        10,
        91,
        499,
        10,
        499,
        235,
        10,
        10,
        10,
        10,
        499,
        115,
        10,
        10,
        10,
        10,
        175,
        10,
        10,
        93,
        9,
        151,
        77,
        499,
        10,
        10,
        27,
        10,
        10,
        10,
        10,
        15,
        10,
        10,
        10,
        78,
        92
    ],