{
    "time": "2022-09-10-14-31-09",
    "generations": 200,
    "fitness history": [
        8.32,
        8.34,
        8.446666666666667,
        8.493333333333334,
        8.346666666666666,
        8.273333333333333,
        8.386666666666667,
        8.553333333333333,
        8.393333333333333,
        8.393333333333333,
        8.28,
        8.366666666666667,
        8.433333333333334,
        8.4,
        8.406666666666666,
        8.46,
        8.286666666666667,
        8.38,
        8.626666666666667,
        8.473333333333333,
        9.82,
        14.38,
        30.406666666666666,
        116.18,
        36.85333333333333,
        116.56666666666666,
        89.54666666666667,
        189.35333333333332,
        100.92666666666666,
        94.02666666666667,
        103.97333333333333,
        130.14,
        108.6,
        115.85333333333334,
        113.92666666666666,
        136.13333333333333,
        125.38666666666667,
        129.3,
        132.97333333333333,
        131.78666666666666,
        119.35333333333334,
        133.81333333333333,
        133.71333333333334,
        123.19333333333333,
        128.20666666666668,
        126.36666666666666,
        131.67333333333335,
        142.04666666666665,
        129.34,
        120.8,
        142.02,
        138.94666666666666,
        126.55333333333333,
        137.00666666666666,
        125.66,
        120.84666666666666,
        126.12,
        128.50666666666666,
        137.12,
        125.89333333333333,
        124.03333333333333,
        129.27333333333334,
        132.74666666666667,
        135.86666666666667,
        147.07333333333332,
        126.24666666666667,
        131.32,
        131.89333333333335,
        141.56666666666666,
        133.42666666666668,
        125.31333333333333,
        127.23333333333333,
        129.6,
        136.01333333333332,
        123.52666666666667,
        140.17333333333335,
        131.23333333333332,
        143.7,
        128.78,
        137.89333333333335,
        134.14666666666668,
        133.6,
        131.36666666666667,
        130.54666666666665,
        134.22666666666666,
        134.27333333333334,
        139.70666666666668,
        131.46,
        139.35333333333332,
        137.67333333333335,
        135.35333333333332,
        136.9,
        133.0,
        134.24666666666667,
        144.8,
        134.14666666666668,
        135.15333333333334,
        129.08666666666667,
        130.56666666666666,
        134.79333333333332,
        143.53333333333333,
        135.32,
        146.78666666666666,
        134.71333333333334,
        134.84666666666666,
        142.44,
        130.63333333333333,
        133.65333333333334,
        121.36,
        133.11333333333334,
        134.81333333333333,
        132.22666666666666,
        130.27333333333334,
        133.37333333333333,
        131.29333333333332,
        127.78,
        133.12666666666667,
        132.25333333333333,
        136.98,
        129.37333333333333,
        125.21333333333334,
        138.54,
        128.88,
        142.93333333333334,
        131.14,
        129.27333333333334,
        130.66666666666666,
        136.72666666666666,
        128.7,
        136.84666666666666,
        131.63333333333333,
        132.6,
        151.71333333333334,
        133.57333333333332,
        135.71333333333334,
        138.45333333333335,
        137.43333333333334,
        135.74,
        136.64,
        142.10666666666665,
        140.04,
        140.62666666666667,
        143.72,
        131.87333333333333,
        136.32,
        147.35333333333332,
        135.10666666666665,
        144.73333333333332,
        138.22666666666666,
        147.87333333333333,
        138.96666666666667,
        137.16666666666666,
        140.22,
        138.57333333333332,
        135.60666666666665,
        137.35333333333332,
        138.41333333333333,
        133.57333333333332,
        129.88666666666666,
        134.36666666666667,
        138.94,
        134.72,
        137.68,
        144.46,
        139.15333333333334,
        139.6,
        143.31333333333333,
        141.72666666666666,
        136.49333333333334,
        136.04,
        141.76666666666668,
        137.23333333333332,
        144.80666666666667,
        135.88,
        137.56,
        135.48,
        144.22666666666666,
        134.79333333333332,
        138.86,
        134.46,
        132.64666666666668,
        143.51333333333332,
        140.56666666666666,
        133.15333333333334,
        139.90666666666667,
        141.64,
        143.68666666666667,
        136.04,
        134.71333333333334,
        149.64,
        135.43333333333334,
        134.58666666666667,
        126.86666666666666,
        129.89333333333335,
        132.91333333333333,
        139.98,
        143.55333333333334,
        134.80666666666667,
        133.15333333333334,
        129.48
    ],
    "best fitness history": [
        10,
        10,
        10,
        10,
        10,
        10,
        10,
        43,
        10,
        10,
        10,
        10,
        10,
        10,
        10,
        10,
        10,
        10,
        63,
        30,
        50,
        163,
        152,
        300,
        271,
        290,
        277,
        306,
        284,
        287,
        276,
        299,
        285,
        290,
        284,
        349,
        280,
        301,
        289,
        299,
        339,
        295,
        309,
        298,
        286,
        310,
        284,
        287,
        310,
        306,
        288,
        311,
        283,
        292,
        293,
        322,
        287,
        368,
        289,
        294,
        303,
        307,
        305,
        303,
        329,
        271,
        307,
        289,
        283,
        296,
        331,
        296,
        288,
        283,
        280,
        281,
        282,
        308,
        313,
        290,
        285,
        308,
        297,
        288,
        317,
        279,
        306,
        343,
        291,
        287,
        329,
        292,
        300,
        296,
        347,
        361,
        350,
        295,
        289,
        315,
        290,
        281,
        322,
        301,
        303,
        290,
        288,
        322,
        294,
        311,
        278,
        300,
        277,
        311,
        286,
        310,
        323,
        316,
        295,
        286,
        262,
        300,
        337,
        341,
        283,
        283,
        305,
        290,
        268,
        300,
        297,
        294,
        300,
        283,
        283,
        284,
        278,
        297,
        303,
        274,
        266,
        292,
        313,
        287,
        279,
        301,
        282,
        311,
        296,
        285,
        277,
        284,
        310,
        294,
        290,
        267,
        295,
        282,
        271,
        301,
        283,
        291,
        317,
        285,
        279,
        314,
        295,
        323,
        301,
        284,
        300,
        268,
        285,
        285,
        279,
        292,
        288,
        308,
        296,
        317,
        295,
        391,
        283,
        302,
        290,
        300,
        291,
        279,
        325,
        288,
        312,
        293,
        291,
        266,
        292,
        282,
        299,
        297,
        333,
        300
    ],