{
    "time": "2022-09-12-01-44-55",
    "generations": 200,
    "fitness history": [
        8.32,
        10.006666666666666,
        23.78,
        33.086666666666666,
        109.08666666666667,
        132.8,
        133.56666666666666,
        125.0,
        114.82,
        135.61333333333334,
        118.00666666666666,
        103.84,
        108.48666666666666,
        126.28,
        122.17333333333333,
        131.8,
        137.24666666666667,
        125.29333333333334,
        139.50666666666666,
        131.98666666666668,
        139.12,
        127.7,
        137.95333333333335,
        138.94666666666666,
        143.68,
        123.41333333333333,
        142.54,
        142.6,
        131.01333333333332,
        140.80666666666667,
        132.38,
        130.84666666666666,
        131.5,
        136.22,
        141.34,
        135.76,
        139.22,
        136.95333333333335,
        136.33333333333334,
        137.74,
        142.01333333333332,
        133.89333333333335,
        143.03333333333333,
        136.41333333333333,
        138.27333333333334,
        137.32666666666665,
        136.99333333333334,
        134.82666666666665,
        141.0,
        128.81333333333333,
        141.13333333333333,
        137.27333333333334,
        137.17333333333335,
        136.89333333333335,
        142.58,
        137.24666666666667,
        137.18,
        130.72,
        131.92,
        137.42,
        126.95333333333333,
        126.84666666666666,
        131.04,
        139.88,
        135.78666666666666,
        131.40666666666667,
        126.04666666666667,
        133.77333333333334,
        138.78,
        133.88,
        145.41333333333333,
        134.92,
        132.53333333333333,
        128.71333333333334,
        132.88666666666666,
        140.20666666666668,
        125.81333333333333,
        136.34666666666666,
        139.68,
        143.94,
        132.52,
        129.32,
        142.32666666666665,
        129.98,
        131.64666666666668,
        139.78,
        133.85333333333332,
        139.48,
        135.65333333333334,
        128.38,
        137.67333333333335,
        136.71333333333334,
        134.47333333333333,
        142.78666666666666,
        143.39333333333335,
        143.66,
        134.27333333333334,
        132.56666666666666,
        134.54,
        132.32,
        137.25333333333333,
        139.3,
        139.58,
        147.54666666666665,
        149.81333333333333,
        148.25333333333333,
        142.20666666666668,
        142.74666666666667,
        140.57333333333332,
        143.88,
        140.42666666666668,
        133.31333333333333,
        139.74666666666667,
        142.51333333333332,
        144.86666666666667,
        130.58666666666667,
        154.56,
        137.74,
        140.39333333333335,
        135.37333333333333,
        139.88666666666666,
        138.89333333333335,
        145.24666666666667,
        142.94,
        131.57333333333332,
        131.62666666666667,
        130.52,
        134.09333333333333,
        129.16666666666666,
        127.76666666666667,
        140.66666666666666,
        128.62,
        133.56,
        134.00666666666666,
        135.76666666666668,
        126.21333333333334,
        129.9,
        137.76,
        137.34666666666666,
        140.36666666666667,
        132.72666666666666,
        132.80666666666667,
        134.60666666666665,
        138.08666666666667,
        148.84,
        142.30666666666667,
        144.14,
        144.22,
        142.18666666666667,
        135.58,
        134.08666666666667,
        130.34,
        139.4,
        135.48,
        124.94666666666667,
        134.66,
        142.22666666666666,
        137.18,
        138.27333333333334,
        137.46666666666667,
        141.92666666666668,
        140.93333333333334,
        126.82,
        140.56666666666666,
        140.24666666666667,
        142.78,
        143.26,
        137.78666666666666,
        135.79333333333332,
        132.01333333333332,
        145.33333333333334,
        143.09333333333333,
        140.4,
        139.43333333333334,
        141.89333333333335,
        143.33333333333334,
        148.70666666666668,
        140.46,
        139.62,
        133.94666666666666,
        136.44666666666666,
        137.94666666666666,
        130.32666666666665,
        134.62,
        139.64666666666668,
        141.24,
        148.98,
        139.17333333333335,
        130.69333333333333,
        145.30666666666667,
        140.16666666666666,
        134.82666666666665,
        135.38,
        141.40666666666667,
        143.82,
        138.56,
        135.44666666666666,
        134.12,
        143.16666666666666,
        130.32
    ],
    "best fitness history": [
        10,
        205,
        256,
        231,
        334,
        375,
        315,
        499,
        499,
        499,
        460,
        345,
        309,
        312,
        287,
        320,
        318,
        278,
        293,
        324,
        293,
        262,
        355,
        309,
        276,
        286,
        312,
        326,
        287,
        278,
        313,
        305,
        290,
        283,
        303,
        305,
        297,
        274,
        277,
        282,
        306,
        335,
        294,
        297,
        285,
        301,
        305,
        281,
        299,
        281,
        295,
        298,
        280,
        283,
        290,
        297,
        295,
        286,
        318,
        302,
        278,
        278,
        324,
        280,
        307,
        278,
        266,
        300,
        325,
        318,
        341,
        296,
        285,
        313,
        310,
        308,
        270,
        296,
        301,
        320,
        279,
        297,
        292,
        301,
        292,
        367,
        291,
        284,
        301,
        298,
        295,
        292,
        295,
        308,
        294,
        303,
        304,
        269,
        297,
        312,
        313,
        286,
        300,
        281,
        302,
        307,
        308,
        291,
        360,
        297,
        279,
        310,
        326,
        293,
        290,
        274,
        296,
        321,
        300,
        290,
        285,
        313,
        281,
        283,
        271,
        349,
        269,
        292,
        283,
        299,
        330,
        290,
        280,
        280,
        288,
        300,
        321,
        282,
        307,
        291,
        307,
        279,
        289,
        351,
        284,
        294,
        341,
        332,
        282,
        303,
        284,
        292,
        287,
        293,
        287,
        302,
        293,
        313,
        328,
        315,
        321,
        309,
        306,
        312,
        281,
        292,
        298,
        292,
        344,
        274,
        289,
        277,
        288,
        308,
        304,
        281,
        323,
        285,
        287,
        291,
        293,
        286,
        276,
        307,
        303,
        290,
        304,
        329,
        302,
        293,
        282,
        288,
        284,
        283,
        283,
        310,
        284,
        291,
        291,
        329
    ],