{
    "time": "2022-09-10-14-35-35",
    "generations": 200,
    "fitness history": [
        8.38,
        8.286666666666667,
        8.36,
        8.546666666666667,
        8.233333333333333,
        8.253333333333334,
        9.48,
        8.34,
        11.24,
        8.093333333333334,
        20.053333333333335,
        24.5,
        26.14666666666667,
        26.866666666666667,
        22.586666666666666,
        22.993333333333332,
        27.913333333333334,
        28.32,
        27.086666666666666,
        23.973333333333333,
        25.906666666666666,
        28.393333333333334,
        25.35333333333333,
        28.12,
        29.76,
        28.32,
        27.713333333333335,
        29.593333333333334,
        29.35333333333333,
        29.573333333333334,
        29.613333333333333,
        28.72,
        29.526666666666667,
        29.08,
        28.633333333333333,
        29.886666666666667,
        29.473333333333333,
        30.513333333333332,
        30.28,
        31.526666666666667,
        32.413333333333334,
        31.92,
        30.826666666666668,
        25.666666666666668,
        32.986666666666665,
        28.406666666666666,
        29.32,
        31.586666666666666,
        30.48,
        30.406666666666666,
        29.14,
        25.946666666666665,
        27.80666666666667,
        31.426666666666666,
        30.846666666666668,
        30.86,
        29.786666666666665,
        33.60666666666667,
        30.333333333333332,
        27.18,
        27.726666666666667,
        30.30666666666667,
        27.12,
        28.706666666666667,
        30.586666666666666,
        29.313333333333333,
        27.726666666666667,
        32.8,
        28.886666666666667,
        32.26,
        29.18,
        28.78,
        31.42,
        31.126666666666665,
        31.44,
        28.046666666666667,
        28.76,
        32.9,
        27.52,
        31.18,
        29.426666666666666,
        31.19333333333333,
        32.21333333333333,
        31.513333333333332,
        32.29333333333334,
        31.606666666666666,
        32.68666666666667,
        29.9,
        28.68,
        30.126666666666665,
        28.02,
        32.98,
        30.033333333333335,
        29.346666666666668,
        29.313333333333333,
        26.913333333333334,
        29.64666666666667,
        26.013333333333332,
        31.713333333333335,
        30.56,
        28.613333333333333,
        29.52,
        29.526666666666667,
        29.74,
        30.98,
        32.873333333333335,
        26.446666666666665,
        27.78,
        28.213333333333335,
        31.346666666666668,
        25.493333333333332,
        29.326666666666668,
        30.72,
        27.433333333333334,
        31.206666666666667,
        27.7,
        30.7,
        26.293333333333333,
        29.173333333333332,
        28.393333333333334,
        31.253333333333334,
        29.14666666666667,
        30.966666666666665,
        30.106666666666666,
        28.946666666666665,
        27.873333333333335,
        30.98,
        31.753333333333334,
        32.1,
        28.233333333333334,
        28.026666666666667,
        29.713333333333335,
        28.46,
        33.26,
        26.30666666666667,
        33.58,
        29.386666666666667,
        28.726666666666667,
        31.633333333333333,
        30.546666666666667,
        26.54,
        35.00666666666667,
        31.186666666666667,
        31.533333333333335,
        28.013333333333332,
        27.513333333333332,
        27.833333333333332,
        31.92,
        29.85333333333333,
        29.686666666666667,
        36.733333333333334,
        32.63333333333333,
        28.266666666666666,
        30.013333333333332,
        32.24666666666667,
        27.226666666666667,
        28.633333333333333,
        28.546666666666667,
        25.94,
        27.953333333333333,
        29.366666666666667,
        28.993333333333332,
        29.506666666666668,
        30.346666666666668,
        28.133333333333333,
        30.006666666666668,
        29.86,
        29.913333333333334,
        28.64,
        29.153333333333332,
        30.2,
        29.126666666666665,
        29.906666666666666,
        27.746666666666666,
        34.653333333333336,
        30.613333333333333,
        32.153333333333336,
        30.946666666666665,
        30.5,
        30.873333333333335,
        29.746666666666666,
        26.68,
        30.64,
        32.29333333333334,
        27.746666666666666,
        30.426666666666666,
        28.9,
        28.113333333333333,
        28.273333333333333,
        32.96666666666667,
        28.613333333333333,
        33.653333333333336,
        27.773333333333333,
        33.34,
        29.69333333333333,
        31.913333333333334,
        27.0,
        28.486666666666668,
        28.406666666666666,
        26.313333333333333
    ],
    "best fitness history": [
        10,
        10,
        10,
        24,
        10,
        10,
        50,
        10,
        54,
        10,
        61,
        115,
        74,
        126,
        81,
        116,
        130,
        91,
        118,
        90,
        110,
        125,
        83,
        114,
        122,
        123,
        97,
        158,
        97,
        93,
        92,
        75,
        80,
        96,
        84,
        128,
        121,
        123,
        84,
        96,
        139,
        126,
        134,
        74,
        91,
        124,
        83,
        131,
        82,
        134,
        124,
        93,
        104,
        124,
        131,
        141,
        107,
        106,
        124,
        104,
        79,
        131,
        93,
        116,
        100,
        130,
        94,
        101,
        109,
        135,
        128,
        149,
        122,
        92,
        116,
        108,
        99,
        122,
        123,
        115,
        128,
        81,
        96,
        80,
        115,
        121,
        123,
        166,
        85,
        124,
        106,
        150,
        98,
        119,
        107,
        92,
        125,
        78,
        112,
        123,
        100,
        146,
        67,
        90,
        125,
        111,
        90,
        81,
        111,
        105,
        104,
        112,
        110,
        135,
        108,
        124,
        98,
        121,
        76,
        82,
        98,
        160,
        198,
        124,
        95,
        88,
        126,
        90,
        134,
        108,
        100,
        84,
        64,
        157,
        112,
        143,
        108,
        131,
        116,
        132,
        79,
        154,
        130,
        146,
        85,
        128,
        90,
        110,
        108,
        119,
        142,
        120,
        112,
        110,
        94,
        93,
        97,
        141,
        97,
        102,
        133,
        87,
        118,
        102,
        88,
        92,
        82,
        117,
        127,
        90,
        113,
        132,
        152,
        99,
        156,
        154,
        126,
        114,
        80,
        122,
        163,
        87,
        125,
        157,
        91,
        99,
        126,
        122,
        96,
        146,
        100,
        110,
        98,
        113,
        134,
        190,
        82,
        87,
        108,
        123
    ],