{
    "time": "2022-09-10-07-22-57",
    "generations": 200,
    "fitness history": [
        8.346666666666666,
        8.273333333333333,
        8.42,
        8.373333333333333,
        8.34,
        8.326666666666666,
        8.22,
        8.346666666666666,
        8.32,
        8.333333333333334,
        8.3,
        8.38,
        8.36,
        8.42,
        8.566666666666666,
        9.466666666666667,
        11.506666666666666,
        18.94,
        7.82,
        8.366666666666667,
        7.773333333333333,
        7.713333333333333,
        38.89333333333333,
        7.793333333333333,
        42.053333333333335,
        42.36666666666667,
        41.78666666666667,
        9.313333333333333,
        7.753333333333333,
        7.76,
        40.34,
        7.78,
        40.61333333333334,
        7.713333333333333,
        7.773333333333333,
        41.89333333333333,
        7.786666666666667,
        7.76,
        7.72,
        8.393333333333333,
        41.78666666666667,
        42.013333333333335,
        7.793333333333333,
        7.693333333333333,
        41.89333333333333,
        7.68,
        40.653333333333336,
        7.76,
        8.413333333333334,
        7.793333333333333,
        7.793333333333333,
        7.76,
        41.04,
        42.22666666666667,
        8.253333333333334,
        8.353333333333333,
        7.846666666666667,
        8.786666666666667,
        8.306666666666667,
        8.446666666666667,
        8.273333333333333,
        8.253333333333334,
        8.36,
        8.306666666666667,
        8.306666666666667,
        32.78666666666667,
        41.026666666666664,
        44.06666666666667,
        8.366666666666667,
        8.286666666666667,
        49.8,
        80.21333333333334,
        8.34,
        8.42,
        9.673333333333334,
        66.4,
        8.313333333333333,
        8.333333333333334,
        58.266666666666666,
        8.246666666666666,
        8.333333333333334,
        192.68666666666667,
        79.72666666666667,
        8.446666666666667,
        8.38,
        8.3,
        8.386666666666667,
        8.426666666666666,
        8.373333333333333,
        9.38,
        51.39333333333333,
        103.32666666666667,
        19.526666666666667,
        8.32,
        8.32,
        52.25333333333333,
        45.666666666666664,
        8.366666666666667,
        8.353333333333333,
        8.36,
        7.74,
        8.36,
        8.526666666666667,
        8.266666666666667,
        8.4,
        52.873333333333335,
        8.386666666666667,
        8.38,
        11.94,
        8.413333333333334,
        13.673333333333334,
        493.91333333333336,
        8.44,
        118.32666666666667,
        13.033333333333333,
        8.406666666666666,
        8.313333333333333,
        495.7266666666667,
        154.38666666666666,
        8.433333333333334,
        8.32,
        8.3,
        8.36,
        28.406666666666666,
        8.333333333333334,
        8.34,
        10.306666666666667,
        8.833333333333334,
        8.166666666666666,
        8.373333333333333,
        9.673333333333334,
        8.22,
        8.326666666666666,
        126.4,
        8.353333333333333,
        8.346666666666666,
        7.846666666666667,
        9.146666666666667,
        8.38,
        8.28,
        39.92666666666667,
        8.253333333333334,
        11.306666666666667,
        8.98,
        472.54,
        32.67333333333333,
        24.093333333333334,
        32.02,
        8.42,
        8.32,
        8.373333333333333,
        71.24,
        8.406666666666666,
        8.173333333333334,
        34.346666666666664,
        8.366666666666667,
        18.786666666666665,
        8.346666666666666,
        13.233333333333333,
        7.926666666666667,
        8.346666666666666,
        8.473333333333333,
        8.266666666666667,
        8.26,
        8.326666666666666,
        22.42,
        33.026666666666664,
        8.18,
        8.406666666666666,
        8.406666666666666,
        8.426666666666666,
        8.353333333333333,
        19.726666666666667,
        20.62,
        8.366666666666667,
        100.99333333333334,
        53.2,
        8.486666666666666,
        8.426666666666666,
        8.36,
        8.42,
        8.3,
        8.366666666666667,
        8.446666666666667,
        8.4,
        8.213333333333333,
        33.32666666666667,
        12.32,
        11.28,
        8.386666666666667,
        8.34,
        8.346666666666666,
        8.426666666666666,
        12.68,
        20.34,
        8.326666666666666,
        8.273333333333333,
        24.673333333333332,
        8.28,
        8.293333333333333
    ],
    "best fitness history": [
        10,
        10,
        10,
        10,
        10,
        10,
        10,
        10,
        10,
        10,
        10,
        10,
        10,
        10,
        24,
        57,
        64,
        62,
        10,
        10,
        10,
        9,
        59,
        9,
        67,
        67,
        67,
        239,
        9,
        10,
        67,
        9,
        67,
        10,
        8,
        67,
        8,
        9,
        8,
        10,
        67,
        67,
        8,
        10,
        65,
        8,
        59,
        10,
        30,
        10,
        10,
        9,
        62,
        67,
        10,
        10,
        9,
        10,
        10,
        10,
        10,
        10,
        10,
        10,
        10,
        499,
        62,
        317,
        10,
        10,
        90,
        130,
        10,
        10,
        12,
        276,
        10,
        10,
        99,
        10,
        10,
        435,
        131,
        10,
        10,
        10,
        10,
        10,
        10,
        14,
        161,
        207,
        41,
        10,
        10,
        84,
        86,
        10,
        10,
        10,
        9,
        10,
        10,
        10,
        10,
        84,
        10,
        10,
        22,
        10,
        27,
        499,
        10,
        206,
        17,
        10,
        10,
        499,
        250,
        10,
        10,
        10,
        10,
        49,
        10,
        11,
        13,
        24,
        10,
        10,
        13,
        10,
        10,
        275,
        10,
        10,
        9,
        58,
        10,
        10,
        120,
        9,
        20,
        10,
        499,
        78,
        37,
        160,
        10,
        10,
        10,
        168,
        10,
        10,
        114,
        10,
        28,
        10,
        19,
        9,
        10,
        10,
        10,
        10,
        10,
        31,
        50,
        9,
        10,
        10,
        10,
        10,
        29,
        29,
        10,
        214,
        97,
        10,
        10,
        10,
        10,
        10,
        10,
        10,
        10,
        10,
        107,
        18,
        25,
        9,
        10,
        10,
        10,
        28,
        41,
        10,
        10,
        104,
        10,
        10
    ],