{
    "time": "2022-09-10-11-13-29",
    "generations": 200,
    "fitness history": [
        8.393333333333333,
        8.333333333333334,
        8.326666666666666,
        8.446666666666667,
        8.593333333333334,
        8.3,
        8.533333333333333,
        8.36,
        8.36,
        8.44,
        8.32,
        8.36,
        8.32,
        8.426666666666666,
        8.486666666666666,
        8.366666666666667,
        8.653333333333334,
        9.193333333333333,
        8.353333333333333,
        8.46,
        9.693333333333333,
        12.386666666666667,
        8.58,
        24.98,
        19.48,
        18.213333333333335,
        24.406666666666666,
        24.293333333333333,
        25.926666666666666,
        23.766666666666666,
        27.746666666666666,
        27.753333333333334,
        25.58,
        26.373333333333335,
        25.74,
        30.973333333333333,
        28.833333333333332,
        29.833333333333332,
        30.5,
        31.066666666666666,
        30.0,
        30.793333333333333,
        28.533333333333335,
        27.42,
        28.813333333333333,
        27.666666666666668,
        28.513333333333332,
        31.426666666666666,
        28.066666666666666,
        26.133333333333333,
        28.473333333333333,
        27.473333333333333,
        29.566666666666666,
        30.366666666666667,
        28.64666666666667,
        29.946666666666665,
        29.793333333333333,
        29.486666666666668,
        29.08,
        31.1,
        29.913333333333334,
        28.986666666666668,
        28.04,
        29.893333333333334,
        28.28,
        28.88,
        28.406666666666666,
        28.873333333333335,
        28.453333333333333,
        28.30666666666667,
        28.886666666666667,
        30.946666666666665,
        27.166666666666668,
        28.066666666666666,
        27.22,
        28.333333333333332,
        29.246666666666666,
        28.046666666666667,
        30.42,
        28.786666666666665,
        27.873333333333335,
        29.30666666666667,
        29.426666666666666,
        27.9,
        28.833333333333332,
        28.0,
        29.2,
        30.226666666666667,
        28.56,
        29.4,
        28.426666666666666,
        29.213333333333335,
        27.76,
        28.86,
        29.113333333333333,
        28.373333333333335,
        28.14,
        28.6,
        27.253333333333334,
        26.28,
        30.733333333333334,
        27.093333333333334,
        28.9,
        27.44,
        30.066666666666666,
        29.733333333333334,
        30.406666666666666,
        29.213333333333335,
        29.013333333333332,
        28.866666666666667,
        29.486666666666668,
        28.56,
        28.913333333333334,
        26.033333333333335,
        28.14666666666667,
        29.926666666666666,
        28.933333333333334,
        27.8,
        29.3,
        27.48,
        28.993333333333332,
        27.14666666666667,
        25.753333333333334,
        28.446666666666665,
        28.606666666666666,
        28.686666666666667,
        27.373333333333335,
        29.033333333333335,
        28.96,
        29.726666666666667,
        27.893333333333334,
        31.82,
        29.713333333333335,
        28.386666666666667,
        30.94,
        31.666666666666668,
        30.16,
        28.913333333333334,
        28.686666666666667,
        26.666666666666668,
        26.746666666666666,
        27.893333333333334,
        26.506666666666668,
        29.98,
        27.96,
        26.626666666666665,
        28.58,
        27.546666666666667,
        26.473333333333333,
        29.473333333333333,
        26.846666666666668,
        29.52,
        28.813333333333333,
        29.513333333333332,
        28.933333333333334,
        26.9,
        27.686666666666667,
        28.833333333333332,
        28.72,
        27.606666666666666,
        29.66,
        30.08,
        27.993333333333332,
        28.773333333333333,
        28.186666666666667,
        25.98,
        30.973333333333333,
        29.953333333333333,
        30.96,
        28.24,
        28.406666666666666,
        28.64,
        28.006666666666668,
        29.526666666666667,
        30.706666666666667,
        28.473333333333333,
        27.706666666666667,
        29.16,
        28.1,
        26.94,
        27.126666666666665,
        28.533333333333335,
        30.046666666666667,
        28.986666666666668,
        29.18,
        29.0,
        29.426666666666666,
        28.82,
        27.633333333333333,
        28.0,
        27.56,
        31.253333333333334,
        29.88,
        28.313333333333333,
        29.466666666666665,
        30.42,
        31.35333333333333,
        29.08,
        28.093333333333334,
        31.026666666666667
    ],
    "best fitness history": [
        10,
        10,
        10,
        10,
        49,
        10,
        10,
        10,
        10,
        10,
        10,
        10,
        10,
        10,
        10,
        10,
        45,
        62,
        10,
        28,
        63,
        55,
        39,
        67,
        61,
        59,
        61,
        61,
        66,
        63,
        60,
        60,
        62,
        67,
        65,
        61,
        60,
        62,
        63,
        59,
        60,
        61,
        66,
        57,
        59,
        63,
        60,
        71,
        66,
        63,
        64,
        71,
        66,
        61,
        63,
        61,
        61,
        60,
        61,
        58,
        66,
        67,
        66,
        71,
        58,
        60,
        66,
        60,
        61,
        61,
        63,
        63,
        61,
        59,
        58,
        55,
        63,
        67,
        63,
        63,
        66,
        60,
        61,
        65,
        70,
        61,
        58,
        61,
        60,
        60,
        62,
        65,
        61,
        60,
        67,
        60,
        65,
        71,
        67,
        67,
        63,
        66,
        65,
        67,
        63,
        67,
        60,
        65,
        67,
        61,
        62,
        62,
        66,
        61,
        65,
        61,
        65,
        65,
        70,
        67,
        61,
        63,
        63,
        60,
        66,
        63,
        64,
        65,
        58,
        60,
        62,
        63,
        66,
        67,
        64,
        63,
        63,
        64,
        65,
        66,
        66,
        67,
        59,
        65,
        65,
        60,
        65,
        61,
        67,
        63,
        66,
        66,
        67,
        66,
        62,
        65,
        67,
        60,
        61,
        62,
        61,
        64,
        58,
        61,
        67,
        67,
        62,
        60,
        63,
        67,
        71,
        67,
        66,
        58,
        71,
        67,
        61,
        59,
        63,
        60,
        67,
        61,
        66,
        66,
        71,
        60,
        67,
        67,
        61,
        58,
        57,
        61,
        65,
        69,
        64,
        63,
        61,
        62,
        64,
        63
    ],