{
    "time": "2022-09-10-06-09-42",
    "generations": 200,
    "fitness history": [
        8.3,
        8.273333333333333,
        8.353333333333333,
        8.353333333333333,
        8.4,
        8.34,
        8.4,
        8.693333333333333,
        9.18,
        10.26,
        16.74,
        32.766666666666666,
        19.62,
        32.54666666666667,
        24.98,
        35.18,
        34.86,
        40.11333333333334,
        7.94,
        26.653333333333332,
        14.726666666666667,
        7.82,
        8.226666666666667,
        39.28,
        8.26,
        32.45333333333333,
        27.84,
        14.92,
        40.29333333333334,
        53.88666666666666,
        40.68666666666667,
        37.76,
        8.42,
        8.3,
        8.333333333333334,
        40.48,
        8.333333333333334,
        39.986666666666665,
        8.346666666666666,
        39.67333333333333,
        39.46666666666667,
        8.44,
        41.88666666666666,
        8.42,
        39.99333333333333,
        8.326666666666666,
        8.38,
        8.253333333333334,
        35.026666666666664,
        33.24,
        37.986666666666665,
        8.346666666666666,
        8.32,
        8.406666666666666,
        8.366666666666667,
        8.306666666666667,
        38.306666666666665,
        36.62,
        39.3,
        41.49333333333333,
        8.333333333333334,
        8.36,
        37.38,
        40.36,
        39.25333333333333,
        8.4,
        8.32,
        8.366666666666667,
        40.3,
        8.366666666666667,
        8.333333333333334,
        41.76,
        43.42666666666667,
        8.333333333333334,
        8.333333333333334,
        8.386666666666667,
        41.77333333333333,
        8.386666666666667,
        8.06,
        51.74,
        8.44,
        8.34,
        8.04,
        74.83333333333333,
        37.413333333333334,
        9.253333333333334,
        7.98,
        80.02,
        48.806666666666665,
        7.933333333333334,
        8.866666666666667,
        8.313333333333333,
        7.846666666666667,
        8.22,
        412.76666666666665,
        9.08,
        39.406666666666666,
        192.07333333333332,
        7.733333333333333,
        9.073333333333334,
        8.273333333333333,
        339.1066666666667,
        445.53333333333336,
        8.806666666666667,
        89.88666666666667,
        304.7866666666667,
        8.18,
        8.166666666666666,
        8.893333333333333,
        8.22,
        8.32,
        34.446666666666665,
        196.92,
        361.32,
        7.746666666666667,
        8.1,
        8.906666666666666,
        31.253333333333334,
        8.86,
        38.413333333333334,
        97.24,
        8.2,
        386.97333333333336,
        8.393333333333333,
        8.253333333333334,
        7.793333333333333,
        8.206666666666667,
        8.373333333333333,
        14.006666666666666,
        37.88666666666666,
        8.393333333333333,
        33.25333333333333,
        8.353333333333333,
        8.186666666666667,
        8.346666666666666,
        24.153333333333332,
        8.06,
        8.32,
        29.88,
        12.633333333333333,
        9.02,
        8.213333333333333,
        8.393333333333333,
        50.04,
        499.0,
        86.08666666666667,
        8.34,
        28.426666666666666,
        194.52666666666667,
        8.353333333333333,
        8.313333333333333,
        8.36,
        49.66,
        8.38,
        8.313333333333333,
        8.533333333333333,
        8.36,
        46.28,
        19.553333333333335,
        8.3,
        26.866666666666667,
        8.446666666666667,
        8.273333333333333,
        15.113333333333333,
        13.786666666666667,
        8.406666666666666,
        8.3,
        8.386666666666667,
        8.453333333333333,
        8.393333333333333,
        8.433333333333334,
        8.426666666666666,
        59.84,
        8.293333333333333,
        8.48,
        8.366666666666667,
        8.373333333333333,
        7.72,
        8.32,
        19.926666666666666,
        8.34,
        41.89333333333333,
        8.293333333333333,
        8.273333333333333,
        8.313333333333333,
        16.98,
        8.266666666666667,
        23.76,
        8.253333333333334,
        8.393333333333333,
        8.28,
        8.386666666666667,
        8.213333333333333,
        8.393333333333333,
        43.96,
        8.393333333333333,
        8.34,
        8.553333333333333,
        8.4,
        9.153333333333334
    ],
    "best fitness history": [
        10,
        10,
        10,
        10,
        10,
        10,
        10,
        45,
        50,
        52,
        61,
        63,
        66,
        68,
        117,
        96,
        61,
        90,
        10,
        84,
        67,
        9,
        10,
        67,
        10,
        63,
        67,
        71,
        140,
        193,
        113,
        127,
        10,
        10,
        10,
        97,
        10,
        117,
        10,
        102,
        104,
        10,
        181,
        10,
        144,
        10,
        10,
        10,
        89,
        134,
        117,
        10,
        10,
        10,
        10,
        10,
        134,
        88,
        135,
        149,
        10,
        10,
        130,
        120,
        127,
        10,
        10,
        10,
        103,
        10,
        10,
        107,
        145,
        10,
        10,
        10,
        127,
        10,
        10,
        123,
        10,
        10,
        9,
        499,
        65,
        239,
        9,
        499,
        76,
        12,
        10,
        10,
        9,
        9,
        499,
        10,
        139,
        289,
        8,
        10,
        9,
        499,
        499,
        10,
        198,
        499,
        10,
        9,
        10,
        9,
        16,
        107,
        290,
        499,
        8,
        9,
        10,
        46,
        10,
        85,
        419,
        10,
        499,
        10,
        10,
        10,
        9,
        10,
        40,
        57,
        10,
        75,
        10,
        10,
        10,
        33,
        10,
        10,
        87,
        19,
        11,
        10,
        10,
        58,
        499,
        312,
        10,
        60,
        290,
        10,
        10,
        10,
        109,
        10,
        10,
        11,
        10,
        499,
        28,
        10,
        63,
        10,
        10,
        20,
        21,
        10,
        10,
        10,
        10,
        10,
        10,
        9,
        90,
        10,
        10,
        10,
        10,
        8,
        10,
        30,
        10,
        186,
        10,
        10,
        10,
        26,
        14,
        53,
        10,
        10,
        10,
        10,
        10,
        10,
        69,
        10,
        10,
        10,
        10,
        17
    ],