{
    "time": "2022-09-10-11-35-54",
    "generations": 200,
    "fitness history": [
        8.313333333333333,
        8.293333333333333,
        8.286666666666667,
        8.366666666666667,
        8.273333333333333,
        8.433333333333334,
        8.293333333333333,
        8.293333333333333,
        8.413333333333334,
        8.366666666666667,
        8.366666666666667,
        8.286666666666667,
        8.266666666666667,
        8.333333333333334,
        8.373333333333333,
        8.36,
        8.38,
        8.546666666666667,
        8.313333333333333,
        9.78,
        12.9,
        8.466666666666667,
        34.053333333333335,
        38.95333333333333,
        39.68,
        8.366666666666667,
        8.4,
        8.413333333333334,
        8.4,
        42.49333333333333,
        8.353333333333333,
        40.99333333333333,
        8.333333333333334,
        8.313333333333333,
        37.94,
        8.366666666666667,
        8.313333333333333,
        40.266666666666666,
        39.07333333333333,
        8.426666666666666,
        40.44,
        8.266666666666667,
        8.366666666666667,
        39.38,
        39.43333333333333,
        8.353333333333333,
        38.593333333333334,
        42.16,
        56.70666666666666,
        39.14666666666667,
        8.293333333333333,
        190.43333333333334,
        8.326666666666666,
        8.3,
        45.22666666666667,
        206.85333333333332,
        8.2,
        8.153333333333334,
        8.293333333333333,
        8.36,
        64.74,
        8.346666666666666,
        8.34,
        8.366666666666667,
        8.326666666666666,
        8.186666666666667,
        34.08,
        8.26,
        111.9,
        8.253333333333334,
        8.333333333333334,
        8.46,
        8.406666666666666,
        29.926666666666666,
        8.233333333333333,
        8.273333333333333,
        201.91333333333333,
        71.14666666666666,
        8.22,
        8.186666666666667,
        8.413333333333334,
        27.093333333333334,
        111.86666666666666,
        8.333333333333334,
        8.333333333333334,
        8.226666666666667,
        8.293333333333333,
        8.293333333333333,
        37.99333333333333,
        33.26,
        24.66,
        8.473333333333333,
        196.86,
        8.373333333333333,
        8.32,
        8.393333333333333,
        24.493333333333332,
        9.086666666666666,
        8.513333333333334,
        8.273333333333333,
        8.253333333333334,
        8.3,
        8.453333333333333,
        8.373333333333333,
        13.873333333333333,
        8.373333333333333,
        8.34,
        19.033333333333335,
        8.326666666666666,
        8.3,
        8.333333333333334,
        8.466666666666667,
        8.253333333333334,
        39.67333333333333,
        8.306666666666667,
        8.54,
        124.40666666666667,
        8.42,
        8.4,
        11.04,
        50.88666666666666,
        50.32,
        8.333333333333334,
        35.34,
        40.10666666666667,
        12.566666666666666,
        24.746666666666666,
        14.853333333333333,
        15.106666666666667,
        8.306666666666667,
        8.36,
        8.36,
        28.433333333333334,
        8.3,
        65.84666666666666,
        21.093333333333334,
        8.32,
        195.98,
        8.24,
        8.313333333333333,
        8.38,
        8.246666666666666,
        8.293333333333333,
        176.86,
        8.313333333333333,
        8.44,
        8.326666666666666,
        8.386666666666667,
        8.473333333333333,
        8.266666666666667,
        8.293333333333333,
        8.4,
        8.326666666666666,
        8.413333333333334,
        106.48,
        10.253333333333334,
        13.28,
        9.926666666666666,
        8.293333333333333,
        21.66,
        48.733333333333334,
        8.373333333333333,
        8.38,
        13.326666666666666,
        499.0,
        8.326666666666666,
        8.366666666666667,
        8.386666666666667,
        8.253333333333334,
        8.42,
        8.553333333333333,
        8.44,
        21.233333333333334,
        8.406666666666666,
        8.366666666666667,
        8.353333333333333,
        8.293333333333333,
        8.413333333333334,
        154.34,
        8.28,
        43.29333333333334,
        8.353333333333333,
        8.32,
        8.38,
        8.293333333333333,
        8.433333333333334,
        141.03333333333333,
        8.36,
        16.953333333333333,
        8.286666666666667,
        18.366666666666667,
        8.306666666666667,
        93.99333333333334,
        23.786666666666665,
        8.293333333333333,
        8.273333333333333,
        8.426666666666666,
        9.853333333333333,
        8.286666666666667,
        8.36
    ],
    "best fitness history": [
        10,
        10,
        10,
        10,
        10,
        10,
        10,
        10,
        10,
        10,
        10,
        10,
        10,
        10,
        10,
        10,
        10,
        33,
        10,
        102,
        53,
        10,
        118,
        123,
        115,
        10,
        10,
        10,
        10,
        162,
        10,
        153,
        10,
        10,
        107,
        10,
        10,
        143,
        112,
        10,
        96,
        10,
        10,
        131,
        162,
        10,
        106,
        499,
        273,
        93,
        10,
        274,
        10,
        10,
        172,
        365,
        9,
        9,
        10,
        10,
        284,
        10,
        10,
        10,
        9,
        10,
        100,
        10,
        226,
        10,
        10,
        10,
        10,
        94,
        10,
        10,
        309,
        176,
        9,
        9,
        10,
        88,
        250,
        10,
        10,
        10,
        10,
        10,
        107,
        104,
        41,
        10,
        300,
        10,
        10,
        10,
        32,
        44,
        10,
        10,
        10,
        10,
        10,
        10,
        19,
        10,
        10,
        31,
        10,
        10,
        10,
        10,
        10,
        144,
        10,
        10,
        380,
        11,
        10,
        14,
        143,
        98,
        10,
        266,
        148,
        29,
        87,
        24,
        31,
        10,
        10,
        10,
        77,
        10,
        108,
        32,
        10,
        312,
        10,
        10,
        10,
        10,
        10,
        499,
        10,
        10,
        10,
        10,
        10,
        10,
        10,
        10,
        10,
        10,
        187,
        13,
        22,
        12,
        10,
        43,
        80,
        10,
        10,
        24,
        499,
        10,
        10,
        10,
        10,
        10,
        10,
        10,
        29,
        10,
        10,
        10,
        10,
        10,
        474,
        10,
        74,
        10,
        10,
        10,
        10,
        10,
        499,
        10,
        21,
        10,
        29,
        10,
        227,
        164,
        10,
        10,
        10,
        13,
        10,
        10
    ],