{
    "time": "2022-09-10-05-37-32",
    "generations": 200,
    "fitness history": [
        8.306666666666667,
        8.366666666666667,
        8.366666666666667,
        8.4,
        8.24,
        28.08,
        8.353333333333333,
        8.426666666666666,
        169.6,
        8.24,
        192.86666666666667,
        8.273333333333333,
        8.206666666666667,
        181.17333333333335,
        193.56666666666666,
        8.386666666666667,
        197.60666666666665,
        8.2,
        194.67333333333335,
        8.306666666666667,
        8.32,
        189.14666666666668,
        8.2,
        196.46,
        199.76666666666668,
        8.353333333333333,
        201.7,
        185.32,
        198.9,
        201.54666666666665,
        8.213333333333333,
        8.286666666666667,
        8.146666666666667,
        8.266666666666667,
        8.233333333333333,
        8.346666666666666,
        197.37333333333333,
        8.273333333333333,
        8.273333333333333,
        192.0,
        8.426666666666666,
        106.36666666666666,
        8.273333333333333,
        8.36,
        190.96,
        8.38,
        8.313333333333333,
        194.86,
        8.293333333333333,
        8.36,
        8.346666666666666,
        8.346666666666666,
        8.32,
        21.906666666666666,
        8.373333333333333,
        8.42,
        200.04666666666665,
        8.353333333333333,
        8.286666666666667,
        8.36,
        8.253333333333334,
        8.3,
        8.413333333333334,
        8.313333333333333,
        196.7,
        199.77333333333334,
        8.36,
        8.286666666666667,
        8.386666666666667,
        8.3,
        8.286666666666667,
        8.353333333333333,
        8.22,
        8.4,
        8.173333333333334,
        8.346666666666666,
        9.68,
        8.32,
        8.44,
        8.386666666666667,
        42.3,
        8.413333333333334,
        8.326666666666666,
        38.67333333333333,
        8.3,
        37.9,
        17.80666666666667,
        39.18,
        8.186666666666667,
        8.373333333333333,
        11.373333333333333,
        42.43333333333333,
        40.193333333333335,
        8.3,
        40.28,
        25.086666666666666,
        8.453333333333333,
        24.58,
        54.74,
        8.38,
        8.413333333333334,
        8.386666666666667,
        8.46,
        8.3,
        35.666666666666664,
        49.64,
        25.046666666666667,
        300.32,
        8.246666666666666,
        8.273333333333333,
        39.89333333333333,
        8.333333333333334,
        8.286666666666667,
        36.67333333333333,
        7.873333333333333,
        8.413333333333334,
        8.346666666666666,
        8.253333333333334,
        7.78,
        163.82666666666665,
        34.906666666666666,
        17.366666666666667,
        135.32,
        18.466666666666665,
        8.373333333333333,
        28.5,
        8.366666666666667,
        8.44,
        29.786666666666665,
        381.55333333333334,
        8.393333333333333,
        202.11333333333334,
        8.36,
        24.926666666666666,
        8.393333333333333,
        8.233333333333333,
        8.506666666666666,
        8.38,
        8.973333333333333,
        8.486666666666666,
        8.126666666666667,
        8.366666666666667,
        8.42,
        20.2,
        7.7,
        80.77333333333333,
        8.953333333333333,
        8.326666666666666,
        18.753333333333334,
        239.91333333333333,
        8.453333333333333,
        37.2,
        8.36,
        8.44,
        7.98,
        71.94666666666667,
        8.24,
        8.34,
        155.20666666666668,
        499.0,
        78.06,
        10.053333333333333,
        8.406666666666666,
        22.16,
        13.133333333333333,
        10.753333333333334,
        7.88,
        8.246666666666666,
        8.313333333333333,
        41.34,
        106.75333333333333,
        8.373333333333333,
        28.846666666666668,
        7.706666666666667,
        8.386666666666667,
        8.48,
        55.27333333333333,
        8.166666666666666,
        8.766666666666667,
        8.16,
        7.833333333333333,
        30.42,
        8.493333333333334,
        8.46,
        158.35333333333332,
        8.36,
        32.806666666666665,
        77.9,
        36.86666666666667,
        8.333333333333334,
        8.26,
        8.273333333333333,
        34.98,
        8.466666666666667,
        476.1333333333333,
        9.206666666666667,
        404.73333333333335,
        119.17333333333333,
        35.62,
        8.4
    ],
    "best fitness history": [
        10,
        10,
        10,
        10,
        9,
        274,
        10,
        10,
        311,
        10,
        295,
        10,
        9,
        337,
        302,
        10,
        319,
        10,
        297,
        9,
        10,
        313,
        9,
        287,
        311,
        10,
        299,
        282,
        324,
        302,
        9,
        10,
        10,
        10,
        9,
        10,
        291,
        10,
        9,
        323,
        10,
        303,
        10,
        10,
        315,
        10,
        10,
        315,
        10,
        9,
        10,
        9,
        10,
        32,
        10,
        10,
        303,
        10,
        10,
        10,
        10,
        9,
        10,
        10,
        499,
        322,
        9,
        10,
        10,
        10,
        9,
        10,
        10,
        10,
        9,
        10,
        27,
        10,
        10,
        10,
        95,
        10,
        10,
        112,
        10,
        116,
        28,
        53,
        10,
        10,
        14,
        80,
        103,
        10,
        140,
        34,
        10,
        34,
        117,
        10,
        10,
        10,
        10,
        10,
        49,
        81,
        34,
        499,
        10,
        10,
        59,
        10,
        10,
        80,
        10,
        10,
        10,
        9,
        9,
        313,
        116,
        30,
        237,
        30,
        10,
        73,
        10,
        10,
        89,
        499,
        10,
        499,
        10,
        35,
        10,
        10,
        10,
        10,
        37,
        10,
        10,
        10,
        10,
        29,
        8,
        499,
        10,
        10,
        31,
        499,
        10,
        98,
        10,
        10,
        9,
        135,
        10,
        10,
        211,
        499,
        140,
        13,
        10,
        32,
        19,
        15,
        9,
        10,
        10,
        144,
        499,
        10,
        46,
        8,
        10,
        10,
        499,
        10,
        33,
        9,
        9,
        47,
        10,
        12,
        244,
        10,
        83,
        95,
        111,
        11,
        10,
        10,
        80,
        10,
        499,
        35,
        499,
        131,
        55,
        10
    ],