{
    "time": "2022-09-10-14-08-37",
    "generations": 200,
    "fitness history": [
        8.34,
        8.36,
        8.333333333333334,
        20.12,
        64.98666666666666,
        156.5,
        8.306666666666667,
        8.246666666666666,
        8.22,
        201.52,
        8.226666666666667,
        214.55333333333334,
        11.886666666666667,
        8.593333333333334,
        8.253333333333334,
        201.08,
        7.74,
        203.95333333333335,
        7.74,
        203.78,
        195.99333333333334,
        44.86,
        196.64,
        8.266666666666667,
        55.126666666666665,
        7.886666666666667,
        196.68,
        202.34666666666666,
        193.6,
        7.793333333333333,
        8.426666666666666,
        41.28,
        196.72,
        99.6,
        196.23333333333332,
        191.14666666666668,
        8.873333333333333,
        206.07333333333332,
        45.45333333333333,
        8.08,
        8.206666666666667,
        200.05333333333334,
        8.24,
        183.08,
        103.56,
        7.733333333333333,
        497.88666666666666,
        8.013333333333334,
        188.74,
        8.906666666666666,
        181.38,
        195.12,
        7.926666666666667,
        194.79333333333332,
        8.253333333333334,
        26.753333333333334,
        196.07333333333332,
        204.22666666666666,
        499.0,
        89.06666666666666,
        499.0,
        7.713333333333333,
        197.01333333333332,
        499.0,
        145.82666666666665,
        198.32,
        7.713333333333333,
        8.16,
        7.76,
        7.773333333333333,
        479.7866666666667,
        8.413333333333334,
        8.733333333333333,
        7.74,
        499.0,
        7.78,
        8.34,
        191.13333333333333,
        178.76666666666668,
        25.566666666666666,
        8.3,
        160.54,
        16.66,
        8.24,
        204.36666666666667,
        178.74,
        265.12666666666667,
        8.206666666666667,
        184.42,
        495.9066666666667,
        8.973333333333333,
        199.54,
        499.0,
        145.64,
        200.82666666666665,
        8.186666666666667,
        8.293333333333333,
        239.32,
        194.07333333333332,
        199.15333333333334,
        209.6,
        499.0,
        7.886666666666667,
        25.673333333333332,
        54.406666666666666,
        7.74,
        8.826666666666666,
        8.246666666666666,
        209.15333333333334,
        33.74666666666667,
        8.2,
        126.44,
        190.72666666666666,
        197.15333333333334,
        7.986666666666666,
        9.62,
        168.04,
        8.233333333333333,
        203.13333333333333,
        8.246666666666666,
        416.94,
        7.766666666666667,
        201.71333333333334,
        196.79333333333332,
        8.16,
        40.833333333333336,
        205.18666666666667,
        499.0,
        26.773333333333333,
        8.266666666666667,
        107.00666666666666,
        7.733333333333333,
        8.946666666666667,
        8.193333333333333,
        7.76,
        8.253333333333334,
        8.406666666666666,
        499.0,
        493.02666666666664,
        240.15333333333334,
        383.18,
        202.28666666666666,
        143.75333333333333,
        87.89333333333333,
        101.89333333333333,
        196.81333333333333,
        8.3,
        193.86,
        193.23333333333332,
        8.36,
        8.966666666666667,
        196.43333333333334,
        8.12,
        186.40666666666667,
        8.973333333333333,
        8.2,
        193.28666666666666,
        498.43333333333334,
        7.926666666666667,
        8.24,
        8.266666666666667,
        8.186666666666667,
        8.246666666666666,
        41.78,
        8.166666666666666,
        8.353333333333333,
        110.37333333333333,
        8.18,
        50.45333333333333,
        89.57333333333334,
        8.333333333333334,
        31.566666666666666,
        93.74,
        29.673333333333332,
        50.82666666666667,
        191.85333333333332,
        8.96,
        200.38666666666666,
        27.92,
        8.306666666666667,
        114.65333333333334,
        8.333333333333334,
        87.12,
        8.093333333333334,
        8.406666666666666,
        28.18,
        8.306666666666667,
        26.613333333333333,
        8.473333333333333,
        8.426666666666666,
        48.486666666666665,
        8.286666666666667,
        8.193333333333333,
        8.34,
        8.313333333333333,
        23.466666666666665,
        8.413333333333334,
        8.266666666666667,
        8.366666666666667,
        22.2
    ],
    "best fitness history": [
        10,
        10,
        10,
        273,
        285,
        499,
        9,
        9,
        9,
        499,
        10,
        499,
        56,
        10,
        10,
        297,
        8,
        297,
        9,
        309,
        282,
        499,
        304,
        9,
        253,
        9,
        283,
        294,
        348,
        9,
        10,
        61,
        286,
        140,
        300,
        328,
        10,
        309,
        105,
        9,
        10,
        327,
        10,
        259,
        162,
        8,
        499,
        12,
        309,
        10,
        302,
        292,
        9,
        312,
        10,
        50,
        322,
        306,
        499,
        145,
        499,
        8,
        283,
        499,
        226,
        316,
        8,
        10,
        9,
        9,
        499,
        10,
        10,
        9,
        499,
        9,
        9,
        291,
        287,
        46,
        9,
        238,
        29,
        9,
        300,
        274,
        499,
        9,
        268,
        499,
        10,
        295,
        499,
        216,
        306,
        9,
        10,
        416,
        306,
        274,
        308,
        499,
        9,
        38,
        87,
        8,
        10,
        10,
        499,
        57,
        9,
        294,
        302,
        308,
        9,
        18,
        245,
        9,
        307,
        10,
        499,
        10,
        305,
        287,
        9,
        63,
        332,
        499,
        42,
        9,
        195,
        8,
        10,
        9,
        10,
        10,
        9,
        499,
        499,
        432,
        499,
        307,
        210,
        141,
        176,
        315,
        9,
        289,
        324,
        10,
        10,
        312,
        10,
        322,
        10,
        9,
        310,
        499,
        9,
        9,
        10,
        9,
        10,
        79,
        9,
        10,
        176,
        10,
        94,
        176,
        10,
        47,
        170,
        79,
        135,
        340,
        27,
        298,
        65,
        10,
        339,
        10,
        336,
        10,
        10,
        68,
        10,
        35,
        10,
        10,
        85,
        10,
        10,
        10,
        10,
        77,
        10,
        10,
        10,
        46
    ],