{
    "time": "2022-09-10-06-50-27",
    "generations": 200,
    "fitness history": [
        8.486666666666666,
        8.486666666666666,
        8.28,
        8.32,
        8.28,
        8.366666666666667,
        8.393333333333333,
        8.293333333333333,
        8.206666666666667,
        8.32,
        8.353333333333333,
        8.333333333333334,
        8.34,
        8.313333333333333,
        8.4,
        8.273333333333333,
        8.34,
        8.44,
        8.44,
        8.44,
        8.406666666666666,
        8.36,
        8.46,
        8.313333333333333,
        8.346666666666666,
        8.313333333333333,
        8.333333333333334,
        8.36,
        8.373333333333333,
        8.313333333333333,
        8.326666666666666,
        8.373333333333333,
        8.326666666666666,
        8.28,
        8.313333333333333,
        8.36,
        8.413333333333334,
        8.646666666666667,
        9.74,
        11.726666666666667,
        8.606666666666667,
        26.266666666666666,
        8.72,
        26.366666666666667,
        18.633333333333333,
        21.386666666666667,
        16.64,
        27.046666666666667,
        15.306666666666667,
        8.533333333333333,
        13.253333333333334,
        8.86,
        26.866666666666667,
        13.246666666666666,
        9.6,
        8.333333333333334,
        8.306666666666667,
        8.36,
        28.486666666666668,
        10.146666666666667,
        8.34,
        8.2,
        22.12,
        8.44,
        40.513333333333335,
        8.333333333333334,
        34.94,
        9.22,
        30.253333333333334,
        8.313333333333333,
        65.61333333333333,
        8.353333333333333,
        8.38,
        44.12,
        8.38,
        8.426666666666666,
        8.44,
        12.94,
        9.56,
        8.42,
        8.2,
        8.426666666666666,
        12.98,
        17.30666666666667,
        7.8,
        28.04,
        8.353333333333333,
        8.446666666666667,
        8.426666666666666,
        8.406666666666666,
        18.673333333333332,
        8.3,
        8.406666666666666,
        8.346666666666666,
        8.366666666666667,
        35.32,
        8.36,
        38.72666666666667,
        8.293333333333333,
        36.26,
        10.706666666666667,
        8.446666666666667,
        8.406666666666666,
        33.806666666666665,
        87.59333333333333,
        13.906666666666666,
        11.38,
        40.0,
        8.4,
        11.46,
        32.053333333333335,
        8.333333333333334,
        16.826666666666668,
        37.28666666666667,
        8.32,
        8.206666666666667,
        9.64,
        8.686666666666667,
        95.98,
        26.513333333333332,
        8.293333333333333,
        8.546666666666667,
        33.98,
        8.38,
        8.113333333333333,
        8.426666666666666,
        8.3,
        8.32,
        13.34,
        8.36,
        8.433333333333334,
        8.193333333333333,
        8.38,
        8.493333333333334,
        34.99333333333333,
        25.566666666666666,
        8.38,
        8.333333333333334,
        8.36,
        8.3,
        8.0,
        8.3,
        8.493333333333334,
        8.38,
        23.593333333333334,
        8.28,
        8.453333333333333,
        8.786666666666667,
        8.32,
        8.36,
        8.353333333333333,
        17.513333333333332,
        8.266666666666667,
        8.333333333333334,
        8.253333333333334,
        36.54,
        8.333333333333334,
        99.29333333333334,
        8.286666666666667,
        8.426666666666666,
        8.353333333333333,
        8.353333333333333,
        8.38,
        8.246666666666666,
        28.18,
        8.326666666666666,
        10.433333333333334,
        37.026666666666664,
        37.29333333333334,
        8.44,
        8.38,
        8.44,
        8.253333333333334,
        8.426666666666666,
        8.326666666666666,
        8.293333333333333,
        8.366666666666667,
        8.313333333333333,
        11.406666666666666,
        8.386666666666667,
        8.413333333333334,
        8.4,
        8.273333333333333,
        8.3,
        41.18666666666667,
        8.313333333333333,
        8.313333333333333,
        8.366666666666667,
        8.42,
        23.9,
        14.56,
        8.346666666666666,
        8.293333333333333,
        8.32,
        19.313333333333333,
        61.406666666666666,
        10.486666666666666,
        127.00666666666666,
        8.413333333333334,
        43.126666666666665
    ],
    "best fitness history": [
        9,
        10,
        10,
        10,
        10,
        10,
        10,
        10,
        10,
        10,
        10,
        10,
        10,
        10,
        10,
        10,
        10,
        10,
        10,
        10,
        10,
        10,
        10,
        10,
        10,
        10,
        10,
        10,
        10,
        10,
        10,
        10,
        10,
        10,
        10,
        10,
        10,
        40,
        70,
        55,
        39,
        110,
        66,
        128,
        98,
        66,
        68,
        77,
        87,
        25,
        51,
        17,
        95,
        34,
        43,
        10,
        10,
        10,
        51,
        43,
        10,
        10,
        133,
        10,
        107,
        10,
        101,
        16,
        94,
        10,
        110,
        10,
        10,
        128,
        11,
        10,
        10,
        79,
        24,
        10,
        10,
        10,
        51,
        53,
        9,
        77,
        10,
        10,
        10,
        11,
        28,
        10,
        10,
        10,
        10,
        87,
        10,
        111,
        10,
        80,
        15,
        10,
        10,
        94,
        499,
        19,
        37,
        111,
        10,
        15,
        59,
        10,
        55,
        82,
        10,
        10,
        13,
        10,
        499,
        90,
        10,
        10,
        67,
        10,
        10,
        10,
        10,
        10,
        32,
        10,
        10,
        10,
        10,
        10,
        106,
        132,
        10,
        11,
        10,
        10,
        9,
        10,
        17,
        10,
        232,
        10,
        10,
        26,
        10,
        10,
        10,
        29,
        10,
        10,
        10,
        95,
        10,
        114,
        10,
        10,
        10,
        10,
        10,
        10,
        41,
        10,
        14,
        93,
        97,
        10,
        10,
        10,
        10,
        10,
        10,
        10,
        10,
        10,
        26,
        10,
        10,
        10,
        10,
        10,
        91,
        10,
        10,
        10,
        10,
        75,
        19,
        10,
        10,
        10,
        31,
        195,
        15,
        212,
        10,
        198
    ],