{
    "time": "2022-09-12-01-01-17",
    "generations": 200,
    "fitness history": [
        8.38,
        9.146666666666667,
        21.52,
        28.32,
        28.513333333333332,
        25.413333333333334,
        12.233333333333333,
        21.026666666666667,
        18.48,
        28.266666666666666,
        25.893333333333334,
        32.92666666666667,
        27.32,
        22.62,
        25.846666666666668,
        29.18,
        33.29333333333334,
        32.76,
        30.273333333333333,
        32.92,
        32.99333333333333,
        31.68,
        31.14,
        33.88,
        29.593333333333334,
        42.72,
        72.80666666666667,
        68.50666666666666,
        39.07333333333333,
        65.2,
        90.12666666666667,
        83.33333333333333,
        43.94,
        56.666666666666664,
        109.29333333333334,
        107.57333333333334,
        79.26666666666667,
        128.68,
        171.08,
        167.46,
        184.59333333333333,
        206.0,
        209.12666666666667,
        252.25333333333333,
        237.17333333333335,
        253.30666666666667,
        281.7266666666667,
        306.46666666666664,
        298.82666666666665,
        329.16,
        265.94,
        314.7733333333333,
        271.16,
        273.14,
        263.68666666666667,
        265.79333333333335,
        262.8466666666667,
        264.8,
        264.08666666666664,
        259.02666666666664,
        266.17333333333335,
        261.08,
        262.74,
        256.9066666666667,
        255.47333333333333,
        256.43333333333334,
        255.45333333333335,
        256.70666666666665,
        253.36666666666667,
        254.06666666666666,
        253.64,
        253.6,
        252.80666666666667,
        253.99333333333334,
        254.40666666666667,
        254.17333333333335,
        254.41333333333333,
        254.27333333333334,
        253.19333333333333,
        250.92,
        252.46,
        252.22,
        251.64,
        251.52666666666667,
        252.52,
        252.85333333333332,
        252.71333333333334,
        252.14666666666668,
        250.80666666666667,
        252.54,
        251.66666666666666,
        252.46,
        251.68,
        251.28666666666666,
        252.66666666666666,
        252.75333333333333,
        251.85333333333332,
        251.62,
        252.62666666666667,
        252.79333333333332,
        251.16,
        251.73333333333332,
        251.16,
        255.78666666666666,
        255.65333333333334,
        254.06666666666666,
        252.2,
        252.42666666666668,
        252.55333333333334,
        252.52666666666667,
        252.57333333333332,
        252.7,
        252.66,
        252.65333333333334,
        250.33333333333334,
        250.83333333333334,
        255.52666666666667,
        255.59333333333333,
        255.8,
        255.32666666666665,
        255.44666666666666,
        255.51333333333332,
        254.6,
        255.48,
        255.61333333333334,
        255.4,
        255.62,
        255.50666666666666,
        255.43333333333334,
        255.37333333333333,
        255.71333333333334,
        255.63333333333333,
        254.47333333333333,
        255.59333333333333,
        255.69333333333333,
        255.45333333333335,
        255.69333333333333,
        255.49333333333334,
        255.28666666666666,
        255.49333333333334,
        255.40666666666667,
        255.43333333333334,
        255.75333333333333,
        253.77333333333334,
        255.54666666666665,
        255.9,
        255.26,
        255.61333333333334,
        255.63333333333333,
        255.44,
        255.30666666666667,
        254.81333333333333,
        255.16,
        255.4,
        254.70666666666668,
        255.70666666666668,
        255.38,
        255.74666666666667,
        255.82,
        255.49333333333334,
        255.34,
        255.46666666666667,
        255.51333333333332,
        255.49333333333334,
        255.62,
        255.4,
        254.52666666666667,
        255.43333333333334,
        255.08666666666667,
        255.25333333333333,
        254.53333333333333,
        255.43333333333334,
        254.78,
        255.53333333333333,
        255.57333333333332,
        255.33333333333334,
        255.61333333333334,
        255.6,
        255.70666666666668,
        255.40666666666667,
        255.62666666666667,
        255.86666666666667,
        255.51333333333332,
        255.7,
        255.30666666666667,
        255.52,
        254.5,
        255.24666666666667,
        254.92,
        254.98,
        255.42,
        255.18666666666667,
        255.66666666666666,
        255.59333333333333,
        255.87333333333333,
        255.31333333333333,
        255.56666666666666,
        254.40666666666667,
        255.84,
        255.77333333333334
    ],
    "best fitness history": [
        10,
        51,
        61,
        89,
        70,
        88,
        147,
        135,
        70,
        77,
        499,
        499,
        144,
        106,
        101,
        61,
        67,
        67,
        80,
        63,
        92,
        84,
        143,
        191,
        159,
        499,
        499,
        499,
        499,
        499,
        499,
        499,
        499,
        499,
        499,
        499,
        499,
        499,
        499,
        499,
        499,
        499,
        499,
        499,
        499,
        499,
        499,
        499,
        499,
        499,
        499,
        499,
        499,
        499,
        499,
        499,
        499,
        499,
        499,
        499,
        499,
        499,
        499,
        499,
        499,
        499,
        499,
        499,
        499,
        499,
        499,
        499,
        499,
        499,
        499,
        499,
        499,
        499,
        499,
        499,
        499,
        499,
        499,
        499,
        499,
        499,
        499,
        499,
        499,
        499,
        499,
        499,
        499,
        499,
        499,
        499,
        499,
        499,
        499,
        499,
        499,
        499,
        499,
        499,
        499,
        499,
        499,
        499,
        499,
        499,
        499,
        499,
        499,
        499,
        499,
        499,
        499,
        499,
        499,
        499,
        499,
        499,
        499,
        499,
        499,
        499,
        499,
        499,
        499,
        499,
        499,
        499,
        499,
        499,
        499,
        499,
        499,
        499,
        499,
        499,
        499,
        499,
        499,
        499,
        499,
        499,
        499,
        499,
        499,
        499,
        499,
        499,
        499,
        499,
        499,
        499,
        499,
        499,
        499,
        499,
        499,
        499,
        499,
        499,
        499,
        499,
        499,
        499,
        499,
        499,
        499,
        499,
        499,
        499,
        499,
        499,
        499,
        499,
        499,
        499,
        499,
        499,
        499,
        499,
        499,
        499,
        499,
        499,
        499,
        499,
        499,
        499,
        499,
        499,
        499,
        499,
        499,
        499,
        499,
        499
    ],