{
    "time": "2022-09-12-09-20-10",
    "generations": 200,
    "fitness history": [
        8.406666666666666,
        8.36,
        8.546666666666667,
        8.853333333333333,
        9.586666666666666,
        26.413333333333334,
        21.866666666666667,
        30.006666666666668,
        8.36,
        8.406666666666666,
        9.4,
        10.973333333333333,
        11.153333333333334,
        9.686666666666667,
        8.84,
        11.233333333333333,
        12.62,
        9.62,
        9.04,
        8.946666666666667,
        9.46,
        8.7,
        8.82,
        9.16,
        9.14,
        9.206666666666667,
        9.373333333333333,
        10.053333333333333,
        10.373333333333333,
        11.266666666666667,
        12.933333333333334,
        13.146666666666667,
        14.853333333333333,
        16.366666666666667,
        15.88,
        18.626666666666665,
        17.333333333333332,
        18.233333333333334,
        18.066666666666666,
        20.613333333333333,
        23.053333333333335,
        22.206666666666667,
        21.7,
        25.466666666666665,
        25.80666666666667,
        23.16,
        24.286666666666665,
        26.633333333333333,
        24.826666666666668,
        21.753333333333334,
        25.206666666666667,
        25.466666666666665,
        24.06,
        23.633333333333333,
        22.88,
        24.946666666666665,
        27.286666666666665,
        24.2,
        23.986666666666668,
        27.633333333333333,
        23.14,
        26.8,
        27.56,
        24.94,
        26.453333333333333,
        28.073333333333334,
        30.906666666666666,
        35.08,
        41.373333333333335,
        38.04,
        45.74666666666667,
        49.153333333333336,
        48.16,
        50.85333333333333,
        55.14666666666667,
        61.77333333333333,
        59.46666666666667,
        63.93333333333333,
        61.82,
        67.95333333333333,
        65.55333333333333,
        69.71333333333334,
        73.8,
        73.93333333333334,
        80.67333333333333,
        79.08,
        78.11333333333333,
        81.03333333333333,
        91.09333333333333,
        98.44,
        106.22666666666667,
        105.66,
        109.52666666666667,
        117.2,
        126.96,
        140.32,
        143.38,
        154.36,
        140.75333333333333,
        166.26666666666668,
        158.86666666666667,
        155.27333333333334,
        179.68,
        179.16,
        184.62666666666667,
        171.66,
        181.72666666666666,
        190.07333333333332,
        209.51333333333332,
        218.13333333333333,
        217.65333333333334,
        221.13333333333333,
        226.59333333333333,
        219.61333333333334,
        235.49333333333334,
        228.94666666666666,
        242.28,
        259.38666666666666,
        308.1066666666667,
        291.1,
        289.3,
        285.9866666666667,
        282.00666666666666,
        283.74,
        278.3333333333333,
        278.5933333333333,
        279.7,
        278.92,
        281.32666666666665,
        276.2133333333333,
        275.6066666666667,
        273.54,
        273.1933333333333,
        272.43333333333334,
        268.88666666666666,
        271.96666666666664,
        271.8933333333333,
        271.7266666666667,
        270.82666666666665,
        270.06,
        268.52666666666664,
        266.52,
        269.4866666666667,
        264.56,
        262.18,
        267.44,
        266.4533333333333,
        263.74,
        263.41333333333336,
        267.18,
        265.11333333333334,
        266.78,
        264.5933333333333,
        266.3666666666667,
        264.68,
        263.62,
        266.62,
        265.3466666666667,
        261.3666666666667,
        263.73333333333335,
        260.1,
        263.18,
        261.18,
        262.72,
        263.84,
        260.9866666666667,
        263.00666666666666,
        263.55333333333334,
        259.4533333333333,
        263.8666666666667,
        263.6066666666667,
        260.14,
        260.85333333333335,
        263.08,
        259.96666666666664,
        260.70666666666665,
        263.18,
        260.94,
        263.82666666666665,
        259.1933333333333,
        262.18,
        263.93333333333334,
        260.8,
        261.1333333333333,
        260.29333333333335,
        260.56,
        259.12,
        261.8466666666667,
        261.4066666666667,
        263.7133333333333,
        259.85333333333335,
        260.7866666666667,
        261.2866666666667,
        264.24666666666667,
        260.2733333333333,
        260.70666666666665,
        263.32666666666665,
        263.8933333333333,
        264.14,
        263.75333333333333
    ],
    "best fitness history": [
        10,
        10,
        44,
        72,
        60,
        90,
        162,
        255,
        10,
        10,
        56,
        54,
        43,
        88,
        57,
        102,
        334,
        49,
        44,
        48,
        61,
        20,
        26,
        28,
        27,
        27,
        34,
        67,
        70,
        60,
        70,
        75,
        53,
        98,
        83,
        95,
        93,
        80,
        83,
        105,
        85,
        80,
        78,
        120,
        110,
        84,
        77,
        105,
        84,
        72,
        82,
        96,
        89,
        69,
        94,
        82,
        92,
        86,
        112,
        139,
        80,
        118,
        122,
        109,
        96,
        118,
        205,
        181,
        209,
        244,
        248,
        216,
        218,
        214,
        258,
        230,
        211,
        254,
        261,
        265,
        238,
        233,
        296,
        228,
        251,
        264,
        268,
        254,
        294,
        499,
        499,
        499,
        499,
        499,
        499,
        499,
        499,
        499,
        499,
        499,
        499,
        499,
        499,
        499,
        499,
        499,
        499,
        499,
        499,
        499,
        499,
        499,
        499,
        499,
        499,
        499,
        499,
        499,
        499,
        499,
        499,
        499,
        499,
        499,
        499,
        499,
        499,
        499,
        499,
        499,
        499,
        499,
        499,
        499,
        499,
        499,
        499,
        499,
        499,
        499,
        499,
        499,
        499,
        499,
        499,
        499,
        499,
        499,
        499,
        499,
        499,
        499,
        499,
        499,
        499,
        499,
        499,
        499,
        499,
        499,
        499,
        499,
        499,
        499,
        499,
        499,
        499,
        499,
        499,
        499,
        499,
        499,
        499,
        499,
        499,
        499,
        499,
        499,
        499,
        499,
        499,
        499,
        499,
        499,
        499,
        499,
        499,
        499,
        499,
        499,
        499,
        499,
        499,
        499,
        499,
        499,
        499,
        499,
        499,
        499
    ],