{
    "time": "2022-09-10-06-22-16",
    "generations": 200,
    "fitness history": [
        8.386666666666667,
        8.32,
        8.36,
        8.406666666666666,
        8.353333333333333,
        8.56,
        8.273333333333333,
        8.96,
        8.333333333333334,
        11.7,
        22.066666666666666,
        28.85333333333333,
        21.48,
        20.833333333333332,
        24.826666666666668,
        20.013333333333332,
        27.32,
        28.2,
        23.233333333333334,
        21.933333333333334,
        24.553333333333335,
        27.093333333333334,
        25.886666666666667,
        28.85333333333333,
        29.413333333333334,
        28.133333333333333,
        26.88,
        30.1,
        29.52,
        29.74,
        30.82,
        33.07333333333333,
        30.553333333333335,
        33.92,
        29.793333333333333,
        29.633333333333333,
        31.726666666666667,
        27.633333333333333,
        31.986666666666668,
        31.333333333333332,
        27.413333333333334,
        32.833333333333336,
        28.093333333333334,
        28.34,
        31.466666666666665,
        28.88,
        31.14666666666667,
        32.14666666666667,
        32.66,
        27.746666666666666,
        31.86,
        26.406666666666666,
        34.973333333333336,
        29.973333333333333,
        33.26,
        29.46,
        29.513333333333332,
        31.08,
        32.50666666666667,
        28.14,
        29.066666666666666,
        32.4,
        28.34,
        30.273333333333333,
        29.76,
        28.3,
        31.466666666666665,
        34.013333333333335,
        30.373333333333335,
        28.80666666666667,
        33.03333333333333,
        28.753333333333334,
        27.993333333333332,
        28.04,
        31.9,
        27.373333333333335,
        32.333333333333336,
        28.773333333333333,
        28.85333333333333,
        30.253333333333334,
        29.826666666666668,
        31.053333333333335,
        29.34,
        30.76,
        31.80666666666667,
        30.78,
        27.433333333333334,
        31.126666666666665,
        30.82,
        27.666666666666668,
        26.006666666666668,
        31.8,
        30.76,
        31.36,
        27.953333333333333,
        29.986666666666668,
        27.186666666666667,
        30.04,
        28.62,
        32.413333333333334,
        30.14,
        32.68,
        27.6,
        28.166666666666668,
        26.72,
        30.366666666666667,
        28.36,
        27.733333333333334,
        30.246666666666666,
        28.166666666666668,
        28.52,
        32.58,
        27.66,
        29.69333333333333,
        25.846666666666668,
        32.82,
        28.613333333333333,
        26.76,
        28.64,
        32.413333333333334,
        26.433333333333334,
        27.96,
        27.746666666666666,
        31.72,
        29.84,
        30.14,
        29.606666666666666,
        27.453333333333333,
        30.18,
        28.34,
        29.26,
        32.34,
        28.766666666666666,
        31.286666666666665,
        26.373333333333335,
        31.633333333333333,
        29.166666666666668,
        31.313333333333333,
        30.36,
        29.653333333333332,
        28.893333333333334,
        33.086666666666666,
        30.586666666666666,
        32.526666666666664,
        30.44,
        34.586666666666666,
        30.753333333333334,
        30.406666666666666,
        31.833333333333332,
        27.893333333333334,
        30.493333333333332,
        29.8,
        30.926666666666666,
        26.64666666666667,
        29.573333333333334,
        31.053333333333335,
        30.78,
        29.66,
        28.85333333333333,
        30.9,
        30.873333333333335,
        28.7,
        33.913333333333334,
        30.833333333333332,
        29.953333333333333,
        30.766666666666666,
        31.653333333333332,
        28.293333333333333,
        31.126666666666665,
        33.06666666666667,
        33.88666666666666,
        34.86666666666667,
        29.66,
        28.053333333333335,
        29.6,
        29.3,
        29.42,
        29.926666666666666,
        29.186666666666667,
        29.293333333333333,
        30.766666666666666,
        32.42666666666667,
        29.613333333333333,
        29.213333333333335,
        33.13333333333333,
        30.773333333333333,
        25.80666666666667,
        29.273333333333333,
        28.186666666666667,
        32.906666666666666,
        30.84,
        31.973333333333333,
        32.07333333333333,
        27.24,
        29.253333333333334,
        29.4,
        28.533333333333335,
        26.04,
        28.42,
        33.526666666666664
    ],
    "best fitness history": [
        10,
        10,
        10,
        10,
        10,
        36,
        10,
        87,
        10,
        114,
        140,
        103,
        96,
        90,
        140,
        84,
        95,
        93,
        158,
        143,
        101,
        184,
        81,
        151,
        124,
        108,
        136,
        134,
        122,
        141,
        123,
        100,
        105,
        95,
        123,
        101,
        100,
        102,
        129,
        108,
        147,
        96,
        92,
        82,
        88,
        108,
        127,
        108,
        110,
        100,
        83,
        88,
        115,
        102,
        138,
        87,
        112,
        103,
        155,
        82,
        124,
        124,
        95,
        108,
        119,
        120,
        106,
        127,
        132,
        109,
        92,
        90,
        95,
        98,
        128,
        91,
        120,
        109,
        86,
        164,
        143,
        144,
        114,
        109,
        127,
        142,
        92,
        99,
        101,
        124,
        74,
        96,
        91,
        94,
        102,
        110,
        132,
        93,
        119,
        136,
        95,
        106,
        87,
        87,
        90,
        141,
        80,
        94,
        86,
        100,
        151,
        126,
        85,
        120,
        149,
        118,
        158,
        109,
        104,
        120,
        92,
        99,
        116,
        147,
        131,
        127,
        118,
        105,
        102,
        113,
        139,
        82,
        138,
        86,
        103,
        110,
        101,
        92,
        121,
        98,
        95,
        86,
        83,
        129,
        141,
        152,
        92,
        112,
        226,
        144,
        113,
        111,
        151,
        98,
        106,
        87,
        92,
        92,
        98,
        97,
        92,
        88,
        109,
        98,
        102,
        101,
        106,
        83,
        102,
        112,
        102,
        116,
        118,
        96,
        153,
        135,
        94,
        101,
        90,
        137,
        139,
        108,
        116,
        91,
        122,
        142,
        97,
        118,
        148,
        127,
        96,
        114,
        120,
        98,
        130,
        112,
        89,
        119,
        91,
        102
    ],