{
    "time": "2022-09-12-05-32-38",
    "generations": 200,
    "fitness history": [
        8.293333333333333,
        8.306666666666667,
        9.853333333333333,
        10.693333333333333,
        27.426666666666666,
        20.82,
        24.273333333333333,
        18.06,
        17.88,
        15.5,
        20.486666666666668,
        19.253333333333334,
        18.94,
        20.553333333333335,
        18.386666666666667,
        18.546666666666667,
        20.64666666666667,
        19.926666666666666,
        23.96,
        21.386666666666667,
        21.753333333333334,
        20.44,
        20.966666666666665,
        21.74,
        21.826666666666668,
        20.02,
        18.893333333333334,
        20.086666666666666,
        21.233333333333334,
        21.82,
        21.933333333333334,
        21.133333333333333,
        21.106666666666666,
        21.933333333333334,
        21.953333333333333,
        20.54,
        20.346666666666668,
        20.1,
        21.62,
        21.053333333333335,
        21.30666666666667,
        19.62,
        19.573333333333334,
        21.073333333333334,
        22.16,
        21.886666666666667,
        22.293333333333333,
        20.36,
        17.80666666666667,
        19.653333333333332,
        21.42,
        22.02,
        21.373333333333335,
        21.393333333333334,
        19.846666666666668,
        21.08,
        20.92,
        19.373333333333335,
        25.08,
        20.826666666666668,
        18.3,
        22.206666666666667,
        21.866666666666667,
        21.74,
        20.213333333333335,
        21.86,
        23.06,
        22.673333333333332,
        22.713333333333335,
        25.82,
        22.98,
        22.086666666666666,
        21.326666666666668,
        22.62,
        21.12,
        18.846666666666668,
        21.753333333333334,
        21.886666666666667,
        22.213333333333335,
        21.506666666666668,
        22.513333333333332,
        22.18,
        21.733333333333334,
        22.993333333333332,
        21.42,
        21.38,
        20.94,
        22.266666666666666,
        20.3,
        21.333333333333332,
        22.206666666666667,
        21.36,
        21.506666666666668,
        20.22,
        20.926666666666666,
        20.66,
        20.993333333333332,
        20.606666666666666,
        23.34,
        26.173333333333332,
        21.673333333333332,
        22.36,
        24.273333333333333,
        25.573333333333334,
        24.68,
        21.54,
        29.3,
        34.3,
        35.38666666666666,
        40.913333333333334,
        53.88,
        59.82,
        91.25333333333333,
        103.27333333333333,
        100.85333333333334,
        98.20666666666666,
        116.24,
        116.66666666666667,
        110.86666666666666,
        119.55333333333333,
        128.23333333333332,
        129.75333333333333,
        135.41333333333333,
        129.40666666666667,
        128.32666666666665,
        144.58666666666667,
        131.23333333333332,
        123.51333333333334,
        131.22,
        118.42,
        130.25333333333333,
        128.39333333333335,
        121.44666666666667,
        125.66,
        120.90666666666667,
        134.40666666666667,
        136.93333333333334,
        145.28666666666666,
        135.50666666666666,
        137.66666666666666,
        135.88666666666666,
        133.28666666666666,
        129.46,
        144.4,
        127.83333333333333,
        141.12666666666667,
        130.78666666666666,
        136.1,
        140.19333333333333,
        136.46666666666667,
        136.95333333333335,
        130.61333333333334,
        139.25333333333333,
        140.12666666666667,
        138.43333333333334,
        140.97333333333333,
        135.21333333333334,
        135.86,
        136.72,
        132.33333333333334,
        145.13333333333333,
        135.90666666666667,
        135.88666666666666,
        138.66,
        150.85333333333332,
        145.72,
        134.9,
        149.63333333333333,
        137.69333333333333,
        140.23333333333332,
        153.70666666666668,
        139.77333333333334,
        149.12666666666667,
        150.60666666666665,
        146.75333333333333,
        150.02666666666667,
        143.20666666666668,
        144.82,
        139.50666666666666,
        138.3,
        140.16,
        146.91333333333333,
        150.86,
        141.29333333333332,
        146.30666666666667,
        138.02666666666667,
        137.98,
        140.34,
        133.54666666666665,
        144.49333333333334,
        126.78,
        134.14666666666668,
        138.61333333333334,
        141.14,
        140.22,
        142.86,
        138.10666666666665,
        134.41333333333333,
        140.64,
        133.7
    ],
    "best fitness history": [
        10,
        10,
        165,
        60,
        63,
        62,
        58,
        61,
        52,
        52,
        62,
        66,
        53,
        72,
        56,
        59,
        51,
        59,
        59,
        56,
        60,
        60,
        64,
        72,
        60,
        64,
        56,
        57,
        63,
        63,
        61,
        59,
        69,
        74,
        62,
        61,
        74,
        56,
        57,
        63,
        63,
        62,
        49,
        48,
        73,
        60,
        56,
        66,
        52,
        57,
        52,
        61,
        62,
        64,
        51,
        52,
        131,
        129,
        196,
        70,
        71,
        146,
        65,
        63,
        57,
        136,
        103,
        101,
        101,
        202,
        112,
        114,
        105,
        170,
        74,
        62,
        66,
        61,
        54,
        54,
        72,
        65,
        65,
        65,
        53,
        63,
        63,
        83,
        68,
        66,
        72,
        60,
        64,
        50,
        59,
        62,
        55,
        132,
        230,
        171,
        125,
        189,
        239,
        224,
        224,
        134,
        267,
        215,
        242,
        230,
        297,
        273,
        264,
        345,
        306,
        283,
        300,
        294,
        305,
        287,
        309,
        307,
        290,
        328,
        287,
        304,
        275,
        335,
        339,
        301,
        303,
        294,
        280,
        305,
        337,
        306,
        291,
        307,
        309,
        329,
        287,
        316,
        295,
        416,
        260,
        292,
        283,
        323,
        321,
        315,
        312,
        326,
        339,
        313,
        458,
        332,
        277,
        303,
        289,
        286,
        329,
        303,
        316,
        320,
        345,
        308,
        283,
        300,
        282,
        295,
        297,
        331,
        350,
        315,
        294,
        308,
        305,
        288,
        316,
        317,
        293,
        339,
        334,
        331,
        291,
        315,
        340,
        345,
        277,
        336,
        294,
        316,
        289,
        281,
        321,
        289,
        329,
        323,
        307,
        307
    ],