{
    "time": "2022-09-10-09-20-11",
    "generations": 200,
    "fitness history": [
        8.286666666666667,
        8.3,
        8.373333333333333,
        8.293333333333333,
        8.233333333333333,
        8.346666666666666,
        8.333333333333334,
        8.36,
        8.266666666666667,
        8.393333333333333,
        8.34,
        8.42,
        8.34,
        8.226666666666667,
        8.32,
        8.36,
        8.406666666666666,
        8.38,
        8.273333333333333,
        8.293333333333333,
        8.34,
        8.38,
        8.386666666666667,
        8.306666666666667,
        8.286666666666667,
        8.313333333333333,
        8.373333333333333,
        8.326666666666666,
        8.386666666666667,
        8.406666666666666,
        8.426666666666666,
        8.36,
        8.286666666666667,
        8.353333333333333,
        8.353333333333333,
        8.533333333333333,
        8.36,
        8.346666666666666,
        8.373333333333333,
        19.80666666666667,
        8.353333333333333,
        8.346666666666666,
        8.693333333333333,
        16.813333333333333,
        8.286666666666667,
        106.52666666666667,
        27.94,
        33.553333333333335,
        8.28,
        120.58,
        8.173333333333334,
        196.39333333333335,
        8.333333333333334,
        35.906666666666666,
        8.3,
        165.22,
        8.326666666666666,
        67.68666666666667,
        36.593333333333334,
        37.66,
        8.326666666666666,
        202.93333333333334,
        190.19333333333333,
        200.8,
        8.273333333333333,
        96.89333333333333,
        110.4,
        198.43333333333334,
        29.72,
        8.273333333333333,
        61.906666666666666,
        110.44,
        18.386666666666667,
        8.16,
        8.253333333333334,
        8.326666666666666,
        110.44666666666667,
        8.246666666666666,
        131.10666666666665,
        8.34,
        10.713333333333333,
        8.406666666666666,
        8.466666666666667,
        27.54,
        193.1,
        20.073333333333334,
        8.426666666666666,
        8.366666666666667,
        42.44,
        8.48,
        9.606666666666667,
        8.353333333333333,
        64.01333333333334,
        8.386666666666667,
        161.69333333333333,
        195.71333333333334,
        8.233333333333333,
        8.333333333333334,
        8.58,
        195.96666666666667,
        127.42,
        29.34,
        8.326666666666666,
        8.24,
        139.54,
        9.166666666666666,
        189.41333333333333,
        8.306666666666667,
        8.433333333333334,
        15.02,
        94.57333333333334,
        8.413333333333334,
        19.673333333333332,
        8.386666666666667,
        134.51333333333332,
        8.393333333333333,
        8.32,
        134.06,
        67.94666666666667,
        8.386666666666667,
        8.306666666666667,
        8.426666666666666,
        8.3,
        21.386666666666667,
        8.48,
        12.96,
        9.813333333333333,
        8.313333333333333,
        8.353333333333333,
        8.273333333333333,
        8.36,
        8.293333333333333,
        8.366666666666667,
        189.23333333333332,
        8.473333333333333,
        8.326666666666666,
        58.48,
        8.366666666666667,
        53.68666666666667,
        8.353333333333333,
        9.213333333333333,
        15.026666666666667,
        36.17333333333333,
        8.22,
        8.446666666666667,
        8.233333333333333,
        8.32,
        48.18,
        8.406666666666666,
        8.326666666666666,
        8.313333333333333,
        106.7,
        62.31333333333333,
        8.373333333333333,
        8.26,
        147.14,
        42.4,
        8.38,
        55.44,
        8.386666666666667,
        8.426666666666666,
        8.286666666666667,
        8.26,
        22.06,
        197.90666666666667,
        8.28,
        199.7,
        13.58,
        34.346666666666664,
        26.64666666666667,
        196.88666666666666,
        16.18,
        55.96666666666667,
        8.233333333333333,
        8.346666666666666,
        8.2,
        20.82,
        156.89333333333335,
        8.273333333333333,
        36.04,
        179.40666666666667,
        8.326666666666666,
        8.32,
        8.44,
        8.44,
        8.42,
        8.306666666666667,
        8.38,
        8.393333333333333,
        8.34,
        150.75333333333333,
        82.72,
        8.313333333333333,
        8.34,
        8.466666666666667,
        24.393333333333334,
        48.513333333333335,
        8.34,
        34.74666666666667,
        8.24
    ],
    "best fitness history": [
        10,
        10,
        10,
        10,
        10,
        10,
        10,
        10,
        10,
        10,
        10,
        10,
        10,
        10,
        10,
        10,
        10,
        10,
        10,
        10,
        10,
        10,
        10,
        10,
        10,
        10,
        10,
        10,
        10,
        10,
        10,
        10,
        10,
        10,
        10,
        33,
        10,
        10,
        10,
        56,
        10,
        10,
        49,
        240,
        10,
        298,
        54,
        104,
        10,
        226,
        10,
        289,
        9,
        68,
        9,
        271,
        9,
        108,
        109,
        114,
        9,
        499,
        310,
        284,
        10,
        263,
        418,
        345,
        58,
        10,
        102,
        499,
        58,
        9,
        10,
        10,
        383,
        10,
        321,
        10,
        17,
        10,
        10,
        35,
        308,
        25,
        10,
        10,
        62,
        10,
        25,
        10,
        195,
        10,
        249,
        317,
        10,
        10,
        10,
        393,
        198,
        42,
        10,
        10,
        233,
        11,
        355,
        10,
        10,
        47,
        156,
        10,
        109,
        10,
        327,
        10,
        10,
        228,
        214,
        10,
        10,
        10,
        9,
        31,
        10,
        32,
        13,
        10,
        10,
        10,
        10,
        10,
        10,
        390,
        11,
        11,
        121,
        10,
        92,
        10,
        11,
        19,
        94,
        9,
        10,
        10,
        10,
        83,
        10,
        10,
        10,
        198,
        99,
        10,
        10,
        298,
        61,
        10,
        127,
        11,
        10,
        10,
        10,
        32,
        317,
        10,
        334,
        17,
        87,
        56,
        345,
        21,
        98,
        10,
        10,
        9,
        49,
        322,
        10,
        50,
        289,
        10,
        10,
        10,
        10,
        10,
        10,
        10,
        10,
        10,
        382,
        200,
        10,
        10,
        10,
        59,
        176,
        10,
        103,
        10
    ],