{
    "time": "2022-09-12-02-20-11",
    "generations": 200,
    "fitness history": [
        8.36,
        8.966666666666667,
        10.853333333333333,
        24.106666666666666,
        20.226666666666667,
        22.926666666666666,
        29.32,
        25.3,
        24.686666666666667,
        25.14666666666667,
        21.28,
        24.66,
        25.926666666666666,
        26.14666666666667,
        26.933333333333334,
        26.66,
        28.35333333333333,
        28.213333333333335,
        26.64,
        26.666666666666668,
        27.113333333333333,
        29.033333333333335,
        30.54,
        27.873333333333335,
        29.826666666666668,
        32.10666666666667,
        31.833333333333332,
        27.786666666666665,
        30.233333333333334,
        31.926666666666666,
        29.333333333333332,
        28.373333333333335,
        29.686666666666667,
        29.406666666666666,
        28.233333333333334,
        29.5,
        30.706666666666667,
        30.36,
        27.093333333333334,
        30.246666666666666,
        28.213333333333335,
        29.053333333333335,
        27.74,
        27.966666666666665,
        29.566666666666666,
        30.32,
        31.046666666666667,
        31.513333333333332,
        31.093333333333334,
        30.746666666666666,
        28.493333333333332,
        26.493333333333332,
        27.85333333333333,
        28.633333333333333,
        30.38,
        28.093333333333334,
        29.533333333333335,
        26.293333333333333,
        27.886666666666667,
        29.846666666666668,
        28.30666666666667,
        27.68,
        26.826666666666668,
        26.866666666666667,
        30.946666666666665,
        27.586666666666666,
        28.19333333333333,
        27.56,
        27.913333333333334,
        27.133333333333333,
        28.69333333333333,
        29.173333333333332,
        28.246666666666666,
        30.073333333333334,
        30.52,
        33.27333333333333,
        36.2,
        32.093333333333334,
        42.4,
        45.93333333333333,
        54.2,
        67.95333333333333,
        65.43333333333334,
        79.81333333333333,
        82.05333333333333,
        106.0,
        98.12666666666667,
        120.06,
        122.91333333333333,
        161.22,
        144.94,
        154.65333333333334,
        176.00666666666666,
        145.16,
        148.47333333333333,
        154.52666666666667,
        161.23333333333332,
        184.86,
        192.92666666666668,
        217.44,
        197.84,
        189.42,
        197.61333333333334,
        189.59333333333333,
        197.72,
        181.85333333333332,
        194.18,
        207.71333333333334,
        189.70666666666668,
        183.98,
        197.44,
        207.39333333333335,
        236.33333333333334,
        223.8,
        244.68666666666667,
        212.03333333333333,
        223.78,
        226.13333333333333,
        226.98666666666668,
        220.84,
        221.6,
        242.98666666666668,
        239.13333333333333,
        258.99333333333334,
        235.02,
        217.36666666666667,
        229.1,
        241.6,
        238.32666666666665,
        241.39333333333335,
        252.64,
        251.92,
        261.04,
        256.2866666666667,
        262.8666666666667,
        241.11333333333334,
        260.78,
        250.70666666666668,
        239.20666666666668,
        272.9,
        251.88,
        269.48,
        265.76666666666665,
        250.22,
        245.78,
        298.56666666666666,
        252.7,
        273.26,
        260.1533333333333,
        255.40666666666667,
        245.73333333333332,
        300.12,
        271.06666666666666,
        266.20666666666665,
        269.88,
        268.1333333333333,
        260.1066666666667,
        257.98,
        263.70666666666665,
        257.16,
        261.73333333333335,
        264.97333333333336,
        262.66,
        263.0133333333333,
        264.23333333333335,
        262.87333333333333,
        265.66,
        255.48,
        253.03333333333333,
        259.52666666666664,
        252.93333333333334,
        254.67333333333335,
        254.26666666666668,
        254.31333333333333,
        256.14666666666665,
        255.49333333333334,
        252.94666666666666,
        252.42,
        250.82666666666665,
        249.91333333333333,
        250.4,
        252.3,
        252.56,
        252.58666666666667,
        248.93333333333334,
        305.08666666666664,
        264.5733333333333,
        282.62,
        255.82,
        251.2,
        262.38,
        258.99333333333334,
        250.44,
        244.60666666666665,
        283.88,
        268.37333333333333,
        264.14666666666665,
        257.66,
        252.82,
        277.03333333333336
    ],
    "best fitness history": [
        10,
        45,
        57,
        66,
        64,
        63,
        499,
        499,
        63,
        58,
        91,
        95,
        65,
        63,
        70,
        60,
        65,
        66,
        62,
        67,
        61,
        63,
        66,
        65,
        64,
        61,
        66,
        60,
        67,
        61,
        63,
        67,
        66,
        61,
        64,
        67,
        57,
        58,
        61,
        61,
        63,
        63,
        61,
        67,
        65,
        71,
        63,
        66,
        61,
        67,
        65,
        67,
        66,
        60,
        61,
        67,
        65,
        67,
        63,
        71,
        60,
        58,
        66,
        66,
        61,
        60,
        67,
        63,
        67,
        67,
        61,
        67,
        63,
        62,
        67,
        266,
        373,
        281,
        499,
        499,
        499,
        499,
        499,
        499,
        499,
        499,
        499,
        499,
        499,
        499,
        499,
        499,
        499,
        499,
        499,
        499,
        499,
        499,
        499,
        499,
        499,
        499,
        499,
        499,
        499,
        499,
        499,
        499,
        499,
        499,
        499,
        499,
        499,
        499,
        499,
        499,
        499,
        499,
        499,
        499,
        499,
        499,
        499,
        499,
        499,
        499,
        499,
        499,
        499,
        499,
        499,
        499,
        499,
        499,
        499,
        499,
        499,
        499,
        499,
        499,
        499,
        499,
        499,
        499,
        499,
        499,
        499,
        499,
        499,
        499,
        499,
        499,
        499,
        499,
        499,
        499,
        499,
        499,
        499,
        499,
        499,
        499,
        499,
        499,
        499,
        499,
        499,
        499,
        499,
        499,
        499,
        499,
        499,
        499,
        499,
        499,
        499,
        499,
        499,
        499,
        499,
        499,
        499,
        499,
        499,
        499,
        499,
        499,
        499,
        499,
        499,
        499,
        499,
        499,
        499,
        499,
        499,
        499,
        499,
        499
    ],