{
    "time": "2022-09-10-14-18-12",
    "generations": 200,
    "fitness history": [
        8.34,
        8.513333333333334,
        8.593333333333334,
        8.353333333333333,
        10.413333333333334,
        16.48,
        8.413333333333334,
        28.946666666666665,
        8.4,
        28.453333333333333,
        29.026666666666667,
        9.473333333333333,
        27.333333333333332,
        8.466666666666667,
        28.846666666666668,
        8.28,
        8.42,
        29.38,
        29.32,
        28.313333333333333,
        8.506666666666666,
        8.36,
        28.933333333333334,
        28.1,
        29.506666666666668,
        8.373333333333333,
        8.36,
        29.3,
        8.32,
        30.233333333333334,
        27.706666666666667,
        8.446666666666667,
        8.413333333333334,
        8.313333333333333,
        30.786666666666665,
        27.19333333333333,
        8.306666666666667,
        28.74,
        28.733333333333334,
        9.533333333333333,
        8.333333333333334,
        9.286666666666667,
        14.32,
        28.706666666666667,
        38.166666666666664,
        28.446666666666665,
        29.673333333333332,
        8.38,
        8.313333333333333,
        28.333333333333332,
        29.26,
        29.206666666666667,
        7.8,
        8.433333333333334,
        37.56,
        29.933333333333334,
        7.78,
        42.986666666666665,
        41.31333333333333,
        7.78,
        7.726666666666667,
        35.34,
        40.3,
        9.193333333333333,
        40.36666666666667,
        40.21333333333333,
        39.96666666666667,
        7.88,
        61.446666666666665,
        7.986666666666666,
        215.18666666666667,
        7.713333333333333,
        8.346666666666666,
        7.846666666666667,
        8.273333333333333,
        38.94,
        8.36,
        7.786666666666667,
        8.4,
        8.38,
        7.846666666666667,
        8.473333333333333,
        8.226666666666667,
        7.833333333333333,
        33.62,
        8.38,
        27.9,
        8.48,
        8.506666666666666,
        29.74,
        38.21333333333333,
        8.853333333333333,
        8.653333333333334,
        8.36,
        8.326666666666666,
        35.18666666666667,
        8.273333333333333,
        8.293333333333333,
        38.913333333333334,
        33.733333333333334,
        11.56,
        8.48,
        8.386666666666667,
        8.353333333333333,
        9.78,
        43.586666666666666,
        8.086666666666666,
        8.266666666666667,
        8.32,
        8.373333333333333,
        8.353333333333333,
        44.06666666666667,
        8.453333333333333,
        8.466666666666667,
        8.36,
        8.426666666666666,
        8.42,
        8.36,
        17.893333333333334,
        8.746666666666666,
        8.346666666666666,
        8.42,
        8.3,
        8.406666666666666,
        8.366666666666667,
        8.406666666666666,
        38.68,
        19.033333333333335,
        8.426666666666666,
        23.993333333333332,
        8.333333333333334,
        8.313333333333333,
        8.286666666666667,
        7.706666666666667,
        57.14666666666667,
        8.32,
        8.1,
        8.3,
        35.126666666666665,
        8.413333333333334,
        8.306666666666667,
        8.366666666666667,
        8.506666666666666,
        8.433333333333334,
        8.413333333333334,
        12.96,
        8.246666666666666,
        8.406666666666666,
        7.693333333333333,
        8.353333333333333,
        8.426666666666666,
        8.186666666666667,
        8.24,
        10.36,
        8.366666666666667,
        9.1,
        12.433333333333334,
        8.313333333333333,
        8.313333333333333,
        8.353333333333333,
        13.013333333333334,
        8.333333333333334,
        8.306666666666667,
        8.393333333333333,
        8.36,
        28.36,
        8.313333333333333,
        8.313333333333333,
        8.466666666666667,
        12.2,
        8.48,
        8.34,
        7.946666666666666,
        8.266666666666667,
        8.366666666666667,
        8.32,
        8.353333333333333,
        8.3,
        27.46,
        8.406666666666666,
        35.45333333333333,
        32.06,
        8.346666666666666,
        12.946666666666667,
        35.04,
        20.053333333333335,
        30.073333333333334,
        8.32,
        8.406666666666666,
        8.346666666666666,
        8.26,
        8.373333333333333,
        8.426666666666666,
        8.413333333333334,
        31.36,
        8.46,
        8.286666666666667,
        10.593333333333334,
        8.426666666666666,
        8.353333333333333
    ],
    "best fitness history": [
        10,
        10,
        39,
        10,
        56,
        71,
        10,
        71,
        11,
        59,
        62,
        183,
        73,
        10,
        62,
        10,
        10,
        59,
        68,
        63,
        10,
        10,
        70,
        71,
        64,
        10,
        10,
        68,
        11,
        72,
        61,
        10,
        10,
        10,
        73,
        56,
        10,
        65,
        59,
        65,
        10,
        37,
        68,
        59,
        63,
        59,
        68,
        11,
        10,
        60,
        72,
        64,
        9,
        10,
        65,
        57,
        9,
        63,
        61,
        10,
        8,
        64,
        60,
        25,
        72,
        57,
        63,
        9,
        356,
        10,
        499,
        10,
        10,
        10,
        10,
        67,
        10,
        10,
        10,
        10,
        11,
        10,
        10,
        9,
        98,
        10,
        65,
        11,
        10,
        68,
        91,
        10,
        10,
        10,
        10,
        62,
        10,
        11,
        132,
        95,
        24,
        10,
        11,
        11,
        20,
        66,
        11,
        10,
        10,
        10,
        10,
        233,
        10,
        10,
        10,
        10,
        10,
        10,
        27,
        10,
        10,
        10,
        10,
        10,
        10,
        10,
        118,
        72,
        10,
        49,
        10,
        10,
        10,
        9,
        179,
        10,
        9,
        10,
        87,
        10,
        10,
        10,
        10,
        10,
        10,
        49,
        10,
        10,
        9,
        10,
        10,
        10,
        10,
        64,
        10,
        73,
        16,
        10,
        10,
        10,
        55,
        10,
        10,
        10,
        10,
        67,
        10,
        9,
        10,
        40,
        10,
        10,
        10,
        10,
        10,
        10,
        10,
        10,
        80,
        10,
        64,
        499,
        10,
        17,
        96,
        46,
        72,
        10,
        10,
        10,
        10,
        10,
        10,
        10,
        94,
        10,
        10,
        30,
        10,
        10
    ],