{
    "time": "2022-09-11-17-47-16",
    "generations": 200,
    "fitness history": [
        8.34,
        8.353333333333333,
        8.333333333333334,
        8.493333333333334,
        8.3,
        11.48,
        16.16,
        8.506666666666666,
        9.433333333333334,
        198.78,
        46.49333333333333,
        18.08,
        12.44,
        196.02666666666667,
        26.513333333333332,
        10.826666666666666,
        27.886666666666667,
        49.76,
        72.65333333333334,
        100.54,
        76.48,
        79.67333333333333,
        88.76,
        82.56,
        113.22,
        92.54,
        95.05333333333333,
        132.20666666666668,
        127.29333333333334,
        133.34666666666666,
        128.14666666666668,
        128.88666666666666,
        122.12666666666667,
        123.50666666666666,
        130.62666666666667,
        123.94666666666667,
        130.56666666666666,
        125.24,
        127.92,
        121.64,
        144.12666666666667,
        142.09333333333333,
        145.06,
        135.12,
        125.74666666666667,
        135.98,
        146.66,
        137.18,
        129.49333333333334,
        125.01333333333334,
        140.12,
        136.80666666666667,
        134.94,
        125.67333333333333,
        139.76,
        127.95333333333333,
        136.39333333333335,
        131.68,
        129.3,
        122.04666666666667,
        139.21333333333334,
        129.61333333333334,
        127.80666666666667,
        129.51333333333332,
        125.66,
        137.48666666666668,
        135.97333333333333,
        134.66666666666666,
        133.56666666666666,
        137.44666666666666,
        136.73333333333332,
        134.3,
        131.85333333333332,
        131.55333333333334,
        135.71333333333334,
        135.84666666666666,
        135.30666666666667,
        142.12,
        144.25333333333333,
        135.23333333333332,
        135.88,
        130.38,
        139.46,
        135.64,
        132.42,
        130.28,
        131.59333333333333,
        127.79333333333334,
        133.43333333333334,
        133.15333333333334,
        144.93333333333334,
        130.83333333333334,
        133.96,
        127.71333333333334,
        132.27333333333334,
        133.22,
        138.78,
        135.69333333333333,
        133.42,
        144.54666666666665,
        137.38666666666666,
        138.98,
        141.0,
        134.44,
        136.83333333333334,
        144.52,
        136.61333333333334,
        142.25333333333333,
        133.50666666666666,
        138.65333333333334,
        135.62,
        145.55333333333334,
        140.60666666666665,
        130.92,
        136.08,
        135.35333333333332,
        135.92,
        142.42666666666668,
        150.08666666666667,
        138.47333333333333,
        138.04,
        139.35333333333332,
        132.58666666666667,
        139.48666666666668,
        147.21333333333334,
        142.15333333333334,
        141.19333333333333,
        138.36,
        133.07333333333332,
        134.79333333333332,
        138.42666666666668,
        144.62,
        142.99333333333334,
        140.97333333333333,
        135.44,
        140.42,
        136.30666666666667,
        142.44666666666666,
        140.90666666666667,
        137.4,
        143.39333333333335,
        136.08666666666667,
        130.53333333333333,
        128.68,
        137.86,
        130.73333333333332,
        138.34666666666666,
        126.68,
        132.51333333333332,
        134.32,
        136.78,
        128.67333333333335,
        128.28,
        135.64666666666668,
        134.44666666666666,
        134.72,
        142.26,
        137.08666666666667,
        145.12,
        137.54666666666665,
        140.85333333333332,
        145.37333333333333,
        145.34666666666666,
        139.6,
        139.40666666666667,
        142.62,
        135.04,
        137.71333333333334,
        143.94,
        138.98666666666668,
        129.72,
        130.92,
        126.54,
        134.59333333333333,
        141.32,
        147.34,
        138.18666666666667,
        128.11333333333334,
        136.88,
        136.20666666666668,
        136.12666666666667,
        146.23333333333332,
        139.9,
        139.95333333333335,
        145.59333333333333,
        139.04,
        136.54,
        141.8,
        133.27333333333334,
        135.98666666666668,
        137.23333333333332,
        136.28,
        143.28666666666666,
        147.52666666666667,
        142.71333333333334,
        129.78666666666666,
        138.2,
        151.40666666666667,
        143.62,
        137.02666666666667
    ],
    "best fitness history": [
        10,
        10,
        10,
        10,
        10,
        185,
        243,
        30,
        44,
        287,
        291,
        63,
        162,
        290,
        67,
        52,
        61,
        267,
        256,
        273,
        276,
        271,
        280,
        306,
        296,
        314,
        277,
        330,
        290,
        318,
        298,
        308,
        296,
        265,
        303,
        285,
        290,
        297,
        291,
        298,
        316,
        301,
        289,
        285,
        284,
        288,
        284,
        307,
        298,
        288,
        288,
        328,
        292,
        283,
        294,
        296,
        311,
        273,
        343,
        277,
        312,
        293,
        273,
        306,
        288,
        317,
        298,
        318,
        293,
        301,
        281,
        305,
        281,
        299,
        278,
        307,
        285,
        306,
        305,
        287,
        288,
        304,
        305,
        315,
        286,
        344,
        293,
        272,
        306,
        319,
        288,
        283,
        298,
        329,
        297,
        313,
        298,
        295,
        287,
        299,
        289,
        309,
        303,
        290,
        287,
        295,
        297,
        300,
        283,
        326,
        292,
        307,
        277,
        273,
        283,
        305,
        287,
        298,
        338,
        279,
        301,
        309,
        277,
        337,
        285,
        318,
        285,
        293,
        294,
        282,
        296,
        298,
        299,
        324,
        279,
        291,
        269,
        282,
        315,
        304,
        304,
        298,
        294,
        301,
        284,
        294,
        294,
        270,
        307,
        287,
        313,
        297,
        273,
        315,
        276,
        299,
        299,
        292,
        330,
        303,
        278,
        353,
        272,
        312,
        299,
        303,
        297,
        302,
        309,
        295,
        277,
        283,
        271,
        287,
        283,
        291,
        285,
        294,
        292,
        284,
        278,
        273,
        284,
        280,
        314,
        271,
        340,
        286,
        301,
        290,
        306,
        288,
        287,
        279,
        278,
        294,
        282,
        302,
        305,
        331
    ],