{
    "time": "2022-09-10-08-46-36",
    "generations": 200,
    "fitness history": [
        8.34,
        8.366666666666667,
        8.42,
        8.286666666666667,
        8.326666666666666,
        8.34,
        8.466666666666667,
        8.28,
        8.633333333333333,
        8.346666666666666,
        9.8,
        13.08,
        29.28,
        28.253333333333334,
        8.493333333333334,
        27.573333333333334,
        30.446666666666665,
        10.013333333333334,
        24.4,
        26.246666666666666,
        30.54,
        27.153333333333332,
        25.533333333333335,
        23.38,
        25.966666666666665,
        28.613333333333333,
        29.493333333333332,
        29.006666666666668,
        28.2,
        31.54,
        30.85333333333333,
        31.206666666666667,
        31.586666666666666,
        30.813333333333333,
        28.386666666666667,
        29.246666666666666,
        29.46,
        30.106666666666666,
        28.673333333333332,
        27.85333333333333,
        29.12,
        29.406666666666666,
        30.513333333333332,
        29.96,
        27.593333333333334,
        27.386666666666667,
        29.3,
        29.293333333333333,
        30.54,
        30.493333333333332,
        30.88,
        29.38,
        29.086666666666666,
        30.633333333333333,
        27.24,
        30.1,
        29.793333333333333,
        30.726666666666667,
        28.253333333333334,
        29.713333333333335,
        29.906666666666666,
        28.02,
        27.66,
        28.573333333333334,
        28.893333333333334,
        28.253333333333334,
        26.606666666666666,
        27.993333333333332,
        30.093333333333334,
        27.533333333333335,
        27.866666666666667,
        27.493333333333332,
        26.953333333333333,
        28.913333333333334,
        28.533333333333335,
        27.626666666666665,
        29.58,
        29.4,
        29.753333333333334,
        27.493333333333332,
        28.846666666666668,
        27.02,
        28.833333333333332,
        27.19333333333333,
        26.76,
        29.38,
        28.02,
        27.14,
        31.16,
        29.19333333333333,
        27.84,
        29.18,
        26.84,
        29.753333333333334,
        30.793333333333333,
        28.253333333333334,
        28.526666666666667,
        27.666666666666668,
        29.613333333333333,
        30.986666666666668,
        28.786666666666665,
        29.913333333333334,
        31.4,
        29.226666666666667,
        29.1,
        29.933333333333334,
        27.76,
        30.42,
        27.506666666666668,
        27.16,
        31.08,
        28.246666666666666,
        29.053333333333335,
        27.773333333333333,
        30.62,
        28.12,
        28.38,
        33.166666666666664,
        31.54,
        29.366666666666667,
        31.506666666666668,
        31.426666666666666,
        31.246666666666666,
        29.4,
        30.12,
        31.62,
        31.133333333333333,
        30.4,
        29.78,
        29.253333333333334,
        29.393333333333334,
        28.84,
        28.12,
        29.246666666666666,
        28.233333333333334,
        27.80666666666667,
        28.846666666666668,
        30.72,
        30.153333333333332,
        27.226666666666667,
        31.106666666666666,
        29.626666666666665,
        28.24,
        27.76,
        27.166666666666668,
        28.4,
        28.30666666666667,
        27.553333333333335,
        27.813333333333333,
        29.033333333333335,
        29.393333333333334,
        29.593333333333334,
        30.606666666666666,
        28.62,
        29.30666666666667,
        30.4,
        26.42,
        29.72,
        28.413333333333334,
        26.74,
        28.866666666666667,
        30.74,
        29.546666666666667,
        28.173333333333332,
        28.19333333333333,
        29.62,
        28.273333333333333,
        27.3,
        26.726666666666667,
        28.826666666666668,
        28.966666666666665,
        28.8,
        30.18,
        30.533333333333335,
        30.34,
        28.073333333333334,
        29.673333333333332,
        27.85333333333333,
        26.92,
        24.926666666666666,
        28.486666666666668,
        28.32,
        28.053333333333335,
        27.80666666666667,
        27.92,
        27.28,
        28.64666666666667,
        28.9,
        30.32,
        31.94,
        29.866666666666667,
        28.08,
        28.35333333333333,
        28.793333333333333,
        28.333333333333332,
        29.12,
        29.926666666666666,
        28.54,
        28.28,
        30.52
    ],
    "best fitness history": [
        10,
        10,
        10,
        10,
        10,
        10,
        10,
        10,
        55,
        10,
        56,
        64,
        71,
        67,
        52,
        71,
        70,
        59,
        62,
        67,
        65,
        61,
        64,
        63,
        60,
        58,
        61,
        63,
        62,
        62,
        67,
        65,
        61,
        61,
        64,
        61,
        66,
        61,
        69,
        63,
        61,
        60,
        55,
        70,
        61,
        63,
        61,
        71,
        65,
        65,
        66,
        66,
        64,
        62,
        62,
        61,
        71,
        63,
        63,
        62,
        60,
        60,
        67,
        66,
        60,
        60,
        56,
        71,
        66,
        61,
        67,
        63,
        67,
        67,
        67,
        63,
        63,
        66,
        57,
        66,
        67,
        60,
        60,
        61,
        61,
        63,
        63,
        61,
        70,
        62,
        66,
        62,
        63,
        62,
        61,
        63,
        61,
        61,
        61,
        58,
        58,
        61,
        60,
        60,
        70,
        67,
        61,
        67,
        63,
        59,
        59,
        61,
        62,
        60,
        67,
        67,
        60,
        61,
        67,
        65,
        62,
        58,
        63,
        71,
        67,
        67,
        63,
        62,
        57,
        61,
        63,
        59,
        65,
        71,
        59,
        67,
        69,
        61,
        69,
        61,
        62,
        58,
        67,
        71,
        57,
        59,
        67,
        65,
        58,
        67,
        67,
        57,
        63,
        63,
        59,
        67,
        59,
        61,
        67,
        58,
        61,
        59,
        62,
        58,
        65,
        61,
        63,
        65,
        67,
        67,
        63,
        63,
        71,
        87,
        60,
        87,
        172,
        66,
        61,
        61,
        59,
        65,
        70,
        59,
        60,
        61,
        63,
        60,
        67,
        58,
        63,
        57,
        61,
        61,
        71,
        58,
        66,
        67,
        61,
        60
    ],