{
    "time": "2022-09-10-01-16-11",
    "generations": 200,
    "fitness history": [
        8.406666666666666,
        8.346666666666666,
        8.44,
        8.653333333333334,
        8.253333333333334,
        8.573333333333334,
        11.413333333333334,
        8.453333333333333,
        19.253333333333334,
        25.413333333333334,
        29.54,
        52.8,
        37.46,
        35.81333333333333,
        28.386666666666667,
        26.32,
        39.833333333333336,
        25.473333333333333,
        30.233333333333334,
        47.086666666666666,
        42.17333333333333,
        42.233333333333334,
        36.5,
        56.026666666666664,
        47.54,
        57.61333333333334,
        71.38,
        65.3,
        83.42,
        91.02666666666667,
        87.64666666666666,
        83.56,
        96.16,
        98.00666666666666,
        114.65333333333334,
        113.75333333333333,
        130.30666666666667,
        138.34,
        152.54666666666665,
        176.48,
        172.26,
        193.88666666666666,
        190.74,
        180.9,
        206.64666666666668,
        189.2,
        183.72,
        179.38666666666666,
        192.45333333333335,
        193.0,
        209.7,
        192.96666666666667,
        190.40666666666667,
        209.41333333333333,
        210.9,
        222.58,
        214.01333333333332,
        237.7,
        221.76,
        210.35333333333332,
        235.26666666666668,
        236.00666666666666,
        230.78666666666666,
        234.32666666666665,
        232.50666666666666,
        221.0,
        228.67333333333335,
        236.26,
        230.4,
        223.44666666666666,
        228.31333333333333,
        230.77333333333334,
        236.71333333333334,
        243.0,
        242.44666666666666,
        232.14,
        236.94666666666666,
        231.60666666666665,
        240.80666666666667,
        241.04,
        229.33333333333334,
        230.59333333333333,
        236.83333333333334,
        230.74,
        237.11333333333334,
        239.18,
        236.95333333333335,
        241.54,
        244.4,
        231.04,
        241.9,
        252.04,
        243.03333333333333,
        240.25333333333333,
        262.58666666666664,
        268.20666666666665,
        244.6,
        257.26666666666665,
        266.49333333333334,
        248.74666666666667,
        283.79333333333335,
        263.5,
        248.49333333333334,
        276.42,
        248.01333333333332,
        261.26,
        251.59333333333333,
        267.54,
        275.06,
        276.20666666666665,
        250.75333333333333,
        264.46666666666664,
        270.3466666666667,
        255.14666666666668,
        271.62,
        258.46666666666664,
        277.3066666666667,
        262.32666666666665,
        247.2,
        257.1066666666667,
        270.86,
        241.08,
        256.31333333333333,
        262.36,
        256.04,
        260.24666666666667,
        258.9866666666667,
        249.63333333333333,
        248.62666666666667,
        260.94666666666666,
        265.29333333333335,
        261.56,
        252.94,
        270.8933333333333,
        271.9,
        252.98666666666668,
        255.68,
        264.9,
        259.4066666666667,
        253.9,
        262.0933333333333,
        253.94666666666666,
        253.58666666666667,
        257.68,
        250.79333333333332,
        255.94666666666666,
        257.49333333333334,
        249.47333333333333,
        289.76666666666665,
        260.23333333333335,
        263.4066666666667,
        262.56666666666666,
        253.05333333333334,
        259.22,
        252.44666666666666,
        252.46,
        253.43333333333334,
        247.78666666666666,
        260.03333333333336,
        253.98,
        250.38666666666666,
        243.35333333333332,
        269.24666666666667,
        257.38666666666666,
        257.74666666666667,
        259.03333333333336,
        252.58,
        252.72666666666666,
        253.28,
        251.86666666666667,
        242.92,
        266.76,
        251.47333333333333,
        279.17333333333335,
        266.85333333333335,
        255.33333333333334,
        260.56,
        260.32,
        254.36,
        256.8,
        248.97333333333333,
        300.3666666666667,
        276.86,
        273.5733333333333,
        264.6933333333333,
        266.97333333333336,
        257.08,
        264.4866666666667,
        266.14666666666665,
        265.17333333333335,
        265.42,
        261.58666666666664,
        258.2133333333333,
        262.8,
        262.43333333333334,
        254.66,
        261.96,
        263.74,
        269.34,
        263.64666666666665
    ],
    "best fitness history": [
        10,
        10,
        10,
        40,
        9,
        37,
        68,
        50,
        159,
        67,
        171,
        467,
        499,
        499,
        499,
        102,
        499,
        110,
        499,
        499,
        499,
        499,
        499,
        499,
        499,
        499,
        499,
        499,
        499,
        499,
        499,
        499,
        499,
        499,
        499,
        499,
        499,
        499,
        499,
        499,
        499,
        499,
        499,
        499,
        499,
        499,
        499,
        499,
        499,
        499,
        499,
        499,
        499,
        499,
        499,
        499,
        499,
        499,
        499,
        499,
        499,
        499,
        499,
        499,
        499,
        499,
        499,
        499,
        499,
        499,
        499,
        499,
        499,
        499,
        499,
        499,
        499,
        499,
        499,
        499,
        499,
        499,
        499,
        499,
        499,
        499,
        499,
        499,
        499,
        499,
        499,
        499,
        499,
        499,
        499,
        499,
        499,
        499,
        499,
        499,
        499,
        499,
        499,
        499,
        499,
        499,
        499,
        499,
        499,
        499,
        499,
        499,
        499,
        499,
        499,
        499,
        499,
        499,
        499,
        499,
        499,
        499,
        499,
        499,
        499,
        499,
        499,
        499,
        499,
        499,
        499,
        499,
        499,
        499,
        499,
        499,
        499,
        499,
        499,
        499,
        499,
        499,
        499,
        499,
        499,
        499,
        499,
        499,
        499,
        499,
        499,
        499,
        499,
        499,
        499,
        499,
        499,
        499,
        499,
        499,
        499,
        499,
        499,
        499,
        499,
        499,
        499,
        499,
        499,
        499,
        499,
        499,
        499,
        499,
        499,
        499,
        499,
        499,
        499,
        499,
        499,
        499,
        499,
        499,
        499,
        499,
        499,
        499,
        499,
        499,
        499,
        499,
        499,
        499,
        499,
        499,
        499,
        499,
        499,
        499
    ],