{
    "time": "2022-09-12-00-21-24",
    "generations": 200,
    "fitness history": [
        8.353333333333333,
        8.273333333333333,
        9.706666666666667,
        18.8,
        17.066666666666666,
        116.42,
        100.4,
        113.73333333333333,
        116.82,
        96.78,
        86.81333333333333,
        91.16666666666667,
        130.26,
        95.32,
        79.71333333333334,
        122.71333333333334,
        112.44666666666667,
        130.04666666666665,
        128.13333333333333,
        130.92,
        126.36,
        122.96666666666667,
        125.78666666666666,
        135.16,
        114.44,
        134.03333333333333,
        134.12,
        126.06666666666666,
        126.47333333333333,
        119.74,
        127.78,
        128.57333333333332,
        126.46,
        132.5,
        132.86666666666667,
        138.44666666666666,
        129.43333333333334,
        135.10666666666665,
        128.65333333333334,
        131.62,
        133.68,
        129.35333333333332,
        133.15333333333334,
        133.44666666666666,
        131.20666666666668,
        137.44,
        133.86,
        128.98666666666668,
        130.51333333333332,
        140.82666666666665,
        130.00666666666666,
        134.90666666666667,
        146.84666666666666,
        133.44666666666666,
        139.38,
        140.41333333333333,
        136.34,
        133.70666666666668,
        136.55333333333334,
        126.72666666666667,
        125.18666666666667,
        141.36,
        132.24,
        134.07333333333332,
        129.38,
        134.15333333333334,
        129.08666666666667,
        131.11333333333334,
        140.98,
        132.31333333333333,
        127.34666666666666,
        128.32666666666665,
        143.36,
        135.52666666666667,
        151.72666666666666,
        144.52666666666667,
        140.70666666666668,
        141.44,
        126.72666666666667,
        141.82666666666665,
        141.3,
        144.72666666666666,
        136.94666666666666,
        142.58666666666667,
        145.02,
        136.49333333333334,
        128.95333333333335,
        154.55333333333334,
        143.18666666666667,
        139.92,
        129.29333333333332,
        142.03333333333333,
        132.52666666666667,
        130.53333333333333,
        130.66666666666666,
        135.91333333333333,
        135.92,
        139.03333333333333,
        134.97333333333333,
        149.79333333333332,
        142.28,
        146.10666666666665,
        138.26,
        134.98,
        141.04666666666665,
        142.27333333333334,
        135.13333333333333,
        132.73333333333332,
        132.42666666666668,
        137.14,
        131.87333333333333,
        140.53333333333333,
        149.48,
        140.33333333333334,
        147.60666666666665,
        140.40666666666667,
        137.46666666666667,
        135.55333333333334,
        145.75333333333333,
        139.26666666666668,
        130.92,
        137.97333333333333,
        137.06666666666666,
        145.55333333333334,
        137.56,
        136.61333333333334,
        144.03333333333333,
        143.32,
        144.11333333333334,
        146.41333333333333,
        139.42666666666668,
        139.06666666666666,
        145.88,
        149.38666666666666,
        135.73333333333332,
        140.98,
        141.80666666666667,
        143.74,
        151.74666666666667,
        148.12,
        149.68666666666667,
        138.30666666666667,
        136.54666666666665,
        143.31333333333333,
        148.0,
        141.90666666666667,
        149.25333333333333,
        139.97333333333333,
        147.62,
        142.78666666666666,
        140.42666666666668,
        153.87333333333333,
        150.79333333333332,
        146.26,
        141.60666666666665,
        134.62,
        142.74,
        147.32,
        139.87333333333333,
        141.01333333333332,
        135.54666666666665,
        143.62,
        135.71333333333334,
        136.21333333333334,
        141.02666666666667,
        137.43333333333334,
        147.96666666666667,
        149.9,
        132.28666666666666,
        136.71333333333334,
        143.47333333333333,
        138.66666666666666,
        140.26,
        136.46666666666667,
        125.8,
        130.11333333333334,
        138.34,
        128.94,
        144.60666666666665,
        144.85333333333332,
        152.21333333333334,
        145.9,
        133.58666666666667,
        132.04666666666665,
        133.58,
        134.36,
        140.51333333333332,
        142.14666666666668,
        140.16,
        149.77333333333334,
        140.43333333333334,
        141.42,
        134.74,
        140.36,
        128.64666666666668,
        137.32,
        140.88666666666666,
        136.72666666666666,
        147.11333333333334,
        138.79333333333332
    ],
    "best fitness history": [
        10,
        10,
        200,
        254,
        216,
        296,
        324,
        294,
        312,
        299,
        284,
        289,
        322,
        276,
        258,
        286,
        364,
        302,
        283,
        290,
        290,
        305,
        312,
        284,
        272,
        282,
        299,
        290,
        297,
        296,
        299,
        298,
        334,
        302,
        295,
        288,
        295,
        309,
        296,
        312,
        300,
        309,
        316,
        301,
        289,
        291,
        280,
        315,
        279,
        288,
        283,
        275,
        363,
        293,
        279,
        325,
        297,
        346,
        275,
        306,
        270,
        331,
        331,
        311,
        266,
        287,
        313,
        275,
        319,
        298,
        301,
        286,
        292,
        299,
        499,
        499,
        291,
        318,
        306,
        309,
        288,
        317,
        294,
        282,
        283,
        306,
        267,
        324,
        292,
        318,
        279,
        373,
        275,
        290,
        295,
        282,
        307,
        304,
        302,
        300,
        347,
        305,
        301,
        285,
        304,
        345,
        294,
        266,
        306,
        293,
        287,
        299,
        278,
        282,
        287,
        304,
        295,
        313,
        323,
        273,
        296,
        304,
        305,
        288,
        291,
        310,
        499,
        325,
        318,
        285,
        326,
        328,
        284,
        304,
        282,
        499,
        499,
        499,
        499,
        499,
        499,
        499,
        499,
        499,
        499,
        499,
        499,
        499,
        499,
        499,
        499,
        499,
        499,
        499,
        499,
        499,
        499,
        499,
        312,
        313,
        300,
        330,
        339,
        499,
        499,
        499,
        499,
        499,
        499,
        499,
        499,
        348,
        499,
        499,
        499,
        289,
        304,
        290,
        499,
        499,
        499,
        499,
        333,
        281,
        323,
        320,
        310,
        291,
        360,
        350,
        301,
        297,
        316,
        303,
        314,
        284,
        273,
        401,
        499,
        499
    ],