{
    "time": "2022-09-10-06-17-50",
    "generations": 200,
    "fitness history": [
        8.346666666666666,
        8.366666666666667,
        8.273333333333333,
        8.446666666666667,
        8.406666666666666,
        8.44,
        8.313333333333333,
        8.333333333333334,
        8.6,
        9.52,
        14.713333333333333,
        27.84,
        38.85333333333333,
        8.593333333333334,
        41.946666666666665,
        9.786666666666667,
        8.32,
        40.02,
        36.78,
        41.26,
        8.373333333333333,
        8.373333333333333,
        8.32,
        8.28,
        8.4,
        8.34,
        8.293333333333333,
        8.34,
        8.373333333333333,
        29.266666666666666,
        8.36,
        28.14,
        38.29333333333334,
        8.346666666666666,
        8.4,
        8.393333333333333,
        31.113333333333333,
        8.4,
        11.62,
        8.366666666666667,
        8.46,
        8.26,
        32.126666666666665,
        34.68,
        50.06,
        38.02,
        28.72,
        8.386666666666667,
        227.35333333333332,
        8.26,
        8.4,
        41.1,
        182.20666666666668,
        8.213333333333333,
        8.453333333333333,
        37.013333333333335,
        8.326666666666666,
        8.226666666666667,
        8.366666666666667,
        8.3,
        8.46,
        13.8,
        8.346666666666666,
        8.433333333333334,
        8.52,
        8.353333333333333,
        8.313333333333333,
        8.34,
        9.4,
        8.406666666666666,
        411.5,
        46.526666666666664,
        8.346666666666666,
        8.48,
        8.353333333333333,
        8.233333333333333,
        8.446666666666667,
        8.233333333333333,
        8.42,
        8.34,
        8.406666666666666,
        8.346666666666666,
        27.08,
        8.353333333333333,
        8.373333333333333,
        8.306666666666667,
        27.04,
        8.3,
        17.34,
        8.253333333333334,
        8.433333333333334,
        8.346666666666666,
        10.473333333333333,
        281.96666666666664,
        25.326666666666668,
        8.44,
        8.273333333333333,
        8.346666666666666,
        23.206666666666667,
        37.36666666666667,
        8.406666666666666,
        8.4,
        8.366666666666667,
        8.346666666666666,
        8.28,
        8.446666666666667,
        46.82666666666667,
        8.3,
        38.77333333333333,
        8.273333333333333,
        35.56,
        33.92666666666667,
        8.36,
        8.34,
        8.36,
        8.293333333333333,
        38.7,
        8.366666666666667,
        8.38,
        8.36,
        8.286666666666667,
        12.026666666666667,
        45.54,
        8.48,
        8.373333333333333,
        8.346666666666666,
        35.96,
        45.29333333333334,
        38.63333333333333,
        8.426666666666666,
        19.413333333333334,
        8.34,
        8.3,
        8.306666666666667,
        27.466666666666665,
        36.446666666666665,
        8.24,
        8.36,
        31.393333333333334,
        16.766666666666666,
        8.273333333333333,
        8.293333333333333,
        8.293333333333333,
        8.293333333333333,
        103.27333333333333,
        8.293333333333333,
        37.013333333333335,
        8.3,
        8.353333333333333,
        9.373333333333333,
        8.393333333333333,
        30.833333333333332,
        8.333333333333334,
        52.2,
        10.36,
        8.246666666666666,
        42.24666666666667,
        8.293333333333333,
        8.306666666666667,
        10.82,
        8.44,
        32.04666666666667,
        8.346666666666666,
        9.746666666666666,
        8.433333333333334,
        9.353333333333333,
        8.34,
        14.533333333333333,
        8.806666666666667,
        8.333333333333334,
        8.373333333333333,
        24.766666666666666,
        8.806666666666667,
        8.426666666666666,
        8.386666666666667,
        8.346666666666666,
        17.246666666666666,
        8.38,
        489.56,
        8.313333333333333,
        8.38,
        8.42,
        8.3,
        37.486666666666665,
        10.56,
        8.386666666666667,
        8.42,
        8.266666666666667,
        8.32,
        8.373333333333333,
        58.266666666666666,
        8.32,
        8.026666666666667,
        24.6,
        8.22,
        8.64,
        8.386666666666667,
        8.36,
        8.16,
        8.366666666666667
    ],
    "best fitness history": [
        10,
        10,
        10,
        10,
        10,
        10,
        10,
        10,
        51,
        83,
        132,
        82,
        93,
        53,
        137,
        52,
        10,
        114,
        110,
        172,
        10,
        10,
        10,
        10,
        10,
        10,
        10,
        10,
        10,
        71,
        10,
        68,
        99,
        10,
        10,
        14,
        120,
        10,
        275,
        10,
        10,
        10,
        190,
        128,
        225,
        146,
        64,
        10,
        327,
        10,
        10,
        136,
        268,
        10,
        10,
        101,
        10,
        10,
        10,
        10,
        10,
        110,
        10,
        10,
        10,
        10,
        10,
        10,
        35,
        10,
        499,
        125,
        10,
        10,
        10,
        9,
        10,
        10,
        10,
        10,
        10,
        10,
        79,
        10,
        10,
        10,
        34,
        10,
        28,
        9,
        10,
        10,
        15,
        389,
        60,
        10,
        10,
        10,
        33,
        176,
        10,
        10,
        10,
        10,
        9,
        10,
        101,
        10,
        104,
        10,
        106,
        96,
        10,
        10,
        10,
        10,
        89,
        10,
        10,
        10,
        10,
        17,
        103,
        10,
        10,
        10,
        125,
        102,
        127,
        10,
        110,
        10,
        10,
        10,
        89,
        103,
        10,
        10,
        40,
        34,
        10,
        10,
        10,
        10,
        340,
        10,
        103,
        10,
        10,
        11,
        10,
        61,
        10,
        102,
        16,
        10,
        113,
        9,
        10,
        18,
        10,
        83,
        10,
        12,
        10,
        12,
        10,
        30,
        11,
        10,
        10,
        63,
        11,
        10,
        10,
        10,
        26,
        10,
        499,
        10,
        10,
        11,
        10,
        116,
        14,
        10,
        10,
        10,
        9,
        10,
        183,
        10,
        9,
        59,
        10,
        10,
        10,
        10,
        10,
        10
    ],