{
    "time": "2022-09-10-11-58-51",
    "generations": 200,
    "fitness history": [
        8.3,
        8.353333333333333,
        8.306666666666667,
        8.426666666666666,
        8.333333333333334,
        8.333333333333334,
        8.386666666666667,
        8.46,
        8.353333333333333,
        9.02,
        13.26,
        8.326666666666666,
        27.946666666666665,
        29.926666666666666,
        34.806666666666665,
        8.293333333333333,
        8.26,
        38.806666666666665,
        7.766666666666667,
        7.733333333333333,
        42.36,
        7.713333333333333,
        40.9,
        39.86,
        7.72,
        40.66,
        42.48,
        40.74,
        9.28,
        40.31333333333333,
        39.92,
        40.61333333333334,
        40.26,
        8.413333333333334,
        7.706666666666667,
        7.84,
        41.44,
        7.786666666666667,
        8.0,
        8.193333333333333,
        41.66,
        8.453333333333333,
        8.386666666666667,
        8.246666666666666,
        8.38,
        35.946666666666665,
        8.253333333333334,
        32.04,
        8.366666666666667,
        7.746666666666667,
        8.3,
        7.766666666666667,
        7.713333333333333,
        8.306666666666667,
        42.67333333333333,
        8.34,
        8.286666666666667,
        42.08,
        8.386666666666667,
        8.38,
        8.46,
        7.713333333333333,
        8.306666666666667,
        7.78,
        8.34,
        8.366666666666667,
        40.38666666666666,
        8.28,
        38.82,
        8.52,
        41.986666666666665,
        8.38,
        8.36,
        8.393333333333333,
        7.693333333333333,
        8.333333333333334,
        8.366666666666667,
        41.22666666666667,
        8.366666666666667,
        8.373333333333333,
        7.733333333333333,
        8.326666666666666,
        8.32,
        8.38,
        8.46,
        8.38,
        41.86666666666667,
        8.38,
        7.74,
        8.413333333333334,
        8.253333333333334,
        8.313333333333333,
        8.453333333333333,
        8.226666666666667,
        8.48,
        8.386666666666667,
        7.8533333333333335,
        8.353333333333333,
        8.413333333333334,
        8.3,
        8.413333333333334,
        7.746666666666667,
        8.28,
        8.386666666666667,
        8.38,
        8.4,
        7.74,
        8.353333333333333,
        8.38,
        13.753333333333334,
        8.313333333333333,
        7.753333333333333,
        17.12,
        16.08,
        19.886666666666667,
        48.18,
        8.386666666666667,
        8.28,
        7.72,
        8.32,
        8.34,
        8.473333333333333,
        91.93333333333334,
        70.84666666666666,
        8.366666666666667,
        8.113333333333333,
        23.026666666666667,
        42.06666666666667,
        8.466666666666667,
        8.306666666666667,
        8.453333333333333,
        58.38,
        7.933333333333334,
        18.533333333333335,
        7.873333333333333,
        8.373333333333333,
        8.333333333333334,
        36.586666666666666,
        8.353333333333333,
        15.16,
        11.313333333333333,
        23.3,
        8.306666666666667,
        8.3,
        8.406666666666666,
        8.093333333333334,
        8.286666666666667,
        8.333333333333334,
        8.266666666666667,
        8.373333333333333,
        8.32,
        8.28,
        19.293333333333333,
        8.28,
        8.313333333333333,
        38.16,
        100.45333333333333,
        8.366666666666667,
        8.366666666666667,
        8.373333333333333,
        8.426666666666666,
        8.42,
        8.3,
        8.306666666666667,
        8.346666666666666,
        8.346666666666666,
        8.726666666666667,
        37.28666666666667,
        8.406666666666666,
        8.393333333333333,
        8.286666666666667,
        8.273333333333333,
        8.406666666666666,
        8.353333333333333,
        8.38,
        8.386666666666667,
        8.4,
        8.42,
        8.32,
        8.426666666666666,
        12.513333333333334,
        8.286666666666667,
        8.173333333333334,
        9.093333333333334,
        8.253333333333334,
        8.333333333333334,
        8.32,
        8.366666666666667,
        8.36,
        8.32,
        8.44,
        8.366666666666667,
        8.326666666666666,
        8.313333333333333,
        8.433333333333334,
        8.233333333333333,
        8.393333333333333,
        8.353333333333333,
        37.88,
        16.386666666666667
    ],
    "best fitness history": [
        10,
        10,
        10,
        10,
        10,
        10,
        10,
        10,
        10,
        46,
        61,
        48,
        70,
        71,
        66,
        10,
        10,
        61,
        8,
        8,
        67,
        8,
        61,
        59,
        10,
        61,
        65,
        67,
        240,
        63,
        63,
        62,
        57,
        10,
        8,
        10,
        65,
        9,
        10,
        10,
        62,
        10,
        10,
        10,
        10,
        59,
        10,
        57,
        10,
        9,
        10,
        10,
        8,
        10,
        64,
        10,
        10,
        66,
        10,
        10,
        10,
        10,
        10,
        9,
        10,
        10,
        71,
        10,
        65,
        10,
        60,
        10,
        10,
        10,
        9,
        10,
        10,
        63,
        10,
        10,
        9,
        10,
        10,
        10,
        10,
        10,
        66,
        10,
        9,
        10,
        10,
        10,
        10,
        10,
        10,
        10,
        9,
        10,
        10,
        10,
        10,
        10,
        10,
        10,
        10,
        10,
        9,
        10,
        10,
        42,
        10,
        10,
        63,
        26,
        30,
        96,
        10,
        10,
        9,
        10,
        10,
        10,
        352,
        499,
        10,
        10,
        55,
        76,
        10,
        10,
        10,
        499,
        9,
        30,
        9,
        10,
        10,
        101,
        10,
        63,
        37,
        72,
        10,
        10,
        10,
        10,
        10,
        10,
        10,
        10,
        9,
        10,
        29,
        10,
        10,
        112,
        306,
        10,
        10,
        10,
        10,
        10,
        10,
        10,
        10,
        10,
        10,
        102,
        10,
        10,
        10,
        10,
        10,
        10,
        10,
        10,
        10,
        10,
        10,
        10,
        19,
        10,
        10,
        11,
        10,
        10,
        10,
        10,
        10,
        10,
        10,
        10,
        10,
        10,
        10,
        10,
        10,
        10,
        133,
        30
    ],