{
    "time": "2022-09-10-01-44-47",
    "generations": 200,
    "fitness history": [
        8.333333333333334,
        8.313333333333333,
        8.353333333333333,
        8.386666666666667,
        8.393333333333333,
        8.306666666666667,
        8.44,
        8.326666666666666,
        8.36,
        8.313333333333333,
        8.3,
        8.333333333333334,
        8.366666666666667,
        8.366666666666667,
        8.246666666666666,
        8.326666666666666,
        8.3,
        8.253333333333334,
        8.42,
        8.306666666666667,
        8.426666666666666,
        8.36,
        8.313333333333333,
        8.326666666666666,
        8.353333333333333,
        8.42,
        8.38,
        8.46,
        8.526666666666667,
        9.4,
        8.42,
        8.34,
        27.513333333333332,
        8.346666666666666,
        36.22666666666667,
        41.166666666666664,
        8.353333333333333,
        8.313333333333333,
        40.31333333333333,
        40.22666666666667,
        8.36,
        8.386666666666667,
        8.306666666666667,
        8.28,
        8.38,
        41.77333333333333,
        41.833333333333336,
        37.973333333333336,
        40.593333333333334,
        39.72666666666667,
        8.413333333333334,
        8.38,
        8.366666666666667,
        8.426666666666666,
        8.373333333333333,
        40.74,
        40.27333333333333,
        38.18666666666667,
        8.5,
        8.353333333333333,
        8.226666666666667,
        8.32,
        37.56,
        37.79333333333334,
        12.206666666666667,
        8.253333333333334,
        12.9,
        8.313333333333333,
        8.406666666666666,
        8.333333333333334,
        8.8,
        8.36,
        8.32,
        36.14666666666667,
        8.42,
        8.34,
        8.953333333333333,
        37.36,
        38.64666666666667,
        38.14666666666667,
        8.42,
        35.486666666666665,
        8.426666666666666,
        8.3,
        9.726666666666667,
        40.28,
        19.753333333333334,
        8.293333333333333,
        8.286666666666667,
        8.28,
        8.293333333333333,
        8.393333333333333,
        8.32,
        8.353333333333333,
        8.333333333333334,
        8.313333333333333,
        8.393333333333333,
        39.16,
        8.313333333333333,
        8.48,
        8.366666666666667,
        38.193333333333335,
        8.353333333333333,
        8.486666666666666,
        8.28,
        8.473333333333333,
        8.506666666666666,
        8.273333333333333,
        8.246666666666666,
        8.393333333333333,
        8.34,
        8.36,
        35.74,
        41.86666666666667,
        11.346666666666666,
        8.386666666666667,
        8.353333333333333,
        8.473333333333333,
        8.313333333333333,
        36.22666666666667,
        153.09333333333333,
        198.50666666666666,
        8.373333333333333,
        8.353333333333333,
        8.4,
        8.3,
        8.306666666666667,
        195.97333333333333,
        8.486666666666666,
        8.9,
        69.50666666666666,
        186.55333333333334,
        8.306666666666667,
        8.373333333333333,
        31.053333333333335,
        16.446666666666665,
        50.166666666666664,
        8.38,
        35.74666666666667,
        8.306666666666667,
        8.353333333333333,
        192.14666666666668,
        71.16666666666667,
        8.2,
        8.32,
        8.226666666666667,
        148.12,
        9.24,
        8.426666666666666,
        8.353333333333333,
        17.593333333333334,
        8.333333333333334,
        10.826666666666666,
        8.4,
        18.64,
        8.393333333333333,
        8.513333333333334,
        8.22,
        195.92666666666668,
        8.373333333333333,
        8.32,
        8.366666666666667,
        38.38666666666666,
        8.32,
        8.346666666666666,
        8.493333333333334,
        8.273333333333333,
        15.586666666666666,
        135.76666666666668,
        8.366666666666667,
        127.43333333333334,
        8.34,
        8.4,
        24.166666666666668,
        8.253333333333334,
        8.36,
        8.353333333333333,
        8.26,
        8.346666666666666,
        22.746666666666666,
        8.32,
        8.246666666666666,
        8.453333333333333,
        103.49333333333334,
        8.353333333333333,
        82.56666666666666,
        8.3,
        40.9,
        8.433333333333334,
        25.573333333333334,
        37.846666666666664,
        8.386666666666667,
        8.293333333333333,
        34.9,
        246.16666666666666,
        12.626666666666667,
        8.273333333333333,
        8.473333333333333,
        8.44,
        11.14
    ],
    "best fitness history": [
        10,
        10,
        10,
        10,
        10,
        10,
        10,
        10,
        10,
        10,
        10,
        10,
        10,
        10,
        10,
        10,
        10,
        10,
        10,
        10,
        10,
        10,
        10,
        10,
        10,
        10,
        10,
        10,
        35,
        62,
        10,
        10,
        96,
        10,
        91,
        135,
        10,
        10,
        116,
        105,
        10,
        10,
        10,
        10,
        10,
        387,
        112,
        156,
        110,
        101,
        10,
        10,
        10,
        10,
        10,
        164,
        99,
        100,
        10,
        10,
        10,
        10,
        138,
        93,
        163,
        10,
        19,
        10,
        10,
        10,
        11,
        10,
        10,
        94,
        10,
        10,
        11,
        90,
        114,
        133,
        10,
        104,
        10,
        10,
        207,
        110,
        30,
        10,
        10,
        10,
        10,
        10,
        10,
        10,
        10,
        10,
        10,
        113,
        10,
        10,
        10,
        84,
        10,
        10,
        10,
        10,
        10,
        10,
        10,
        10,
        10,
        10,
        86,
        120,
        455,
        10,
        10,
        10,
        10,
        98,
        263,
        318,
        10,
        10,
        10,
        10,
        10,
        384,
        10,
        18,
        152,
        351,
        10,
        10,
        70,
        20,
        97,
        10,
        95,
        10,
        10,
        351,
        170,
        10,
        10,
        10,
        260,
        13,
        10,
        10,
        56,
        10,
        15,
        10,
        30,
        10,
        10,
        10,
        343,
        10,
        10,
        10,
        61,
        10,
        10,
        10,
        10,
        27,
        304,
        10,
        412,
        10,
        10,
        46,
        10,
        10,
        10,
        10,
        10,
        95,
        10,
        10,
        10,
        170,
        10,
        255,
        10,
        120,
        10,
        64,
        72,
        10,
        10,
        114,
        412,
        15,
        10,
        10,
        10,
        14
    ],