{
    "time": "2022-09-12-03-03-57",
    "generations": 200,
    "fitness history": [
        8.386666666666667,
        8.56,
        9.606666666666667,
        12.846666666666666,
        11.293333333333333,
        8.333333333333334,
        20.446666666666665,
        21.84,
        28.94,
        20.953333333333333,
        25.566666666666666,
        24.02,
        23.393333333333334,
        18.586666666666666,
        10.566666666666666,
        8.806666666666667,
        9.193333333333333,
        10.82,
        11.213333333333333,
        13.473333333333333,
        14.346666666666666,
        17.266666666666666,
        18.36,
        21.593333333333334,
        24.833333333333332,
        27.68,
        28.553333333333335,
        27.526666666666667,
        29.826666666666668,
        29.24,
        32.61333333333334,
        28.85333333333333,
        27.3,
        31.44,
        27.113333333333333,
        29.613333333333333,
        30.913333333333334,
        32.486666666666665,
        28.46,
        28.186666666666667,
        30.753333333333334,
        29.226666666666667,
        25.733333333333334,
        32.96,
        28.573333333333334,
        30.386666666666667,
        32.3,
        29.933333333333334,
        29.913333333333334,
        27.986666666666668,
        25.293333333333333,
        28.72,
        27.946666666666665,
        29.28,
        28.54,
        25.753333333333334,
        28.326666666666668,
        30.56,
        28.80666666666667,
        28.94,
        30.946666666666665,
        29.34,
        26.486666666666668,
        28.593333333333334,
        29.413333333333334,
        26.386666666666667,
        32.0,
        30.486666666666668,
        27.926666666666666,
        30.326666666666668,
        28.413333333333334,
        27.48,
        28.233333333333334,
        27.133333333333333,
        29.773333333333333,
        32.12,
        28.166666666666668,
        30.253333333333334,
        27.82,
        27.08,
        29.626666666666665,
        27.74,
        27.366666666666667,
        28.593333333333334,
        27.593333333333334,
        26.473333333333333,
        31.74,
        29.453333333333333,
        25.69333333333333,
        32.56666666666667,
        26.28,
        27.22,
        26.7,
        27.88,
        30.48,
        28.286666666666665,
        29.64666666666667,
        24.713333333333335,
        30.266666666666666,
        31.153333333333332,
        28.933333333333334,
        31.64666666666667,
        28.653333333333332,
        29.613333333333333,
        29.393333333333334,
        28.66,
        28.233333333333334,
        28.453333333333333,
        31.933333333333334,
        29.126666666666665,
        27.066666666666666,
        27.633333333333333,
        27.54,
        28.873333333333335,
        27.64,
        27.213333333333335,
        30.986666666666668,
        28.526666666666667,
        28.053333333333335,
        30.313333333333333,
        28.92,
        28.22,
        30.2,
        26.733333333333334,
        29.906666666666666,
        30.026666666666667,
        25.88,
        33.32,
        29.9,
        29.14,
        29.36,
        27.62,
        28.873333333333335,
        30.373333333333335,
        28.16,
        31.793333333333333,
        25.626666666666665,
        33.77333333333333,
        30.233333333333334,
        29.053333333333335,
        27.286666666666665,
        28.686666666666667,
        31.433333333333334,
        24.946666666666665,
        28.38,
        30.36,
        31.513333333333332,
        27.533333333333335,
        29.066666666666666,
        28.72,
        27.546666666666667,
        26.633333333333333,
        29.026666666666667,
        30.273333333333333,
        32.053333333333335,
        30.626666666666665,
        27.186666666666667,
        28.1,
        30.38,
        28.06,
        27.846666666666668,
        29.833333333333332,
        27.473333333333333,
        28.026666666666667,
        25.32,
        28.62,
        27.48,
        28.72,
        25.546666666666667,
        30.886666666666667,
        27.313333333333333,
        29.493333333333332,
        28.766666666666666,
        26.84,
        26.46,
        27.113333333333333,
        26.64,
        27.053333333333335,
        29.6,
        28.086666666666666,
        28.2,
        29.3,
        30.453333333333333,
        24.04,
        28.066666666666666,
        28.953333333333333,
        30.226666666666667,
        28.293333333333333,
        26.626666666666665,
        27.986666666666668,
        25.686666666666667,
        27.8,
        25.64666666666667,
        36.1,
        28.64,
        30.726666666666667,
        28.786666666666665,
        27.26,
        32.17333333333333,
        27.62
    ],
    "best fitness history": [
        10,
        29,
        208,
        245,
        66,
        10,
        85,
        99,
        104,
        101,
        82,
        122,
        74,
        122,
        78,
        68,
        30,
        73,
        58,
        75,
        134,
        89,
        91,
        86,
        94,
        97,
        116,
        115,
        127,
        124,
        124,
        90,
        126,
        121,
        94,
        130,
        124,
        128,
        139,
        116,
        130,
        91,
        82,
        128,
        96,
        123,
        103,
        110,
        92,
        79,
        85,
        102,
        78,
        141,
        103,
        86,
        80,
        97,
        103,
        154,
        156,
        106,
        96,
        120,
        93,
        85,
        133,
        158,
        144,
        123,
        124,
        124,
        160,
        91,
        91,
        136,
        107,
        97,
        109,
        74,
        111,
        137,
        102,
        91,
        91,
        79,
        106,
        128,
        103,
        101,
        94,
        89,
        90,
        80,
        116,
        130,
        156,
        72,
        151,
        97,
        114,
        120,
        143,
        110,
        174,
        127,
        86,
        93,
        185,
        169,
        83,
        91,
        120,
        132,
        89,
        92,
        102,
        99,
        86,
        84,
        73,
        87,
        106,
        92,
        116,
        140,
        106,
        145,
        181,
        128,
        158,
        145,
        92,
        117,
        97,
        141,
        76,
        161,
        141,
        95,
        142,
        80,
        171,
        96,
        91,
        116,
        117,
        132,
        90,
        125,
        112,
        173,
        82,
        94,
        82,
        161,
        116,
        130,
        170,
        103,
        93,
        143,
        126,
        79,
        78,
        132,
        78,
        81,
        91,
        152,
        116,
        96,
        96,
        150,
        119,
        90,
        84,
        76,
        92,
        144,
        105,
        100,
        136,
        87,
        105,
        88,
        186,
        109,
        109,
        112,
        84,
        115,
        74,
        132,
        78,
        118,
        116,
        79,
        100,
        156
    ],