{
    "time": "2022-09-10-07-03-17",
    "generations": 200,
    "fitness history": [
        8.446666666666667,
        8.353333333333333,
        8.393333333333333,
        8.36,
        8.386666666666667,
        8.313333333333333,
        8.386666666666667,
        8.36,
        8.346666666666666,
        8.306666666666667,
        8.493333333333334,
        8.366666666666667,
        8.426666666666666,
        8.286666666666667,
        8.366666666666667,
        8.38,
        8.453333333333333,
        8.34,
        8.32,
        8.36,
        8.386666666666667,
        8.306666666666667,
        8.3,
        8.253333333333334,
        8.3,
        8.4,
        8.333333333333334,
        8.38,
        8.4,
        8.66,
        8.753333333333334,
        11.373333333333333,
        22.493333333333332,
        8.42,
        37.82666666666667,
        8.386666666666667,
        8.353333333333333,
        8.346666666666666,
        39.406666666666666,
        8.326666666666666,
        39.693333333333335,
        8.46,
        38.64666666666667,
        8.426666666666666,
        8.386666666666667,
        8.34,
        37.3,
        8.293333333333333,
        40.11333333333334,
        39.28,
        8.386666666666667,
        40.64666666666667,
        41.82666666666667,
        8.3,
        8.38,
        8.453333333333333,
        10.146666666666667,
        30.92,
        8.353333333333333,
        36.02,
        39.17333333333333,
        40.68,
        8.26,
        8.326666666666666,
        8.48,
        41.04666666666667,
        8.286666666666667,
        38.166666666666664,
        8.36,
        38.96,
        8.326666666666666,
        38.49333333333333,
        8.193333333333333,
        39.22666666666667,
        8.36,
        39.32,
        8.393333333333333,
        8.373333333333333,
        38.92666666666667,
        40.18666666666667,
        37.21333333333333,
        8.24,
        8.4,
        8.32,
        40.78,
        40.67333333333333,
        41.446666666666665,
        37.906666666666666,
        38.31333333333333,
        8.306666666666667,
        41.06,
        8.386666666666667,
        8.206666666666667,
        39.49333333333333,
        38.70666666666666,
        8.373333333333333,
        38.98,
        8.293333333333333,
        8.406666666666666,
        8.293333333333333,
        8.366666666666667,
        40.153333333333336,
        40.406666666666666,
        36.78666666666667,
        38.86666666666667,
        10.82,
        29.2,
        8.34,
        31.126666666666665,
        41.973333333333336,
        40.88666666666666,
        35.846666666666664,
        38.053333333333335,
        8.386666666666667,
        8.34,
        8.433333333333334,
        8.266666666666667,
        8.406666666666666,
        37.56666666666667,
        8.42,
        38.27333333333333,
        8.32,
        40.266666666666666,
        8.46,
        40.35333333333333,
        8.38,
        39.56666666666667,
        39.86666666666667,
        8.346666666666666,
        8.313333333333333,
        8.373333333333333,
        8.42,
        38.25333333333333,
        8.413333333333334,
        10.14,
        28.913333333333334,
        8.44,
        40.553333333333335,
        37.72,
        8.38,
        8.366666666666667,
        38.526666666666664,
        8.373333333333333,
        8.32,
        40.96,
        39.3,
        8.38,
        36.526666666666664,
        8.32,
        8.28,
        39.66,
        8.386666666666667,
        8.373333333333333,
        42.42,
        8.34,
        8.293333333333333,
        8.306666666666667,
        39.34,
        38.973333333333336,
        8.42,
        8.313333333333333,
        8.32,
        8.44,
        8.36,
        8.373333333333333,
        8.44,
        8.353333333333333,
        41.913333333333334,
        42.22,
        38.50666666666667,
        8.36,
        8.326666666666666,
        8.346666666666666,
        8.313333333333333,
        8.366666666666667,
        8.52,
        25.133333333333333,
        8.4,
        8.286666666666667,
        8.266666666666667,
        8.313333333333333,
        8.346666666666666,
        8.806666666666667,
        38.32,
        11.106666666666667,
        57.086666666666666,
        324.52666666666664,
        8.526666666666667,
        8.326666666666666,
        8.386666666666667,
        8.313333333333333,
        8.34,
        8.333333333333334,
        45.17333333333333,
        49.11333333333334,
        8.333333333333334,
        8.24,
        45.1,
        40.06,
        8.193333333333333
    ],
    "best fitness history": [
        10,
        10,
        10,
        10,
        10,
        10,
        10,
        10,
        10,
        10,
        10,
        10,
        10,
        10,
        10,
        10,
        10,
        10,
        10,
        10,
        10,
        10,
        10,
        10,
        10,
        10,
        10,
        10,
        10,
        32,
        40,
        72,
        142,
        10,
        108,
        10,
        10,
        10,
        94,
        10,
        99,
        10,
        105,
        10,
        10,
        10,
        98,
        10,
        116,
        107,
        10,
        108,
        122,
        10,
        10,
        10,
        48,
        97,
        10,
        117,
        98,
        159,
        10,
        10,
        10,
        96,
        10,
        110,
        10,
        106,
        10,
        100,
        9,
        146,
        10,
        114,
        10,
        10,
        113,
        196,
        123,
        10,
        10,
        10,
        190,
        120,
        126,
        135,
        122,
        10,
        127,
        10,
        10,
        100,
        106,
        10,
        105,
        10,
        10,
        10,
        10,
        108,
        138,
        82,
        125,
        383,
        499,
        10,
        105,
        155,
        167,
        113,
        102,
        10,
        10,
        10,
        10,
        10,
        144,
        10,
        130,
        10,
        141,
        10,
        147,
        10,
        114,
        120,
        10,
        10,
        10,
        10,
        159,
        10,
        40,
        102,
        10,
        106,
        87,
        10,
        10,
        92,
        10,
        10,
        199,
        102,
        10,
        96,
        10,
        10,
        130,
        10,
        10,
        138,
        10,
        10,
        10,
        139,
        107,
        10,
        10,
        10,
        10,
        10,
        10,
        10,
        10,
        105,
        108,
        88,
        10,
        10,
        10,
        10,
        10,
        10,
        147,
        10,
        10,
        10,
        10,
        10,
        59,
        107,
        33,
        180,
        499,
        10,
        10,
        10,
        10,
        10,
        10,
        98,
        98,
        10,
        10,
        126,
        91,
        10
    ],