{
    "time": "2022-09-10-09-59-11",
    "generations": 200,
    "fitness history": [
        8.266666666666667,
        8.32,
        8.28,
        9.073333333333334,
        8.5,
        8.233333333333333,
        8.313333333333333,
        8.233333333333333,
        53.193333333333335,
        8.706666666666667,
        40.68666666666667,
        10.513333333333334,
        40.28,
        10.08,
        171.7,
        32.946666666666665,
        30.36,
        8.826666666666666,
        410.08666666666664,
        25.773333333333333,
        8.386666666666667,
        7.693333333333333,
        41.17333333333333,
        8.453333333333333,
        194.11333333333334,
        8.32,
        8.173333333333334,
        8.833333333333334,
        13.24,
        8.453333333333333,
        8.34,
        8.306666666666667,
        8.306666666666667,
        8.306666666666667,
        40.46666666666667,
        32.48,
        8.38,
        8.126666666666667,
        8.32,
        8.273333333333333,
        36.82,
        8.426666666666666,
        8.453333333333333,
        8.48,
        8.56,
        65.42666666666666,
        8.393333333333333,
        8.353333333333333,
        8.026666666666667,
        8.26,
        8.486666666666666,
        8.306666666666667,
        8.406666666666666,
        8.293333333333333,
        8.34,
        8.233333333333333,
        46.62,
        8.293333333333333,
        8.193333333333333,
        8.093333333333334,
        8.38,
        8.38,
        8.26,
        77.63333333333334,
        8.4,
        8.44,
        202.74,
        8.446666666666667,
        8.36,
        8.366666666666667,
        36.18666666666667,
        8.346666666666666,
        8.366666666666667,
        8.54,
        8.133333333333333,
        8.306666666666667,
        30.833333333333332,
        8.306666666666667,
        8.206666666666667,
        8.506666666666666,
        8.333333333333334,
        8.373333333333333,
        9.733333333333333,
        8.333333333333334,
        8.22,
        8.386666666666667,
        7.773333333333333,
        8.28,
        8.333333333333334,
        489.35333333333335,
        75.29333333333334,
        8.68,
        7.706666666666667,
        263.98,
        7.8133333333333335,
        8.233333333333333,
        197.22666666666666,
        14.206666666666667,
        72.80666666666667,
        8.38,
        106.84,
        8.506666666666666,
        8.373333333333333,
        8.353333333333333,
        8.273333333333333,
        8.386666666666667,
        8.446666666666667,
        8.453333333333333,
        19.726666666666667,
        8.446666666666667,
        8.433333333333334,
        8.433333333333334,
        9.686666666666667,
        8.446666666666667,
        8.373333333333333,
        8.24,
        8.3,
        8.426666666666666,
        8.346666666666666,
        135.14666666666668,
        8.293333333333333,
        65.67333333333333,
        8.333333333333334,
        20.093333333333334,
        8.273333333333333,
        8.32,
        23.026666666666667,
        7.973333333333334,
        8.346666666666666,
        23.85333333333333,
        8.333333333333334,
        38.18,
        8.326666666666666,
        174.47333333333333,
        8.273333333333333,
        8.293333333333333,
        8.32,
        9.026666666666667,
        36.31333333333333,
        163.92666666666668,
        8.373333333333333,
        8.38,
        29.85333333333333,
        8.346666666666666,
        8.38,
        8.313333333333333,
        10.026666666666667,
        8.46,
        16.233333333333334,
        8.38,
        8.353333333333333,
        8.426666666666666,
        10.193333333333333,
        8.28,
        8.346666666666666,
        8.34,
        8.346666666666666,
        8.306666666666667,
        8.373333333333333,
        8.44,
        8.313333333333333,
        8.913333333333334,
        8.233333333333333,
        31.113333333333333,
        82.44,
        8.42,
        10.333333333333334,
        8.36,
        76.51333333333334,
        8.393333333333333,
        8.393333333333333,
        28.886666666666667,
        8.32,
        8.453333333333333,
        8.353333333333333,
        14.133333333333333,
        8.32,
        8.36,
        8.386666666666667,
        8.3,
        8.366666666666667,
        8.353333333333333,
        8.306666666666667,
        8.4,
        8.32,
        11.446666666666667,
        8.373333333333333,
        10.8,
        8.333333333333334,
        8.26,
        8.293333333333333,
        8.313333333333333,
        8.426666666666666,
        8.28,
        8.28,
        8.406666666666666,
        8.36,
        8.366666666666667,
        8.34,
        8.366666666666667
    ],
    "best fitness history": [
        10,
        10,
        10,
        134,
        34,
        10,
        10,
        10,
        284,
        46,
        60,
        50,
        70,
        51,
        270,
        67,
        64,
        15,
        499,
        42,
        10,
        8,
        67,
        11,
        325,
        10,
        11,
        10,
        213,
        10,
        10,
        10,
        10,
        9,
        67,
        50,
        10,
        10,
        10,
        9,
        46,
        10,
        10,
        10,
        10,
        203,
        10,
        10,
        9,
        10,
        11,
        10,
        10,
        10,
        10,
        10,
        193,
        10,
        10,
        10,
        10,
        10,
        10,
        132,
        10,
        10,
        327,
        10,
        10,
        10,
        66,
        10,
        10,
        10,
        9,
        10,
        68,
        10,
        10,
        10,
        10,
        10,
        18,
        10,
        10,
        10,
        10,
        10,
        10,
        499,
        162,
        10,
        9,
        499,
        9,
        10,
        312,
        48,
        173,
        10,
        350,
        10,
        10,
        10,
        10,
        10,
        10,
        10,
        28,
        10,
        10,
        10,
        13,
        10,
        10,
        10,
        10,
        10,
        10,
        215,
        10,
        124,
        10,
        29,
        10,
        10,
        69,
        10,
        10,
        119,
        10,
        73,
        10,
        260,
        10,
        10,
        10,
        33,
        60,
        285,
        10,
        10,
        51,
        10,
        10,
        10,
        15,
        10,
        55,
        10,
        10,
        10,
        22,
        10,
        10,
        10,
        10,
        10,
        10,
        10,
        10,
        11,
        10,
        75,
        300,
        10,
        13,
        10,
        130,
        10,
        10,
        43,
        10,
        10,
        10,
        18,
        10,
        10,
        10,
        10,
        10,
        10,
        10,
        10,
        10,
        17,
        10,
        14,
        10,
        10,
        10,
        10,
        10,
        10,
        10,
        10,
        10,
        10,
        10,
        10
    ],