{
    "time": "2022-09-12-12-13-41",
    "generations": 200,
    "fitness history": [
        8.266666666666667,
        8.36,
        8.446666666666667,
        9.133333333333333,
        10.0,
        16.026666666666667,
        97.2,
        112.55333333333333,
        114.92666666666666,
        121.42666666666666,
        57.56666666666667,
        20.273333333333333,
        22.653333333333332,
        90.71333333333334,
        72.74,
        63.38666666666666,
        31.64,
        44.2,
        56.32,
        30.446666666666665,
        44.04666666666667,
        58.3,
        91.51333333333334,
        109.63333333333334,
        117.62,
        116.85333333333334,
        123.44666666666667,
        137.76666666666668,
        126.90666666666667,
        126.68,
        140.09333333333333,
        135.16,
        135.79333333333332,
        128.62,
        132.57333333333332,
        129.78,
        124.07333333333334,
        121.02666666666667,
        135.58,
        136.5,
        136.5,
        133.79333333333332,
        130.60666666666665,
        137.53333333333333,
        135.14,
        130.78,
        125.58,
        127.53333333333333,
        126.49333333333334,
        143.74666666666667,
        130.3,
        130.61333333333334,
        137.84,
        129.21333333333334,
        139.46666666666667,
        134.24666666666667,
        130.93333333333334,
        139.08,
        144.7,
        144.23333333333332,
        139.17333333333335,
        140.83333333333334,
        150.48,
        136.58666666666667,
        129.40666666666667,
        132.02666666666667,
        134.64,
        128.28666666666666,
        127.96666666666667,
        140.01333333333332,
        134.45333333333335,
        136.41333333333333,
        136.10666666666665,
        131.53333333333333,
        128.68666666666667,
        133.77333333333334,
        134.76666666666668,
        138.84666666666666,
        129.7,
        137.86666666666667,
        143.94666666666666,
        137.08666666666667,
        136.92,
        130.52,
        137.07333333333332,
        137.55333333333334,
        145.49333333333334,
        138.46,
        144.56666666666666,
        138.61333333333334,
        138.52,
        146.74,
        139.72,
        142.35333333333332,
        135.12,
        144.38666666666666,
        139.56,
        145.4,
        132.73333333333332,
        138.38666666666666,
        132.01333333333332,
        143.46666666666667,
        146.29333333333332,
        142.16666666666666,
        138.81333333333333,
        133.28666666666666,
        131.88,
        133.86,
        132.44,
        126.18666666666667,
        152.07333333333332,
        142.01333333333332,
        140.38,
        138.62666666666667,
        137.24666666666667,
        134.28666666666666,
        140.06666666666666,
        145.26666666666668,
        133.00666666666666,
        137.24666666666667,
        134.10666666666665,
        134.42,
        130.50666666666666,
        127.88666666666667,
        127.73333333333333,
        137.22,
        135.13333333333333,
        133.36,
        141.65333333333334,
        132.95333333333335,
        146.88666666666666,
        138.25333333333333,
        128.8,
        136.53333333333333,
        135.07333333333332,
        146.98,
        143.54,
        142.32,
        144.58666666666667,
        138.62666666666667,
        144.58,
        134.64,
        143.49333333333334,
        142.79333333333332,
        142.52666666666667,
        147.76,
        137.08,
        136.43333333333334,
        133.43333333333334,
        136.01333333333332,
        139.32666666666665,
        147.72,
        132.23333333333332,
        135.81333333333333,
        137.31333333333333,
        139.60666666666665,
        133.24666666666667,
        144.62,
        142.19333333333333,
        133.31333333333333,
        130.86666666666667,
        136.83333333333334,
        134.54,
        129.68666666666667,
        140.08,
        142.78666666666666,
        148.26666666666668,
        148.77333333333334,
        138.98666666666668,
        135.18666666666667,
        129.25333333333333,
        131.88,
        133.35333333333332,
        142.80666666666667,
        136.42666666666668,
        148.47333333333333,
        139.79333333333332,
        134.96666666666667,
        152.96666666666667,
        151.64,
        136.82666666666665,
        129.61333333333334,
        132.11333333333334,
        132.46666666666667,
        144.13333333333333,
        138.19333333333333,
        147.45333333333335,
        137.55333333333334,
        134.78666666666666,
        142.28,
        134.47333333333333,
        139.27333333333334,
        141.68,
        141.59333333333333,
        141.16,
        134.17333333333335,
        143.13333333333333,
        133.88,
        132.14,
        136.62666666666667
    ],
    "best fitness history": [
        10,
        10,
        10,
        36,
        246,
        135,
        293,
        282,
        287,
        310,
        258,
        59,
        222,
        499,
        371,
        298,
        230,
        247,
        280,
        243,
        279,
        275,
        279,
        285,
        308,
        293,
        351,
        320,
        324,
        301,
        299,
        288,
        288,
        298,
        315,
        301,
        291,
        310,
        310,
        319,
        301,
        304,
        271,
        302,
        315,
        302,
        286,
        313,
        310,
        296,
        341,
        301,
        281,
        275,
        287,
        327,
        293,
        323,
        291,
        316,
        278,
        332,
        300,
        279,
        334,
        289,
        280,
        283,
        280,
        292,
        278,
        308,
        293,
        284,
        353,
        305,
        299,
        280,
        293,
        321,
        313,
        295,
        287,
        284,
        315,
        284,
        297,
        318,
        329,
        296,
        499,
        291,
        276,
        298,
        317,
        289,
        302,
        283,
        292,
        290,
        273,
        272,
        293,
        290,
        294,
        304,
        291,
        315,
        286,
        330,
        299,
        278,
        281,
        283,
        275,
        285,
        308,
        327,
        289,
        287,
        283,
        338,
        273,
        302,
        305,
        326,
        301,
        292,
        311,
        305,
        290,
        282,
        288,
        279,
        319,
        289,
        295,
        285,
        312,
        271,
        300,
        276,
        306,
        313,
        299,
        296,
        273,
        302,
        310,
        303,
        311,
        295,
        294,
        310,
        304,
        307,
        310,
        307,
        308,
        275,
        293,
        276,
        278,
        281,
        298,
        304,
        284,
        304,
        306,
        291,
        316,
        277,
        275,
        295,
        309,
        296,
        326,
        299,
        329,
        355,
        294,
        312,
        303,
        336,
        311,
        288,
        287,
        302,
        287,
        280,
        272,
        286,
        288,
        278,
        307,
        277,
        316,
        317,
        266,
        289
    ],