{
    "time": "2022-09-11-17-18-13",
    "generations": 200,
    "fitness history": [
        8.366666666666667,
        8.54,
        8.426666666666666,
        8.406666666666666,
        8.4,
        8.36,
        8.373333333333333,
        8.393333333333333,
        8.333333333333334,
        8.213333333333333,
        8.413333333333334,
        8.306666666666667,
        8.36,
        8.373333333333333,
        8.293333333333333,
        8.353333333333333,
        8.3,
        8.293333333333333,
        8.353333333333333,
        8.333333333333334,
        8.4,
        8.326666666666666,
        8.34,
        8.366666666666667,
        8.273333333333333,
        8.46,
        8.586666666666666,
        9.246666666666666,
        14.0,
        23.08,
        8.36,
        8.393333333333333,
        9.686666666666667,
        40.74666666666667,
        8.3,
        39.43333333333333,
        39.62,
        40.43333333333333,
        38.68666666666667,
        38.486666666666665,
        8.4,
        41.27333333333333,
        8.333333333333334,
        8.44,
        8.466666666666667,
        8.386666666666667,
        8.266666666666667,
        38.63333333333333,
        36.473333333333336,
        8.393333333333333,
        8.373333333333333,
        37.42,
        8.373333333333333,
        8.3,
        38.22666666666667,
        8.333333333333334,
        8.44,
        39.27333333333333,
        41.45333333333333,
        40.013333333333335,
        39.666666666666664,
        39.78,
        8.32,
        39.406666666666666,
        39.24,
        38.95333333333333,
        38.74,
        8.38,
        26.486666666666668,
        8.346666666666666,
        38.82666666666667,
        42.42,
        8.346666666666666,
        42.17333333333333,
        8.406666666666666,
        40.413333333333334,
        41.153333333333336,
        39.76,
        8.353333333333333,
        42.04,
        8.326666666666666,
        39.94,
        36.913333333333334,
        8.2,
        8.293333333333333,
        39.88,
        38.24666666666667,
        8.406666666666666,
        40.766666666666666,
        40.38,
        8.386666666666667,
        8.3,
        39.45333333333333,
        39.56,
        40.0,
        8.34,
        8.333333333333334,
        39.406666666666666,
        8.346666666666666,
        38.84,
        38.14666666666667,
        38.74,
        39.61333333333334,
        8.373333333333333,
        8.226666666666667,
        38.873333333333335,
        37.346666666666664,
        39.373333333333335,
        39.026666666666664,
        42.77333333333333,
        8.253333333333334,
        8.286666666666667,
        37.99333333333333,
        41.58,
        8.306666666666667,
        8.333333333333334,
        41.11333333333334,
        8.4,
        39.22666666666667,
        10.773333333333333,
        40.89333333333333,
        40.026666666666664,
        8.413333333333334,
        55.6,
        8.28,
        39.72666666666667,
        40.946666666666665,
        41.68666666666667,
        125.58666666666667,
        8.406666666666666,
        8.24,
        8.44,
        47.68,
        46.64,
        8.42,
        8.086666666666666,
        54.32,
        8.413333333333334,
        8.326666666666666,
        8.333333333333334,
        8.366666666666667,
        80.25333333333333,
        95.84666666666666,
        18.78,
        9.42,
        8.193333333333333,
        114.96,
        56.08,
        121.89333333333333,
        8.613333333333333,
        485.92,
        8.093333333333334,
        61.166666666666664,
        34.446666666666665,
        83.32,
        34.513333333333335,
        38.85333333333333,
        41.266666666666666,
        60.093333333333334,
        8.313333333333333,
        32.12,
        8.426666666666666,
        8.186666666666667,
        26.606666666666666,
        163.8,
        34.26,
        37.42666666666667,
        11.78,
        8.266666666666667,
        8.1,
        73.02666666666667,
        27.186666666666667,
        188.70666666666668,
        7.886666666666667,
        131.96,
        24.30666666666667,
        167.95333333333335,
        8.386666666666667,
        8.26,
        45.13333333333333,
        41.946666666666665,
        48.31333333333333,
        174.06666666666666,
        8.353333333333333,
        189.38,
        8.333333333333334,
        28.173333333333332,
        8.32,
        8.46,
        8.76,
        32.2,
        22.846666666666668,
        8.426666666666666,
        67.58666666666667,
        32.56,
        8.36,
        8.333333333333334,
        68.34666666666666,
        41.44,
        51.42666666666667
    ],
    "best fitness history": [
        10,
        10,
        10,
        10,
        10,
        10,
        10,
        10,
        10,
        10,
        10,
        10,
        10,
        10,
        10,
        10,
        10,
        10,
        10,
        10,
        10,
        10,
        10,
        10,
        10,
        10,
        35,
        52,
        78,
        82,
        10,
        10,
        49,
        150,
        10,
        119,
        145,
        120,
        122,
        98,
        10,
        124,
        10,
        10,
        10,
        10,
        10,
        125,
        144,
        10,
        10,
        104,
        10,
        10,
        135,
        10,
        10,
        112,
        124,
        215,
        91,
        108,
        10,
        102,
        144,
        136,
        113,
        10,
        92,
        10,
        118,
        116,
        10,
        121,
        10,
        116,
        118,
        138,
        10,
        155,
        10,
        228,
        107,
        10,
        10,
        106,
        102,
        10,
        142,
        160,
        10,
        10,
        98,
        115,
        121,
        10,
        10,
        119,
        10,
        115,
        162,
        149,
        108,
        10,
        10,
        150,
        103,
        120,
        143,
        499,
        10,
        10,
        140,
        136,
        10,
        10,
        110,
        10,
        106,
        362,
        183,
        175,
        10,
        264,
        10,
        127,
        125,
        108,
        183,
        10,
        9,
        24,
        107,
        183,
        10,
        9,
        146,
        10,
        9,
        10,
        10,
        179,
        206,
        34,
        27,
        10,
        376,
        107,
        380,
        16,
        499,
        9,
        205,
        111,
        358,
        85,
        89,
        94,
        109,
        10,
        95,
        12,
        10,
        44,
        499,
        70,
        99,
        22,
        10,
        9,
        281,
        61,
        264,
        9,
        444,
        46,
        269,
        10,
        10,
        256,
        102,
        79,
        255,
        26,
        269,
        10,
        81,
        10,
        12,
        10,
        83,
        68,
        10,
        281,
        72,
        10,
        10,
        121,
        139,
        87
    ],