{
    "time": "2022-09-10-12-18-42",
    "generations": 200,
    "fitness history": [
        8.34,
        8.44,
        8.606666666666667,
        9.646666666666667,
        21.126666666666665,
        20.94,
        31.913333333333334,
        24.686666666666667,
        17.66,
        26.46,
        26.226666666666667,
        25.273333333333333,
        28.16,
        25.4,
        27.453333333333333,
        29.493333333333332,
        28.58,
        29.013333333333332,
        31.333333333333332,
        31.366666666666667,
        32.46666666666667,
        30.593333333333334,
        33.22,
        29.8,
        28.673333333333332,
        29.46,
        30.6,
        30.086666666666666,
        30.6,
        28.086666666666666,
        29.1,
        31.006666666666668,
        30.186666666666667,
        28.86,
        29.186666666666667,
        27.64666666666667,
        30.126666666666665,
        28.633333333333333,
        30.1,
        29.88,
        28.766666666666666,
        29.413333333333334,
        27.886666666666667,
        28.286666666666665,
        29.96,
        29.426666666666666,
        29.24,
        28.866666666666667,
        28.56,
        29.373333333333335,
        31.766666666666666,
        29.273333333333333,
        28.173333333333332,
        28.493333333333332,
        27.06,
        30.406666666666666,
        30.346666666666668,
        29.573333333333334,
        28.38,
        26.906666666666666,
        30.48,
        27.626666666666665,
        29.013333333333332,
        29.80666666666667,
        28.833333333333332,
        31.80666666666667,
        29.36,
        28.22,
        31.12,
        29.846666666666668,
        32.24,
        31.493333333333332,
        29.926666666666666,
        28.76,
        27.5,
        26.26,
        30.813333333333333,
        28.786666666666665,
        27.373333333333335,
        28.446666666666665,
        28.64,
        28.8,
        30.166666666666668,
        31.566666666666666,
        29.3,
        28.98,
        28.913333333333334,
        27.913333333333334,
        30.986666666666668,
        28.9,
        28.96,
        27.006666666666668,
        26.66,
        28.333333333333332,
        28.813333333333333,
        28.233333333333334,
        29.74,
        28.873333333333335,
        25.793333333333333,
        30.426666666666666,
        27.773333333333333,
        30.086666666666666,
        28.26,
        29.033333333333335,
        29.013333333333332,
        27.366666666666667,
        29.386666666666667,
        29.253333333333334,
        28.80666666666667,
        28.006666666666668,
        28.913333333333334,
        28.873333333333335,
        27.92,
        27.666666666666668,
        28.74,
        28.08,
        28.96,
        29.553333333333335,
        27.346666666666668,
        27.526666666666667,
        26.98,
        28.44,
        26.506666666666668,
        29.446666666666665,
        29.066666666666666,
        28.793333333333333,
        29.74,
        27.653333333333332,
        28.206666666666667,
        28.573333333333334,
        29.14666666666667,
        29.273333333333333,
        28.62,
        29.96,
        28.58,
        28.526666666666667,
        28.366666666666667,
        26.633333333333333,
        28.786666666666665,
        29.94,
        29.246666666666666,
        26.48,
        29.673333333333332,
        28.946666666666665,
        30.006666666666668,
        27.053333333333335,
        28.04,
        28.513333333333332,
        26.286666666666665,
        25.966666666666665,
        30.96,
        30.266666666666666,
        30.526666666666667,
        28.713333333333335,
        27.7,
        28.213333333333335,
        30.30666666666667,
        29.153333333333332,
        29.30666666666667,
        30.953333333333333,
        32.89333333333333,
        29.986666666666668,
        28.706666666666667,
        28.613333333333333,
        28.38,
        31.333333333333332,
        51.906666666666666,
        67.65333333333334,
        78.13333333333334,
        94.0,
        104.64,
        113.12666666666667,
        138.92,
        140.5,
        161.22666666666666,
        178.64,
        166.12666666666667,
        172.00666666666666,
        161.49333333333334,
        172.28,
        168.68,
        174.78,
        178.66666666666666,
        162.56666666666666,
        188.29333333333332,
        191.56666666666666,
        203.24666666666667,
        182.79333333333332,
        215.04,
        184.88,
        219.79333333333332,
        202.98,
        220.6,
        215.68666666666667,
        211.16666666666666,
        209.16666666666666,
        202.54,
        205.22666666666666,
        206.56666666666666,
        204.38666666666666
    ],
    "best fitness history": [
        10,
        27,
        40,
        66,
        60,
        61,
        62,
        58,
        63,
        67,
        64,
        65,
        61,
        60,
        66,
        67,
        61,
        64,
        58,
        67,
        69,
        67,
        61,
        69,
        60,
        67,
        62,
        65,
        63,
        70,
        67,
        61,
        65,
        60,
        67,
        64,
        71,
        66,
        61,
        60,
        61,
        63,
        61,
        63,
        60,
        61,
        71,
        61,
        67,
        61,
        63,
        61,
        63,
        58,
        61,
        60,
        71,
        66,
        66,
        63,
        59,
        61,
        63,
        67,
        60,
        66,
        63,
        69,
        67,
        62,
        67,
        64,
        61,
        61,
        66,
        60,
        65,
        61,
        57,
        61,
        61,
        67,
        62,
        63,
        67,
        62,
        61,
        59,
        66,
        70,
        67,
        60,
        65,
        61,
        66,
        69,
        61,
        66,
        62,
        63,
        65,
        63,
        69,
        63,
        66,
        59,
        59,
        62,
        59,
        67,
        64,
        58,
        61,
        67,
        61,
        60,
        67,
        70,
        65,
        71,
        61,
        67,
        63,
        67,
        64,
        66,
        63,
        71,
        59,
        67,
        67,
        61,
        66,
        67,
        69,
        61,
        61,
        63,
        66,
        63,
        61,
        58,
        62,
        67,
        59,
        64,
        63,
        67,
        61,
        65,
        67,
        71,
        64,
        63,
        61,
        67,
        71,
        61,
        67,
        67,
        77,
        66,
        164,
        70,
        71,
        499,
        499,
        499,
        499,
        499,
        499,
        499,
        499,
        499,
        499,
        499,
        499,
        499,
        499,
        499,
        499,
        499,
        499,
        499,
        499,
        499,
        499,
        499,
        499,
        499,
        499,
        499,
        499,
        499,
        499,
        499,
        499,
        499,
        499,
        499
    ],