{
    "time": "2022-09-10-05-25-57",
    "generations": 200,
    "fitness history": [
        8.266666666666667,
        8.366666666666667,
        8.3,
        8.446666666666667,
        8.38,
        8.406666666666666,
        8.373333333333333,
        8.353333333333333,
        8.36,
        8.24,
        8.366666666666667,
        8.306666666666667,
        8.36,
        8.406666666666666,
        10.7,
        8.486666666666666,
        14.94,
        25.98,
        29.54,
        17.446666666666665,
        8.3,
        8.4,
        16.3,
        20.373333333333335,
        21.88,
        20.08,
        21.326666666666668,
        20.466666666666665,
        23.106666666666666,
        22.4,
        22.846666666666668,
        22.04,
        21.586666666666666,
        19.48,
        22.826666666666668,
        22.153333333333332,
        22.826666666666668,
        21.64,
        19.453333333333333,
        22.366666666666667,
        20.6,
        20.28,
        19.613333333333333,
        20.746666666666666,
        24.113333333333333,
        21.553333333333335,
        22.18,
        22.273333333333333,
        22.88,
        23.8,
        21.793333333333333,
        22.426666666666666,
        21.286666666666665,
        20.7,
        21.473333333333333,
        20.72,
        21.7,
        19.94,
        19.96,
        20.18,
        20.226666666666667,
        20.913333333333334,
        20.52,
        20.566666666666666,
        19.06,
        19.36,
        21.86,
        20.56,
        20.84,
        20.406666666666666,
        19.84,
        22.406666666666666,
        20.493333333333332,
        22.74,
        22.66,
        21.366666666666667,
        21.873333333333335,
        22.506666666666668,
        20.38,
        22.446666666666665,
        19.833333333333332,
        20.126666666666665,
        21.753333333333334,
        22.58,
        22.433333333333334,
        21.32,
        24.366666666666667,
        20.886666666666667,
        23.58,
        20.48,
        21.133333333333333,
        20.62,
        20.753333333333334,
        20.313333333333333,
        19.24,
        23.153333333333332,
        22.553333333333335,
        20.766666666666666,
        21.4,
        20.04,
        21.186666666666667,
        20.48,
        21.333333333333332,
        22.346666666666668,
        20.893333333333334,
        21.626666666666665,
        21.346666666666668,
        22.3,
        21.913333333333334,
        20.42,
        19.533333333333335,
        22.58,
        20.773333333333333,
        20.8,
        20.52,
        21.04,
        19.26,
        20.85333333333333,
        21.473333333333333,
        21.24,
        21.14666666666667,
        20.773333333333333,
        20.593333333333334,
        20.19333333333333,
        21.066666666666666,
        22.986666666666668,
        23.333333333333332,
        22.126666666666665,
        21.52,
        22.04,
        24.033333333333335,
        22.14666666666667,
        21.18,
        20.673333333333332,
        20.886666666666667,
        21.206666666666667,
        22.266666666666666,
        19.893333333333334,
        21.173333333333332,
        22.48,
        20.14,
        20.446666666666665,
        20.873333333333335,
        20.826666666666668,
        24.486666666666668,
        21.626666666666665,
        19.813333333333333,
        20.573333333333334,
        19.326666666666668,
        20.626666666666665,
        21.42,
        20.813333333333333,
        21.993333333333332,
        22.313333333333333,
        21.213333333333335,
        21.073333333333334,
        19.593333333333334,
        20.18,
        20.42,
        22.546666666666667,
        22.906666666666666,
        21.69333333333333,
        22.393333333333334,
        19.706666666666667,
        20.513333333333332,
        20.1,
        22.393333333333334,
        21.073333333333334,
        20.92,
        21.766666666666666,
        21.653333333333332,
        19.766666666666666,
        20.586666666666666,
        21.186666666666667,
        22.506666666666668,
        21.48,
        20.18,
        22.35333333333333,
        21.35333333333333,
        21.426666666666666,
        20.98,
        21.88,
        19.1,
        22.713333333333335,
        20.986666666666668,
        23.58,
        21.793333333333333,
        20.96,
        21.333333333333332,
        21.786666666666665,
        22.813333333333333,
        22.586666666666666,
        22.573333333333334,
        22.013333333333332,
        24.266666666666666,
        22.19333333333333,
        20.69333333333333,
        23.34,
        24.093333333333334,
        22.873333333333335
    ],
    "best fitness history": [
        10,
        10,
        10,
        10,
        10,
        10,
        10,
        10,
        10,
        10,
        10,
        10,
        10,
        27,
        51,
        27,
        58,
        54,
        72,
        67,
        11,
        10,
        65,
        61,
        60,
        52,
        68,
        58,
        68,
        56,
        64,
        71,
        54,
        60,
        63,
        65,
        66,
        63,
        52,
        65,
        62,
        66,
        61,
        59,
        62,
        59,
        57,
        58,
        68,
        72,
        63,
        60,
        68,
        72,
        59,
        61,
        60,
        53,
        61,
        62,
        68,
        62,
        57,
        60,
        61,
        59,
        60,
        79,
        60,
        68,
        55,
        60,
        68,
        56,
        74,
        52,
        63,
        68,
        56,
        56,
        56,
        69,
        72,
        64,
        66,
        64,
        69,
        69,
        69,
        64,
        63,
        61,
        62,
        63,
        67,
        76,
        67,
        60,
        51,
        53,
        66,
        72,
        62,
        57,
        66,
        80,
        53,
        59,
        54,
        60,
        54,
        61,
        48,
        57,
        52,
        60,
        62,
        60,
        72,
        53,
        66,
        65,
        63,
        72,
        66,
        59,
        65,
        72,
        61,
        57,
        63,
        56,
        52,
        68,
        56,
        63,
        57,
        67,
        59,
        53,
        63,
        55,
        58,
        56,
        66,
        58,
        67,
        66,
        51,
        63,
        61,
        53,
        63,
        80,
        73,
        56,
        58,
        62,
        60,
        72,
        80,
        58,
        72,
        60,
        64,
        60,
        71,
        53,
        63,
        64,
        63,
        55,
        56,
        61,
        61,
        62,
        72,
        83,
        68,
        72,
        58,
        70,
        64,
        59,
        63,
        60,
        52,
        60,
        49,
        59,
        59,
        59,
        69,
        72,
        72,
        66,
        65,
        63,
        60,
        72
    ],