{
    "time": "2022-09-12-07-41-04",
    "generations": 200,
    "fitness history": [
        8.433333333333334,
        8.546666666666667,
        9.36,
        25.293333333333333,
        11.813333333333333,
        8.426666666666666,
        24.273333333333333,
        9.526666666666667,
        12.493333333333334,
        21.226666666666667,
        8.3,
        15.22,
        42.24666666666667,
        11.413333333333334,
        53.053333333333335,
        26.66,
        10.506666666666666,
        88.56,
        179.58,
        8.94,
        8.286666666666667,
        20.393333333333334,
        8.333333333333334,
        8.346666666666666,
        16.046666666666667,
        8.353333333333333,
        8.38,
        33.13333333333333,
        8.4,
        14.773333333333333,
        19.226666666666667,
        108.31333333333333,
        8.293333333333333,
        11.16,
        8.34,
        10.02,
        8.406666666666666,
        8.28,
        8.406666666666666,
        8.28,
        8.526666666666667,
        38.98,
        8.333333333333334,
        8.346666666666666,
        54.82,
        8.62,
        8.406666666666666,
        8.306666666666667,
        15.166666666666666,
        24.773333333333333,
        13.326666666666666,
        19.1,
        12.72,
        8.413333333333334,
        8.42,
        11.2,
        34.35333333333333,
        8.333333333333334,
        269.06666666666666,
        12.26,
        8.36,
        8.353333333333333,
        8.36,
        9.886666666666667,
        8.406666666666666,
        8.453333333333333,
        9.186666666666667,
        12.106666666666667,
        8.36,
        8.186666666666667,
        8.4,
        22.986666666666668,
        8.366666666666667,
        8.286666666666667,
        8.08,
        8.286666666666667,
        8.253333333333334,
        8.353333333333333,
        8.393333333333333,
        8.366666666666667,
        9.733333333333333,
        10.96,
        8.32,
        47.42666666666667,
        8.32,
        8.36,
        8.333333333333334,
        8.313333333333333,
        10.06,
        14.886666666666667,
        8.466666666666667,
        8.293333333333333,
        10.226666666666667,
        8.4,
        113.64666666666666,
        8.273333333333333,
        8.293333333333333,
        40.193333333333335,
        12.88,
        8.36,
        9.386666666666667,
        8.353333333333333,
        10.166666666666666,
        8.393333333333333,
        13.246666666666666,
        17.673333333333332,
        8.36,
        48.72,
        8.326666666666666,
        8.34,
        8.34,
        8.386666666666667,
        8.333333333333334,
        8.266666666666667,
        11.406666666666666,
        8.446666666666667,
        8.473333333333333,
        8.386666666666667,
        8.3,
        22.86,
        8.38,
        8.273333333333333,
        8.353333333333333,
        8.36,
        8.386666666666667,
        8.366666666666667,
        8.34,
        8.4,
        8.306666666666667,
        20.933333333333334,
        8.3,
        8.32,
        8.373333333333333,
        9.006666666666666,
        125.89333333333333,
        8.36,
        8.433333333333334,
        8.306666666666667,
        8.373333333333333,
        8.393333333333333,
        8.326666666666666,
        8.353333333333333,
        19.213333333333335,
        106.08,
        8.433333333333334,
        8.433333333333334,
        8.306666666666667,
        8.4,
        13.606666666666667,
        8.38,
        8.353333333333333,
        10.46,
        8.393333333333333,
        8.353333333333333,
        23.6,
        8.386666666666667,
        8.38,
        8.3,
        8.686666666666667,
        8.4,
        8.28,
        8.353333333333333,
        8.38,
        8.253333333333334,
        41.13333333333333,
        8.44,
        8.333333333333334,
        8.333333333333334,
        8.286666666666667,
        8.493333333333334,
        8.326666666666666,
        8.34,
        8.406666666666666,
        8.76,
        8.846666666666666,
        10.653333333333334,
        8.386666666666667,
        8.313333333333333,
        8.266666666666667,
        8.3,
        8.36,
        8.44,
        8.44,
        8.333333333333334,
        214.79333333333332,
        8.366666666666667,
        8.38,
        8.326666666666666,
        10.6,
        22.52,
        11.126666666666667,
        67.58,
        9.24,
        22.366666666666667,
        8.286666666666667,
        8.333333333333334,
        8.24,
        8.22,
        8.4,
        8.42
    ],
    "best fitness history": [
        10,
        38,
        127,
        499,
        50,
        10,
        61,
        154,
        278,
        236,
        11,
        72,
        114,
        162,
        499,
        80,
        122,
        267,
        412,
        24,
        10,
        27,
        10,
        10,
        98,
        10,
        10,
        109,
        10,
        19,
        29,
        429,
        10,
        21,
        10,
        57,
        10,
        10,
        10,
        10,
        10,
        131,
        10,
        10,
        97,
        13,
        10,
        10,
        46,
        65,
        20,
        27,
        90,
        10,
        10,
        24,
        105,
        10,
        499,
        19,
        10,
        10,
        10,
        23,
        10,
        10,
        11,
        15,
        10,
        10,
        10,
        34,
        11,
        10,
        10,
        10,
        10,
        10,
        10,
        10,
        28,
        15,
        10,
        100,
        10,
        10,
        10,
        10,
        12,
        26,
        10,
        10,
        83,
        10,
        179,
        10,
        10,
        109,
        77,
        10,
        11,
        10,
        14,
        10,
        18,
        22,
        10,
        170,
        10,
        10,
        10,
        10,
        10,
        10,
        22,
        10,
        10,
        10,
        10,
        33,
        10,
        10,
        10,
        10,
        10,
        10,
        10,
        10,
        10,
        31,
        10,
        10,
        10,
        12,
        218,
        10,
        10,
        10,
        10,
        10,
        10,
        10,
        31,
        499,
        10,
        10,
        10,
        10,
        26,
        10,
        10,
        14,
        10,
        10,
        32,
        10,
        10,
        10,
        11,
        10,
        10,
        10,
        10,
        10,
        61,
        10,
        10,
        10,
        10,
        10,
        10,
        10,
        10,
        11,
        11,
        13,
        10,
        10,
        10,
        10,
        10,
        10,
        10,
        10,
        499,
        10,
        10,
        10,
        13,
        32,
        17,
        127,
        11,
        91,
        10,
        10,
        10,
        10,
        10,
        10
    ],