{
    "time": "2022-09-10-14-22-10",
    "generations": 200,
    "fitness history": [
        8.34,
        8.413333333333334,
        8.34,
        8.426666666666666,
        8.433333333333334,
        8.34,
        9.02,
        10.366666666666667,
        14.406666666666666,
        22.953333333333333,
        8.333333333333334,
        27.273333333333333,
        28.933333333333334,
        8.38,
        8.366666666666667,
        28.38,
        8.433333333333334,
        8.34,
        8.44,
        8.42,
        8.286666666666667,
        29.52,
        28.066666666666666,
        8.393333333333333,
        8.366666666666667,
        28.413333333333334,
        27.886666666666667,
        30.886666666666667,
        8.36,
        8.486666666666666,
        8.413333333333334,
        28.9,
        29.166666666666668,
        29.553333333333335,
        27.92,
        8.253333333333334,
        28.2,
        28.2,
        28.94,
        8.453333333333333,
        8.286666666666667,
        28.733333333333334,
        8.406666666666666,
        8.32,
        8.366666666666667,
        8.293333333333333,
        8.346666666666666,
        22.013333333333332,
        8.38,
        8.286666666666667,
        29.44,
        28.80666666666667,
        27.953333333333333,
        8.393333333333333,
        8.46,
        8.44,
        27.826666666666668,
        29.52,
        26.226666666666667,
        30.14666666666667,
        8.353333333333333,
        29.206666666666667,
        8.32,
        30.1,
        29.34,
        8.426666666666666,
        8.32,
        8.4,
        8.333333333333334,
        25.046666666666667,
        8.453333333333333,
        27.94,
        8.333333333333334,
        8.286666666666667,
        8.413333333333334,
        30.06,
        8.413333333333334,
        8.326666666666666,
        8.36,
        8.366666666666667,
        9.533333333333333,
        25.94,
        53.04,
        33.24,
        8.406666666666666,
        92.24,
        26.506666666666668,
        8.32,
        8.36,
        131.92666666666668,
        8.326666666666666,
        260.17333333333335,
        8.166666666666666,
        8.273333333333333,
        8.433333333333334,
        49.07333333333333,
        8.326666666666666,
        8.293333333333333,
        8.34,
        8.206666666666667,
        36.50666666666667,
        189.40666666666667,
        196.11333333333334,
        58.06,
        140.73333333333332,
        8.353333333333333,
        30.906666666666666,
        8.366666666666667,
        8.293333333333333,
        8.173333333333334,
        8.433333333333334,
        47.473333333333336,
        40.39333333333333,
        66.68,
        12.206666666666667,
        8.446666666666667,
        8.42,
        70.94666666666667,
        8.48,
        8.546666666666667,
        8.34,
        8.28,
        8.32,
        8.406666666666666,
        8.366666666666667,
        8.38,
        8.38,
        8.346666666666666,
        8.28,
        8.32,
        10.026666666666667,
        100.48,
        12.506666666666666,
        36.68,
        90.41333333333333,
        12.426666666666666,
        8.253333333333334,
        8.306666666666667,
        8.34,
        8.353333333333333,
        23.14666666666667,
        8.373333333333333,
        8.56,
        89.62,
        115.68666666666667,
        9.826666666666666,
        8.366666666666667,
        8.333333333333334,
        8.433333333333334,
        8.326666666666666,
        51.333333333333336,
        8.366666666666667,
        8.286666666666667,
        8.386666666666667,
        8.42,
        9.686666666666667,
        8.313333333333333,
        8.266666666666667,
        8.36,
        8.32,
        15.153333333333334,
        8.293333333333333,
        51.06666666666667,
        8.353333333333333,
        56.06666666666667,
        8.386666666666667,
        36.96666666666667,
        8.4,
        8.46,
        35.89333333333333,
        8.326666666666666,
        39.18,
        29.04,
        62.56,
        20.8,
        8.406666666666666,
        8.4,
        8.233333333333333,
        15.62,
        8.38,
        10.26,
        8.426666666666666,
        8.34,
        15.0,
        8.293333333333333,
        8.213333333333333,
        8.453333333333333,
        8.313333333333333,
        12.673333333333334,
        118.58666666666667,
        8.44,
        8.34,
        27.44,
        8.326666666666666,
        8.393333333333333,
        8.433333333333334,
        8.32,
        8.36,
        8.453333333333333,
        8.613333333333333
    ],
    "best fitness history": [
        10,
        10,
        9,
        10,
        10,
        11,
        38,
        52,
        68,
        62,
        10,
        60,
        64,
        10,
        10,
        61,
        10,
        10,
        10,
        11,
        11,
        71,
        62,
        11,
        10,
        63,
        60,
        65,
        10,
        16,
        11,
        61,
        74,
        72,
        57,
        10,
        61,
        59,
        65,
        11,
        10,
        64,
        11,
        10,
        10,
        10,
        11,
        62,
        11,
        10,
        60,
        70,
        62,
        11,
        10,
        11,
        71,
        64,
        62,
        61,
        10,
        59,
        10,
        61,
        75,
        10,
        10,
        10,
        10,
        63,
        11,
        57,
        10,
        10,
        10,
        59,
        10,
        10,
        11,
        10,
        183,
        65,
        262,
        94,
        10,
        155,
        61,
        10,
        16,
        237,
        10,
        499,
        9,
        9,
        10,
        104,
        10,
        9,
        10,
        10,
        122,
        372,
        325,
        83,
        245,
        9,
        75,
        10,
        10,
        10,
        10,
        175,
        102,
        108,
        16,
        10,
        10,
        307,
        31,
        16,
        10,
        10,
        10,
        11,
        10,
        10,
        10,
        10,
        10,
        10,
        12,
        196,
        21,
        103,
        150,
        27,
        9,
        10,
        10,
        17,
        35,
        10,
        10,
        252,
        351,
        12,
        10,
        10,
        10,
        10,
        164,
        10,
        10,
        10,
        10,
        13,
        10,
        10,
        10,
        10,
        20,
        10,
        116,
        10,
        112,
        10,
        81,
        10,
        10,
        92,
        10,
        102,
        51,
        205,
        53,
        10,
        10,
        10,
        50,
        10,
        103,
        10,
        10,
        25,
        10,
        9,
        10,
        10,
        23,
        199,
        10,
        10,
        39,
        10,
        10,
        10,
        10,
        10,
        10,
        10
    ],