{
    "time": "2022-09-10-02-49-53",
    "generations": 200,
    "fitness history": [
        8.333333333333334,
        8.42,
        8.36,
        8.393333333333333,
        8.293333333333333,
        8.473333333333333,
        8.34,
        8.373333333333333,
        8.286666666666667,
        8.333333333333334,
        8.266666666666667,
        8.42,
        8.34,
        8.333333333333334,
        8.273333333333333,
        8.36,
        8.38,
        8.286666666666667,
        8.273333333333333,
        8.26,
        9.34,
        8.546666666666667,
        8.406666666666666,
        8.326666666666666,
        8.313333333333333,
        9.7,
        8.346666666666666,
        8.3,
        31.613333333333333,
        8.326666666666666,
        146.87333333333333,
        196.73333333333332,
        8.346666666666666,
        199.22,
        194.51333333333332,
        8.313333333333333,
        197.97333333333333,
        198.06666666666666,
        8.253333333333334,
        199.14,
        8.3,
        8.306666666666667,
        8.373333333333333,
        197.31333333333333,
        194.87333333333333,
        199.35333333333332,
        8.253333333333334,
        194.08,
        189.38666666666666,
        8.373333333333333,
        191.86666666666667,
        8.52,
        199.10666666666665,
        8.24,
        8.126666666666667,
        203.33333333333334,
        198.52,
        7.96,
        8.653333333333334,
        15.166666666666666,
        7.76,
        203.28666666666666,
        7.973333333333334,
        159.22666666666666,
        8.893333333333333,
        495.9533333333333,
        7.746666666666667,
        8.2,
        230.14666666666668,
        40.406666666666666,
        7.746666666666667,
        7.733333333333333,
        7.78,
        206.54666666666665,
        206.18,
        8.246666666666666,
        7.826666666666667,
        403.8,
        32.586666666666666,
        8.346666666666666,
        199.92666666666668,
        191.08,
        41.18666666666667,
        7.6866666666666665,
        8.933333333333334,
        201.64666666666668,
        228.89333333333335,
        8.273333333333333,
        8.346666666666666,
        87.36,
        19.52,
        201.07333333333332,
        8.48,
        8.193333333333333,
        8.286666666666667,
        7.833333333333333,
        8.353333333333333,
        8.446666666666667,
        187.18,
        492.74,
        7.8533333333333335,
        10.306666666666667,
        140.0,
        8.286666666666667,
        8.826666666666666,
        214.96666666666667,
        12.64,
        27.566666666666666,
        30.366666666666667,
        496.8,
        482.28,
        46.233333333333334,
        7.746666666666667,
        492.46,
        8.193333333333333,
        329.67333333333335,
        191.1,
        36.11333333333334,
        7.733333333333333,
        263.05333333333334,
        8.926666666666666,
        7.953333333333333,
        9.813333333333333,
        38.093333333333334,
        26.273333333333333,
        442.97333333333336,
        25.68,
        50.333333333333336,
        7.826666666666667,
        7.72,
        127.41333333333333,
        8.066666666666666,
        8.726666666666667,
        8.846666666666666,
        31.0,
        8.453333333333333,
        7.766666666666667,
        39.78,
        8.2,
        7.753333333333333,
        9.96,
        499.0,
        7.793333333333333,
        7.986666666666666,
        16.893333333333334,
        7.713333333333333,
        115.73333333333333,
        35.43333333333333,
        9.08,
        34.50666666666667,
        7.826666666666667,
        8.82,
        7.833333333333333,
        7.8133333333333335,
        496.0466666666667,
        44.89333333333333,
        35.56,
        8.313333333333333,
        8.673333333333334,
        7.806666666666667,
        7.873333333333333,
        8.466666666666667,
        14.306666666666667,
        9.193333333333333,
        8.38,
        8.36,
        8.366666666666667,
        8.333333333333334,
        8.406666666666666,
        8.253333333333334,
        8.866666666666667,
        43.82666666666667,
        38.39333333333333,
        8.4,
        8.26,
        8.826666666666666,
        8.466666666666667,
        17.5,
        8.373333333333333,
        14.146666666666667,
        498.84,
        8.373333333333333,
        30.566666666666666,
        8.506666666666666,
        70.79333333333334,
        8.286666666666667,
        8.36,
        34.5,
        499.0,
        8.353333333333333,
        8.326666666666666,
        26.433333333333334,
        8.346666666666666,
        8.686666666666667,
        8.333333333333334,
        37.333333333333336,
        8.446666666666667,
        15.533333333333333,
        25.986666666666668,
        499.0
    ],
    "best fitness history": [
        10,
        10,
        10,
        10,
        10,
        10,
        10,
        10,
        10,
        10,
        10,
        10,
        10,
        10,
        10,
        10,
        10,
        10,
        10,
        10,
        157,
        10,
        10,
        10,
        10,
        220,
        10,
        10,
        265,
        10,
        289,
        305,
        10,
        301,
        276,
        10,
        301,
        290,
        10,
        309,
        9,
        9,
        10,
        313,
        309,
        293,
        9,
        317,
        300,
        10,
        299,
        40,
        499,
        9,
        9,
        329,
        285,
        10,
        10,
        278,
        9,
        306,
        9,
        239,
        10,
        499,
        8,
        10,
        374,
        61,
        9,
        10,
        10,
        316,
        313,
        9,
        10,
        499,
        56,
        10,
        298,
        277,
        62,
        8,
        10,
        330,
        382,
        10,
        10,
        156,
        35,
        278,
        10,
        9,
        9,
        9,
        10,
        10,
        276,
        499,
        9,
        21,
        277,
        9,
        10,
        322,
        22,
        42,
        44,
        499,
        499,
        108,
        10,
        499,
        10,
        499,
        302,
        51,
        10,
        499,
        10,
        32,
        80,
        61,
        47,
        499,
        43,
        85,
        10,
        8,
        202,
        9,
        10,
        10,
        67,
        14,
        10,
        61,
        14,
        9,
        55,
        499,
        10,
        9,
        38,
        8,
        167,
        71,
        10,
        60,
        10,
        10,
        10,
        11,
        499,
        499,
        113,
        10,
        16,
        9,
        10,
        10,
        31,
        44,
        10,
        10,
        10,
        10,
        10,
        10,
        10,
        130,
        99,
        10,
        10,
        10,
        10,
        54,
        10,
        20,
        499,
        10,
        42,
        10,
        499,
        10,
        10,
        106,
        499,
        10,
        10,
        87,
        10,
        10,
        10,
        93,
        10,
        43,
        58,
        499
    ],