{
    "time": "2022-09-11-20-06-54",
    "generations": 200,
    "fitness history": [
        8.32,
        8.366666666666667,
        8.346666666666666,
        8.42,
        9.533333333333333,
        29.406666666666666,
        27.093333333333334,
        24.486666666666668,
        21.293333333333333,
        21.613333333333333,
        13.68,
        24.933333333333334,
        23.96,
        26.706666666666667,
        29.22,
        23.793333333333333,
        25.166666666666668,
        42.20666666666666,
        32.54,
        29.64666666666667,
        35.18666666666667,
        80.26,
        37.4,
        43.6,
        29.106666666666666,
        36.68666666666667,
        30.266666666666666,
        32.54,
        29.85333333333333,
        34.733333333333334,
        43.86666666666667,
        45.9,
        60.70666666666666,
        59.64666666666667,
        70.63333333333334,
        100.84,
        106.71333333333334,
        120.0,
        118.97333333333333,
        131.06666666666666,
        141.64666666666668,
        144.8,
        147.12,
        169.44666666666666,
        169.34,
        169.78666666666666,
        198.16666666666666,
        183.67333333333335,
        200.37333333333333,
        192.54,
        192.29333333333332,
        215.96,
        214.82,
        205.37333333333333,
        200.54666666666665,
        221.17333333333335,
        232.54666666666665,
        215.92666666666668,
        217.12666666666667,
        226.66666666666666,
        224.83333333333334,
        204.6,
        222.58,
        240.46,
        219.52,
        236.94666666666666,
        217.46,
        227.0,
        237.93333333333334,
        231.9,
        230.87333333333333,
        243.44,
        235.81333333333333,
        222.26,
        220.77333333333334,
        242.52666666666667,
        224.40666666666667,
        251.26666666666668,
        235.45333333333335,
        220.63333333333333,
        232.50666666666666,
        223.89333333333335,
        236.86,
        229.65333333333334,
        239.2,
        236.66,
        233.58666666666667,
        241.44,
        239.73333333333332,
        244.33333333333334,
        249.28,
        282.58666666666664,
        251.06,
        257.38,
        256.47333333333336,
        282.87333333333333,
        258.76666666666665,
        271.82666666666665,
        253.84,
        249.21333333333334,
        275.74666666666667,
        247.37333333333333,
        281.2,
        254.9,
        275.8333333333333,
        251.84666666666666,
        257.4533333333333,
        259.64666666666665,
        263.66,
        262.0,
        254.54666666666665,
        247.95333333333335,
        274.14,
        249.62666666666667,
        263.7266666666667,
        242.60666666666665,
        249.96666666666667,
        288.64,
        263.7266666666667,
        244.89333333333335,
        252.80666666666667,
        271.2733333333333,
        261.58,
        241.59333333333333,
        258.76666666666665,
        268.0,
        259.18,
        243.95333333333335,
        258.72,
        286.7133333333333,
        255.97333333333333,
        247.42666666666668,
        267.23333333333335,
        259.24666666666667,
        258.04,
        248.34666666666666,
        269.4866666666667,
        260.12,
        259.74666666666667,
        273.94,
        261.99333333333334,
        258.1333333333333,
        263.88,
        259.1333333333333,
        258.68,
        261.0933333333333,
        261.12,
        260.46666666666664,
        262.32666666666665,
        263.66,
        263.70666666666665,
        256.1933333333333,
        257.82666666666665,
        257.42,
        259.0,
        248.68,
        284.1533333333333,
        269.6333333333333,
        250.04666666666665,
        256.6333333333333,
        253.40666666666667,
        279.1,
        262.8933333333333,
        256.0133333333333,
        263.78,
        261.06,
        252.39333333333335,
        255.23333333333332,
        255.7,
        253.94666666666666,
        254.21333333333334,
        265.06666666666666,
        256.4266666666667,
        254.12,
        253.92666666666668,
        253.55333333333334,
        249.77333333333334,
        248.42666666666668,
        275.18666666666667,
        249.84666666666666,
        250.03333333333333,
        247.82666666666665,
        290.68666666666667,
        257.32666666666665,
        248.66666666666666,
        280.04,
        252.81333333333333,
        256.5933333333333,
        254.14666666666668,
        253.73333333333332,
        249.94666666666666,
        279.53333333333336,
        254.73333333333332,
        262.85333333333335,
        246.46666666666667,
        272.64,
        261.7,
        257.05333333333334,
        255.66666666666666,
        250.77333333333334
    ],
    "best fitness history": [
        10,
        10,
        10,
        10,
        45,
        67,
        110,
        75,
        61,
        105,
        59,
        66,
        61,
        56,
        66,
        116,
        499,
        499,
        249,
        250,
        499,
        499,
        499,
        499,
        70,
        418,
        97,
        98,
        93,
        428,
        499,
        499,
        499,
        499,
        499,
        499,
        499,
        499,
        499,
        499,
        499,
        499,
        499,
        499,
        499,
        499,
        499,
        499,
        499,
        499,
        499,
        499,
        499,
        499,
        499,
        499,
        499,
        499,
        499,
        499,
        499,
        499,
        499,
        499,
        499,
        499,
        499,
        499,
        499,
        499,
        499,
        499,
        499,
        499,
        499,
        499,
        499,
        499,
        499,
        499,
        499,
        499,
        499,
        499,
        499,
        499,
        499,
        499,
        499,
        499,
        499,
        499,
        499,
        499,
        499,
        499,
        499,
        499,
        499,
        499,
        499,
        499,
        499,
        499,
        499,
        499,
        499,
        499,
        499,
        499,
        499,
        499,
        499,
        499,
        499,
        499,
        499,
        499,
        499,
        499,
        499,
        499,
        499,
        499,
        499,
        499,
        499,
        499,
        499,
        499,
        499,
        499,
        499,
        499,
        499,
        499,
        499,
        499,
        499,
        499,
        499,
        499,
        499,
        499,
        499,
        499,
        499,
        499,
        499,
        499,
        499,
        499,
        499,
        499,
        499,
        499,
        499,
        499,
        499,
        499,
        499,
        499,
        499,
        499,
        499,
        499,
        499,
        499,
        499,
        499,
        499,
        499,
        499,
        499,
        499,
        499,
        499,
        499,
        499,
        499,
        499,
        499,
        499,
        499,
        499,
        499,
        499,
        499,
        499,
        499,
        499,
        499,
        499,
        499,
        499,
        499,
        499,
        499,
        499,
        499
    ],