{
    "time": "2022-09-12-03-22-01",
    "generations": 200,
    "fitness history": [
        8.346666666666666,
        9.3,
        8.346666666666666,
        8.82,
        8.84,
        25.666666666666668,
        52.50666666666667,
        34.846666666666664,
        13.553333333333333,
        13.506666666666666,
        11.64,
        32.053333333333335,
        73.56666666666666,
        61.58,
        136.82,
        135.24666666666667,
        150.74666666666667,
        176.2,
        163.18,
        140.66,
        201.08666666666667,
        181.28,
        161.06666666666666,
        215.44666666666666,
        213.55333333333334,
        216.34,
        205.08666666666667,
        192.45333333333335,
        225.73333333333332,
        214.26,
        232.36,
        243.16666666666666,
        231.4,
        238.02,
        248.58666666666667,
        275.85333333333335,
        305.82666666666665,
        283.24666666666667,
        273.0133333333333,
        330.32666666666665,
        342.04,
        291.64,
        281.68,
        272.42,
        263.08666666666664,
        270.11333333333334,
        265.6933333333333,
        263.66,
        261.82666666666665,
        260.1666666666667,
        258.4266666666667,
        258.24666666666667,
        256.55333333333334,
        254.08666666666667,
        252.52666666666667,
        253.26666666666668,
        252.7,
        253.53333333333333,
        253.68,
        253.75333333333333,
        253.29333333333332,
        253.80666666666667,
        253.86,
        253.1,
        253.56666666666666,
        253.43333333333334,
        253.5,
        254.17333333333335,
        251.60666666666665,
        253.72,
        253.38666666666666,
        253.54,
        254.32666666666665,
        252.84,
        252.26666666666668,
        256.3466666666667,
        255.83333333333334,
        255.29333333333332,
        256.56,
        255.74666666666667,
        255.74666666666667,
        255.98666666666668,
        255.86,
        255.36,
        256.74,
        256.26,
        256.00666666666666,
        259.16,
        259.06666666666666,
        258.96666666666664,
        258.7133333333333,
        259.16,
        258.86,
        259.12666666666667,
        258.97333333333336,
        259.20666666666665,
        258.88666666666666,
        259.1066666666667,
        258.76,
        258.1333333333333,
        256.3466666666667,
        255.74,
        254.88666666666666,
        254.71333333333334,
        255.78,
        255.53333333333333,
        254.74,
        254.84666666666666,
        255.86,
        253.96,
        255.96,
        254.84,
        255.97333333333333,
        255.74666666666667,
        255.47333333333333,
        255.80666666666667,
        254.88666666666666,
        255.94666666666666,
        254.50666666666666,
        254.74666666666667,
        253.43333333333334,
        255.74666666666667,
        255.93333333333334,
        256.05333333333334,
        254.48,
        255.8,
        255.38,
        255.68666666666667,
        255.74,
        254.4,
        256.14666666666665,
        255.28666666666666,
        255.70666666666668,
        254.88666666666666,
        252.63333333333333,
        253.75333333333333,
        255.84,
        252.32666666666665,
        255.44,
        254.68666666666667,
        255.69333333333333,
        254.59333333333333,
        255.06666666666666,
        254.75333333333333,
        254.18666666666667,
        255.28,
        254.95333333333335,
        255.46666666666667,
        254.46,
        255.60666666666665,
        255.55333333333334,
        255.42666666666668,
        255.66666666666666,
        255.58666666666667,
        254.34666666666666,
        255.43333333333334,
        255.63333333333333,
        255.22666666666666,
        255.47333333333333,
        254.52666666666667,
        255.75333333333333,
        255.60666666666665,
        254.30666666666667,
        255.91333333333333,
        254.92666666666668,
        255.3,
        255.42,
        255.28,
        254.04666666666665,
        254.9,
        254.59333333333333,
        253.94666666666666,
        255.42,
        255.36,
        255.33333333333334,
        253.84666666666666,
        252.9,
        255.54666666666665,
        255.06666666666666,
        255.1,
        255.34666666666666,
        255.44,
        254.66666666666666,
        255.14666666666668,
        255.12,
        255.02666666666667,
        255.24,
        253.32,
        255.13333333333333,
        258.2866666666667,
        258.2266666666667,
        258.2866666666667,
        258.1666666666667,
        258.3333333333333,
        257.2133333333333,
        256.98,
        256.97333333333336,
        257.38666666666666,
        258.18,
        257.44
    ],
    "best fitness history": [
        10,
        158,
        10,
        48,
        47,
        276,
        300,
        218,
        236,
        212,
        186,
        499,
        499,
        499,
        499,
        499,
        499,
        499,
        499,
        499,
        499,
        499,
        499,
        499,
        499,
        499,
        499,
        499,
        499,
        499,
        499,
        499,
        499,
        499,
        499,
        499,
        499,
        499,
        499,
        499,
        499,
        499,
        499,
        499,
        499,
        499,
        499,
        499,
        499,
        499,
        499,
        499,
        499,
        499,
        499,
        499,
        499,
        499,
        499,
        499,
        499,
        499,
        499,
        499,
        499,
        499,
        499,
        499,
        499,
        499,
        499,
        499,
        499,
        499,
        499,
        499,
        499,
        499,
        499,
        499,
        499,
        499,
        499,
        499,
        499,
        499,
        499,
        499,
        499,
        499,
        499,
        499,
        499,
        499,
        499,
        499,
        499,
        499,
        499,
        499,
        499,
        499,
        499,
        499,
        499,
        499,
        499,
        499,
        499,
        499,
        499,
        499,
        499,
        499,
        499,
        499,
        499,
        499,
        499,
        499,
        499,
        499,
        499,
        499,
        499,
        499,
        499,
        499,
        499,
        499,
        499,
        499,
        499,
        499,
        499,
        499,
        499,
        499,
        499,
        499,
        499,
        499,
        499,
        499,
        499,
        499,
        499,
        499,
        499,
        499,
        499,
        499,
        499,
        499,
        499,
        499,
        499,
        499,
        499,
        499,
        499,
        499,
        499,
        499,
        499,
        499,
        499,
        499,
        499,
        499,
        499,
        499,
        499,
        499,
        499,
        499,
        499,
        499,
        499,
        499,
        499,
        499,
        499,
        499,
        499,
        499,
        499,
        499,
        499,
        499,
        499,
        499,
        499,
        499,
        499,
        499,
        499,
        499,
        499,
        499
    ],