{
    "time": "2022-09-10-01-24-19",
    "generations": 200,
    "fitness history": [
        8.24,
        8.46,
        8.42,
        8.286666666666667,
        8.306666666666667,
        8.32,
        8.386666666666667,
        8.366666666666667,
        8.253333333333334,
        8.24,
        8.4,
        8.4,
        8.38,
        8.38,
        8.326666666666666,
        8.46,
        8.273333333333333,
        8.326666666666666,
        8.3,
        8.426666666666666,
        8.253333333333334,
        8.353333333333333,
        8.373333333333333,
        8.34,
        8.466666666666667,
        8.3,
        8.4,
        8.42,
        8.4,
        8.273333333333333,
        8.333333333333334,
        8.386666666666667,
        8.466666666666667,
        8.273333333333333,
        8.873333333333333,
        8.393333333333333,
        8.293333333333333,
        8.34,
        8.386666666666667,
        8.28,
        8.4,
        8.6,
        8.393333333333333,
        8.36,
        8.393333333333333,
        8.586666666666666,
        12.173333333333334,
        25.566666666666666,
        28.073333333333334,
        27.613333333333333,
        26.28,
        25.446666666666665,
        28.19333333333333,
        26.14666666666667,
        31.506666666666668,
        26.286666666666665,
        25.96,
        29.666666666666668,
        27.873333333333335,
        31.206666666666667,
        30.493333333333332,
        30.08,
        31.22,
        29.48,
        30.166666666666668,
        30.813333333333333,
        28.326666666666668,
        32.38,
        31.106666666666666,
        28.19333333333333,
        27.606666666666666,
        30.053333333333335,
        30.613333333333333,
        30.14666666666667,
        31.69333333333333,
        30.153333333333332,
        30.0,
        28.826666666666668,
        31.333333333333332,
        30.153333333333332,
        29.19333333333333,
        29.32,
        30.133333333333333,
        29.966666666666665,
        28.733333333333334,
        28.633333333333333,
        26.033333333333335,
        30.233333333333334,
        29.546666666666667,
        28.013333333333332,
        29.766666666666666,
        27.746666666666666,
        31.94,
        28.226666666666667,
        28.56,
        29.626666666666665,
        29.673333333333332,
        29.18,
        29.54,
        27.14666666666667,
        28.346666666666668,
        31.14,
        28.133333333333333,
        29.64666666666667,
        27.586666666666666,
        27.286666666666665,
        30.08,
        29.333333333333332,
        29.5,
        28.74,
        26.753333333333334,
        28.35333333333333,
        26.873333333333335,
        28.98,
        28.92,
        27.886666666666667,
        30.126666666666665,
        26.106666666666666,
        27.433333333333334,
        29.546666666666667,
        27.666666666666668,
        29.246666666666666,
        27.8,
        30.246666666666666,
        29.006666666666668,
        28.506666666666668,
        27.82,
        28.8,
        29.573333333333334,
        28.593333333333334,
        28.726666666666667,
        26.35333333333333,
        30.02,
        28.58,
        29.14,
        27.72,
        28.393333333333334,
        27.173333333333332,
        28.72,
        30.293333333333333,
        30.32,
        28.313333333333333,
        27.053333333333335,
        28.08,
        28.4,
        28.986666666666668,
        28.32,
        29.426666666666666,
        28.773333333333333,
        26.926666666666666,
        28.086666666666666,
        30.52,
        27.453333333333333,
        32.74,
        31.3,
        29.46,
        28.446666666666665,
        27.38,
        27.393333333333334,
        27.80666666666667,
        26.85333333333333,
        26.006666666666668,
        28.32,
        27.366666666666667,
        29.453333333333333,
        27.673333333333332,
        27.873333333333335,
        26.933333333333334,
        29.28,
        29.773333333333333,
        29.226666666666667,
        27.586666666666666,
        27.846666666666668,
        28.84,
        30.54,
        29.35333333333333,
        30.506666666666668,
        29.826666666666668,
        29.26,
        31.433333333333334,
        32.153333333333336,
        30.8,
        30.313333333333333,
        31.286666666666665,
        30.266666666666666,
        30.346666666666668,
        28.08,
        26.98,
        30.013333333333332,
        28.053333333333335,
        27.35333333333333,
        30.006666666666668,
        31.566666666666666,
        29.333333333333332,
        28.866666666666667,
        26.586666666666666,
        27.726666666666667,
        26.04,
        29.706666666666667,
        28.74
    ],
    "best fitness history": [
        10,
        10,
        10,
        10,
        10,
        10,
        10,
        10,
        10,
        10,
        10,
        10,
        10,
        10,
        10,
        10,
        10,
        10,
        10,
        10,
        10,
        10,
        10,
        10,
        10,
        10,
        10,
        10,
        10,
        10,
        10,
        10,
        39,
        10,
        54,
        10,
        10,
        10,
        10,
        10,
        10,
        29,
        10,
        10,
        10,
        33,
        374,
        236,
        61,
        150,
        70,
        82,
        70,
        58,
        70,
        58,
        58,
        67,
        57,
        62,
        60,
        57,
        61,
        66,
        59,
        71,
        57,
        62,
        63,
        61,
        59,
        57,
        63,
        63,
        63,
        64,
        59,
        63,
        61,
        62,
        71,
        65,
        62,
        67,
        70,
        66,
        60,
        67,
        63,
        69,
        63,
        63,
        58,
        61,
        71,
        64,
        61,
        60,
        63,
        67,
        63,
        65,
        60,
        62,
        65,
        62,
        61,
        70,
        69,
        61,
        67,
        63,
        57,
        61,
        64,
        67,
        67,
        63,
        58,
        62,
        63,
        66,
        61,
        63,
        66,
        69,
        67,
        63,
        67,
        58,
        65,
        61,
        67,
        60,
        67,
        67,
        62,
        55,
        65,
        60,
        71,
        62,
        62,
        60,
        66,
        60,
        63,
        62,
        62,
        58,
        65,
        67,
        57,
        65,
        62,
        63,
        61,
        63,
        59,
        61,
        65,
        67,
        61,
        57,
        67,
        61,
        60,
        62,
        58,
        65,
        63,
        67,
        61,
        62,
        67,
        61,
        66,
        65,
        61,
        67,
        64,
        65,
        62,
        64,
        61,
        70,
        63,
        64,
        62,
        65,
        66,
        61,
        71,
        60,
        62,
        61,
        70,
        63,
        60,
        70
    ],