{
    "time": "2022-09-12-03-26-03",
    "generations": 200,
    "fitness history": [
        8.32,
        8.566666666666666,
        20.04,
        23.58,
        23.933333333333334,
        27.9,
        18.906666666666666,
        19.96,
        18.406666666666666,
        19.586666666666666,
        19.0,
        20.273333333333333,
        18.74,
        19.44,
        21.386666666666667,
        20.30666666666667,
        19.64,
        22.4,
        21.813333333333333,
        22.053333333333335,
        22.513333333333332,
        20.966666666666665,
        20.86,
        21.16,
        22.173333333333332,
        23.32,
        22.4,
        18.85333333333333,
        23.153333333333332,
        20.993333333333332,
        23.533333333333335,
        21.566666666666666,
        21.453333333333333,
        22.106666666666666,
        20.313333333333333,
        21.34,
        20.093333333333334,
        23.066666666666666,
        23.226666666666667,
        21.953333333333333,
        20.18,
        21.88,
        21.16,
        20.246666666666666,
        20.933333333333334,
        21.126666666666665,
        21.086666666666666,
        20.46,
        20.866666666666667,
        19.293333333333333,
        21.76,
        20.873333333333335,
        20.746666666666666,
        20.906666666666666,
        20.6,
        21.22,
        22.42,
        21.746666666666666,
        21.473333333333333,
        18.726666666666667,
        20.526666666666667,
        20.793333333333333,
        22.14,
        21.166666666666668,
        21.96,
        21.213333333333335,
        21.453333333333333,
        20.733333333333334,
        21.126666666666665,
        20.433333333333334,
        19.78,
        21.86,
        21.233333333333334,
        21.406666666666666,
        21.7,
        22.1,
        22.913333333333334,
        21.56,
        22.573333333333334,
        21.3,
        20.606666666666666,
        21.64666666666667,
        22.46,
        21.186666666666667,
        19.973333333333333,
        22.153333333333332,
        22.206666666666667,
        21.673333333333332,
        19.82,
        22.033333333333335,
        19.64,
        19.746666666666666,
        20.346666666666668,
        21.093333333333334,
        19.46,
        20.66,
        20.0,
        21.68,
        21.313333333333333,
        21.286666666666665,
        21.64666666666667,
        20.9,
        21.92,
        22.226666666666667,
        19.533333333333335,
        20.7,
        20.066666666666666,
        22.7,
        22.80666666666667,
        20.013333333333332,
        21.153333333333332,
        20.586666666666666,
        21.566666666666666,
        20.493333333333332,
        21.213333333333335,
        20.866666666666667,
        20.573333333333334,
        22.786666666666665,
        21.746666666666666,
        20.386666666666667,
        18.953333333333333,
        21.733333333333334,
        20.793333333333333,
        21.293333333333333,
        22.64666666666667,
        20.613333333333333,
        18.64666666666667,
        19.613333333333333,
        21.493333333333332,
        22.873333333333335,
        20.9,
        20.54,
        21.66,
        21.706666666666667,
        21.34,
        20.746666666666666,
        18.86,
        21.26,
        22.28,
        23.206666666666667,
        21.85333333333333,
        21.69333333333333,
        21.52,
        21.073333333333334,
        20.266666666666666,
        21.84,
        21.266666666666666,
        21.126666666666665,
        20.546666666666667,
        21.793333333333333,
        21.58,
        20.36,
        21.08,
        20.58,
        19.966666666666665,
        20.173333333333332,
        20.953333333333333,
        20.48,
        20.513333333333332,
        22.74,
        23.966666666666665,
        22.98,
        19.35333333333333,
        21.533333333333335,
        19.78,
        19.82,
        18.613333333333333,
        19.726666666666667,
        21.033333333333335,
        19.94,
        22.44,
        21.153333333333332,
        20.013333333333332,
        20.64666666666667,
        20.966666666666665,
        21.653333333333332,
        20.793333333333333,
        20.586666666666666,
        22.38,
        22.866666666666667,
        24.773333333333333,
        20.546666666666667,
        21.753333333333334,
        21.093333333333334,
        19.513333333333332,
        20.126666666666665,
        18.846666666666668,
        19.19333333333333,
        21.35333333333333,
        22.386666666666667,
        20.346666666666668,
        21.013333333333332,
        21.126666666666665,
        22.586666666666666,
        21.673333333333332,
        22.02,
        20.6,
        20.946666666666665,
        21.773333333333333,
        20.446666666666665
    ],
    "best fitness history": [
        10,
        27,
        125,
        260,
        236,
        269,
        72,
        60,
        72,
        72,
        68,
        117,
        57,
        68,
        62,
        62,
        52,
        66,
        66,
        70,
        65,
        59,
        54,
        60,
        58,
        62,
        59,
        52,
        76,
        61,
        67,
        54,
        66,
        73,
        62,
        52,
        67,
        62,
        69,
        65,
        57,
        72,
        57,
        64,
        61,
        56,
        58,
        55,
        55,
        65,
        55,
        68,
        65,
        61,
        65,
        56,
        60,
        60,
        57,
        54,
        52,
        68,
        66,
        53,
        62,
        62,
        71,
        63,
        92,
        60,
        58,
        71,
        88,
        79,
        92,
        92,
        173,
        123,
        146,
        99,
        104,
        142,
        158,
        66,
        57,
        66,
        59,
        66,
        52,
        57,
        55,
        59,
        62,
        62,
        58,
        68,
        54,
        59,
        71,
        63,
        63,
        59,
        68,
        56,
        59,
        64,
        48,
        67,
        60,
        58,
        63,
        56,
        58,
        59,
        70,
        56,
        58,
        68,
        63,
        53,
        61,
        67,
        68,
        59,
        52,
        60,
        55,
        59,
        56,
        68,
        62,
        62,
        69,
        70,
        62,
        59,
        59,
        58,
        65,
        65,
        61,
        66,
        62,
        59,
        62,
        64,
        65,
        58,
        84,
        94,
        72,
        63,
        65,
        65,
        66,
        62,
        53,
        51,
        52,
        66,
        68,
        66,
        70,
        59,
        68,
        60,
        72,
        66,
        60,
        49,
        57,
        59,
        57,
        60,
        63,
        72,
        70,
        53,
        65,
        62,
        79,
        58,
        67,
        80,
        65,
        63,
        56,
        57,
        65,
        60,
        59,
        57,
        57,
        59,
        58,
        194,
        56,
        61,
        59,
        62
    ],