{
    "time": "2022-09-10-07-00-21",
    "generations": 200,
    "fitness history": [
        8.326666666666666,
        8.36,
        8.36,
        8.34,
        8.32,
        8.446666666666667,
        8.92,
        8.286666666666667,
        8.34,
        8.206666666666667,
        8.34,
        8.353333333333333,
        41.013333333333335,
        8.3,
        8.433333333333334,
        41.28,
        8.286666666666667,
        36.84,
        8.373333333333333,
        8.42,
        8.34,
        39.02,
        8.333333333333334,
        8.34,
        40.50666666666667,
        8.273333333333333,
        35.34,
        38.18666666666667,
        8.353333333333333,
        37.07333333333333,
        8.32,
        8.393333333333333,
        8.32,
        8.366666666666667,
        8.32,
        8.3,
        8.44,
        37.60666666666667,
        40.64,
        8.426666666666666,
        8.36,
        8.426666666666666,
        8.406666666666666,
        12.173333333333334,
        8.36,
        8.493333333333334,
        37.14666666666667,
        8.313333333333333,
        8.44,
        39.806666666666665,
        41.34,
        105.83333333333333,
        8.273333333333333,
        32.68666666666667,
        8.24,
        8.373333333333333,
        8.3,
        36.306666666666665,
        8.406666666666666,
        8.193333333333333,
        8.366666666666667,
        8.233333333333333,
        12.5,
        16.64666666666667,
        8.473333333333333,
        8.32,
        8.62,
        8.5,
        8.46,
        77.42666666666666,
        8.306666666666667,
        8.386666666666667,
        18.213333333333335,
        8.393333333333333,
        137.03333333333333,
        9.233333333333333,
        8.34,
        31.046666666666667,
        49.906666666666666,
        24.906666666666666,
        8.266666666666667,
        8.386666666666667,
        158.48666666666668,
        8.286666666666667,
        24.466666666666665,
        8.266666666666667,
        8.453333333333333,
        8.3,
        8.386666666666667,
        8.3,
        9.646666666666667,
        125.85333333333334,
        8.3,
        8.42,
        8.36,
        8.4,
        8.346666666666666,
        8.286666666666667,
        8.033333333333333,
        8.34,
        10.56,
        8.346666666666666,
        42.98,
        8.16,
        8.24,
        8.9,
        36.82666666666667,
        7.8533333333333335,
        8.326666666666666,
        8.393333333333333,
        8.306666666666667,
        68.64,
        8.346666666666666,
        8.34,
        8.393333333333333,
        8.38,
        8.293333333333333,
        25.7,
        8.44,
        197.11333333333334,
        8.34,
        184.06666666666666,
        8.353333333333333,
        24.073333333333334,
        8.426666666666666,
        8.273333333333333,
        63.06666666666667,
        8.42,
        8.4,
        8.36,
        8.18,
        8.806666666666667,
        8.34,
        12.966666666666667,
        8.333333333333334,
        38.906666666666666,
        8.42,
        8.426666666666666,
        8.446666666666667,
        8.406666666666666,
        8.373333333333333,
        23.473333333333333,
        8.4,
        8.393333333333333,
        14.006666666666666,
        8.393333333333333,
        54.71333333333333,
        8.406666666666666,
        8.293333333333333,
        52.63333333333333,
        210.14,
        8.386666666666667,
        8.3,
        8.433333333333334,
        10.54,
        8.38,
        8.326666666666666,
        8.246666666666666,
        90.52,
        8.3,
        33.3,
        8.386666666666667,
        8.426666666666666,
        8.666666666666666,
        8.36,
        34.53333333333333,
        21.166666666666668,
        91.51333333333334,
        12.306666666666667,
        8.32,
        8.46,
        8.393333333333333,
        8.453333333333333,
        16.94,
        8.253333333333334,
        8.333333333333334,
        8.273333333333333,
        8.36,
        8.306666666666667,
        153.94,
        8.313333333333333,
        8.333333333333334,
        19.286666666666665,
        8.366666666666667,
        8.34,
        8.413333333333334,
        8.346666666666666,
        8.306666666666667,
        8.3,
        8.326666666666666,
        8.28,
        8.693333333333333,
        15.566666666666666,
        9.006666666666666,
        32.39333333333333,
        8.313333333333333,
        8.353333333333333,
        10.906666666666666,
        8.466666666666667,
        8.386666666666667
    ],
    "best fitness history": [
        10,
        10,
        10,
        10,
        10,
        21,
        60,
        10,
        10,
        10,
        10,
        10,
        158,
        10,
        10,
        153,
        10,
        142,
        10,
        10,
        10,
        150,
        10,
        10,
        146,
        10,
        126,
        130,
        10,
        108,
        10,
        10,
        10,
        10,
        10,
        10,
        10,
        131,
        130,
        10,
        10,
        10,
        10,
        219,
        10,
        10,
        137,
        10,
        10,
        333,
        149,
        175,
        10,
        77,
        10,
        10,
        10,
        80,
        10,
        10,
        10,
        10,
        18,
        103,
        10,
        10,
        11,
        10,
        10,
        179,
        10,
        10,
        35,
        10,
        200,
        11,
        10,
        38,
        499,
        37,
        10,
        10,
        267,
        10,
        28,
        10,
        10,
        10,
        10,
        10,
        12,
        165,
        10,
        10,
        10,
        10,
        10,
        10,
        9,
        10,
        13,
        10,
        72,
        10,
        10,
        11,
        102,
        9,
        10,
        10,
        10,
        168,
        10,
        10,
        10,
        10,
        10,
        42,
        10,
        208,
        10,
        290,
        10,
        98,
        10,
        10,
        117,
        10,
        10,
        10,
        10,
        16,
        10,
        16,
        10,
        131,
        10,
        10,
        10,
        10,
        10,
        90,
        10,
        10,
        19,
        10,
        100,
        10,
        9,
        84,
        278,
        10,
        10,
        10,
        26,
        10,
        10,
        10,
        223,
        10,
        52,
        10,
        10,
        10,
        10,
        95,
        58,
        454,
        18,
        10,
        10,
        10,
        10,
        29,
        10,
        10,
        10,
        10,
        10,
        449,
        10,
        10,
        30,
        10,
        10,
        10,
        10,
        10,
        10,
        9,
        10,
        10,
        29,
        11,
        42,
        10,
        10,
        14,
        10,
        10
    ],