{
    "time": "2022-09-10-13-21-08",
    "generations": 200,
    "fitness history": [
        8.446666666666667,
        8.42,
        8.233333333333333,
        8.486666666666666,
        8.273333333333333,
        8.34,
        8.24,
        8.366666666666667,
        8.32,
        8.4,
        8.24,
        8.386666666666667,
        8.36,
        8.433333333333334,
        8.353333333333333,
        9.093333333333334,
        8.38,
        13.533333333333333,
        25.98,
        8.34,
        8.373333333333333,
        37.873333333333335,
        41.50666666666667,
        8.413333333333334,
        8.233333333333333,
        8.346666666666666,
        8.206666666666667,
        8.34,
        39.193333333333335,
        39.986666666666665,
        33.07333333333333,
        8.346666666666666,
        26.153333333333332,
        8.226666666666667,
        38.10666666666667,
        8.453333333333333,
        8.373333333333333,
        8.273333333333333,
        411.3066666666667,
        8.413333333333334,
        42.38666666666666,
        202.19333333333333,
        8.313333333333333,
        8.12,
        35.88,
        39.153333333333336,
        194.79333333333332,
        22.14666666666667,
        38.413333333333334,
        8.286666666666667,
        124.93333333333334,
        35.38,
        8.393333333333333,
        8.413333333333334,
        9.833333333333334,
        31.746666666666666,
        26.88,
        8.346666666666666,
        16.226666666666667,
        8.346666666666666,
        32.58,
        8.46,
        63.74,
        38.093333333333334,
        30.066666666666666,
        8.446666666666667,
        25.32,
        8.18,
        8.14,
        186.84666666666666,
        50.62,
        88.95333333333333,
        11.38,
        175.5,
        7.713333333333333,
        51.00666666666667,
        8.246666666666666,
        8.506666666666666,
        161.23333333333332,
        154.98666666666668,
        8.386666666666667,
        8.28,
        8.26,
        8.366666666666667,
        78.12666666666667,
        8.406666666666666,
        193.13333333333333,
        452.36,
        14.293333333333333,
        8.306666666666667,
        8.12,
        179.94666666666666,
        8.153333333333334,
        18.813333333333333,
        8.173333333333334,
        23.2,
        184.65333333333334,
        29.706666666666667,
        8.28,
        77.91333333333333,
        14.613333333333333,
        212.07333333333332,
        77.24,
        86.28666666666666,
        32.06666666666667,
        116.57333333333334,
        23.9,
        10.893333333333333,
        8.313333333333333,
        8.16,
        8.153333333333334,
        440.34,
        79.78666666666666,
        8.453333333333333,
        34.62,
        8.3,
        157.75333333333333,
        8.36,
        8.353333333333333,
        134.72666666666666,
        8.466666666666667,
        74.16,
        8.48,
        27.04,
        107.22666666666667,
        8.253333333333334,
        51.24,
        181.88666666666666,
        8.24,
        102.45333333333333,
        8.313333333333333,
        106.55333333333333,
        69.59333333333333,
        8.293333333333333,
        186.88666666666666,
        105.66666666666667,
        8.46,
        11.393333333333333,
        8.32,
        50.96,
        8.746666666666666,
        48.32666666666667,
        8.46,
        8.72,
        43.38666666666666,
        201.69333333333333,
        348.8333333333333,
        146.54,
        102.22666666666667,
        26.333333333333332,
        86.3,
        497.82,
        8.286666666666667,
        31.726666666666667,
        8.073333333333334,
        86.99333333333334,
        18.813333333333333,
        160.48666666666668,
        308.6666666666667,
        8.886666666666667,
        8.326666666666666,
        392.0733333333333,
        8.4,
        8.926666666666666,
        44.39333333333333,
        8.34,
        7.766666666666667,
        8.813333333333333,
        47.26,
        56.026666666666664,
        39.08,
        8.873333333333333,
        8.313333333333333,
        30.713333333333335,
        12.28,
        7.933333333333334,
        330.1533333333333,
        8.293333333333333,
        8.44,
        7.6466666666666665,
        8.56,
        8.3,
        24.566666666666666,
        8.2,
        8.226666666666667,
        8.16,
        8.82,
        8.38,
        28.80666666666667,
        8.313333333333333,
        8.386666666666667,
        8.526666666666667,
        58.78666666666667,
        455.26,
        8.486666666666666,
        231.51333333333332,
        8.9,
        8.146666666666667,
        283.9266666666667,
        49.906666666666666
    ],
    "best fitness history": [
        10,
        10,
        10,
        10,
        10,
        10,
        10,
        10,
        10,
        10,
        10,
        10,
        10,
        39,
        10,
        49,
        10,
        124,
        102,
        10,
        10,
        83,
        104,
        10,
        10,
        10,
        10,
        10,
        113,
        319,
        104,
        10,
        63,
        10,
        102,
        10,
        10,
        9,
        499,
        10,
        98,
        306,
        10,
        9,
        98,
        140,
        314,
        67,
        98,
        10,
        473,
        89,
        10,
        10,
        18,
        79,
        69,
        10,
        44,
        10,
        71,
        10,
        252,
        109,
        65,
        10,
        63,
        10,
        10,
        456,
        122,
        499,
        84,
        287,
        8,
        168,
        9,
        10,
        265,
        211,
        10,
        10,
        9,
        9,
        128,
        10,
        292,
        499,
        44,
        10,
        9,
        496,
        9,
        53,
        10,
        66,
        499,
        99,
        10,
        394,
        26,
        499,
        168,
        287,
        143,
        339,
        45,
        21,
        10,
        10,
        10,
        499,
        125,
        10,
        93,
        10,
        400,
        10,
        10,
        367,
        10,
        499,
        10,
        74,
        193,
        10,
        84,
        499,
        10,
        337,
        10,
        262,
        175,
        10,
        499,
        455,
        10,
        38,
        10,
        287,
        10,
        157,
        10,
        10,
        132,
        499,
        499,
        239,
        273,
        50,
        122,
        499,
        10,
        85,
        10,
        152,
        50,
        223,
        499,
        10,
        10,
        499,
        10,
        10,
        73,
        25,
        9,
        10,
        108,
        196,
        77,
        10,
        10,
        76,
        32,
        10,
        499,
        10,
        10,
        9,
        10,
        9,
        65,
        9,
        10,
        9,
        14,
        10,
        60,
        10,
        10,
        10,
        94,
        499,
        10,
        349,
        10,
        10,
        435,
        128
    ],