{
    "time": "2022-09-12-09-39-21",
    "generations": 200,
    "fitness history": [
        8.34,
        8.713333333333333,
        9.28,
        12.0,
        8.273333333333333,
        8.246666666666666,
        18.58,
        27.85333333333333,
        30.3,
        14.5,
        11.193333333333333,
        8.453333333333333,
        15.953333333333333,
        8.06,
        8.9,
        8.6,
        11.04,
        24.76,
        12.76,
        17.526666666666667,
        16.34,
        17.946666666666665,
        16.713333333333335,
        14.893333333333333,
        29.413333333333334,
        39.25333333333333,
        45.946666666666665,
        11.253333333333334,
        13.606666666666667,
        17.653333333333332,
        17.253333333333334,
        19.233333333333334,
        23.386666666666667,
        24.293333333333333,
        25.266666666666666,
        27.673333333333332,
        30.333333333333332,
        31.52,
        31.873333333333335,
        33.02,
        31.12,
        27.633333333333333,
        28.666666666666668,
        27.52,
        31.726666666666667,
        28.966666666666665,
        31.8,
        33.42666666666667,
        51.126666666666665,
        45.64666666666667,
        59.64666666666667,
        56.92666666666667,
        32.88666666666666,
        34.88,
        40.79333333333334,
        56.14666666666667,
        72.15333333333334,
        111.00666666666666,
        80.08666666666667,
        92.35333333333334,
        116.32,
        128.35333333333332,
        131.7,
        157.76,
        172.2,
        159.4,
        172.2,
        184.52666666666667,
        178.24666666666667,
        211.41333333333333,
        206.17333333333335,
        200.52666666666667,
        200.46666666666667,
        218.57333333333332,
        219.96,
        224.13333333333333,
        226.40666666666667,
        215.81333333333333,
        220.78,
        241.47333333333333,
        238.66,
        244.14666666666668,
        242.25333333333333,
        240.78666666666666,
        250.17333333333335,
        247.33333333333334,
        247.74666666666667,
        259.2133333333333,
        228.86666666666667,
        236.90666666666667,
        248.02666666666667,
        231.84,
        245.98,
        254.05333333333334,
        244.13333333333333,
        249.41333333333333,
        252.96666666666667,
        264.2266666666667,
        255.98666666666668,
        258.3066666666667,
        249.65333333333334,
        241.63333333333333,
        260.97333333333336,
        243.4,
        256.2866666666667,
        229.70666666666668,
        249.44666666666666,
        250.30666666666667,
        264.76666666666665,
        262.92,
        249.37333333333333,
        275.4266666666667,
        249.34666666666666,
        273.64666666666665,
        253.18,
        247.16,
        271.78,
        262.85333333333335,
        264.1533333333333,
        255.89333333333335,
        258.8333333333333,
        254.85333333333332,
        252.9,
        260.96,
        246.71333333333334,
        282.2733333333333,
        267.98,
        271.73333333333335,
        260.74,
        249.96666666666667,
        245.33333333333334,
        260.76666666666665,
        265.11333333333334,
        261.61333333333334,
        254.7,
        262.1,
        244.64,
        263.68666666666667,
        254.64,
        259.49333333333334,
        260.04,
        252.75333333333333,
        257.9,
        260.73333333333335,
        257.3666666666667,
        253.81333333333333,
        252.50666666666666,
        260.73333333333335,
        249.83333333333334,
        255.74,
        253.18666666666667,
        252.57333333333332,
        245.72666666666666,
        272.9066666666667,
        272.04,
        269.26,
        263.62,
        254.94,
        256.05333333333334,
        259.42,
        255.96,
        244.78,
        270.44666666666666,
        264.16,
        263.96,
        266.67333333333335,
        258.2,
        264.4533333333333,
        259.44,
        256.28,
        255.02,
        256.50666666666666,
        253.85333333333332,
        247.68666666666667,
        287.68666666666667,
        273.1066666666667,
        263.5933333333333,
        260.04,
        264.37333333333333,
        260.6066666666667,
        258.36,
        252.87333333333333,
        260.46666666666664,
        259.22,
        257.47333333333336,
        252.12,
        256.12666666666667,
        254.82666666666665,
        246.09333333333333,
        279.92,
        251.40666666666667,
        259.0733333333333,
        248.00666666666666,
        257.22,
        264.3066666666667,
        252.57333333333332,
        246.57333333333332,
        288.62666666666667,
        272.96666666666664,
        271.1933333333333
    ],
    "best fitness history": [
        10,
        49,
        68,
        66,
        10,
        10,
        58,
        107,
        499,
        207,
        53,
        36,
        61,
        10,
        58,
        35,
        223,
        198,
        145,
        141,
        190,
        499,
        65,
        114,
        499,
        499,
        499,
        51,
        55,
        58,
        61,
        60,
        61,
        67,
        66,
        58,
        59,
        67,
        67,
        66,
        70,
        67,
        63,
        106,
        198,
        125,
        174,
        386,
        499,
        442,
        499,
        499,
        234,
        499,
        499,
        499,
        499,
        499,
        499,
        499,
        499,
        499,
        499,
        499,
        499,
        499,
        499,
        499,
        499,
        499,
        499,
        499,
        499,
        499,
        499,
        499,
        499,
        499,
        499,
        499,
        499,
        499,
        499,
        499,
        499,
        499,
        499,
        499,
        499,
        499,
        499,
        499,
        499,
        499,
        499,
        499,
        499,
        499,
        499,
        499,
        499,
        499,
        499,
        499,
        499,
        499,
        499,
        499,
        499,
        499,
        499,
        499,
        499,
        499,
        499,
        499,
        499,
        499,
        499,
        499,
        499,
        499,
        499,
        499,
        499,
        499,
        499,
        499,
        499,
        499,
        499,
        499,
        499,
        499,
        499,
        499,
        499,
        499,
        499,
        499,
        499,
        499,
        499,
        499,
        499,
        499,
        499,
        499,
        499,
        499,
        499,
        499,
        499,
        499,
        499,
        499,
        499,
        499,
        499,
        499,
        499,
        499,
        499,
        499,
        499,
        499,
        499,
        499,
        499,
        499,
        499,
        499,
        499,
        499,
        499,
        499,
        499,
        499,
        499,
        499,
        499,
        499,
        499,
        499,
        499,
        499,
        499,
        499,
        499,
        499,
        499,
        499,
        499,
        499,
        499,
        499,
        499,
        499,
        499,
        499
    ],