{
    "time": "2022-09-11-17-21-50",
    "generations": 200,
    "fitness history": [
        8.286666666666667,
        8.353333333333333,
        8.366666666666667,
        8.393333333333333,
        8.373333333333333,
        8.32,
        8.44,
        8.333333333333334,
        8.673333333333334,
        8.286666666666667,
        8.56,
        8.286666666666667,
        12.726666666666667,
        9.486666666666666,
        27.773333333333333,
        13.06,
        16.64666666666667,
        39.0,
        15.546666666666667,
        8.653333333333334,
        20.813333333333333,
        22.793333333333333,
        24.433333333333334,
        13.166666666666666,
        30.686666666666667,
        12.326666666666666,
        23.9,
        21.426666666666666,
        25.04,
        23.453333333333333,
        12.533333333333333,
        22.773333333333333,
        19.66,
        16.54,
        12.68,
        24.14666666666667,
        24.213333333333335,
        23.613333333333333,
        22.433333333333334,
        25.473333333333333,
        30.453333333333333,
        29.966666666666665,
        25.7,
        28.1,
        28.966666666666665,
        26.54,
        30.12,
        32.11333333333334,
        29.16,
        29.033333333333335,
        28.006666666666668,
        29.393333333333334,
        30.16,
        29.02,
        31.46,
        29.246666666666666,
        33.593333333333334,
        32.306666666666665,
        28.42,
        28.28,
        28.713333333333335,
        30.166666666666668,
        29.293333333333333,
        27.673333333333332,
        29.26,
        29.5,
        31.58,
        32.92666666666667,
        30.36,
        30.546666666666667,
        27.466666666666665,
        31.64666666666667,
        31.286666666666665,
        28.533333333333335,
        32.49333333333333,
        29.333333333333332,
        29.69333333333333,
        29.593333333333334,
        30.813333333333333,
        31.186666666666667,
        30.586666666666666,
        28.086666666666666,
        31.873333333333335,
        27.953333333333333,
        28.793333333333333,
        28.613333333333333,
        30.046666666666667,
        30.0,
        32.053333333333335,
        29.4,
        30.093333333333334,
        26.733333333333334,
        31.88,
        32.36,
        30.233333333333334,
        33.266666666666666,
        35.333333333333336,
        31.08,
        33.04666666666667,
        30.42,
        32.82666666666667,
        27.506666666666668,
        31.673333333333332,
        31.406666666666666,
        30.473333333333333,
        31.46,
        31.313333333333333,
        29.373333333333335,
        27.586666666666666,
        29.793333333333333,
        28.326666666666668,
        31.033333333333335,
        31.52,
        26.82,
        31.513333333333332,
        28.8,
        32.93333333333333,
        29.85333333333333,
        25.873333333333335,
        29.666666666666668,
        31.493333333333332,
        36.02,
        30.553333333333335,
        29.866666666666667,
        29.413333333333334,
        32.846666666666664,
        28.446666666666665,
        29.48,
        30.386666666666667,
        30.233333333333334,
        31.473333333333333,
        30.4,
        32.0,
        29.313333333333333,
        31.273333333333333,
        28.126666666666665,
        27.69333333333333,
        29.893333333333334,
        30.653333333333332,
        30.093333333333334,
        28.04,
        30.0,
        30.073333333333334,
        29.153333333333332,
        29.7,
        28.42,
        32.8,
        28.7,
        32.12,
        28.046666666666667,
        31.84,
        28.066666666666666,
        28.4,
        29.713333333333335,
        28.833333333333332,
        27.16,
        27.933333333333334,
        28.413333333333334,
        30.213333333333335,
        29.366666666666667,
        27.2,
        31.76,
        27.846666666666668,
        29.906666666666666,
        30.766666666666666,
        27.973333333333333,
        27.28,
        27.813333333333333,
        29.493333333333332,
        31.246666666666666,
        30.873333333333335,
        28.406666666666666,
        32.38666666666666,
        28.446666666666665,
        29.3,
        31.613333333333333,
        28.98,
        26.64,
        31.18,
        31.006666666666668,
        28.066666666666666,
        30.526666666666667,
        30.093333333333334,
        29.76,
        28.72,
        26.82,
        28.72,
        29.593333333333334,
        33.98,
        30.706666666666667,
        28.406666666666666,
        28.186666666666667,
        30.24,
        29.48,
        28.713333333333335,
        31.666666666666668,
        25.973333333333333,
        28.206666666666667,
        30.92,
        32.513333333333335
    ],
    "best fitness history": [
        10,
        10,
        10,
        10,
        10,
        10,
        10,
        10,
        41,
        10,
        50,
        10,
        93,
        51,
        154,
        137,
        126,
        179,
        111,
        40,
        98,
        77,
        80,
        113,
        132,
        87,
        129,
        92,
        107,
        98,
        71,
        137,
        90,
        87,
        79,
        101,
        82,
        152,
        74,
        99,
        105,
        130,
        99,
        92,
        92,
        98,
        112,
        150,
        105,
        89,
        90,
        103,
        95,
        103,
        132,
        140,
        89,
        110,
        88,
        109,
        110,
        98,
        84,
        106,
        149,
        96,
        101,
        96,
        110,
        104,
        104,
        150,
        133,
        118,
        121,
        118,
        80,
        99,
        106,
        93,
        144,
        108,
        97,
        125,
        81,
        115,
        145,
        101,
        170,
        112,
        129,
        80,
        169,
        120,
        112,
        110,
        142,
        146,
        106,
        89,
        97,
        110,
        96,
        141,
        93,
        104,
        146,
        93,
        118,
        93,
        83,
        122,
        103,
        118,
        94,
        131,
        99,
        116,
        102,
        97,
        173,
        133,
        108,
        166,
        98,
        88,
        109,
        102,
        82,
        121,
        96,
        83,
        111,
        102,
        106,
        110,
        107,
        119,
        100,
        157,
        95,
        90,
        134,
        97,
        80,
        87,
        122,
        155,
        116,
        117,
        130,
        86,
        93,
        153,
        96,
        84,
        90,
        152,
        135,
        103,
        215,
        166,
        102,
        114,
        158,
        99,
        123,
        124,
        85,
        115,
        155,
        78,
        151,
        80,
        93,
        95,
        163,
        114,
        97,
        93,
        84,
        88,
        85,
        126,
        90,
        118,
        85,
        115,
        136,
        110,
        78,
        113,
        108,
        112,
        99,
        134,
        98,
        94,
        88,
        181
    ],