{
    "time": "2022-09-11-17-10-33",
    "generations": 200,
    "fitness history": [
        8.313333333333333,
        8.293333333333333,
        8.353333333333333,
        8.326666666666666,
        8.3,
        8.26,
        8.4,
        8.293333333333333,
        8.393333333333333,
        8.3,
        8.386666666666667,
        8.313333333333333,
        8.466666666666667,
        8.346666666666666,
        9.426666666666666,
        17.0,
        38.733333333333334,
        101.85333333333334,
        189.82666666666665,
        27.52,
        8.26,
        8.286666666666667,
        137.02666666666667,
        178.20666666666668,
        149.62666666666667,
        8.346666666666666,
        8.246666666666666,
        43.406666666666666,
        16.466666666666665,
        24.413333333333334,
        125.36666666666666,
        18.86,
        18.366666666666667,
        114.15333333333334,
        95.90666666666667,
        71.08666666666667,
        21.293333333333333,
        36.78666666666667,
        46.413333333333334,
        44.68,
        43.9,
        33.12,
        31.833333333333332,
        25.866666666666667,
        26.006666666666668,
        26.013333333333332,
        27.30666666666667,
        20.166666666666668,
        36.42666666666667,
        25.186666666666667,
        39.553333333333335,
        34.34,
        51.61333333333334,
        47.053333333333335,
        61.29333333333334,
        83.86666666666666,
        87.94666666666667,
        76.72666666666667,
        97.16,
        110.02,
        125.12,
        106.67333333333333,
        126.3,
        147.89333333333335,
        125.99333333333334,
        127.74666666666667,
        134.93333333333334,
        133.03333333333333,
        133.94,
        127.58666666666667,
        145.20666666666668,
        132.34,
        122.44,
        121.44,
        140.15333333333334,
        134.0,
        130.24,
        127.34666666666666,
        137.99333333333334,
        128.84666666666666,
        144.52,
        134.13333333333333,
        130.30666666666667,
        133.38,
        130.84666666666666,
        132.20666666666668,
        122.4,
        125.52,
        134.23333333333332,
        136.08666666666667,
        131.27333333333334,
        127.04666666666667,
        134.88666666666666,
        135.7,
        141.88,
        136.16666666666666,
        132.18666666666667,
        139.65333333333334,
        150.5,
        135.17333333333335,
        140.18666666666667,
        136.22,
        146.78666666666666,
        139.39333333333335,
        132.21333333333334,
        134.61333333333334,
        133.14666666666668,
        122.62666666666667,
        141.04,
        131.79333333333332,
        136.77333333333334,
        139.38666666666666,
        128.82,
        132.51333333333332,
        133.17333333333335,
        131.44666666666666,
        140.3,
        139.74,
        150.09333333333333,
        141.3,
        123.12666666666667,
        130.84,
        147.71333333333334,
        130.21333333333334,
        124.64,
        139.81333333333333,
        130.92666666666668,
        131.3,
        134.38,
        136.44666666666666,
        134.08666666666667,
        133.81333333333333,
        131.72,
        153.46666666666667,
        143.71333333333334,
        135.75333333333333,
        135.46666666666667,
        139.6,
        139.53333333333333,
        131.80666666666667,
        134.61333333333334,
        131.42666666666668,
        126.94666666666667,
        137.21333333333334,
        138.38666666666666,
        141.14,
        141.14666666666668,
        139.02,
        145.13333333333333,
        136.84,
        138.90666666666667,
        139.46,
        146.29333333333332,
        133.05333333333334,
        140.10666666666665,
        141.22,
        142.52666666666667,
        137.35333333333332,
        143.48666666666668,
        140.68,
        134.69333333333333,
        142.10666666666665,
        138.07333333333332,
        131.68,
        136.54,
        135.45333333333335,
        144.08666666666667,
        138.96666666666667,
        138.77333333333334,
        138.75333333333333,
        136.08,
        135.02,
        142.76,
        138.30666666666667,
        134.96666666666667,
        145.10666666666665,
        145.27333333333334,
        138.13333333333333,
        136.21333333333334,
        135.64,
        135.0,
        142.23333333333332,
        145.04,
        140.83333333333334,
        139.64,
        136.83333333333334,
        139.22,
        134.59333333333333,
        139.62666666666667,
        141.1,
        145.48,
        141.02,
        135.78,
        141.24,
        131.08666666666667,
        151.64,
        141.32,
        133.42666666666668,
        146.91333333333333,
        140.0
    ],
    "best fitness history": [
        10,
        10,
        10,
        10,
        10,
        10,
        10,
        10,
        10,
        10,
        10,
        10,
        31,
        10,
        167,
        248,
        292,
        310,
        362,
        68,
        10,
        10,
        296,
        286,
        313,
        10,
        11,
        299,
        64,
        255,
        282,
        72,
        228,
        285,
        301,
        330,
        213,
        309,
        279,
        268,
        292,
        286,
        265,
        267,
        221,
        281,
        224,
        178,
        260,
        210,
        262,
        252,
        261,
        256,
        259,
        325,
        281,
        277,
        281,
        297,
        309,
        288,
        286,
        294,
        293,
        288,
        338,
        285,
        311,
        283,
        285,
        298,
        331,
        323,
        324,
        301,
        294,
        310,
        314,
        290,
        323,
        292,
        288,
        300,
        276,
        290,
        293,
        300,
        282,
        327,
        296,
        289,
        295,
        298,
        297,
        303,
        296,
        306,
        287,
        274,
        297,
        304,
        298,
        321,
        294,
        354,
        298,
        297,
        286,
        311,
        328,
        306,
        303,
        294,
        306,
        298,
        288,
        294,
        305,
        286,
        326,
        288,
        315,
        287,
        305,
        285,
        292,
        299,
        328,
        305,
        265,
        272,
        289,
        276,
        303,
        331,
        296,
        357,
        313,
        320,
        315,
        279,
        307,
        287,
        293,
        305,
        289,
        323,
        289,
        286,
        321,
        290,
        324,
        301,
        319,
        345,
        274,
        274,
        322,
        275,
        285,
        308,
        291,
        270,
        355,
        278,
        282,
        277,
        321,
        304,
        302,
        293,
        297,
        308,
        290,
        279,
        279,
        304,
        303,
        294,
        276,
        380,
        277,
        300,
        280,
        285,
        312,
        359,
        299,
        288,
        290,
        379,
        297,
        301,
        268,
        307,
        291,
        282,
        294,
        346
    ],