{
    "time": "2022-09-10-00-20-54",
    "generations": 200,
    "fitness history": [
        8.373333333333333,
        8.44,
        8.353333333333333,
        9.566666666666666,
        11.193333333333333,
        21.873333333333335,
        17.173333333333332,
        24.666666666666668,
        8.52,
        9.04,
        8.253333333333334,
        8.42,
        14.053333333333333,
        29.093333333333334,
        17.54,
        22.086666666666666,
        26.913333333333334,
        23.3,
        24.933333333333334,
        23.66,
        25.293333333333333,
        26.54,
        27.36,
        29.313333333333333,
        28.633333333333333,
        28.413333333333334,
        29.213333333333335,
        27.92,
        28.633333333333333,
        30.633333333333333,
        31.36,
        27.973333333333333,
        28.006666666666668,
        29.36,
        32.24666666666667,
        28.26,
        31.013333333333332,
        29.373333333333335,
        31.286666666666665,
        29.69333333333333,
        27.36,
        32.7,
        29.166666666666668,
        32.50666666666667,
        29.846666666666668,
        27.126666666666665,
        28.653333333333332,
        29.69333333333333,
        30.626666666666665,
        30.85333333333333,
        31.22,
        29.713333333333335,
        26.986666666666668,
        28.68,
        32.56666666666667,
        28.573333333333334,
        29.4,
        27.96,
        31.96,
        28.426666666666666,
        29.026666666666667,
        28.513333333333332,
        28.35333333333333,
        27.80666666666667,
        26.7,
        29.666666666666668,
        28.653333333333332,
        30.786666666666665,
        27.826666666666668,
        29.9,
        29.833333333333332,
        29.5,
        28.673333333333332,
        30.64666666666667,
        29.34,
        30.26,
        29.986666666666668,
        27.253333333333334,
        28.3,
        30.34,
        31.48,
        26.06,
        30.913333333333334,
        27.873333333333335,
        29.873333333333335,
        29.373333333333335,
        27.426666666666666,
        28.233333333333334,
        26.846666666666668,
        30.30666666666667,
        27.666666666666668,
        30.753333333333334,
        27.68,
        31.513333333333332,
        27.513333333333332,
        28.26,
        25.946666666666665,
        30.28,
        29.453333333333333,
        26.28,
        27.793333333333333,
        28.093333333333334,
        28.0,
        31.533333333333335,
        27.846666666666668,
        28.233333333333334,
        29.433333333333334,
        28.246666666666666,
        27.006666666666668,
        26.92,
        27.973333333333333,
        27.673333333333332,
        31.1,
        28.9,
        31.76,
        28.046666666666667,
        31.226666666666667,
        28.14,
        29.226666666666667,
        25.22,
        25.546666666666667,
        28.506666666666668,
        29.826666666666668,
        26.913333333333334,
        27.086666666666666,
        33.92666666666667,
        28.293333333333333,
        26.80666666666667,
        29.85333333333333,
        29.35333333333333,
        29.086666666666666,
        31.493333333333332,
        31.673333333333332,
        27.69333333333333,
        29.0,
        27.64,
        32.34,
        35.07333333333333,
        25.513333333333332,
        28.506666666666668,
        27.68,
        31.906666666666666,
        25.526666666666667,
        32.06666666666667,
        30.133333333333333,
        30.19333333333333,
        31.793333333333333,
        31.54,
        30.066666666666666,
        33.24666666666667,
        26.726666666666667,
        27.82,
        32.346666666666664,
        28.893333333333334,
        31.69333333333333,
        28.6,
        28.28,
        28.246666666666666,
        28.513333333333332,
        29.226666666666667,
        30.6,
        29.293333333333333,
        29.74,
        26.246666666666666,
        28.36,
        29.153333333333332,
        26.64666666666667,
        27.946666666666665,
        28.893333333333334,
        27.64,
        30.326666666666668,
        28.24,
        30.18,
        29.313333333333333,
        30.126666666666665,
        27.453333333333333,
        28.213333333333335,
        29.766666666666666,
        31.48,
        27.333333333333332,
        29.286666666666665,
        29.686666666666667,
        27.953333333333333,
        27.16,
        32.79333333333334,
        27.326666666666668,
        31.506666666666668,
        27.42,
        28.653333333333332,
        27.26,
        29.76,
        23.386666666666667,
        28.666666666666668,
        29.56,
        27.046666666666667,
        28.546666666666667,
        28.86,
        33.626666666666665,
        26.846666666666668,
        26.226666666666667
    ],
    "best fitness history": [
        10,
        10,
        10,
        184,
        57,
        58,
        58,
        63,
        46,
        44,
        10,
        10,
        81,
        130,
        91,
        162,
        155,
        88,
        86,
        142,
        112,
        93,
        151,
        80,
        119,
        105,
        98,
        126,
        136,
        107,
        88,
        97,
        154,
        127,
        170,
        116,
        106,
        81,
        119,
        103,
        72,
        106,
        112,
        94,
        116,
        90,
        108,
        108,
        126,
        121,
        92,
        89,
        84,
        94,
        132,
        128,
        130,
        90,
        128,
        108,
        118,
        85,
        86,
        97,
        94,
        312,
        93,
        102,
        109,
        111,
        114,
        91,
        84,
        109,
        88,
        190,
        146,
        107,
        117,
        99,
        114,
        113,
        136,
        88,
        127,
        178,
        122,
        109,
        78,
        105,
        128,
        92,
        174,
        109,
        81,
        147,
        111,
        116,
        124,
        90,
        82,
        95,
        89,
        116,
        127,
        136,
        104,
        103,
        83,
        128,
        121,
        193,
        129,
        76,
        113,
        122,
        117,
        86,
        102,
        98,
        81,
        102,
        94,
        92,
        94,
        188,
        127,
        172,
        188,
        112,
        157,
        105,
        261,
        100,
        114,
        105,
        180,
        499,
        82,
        103,
        96,
        168,
        120,
        270,
        90,
        351,
        153,
        95,
        162,
        91,
        123,
        94,
        192,
        132,
        139,
        134,
        112,
        95,
        146,
        207,
        198,
        96,
        104,
        120,
        99,
        130,
        119,
        125,
        108,
        120,
        117,
        129,
        90,
        123,
        120,
        106,
        104,
        99,
        138,
        137,
        108,
        168,
        132,
        88,
        242,
        88,
        191,
        84,
        94,
        92,
        249,
        88,
        91,
        158,
        152,
        86,
        102,
        182,
        81,
        76
    ],