{
    "time": "2022-09-10-08-09-31",
    "generations": 200,
    "fitness history": [
        8.406666666666666,
        8.266666666666667,
        8.46,
        8.42,
        8.98,
        11.0,
        19.333333333333332,
        18.626666666666665,
        27.473333333333333,
        12.706666666666667,
        16.906666666666666,
        14.866666666666667,
        14.173333333333334,
        12.313333333333333,
        8.526666666666667,
        26.46,
        16.293333333333333,
        27.7,
        19.366666666666667,
        19.573333333333334,
        13.946666666666667,
        9.353333333333333,
        11.033333333333333,
        8.493333333333334,
        9.12,
        8.333333333333334,
        9.366666666666667,
        9.333333333333334,
        11.533333333333333,
        11.026666666666667,
        14.993333333333334,
        11.726666666666667,
        8.3,
        8.58,
        9.213333333333333,
        10.74,
        13.726666666666667,
        19.84,
        26.3,
        30.84,
        30.0,
        47.84,
        59.64,
        81.58,
        81.94,
        100.91333333333333,
        101.44,
        108.00666666666666,
        121.26,
        103.62,
        117.28,
        119.46,
        136.63333333333333,
        119.84,
        119.56666666666666,
        139.86,
        127.20666666666666,
        129.45333333333335,
        129.34666666666666,
        131.54666666666665,
        134.74666666666667,
        133.86,
        132.47333333333333,
        128.0,
        143.85333333333332,
        132.3,
        135.85333333333332,
        132.85333333333332,
        127.66,
        139.64,
        136.56666666666666,
        133.60666666666665,
        131.92666666666668,
        138.93333333333334,
        136.4,
        140.28666666666666,
        135.13333333333333,
        140.88666666666666,
        144.28666666666666,
        133.12,
        131.31333333333333,
        139.71333333333334,
        134.42,
        133.25333333333333,
        142.58,
        133.52,
        145.57333333333332,
        134.52666666666667,
        138.01333333333332,
        140.28,
        139.95333333333335,
        134.82,
        140.76,
        145.78,
        139.59333333333333,
        138.14,
        136.78,
        137.12,
        151.24666666666667,
        147.98,
        132.89333333333335,
        135.14666666666668,
        143.74666666666667,
        145.90666666666667,
        140.48,
        142.16,
        145.04,
        137.48666666666668,
        137.84,
        142.63333333333333,
        142.88666666666666,
        147.44666666666666,
        151.83333333333334,
        144.98666666666668,
        140.84666666666666,
        134.68,
        145.92,
        140.52,
        141.72,
        146.62,
        142.90666666666667,
        155.36,
        148.62,
        142.23333333333332,
        141.64666666666668,
        138.18,
        130.17333333333335,
        138.24,
        135.66,
        150.89333333333335,
        142.56666666666666,
        139.28666666666666,
        145.52666666666667,
        158.30666666666667,
        143.28666666666666,
        148.86,
        153.36666666666667,
        140.65333333333334,
        142.90666666666667,
        142.80666666666667,
        138.56,
        141.56666666666666,
        140.44,
        148.87333333333333,
        147.07333333333332,
        142.81333333333333,
        145.96666666666667,
        136.85333333333332,
        142.20666666666668,
        145.56666666666666,
        136.25333333333333,
        137.13333333333333,
        149.15333333333334,
        136.33333333333334,
        137.96,
        139.53333333333333,
        139.77333333333334,
        142.45333333333335,
        151.92666666666668,
        146.89333333333335,
        138.40666666666667,
        133.54,
        133.77333333333334,
        144.37333333333333,
        138.86666666666667,
        155.38666666666666,
        151.9,
        141.54,
        144.12,
        143.90666666666667,
        141.03333333333333,
        139.98,
        134.92666666666668,
        144.08,
        142.55333333333334,
        144.82666666666665,
        138.77333333333334,
        146.72,
        133.24666666666667,
        141.41333333333333,
        146.26666666666668,
        136.12666666666667,
        137.68666666666667,
        143.34,
        137.70666666666668,
        153.38666666666666,
        145.7,
        140.98,
        139.26,
        138.24666666666667,
        144.06666666666666,
        142.81333333333333,
        131.61333333333334,
        140.49333333333334,
        145.74666666666667,
        150.08666666666667,
        146.89333333333335,
        134.48,
        134.00666666666666,
        143.54
    ],
    "best fitness history": [
        10,
        10,
        10,
        11,
        33,
        48,
        54,
        63,
        57,
        56,
        65,
        62,
        56,
        54,
        38,
        63,
        63,
        63,
        63,
        58,
        63,
        42,
        50,
        37,
        45,
        10,
        53,
        57,
        42,
        61,
        268,
        76,
        10,
        32,
        89,
        123,
        163,
        225,
        244,
        239,
        214,
        278,
        282,
        292,
        289,
        328,
        297,
        287,
        299,
        269,
        296,
        287,
        325,
        319,
        321,
        313,
        291,
        289,
        290,
        312,
        289,
        288,
        307,
        292,
        323,
        305,
        306,
        328,
        276,
        293,
        308,
        357,
        326,
        314,
        322,
        298,
        295,
        304,
        319,
        303,
        296,
        317,
        309,
        316,
        380,
        284,
        333,
        357,
        340,
        338,
        298,
        276,
        296,
        353,
        311,
        306,
        363,
        300,
        307,
        350,
        295,
        304,
        289,
        322,
        323,
        321,
        334,
        334,
        285,
        302,
        325,
        310,
        315,
        330,
        300,
        318,
        316,
        307,
        361,
        291,
        316,
        310,
        348,
        293,
        303,
        307,
        303,
        304,
        322,
        296,
        277,
        357,
        288,
        368,
        290,
        321,
        326,
        317,
        303,
        300,
        310,
        298,
        313,
        314,
        317,
        334,
        311,
        298,
        306,
        291,
        370,
        300,
        333,
        312,
        288,
        355,
        297,
        316,
        340,
        304,
        292,
        358,
        333,
        339,
        313,
        381,
        309,
        290,
        285,
        293,
        325,
        288,
        309,
        342,
        302,
        291,
        306,
        377,
        337,
        302,
        342,
        338,
        296,
        289,
        356,
        283,
        330,
        323,
        284,
        282,
        287,
        350,
        305,
        325,
        330,
        330,
        342,
        302,
        291,
        338
    ],