{
    "time": "2022-09-12-05-24-53",
    "generations": 200,
    "fitness history": [
        8.48,
        8.533333333333333,
        9.62,
        10.98,
        20.28,
        114.03333333333333,
        58.406666666666666,
        201.93333333333334,
        95.07333333333334,
        95.92666666666666,
        64.27333333333333,
        25.44,
        8.38,
        8.366666666666667,
        8.4,
        15.42,
        10.88,
        10.946666666666667,
        10.98,
        33.3,
        68.08,
        106.06666666666666,
        100.52,
        121.55333333333333,
        143.66,
        128.04666666666665,
        124.92666666666666,
        128.62666666666667,
        133.98666666666668,
        121.65333333333334,
        121.16666666666667,
        124.48666666666666,
        132.76,
        133.12666666666667,
        130.71333333333334,
        138.93333333333334,
        126.81333333333333,
        136.1,
        130.86,
        129.65333333333334,
        142.49333333333334,
        138.29333333333332,
        138.28,
        127.21333333333334,
        128.20666666666668,
        130.7,
        129.43333333333334,
        132.29333333333332,
        141.06666666666666,
        139.44,
        132.58,
        133.84666666666666,
        141.53333333333333,
        129.05333333333334,
        129.38666666666666,
        126.75333333333333,
        137.84,
        143.60666666666665,
        137.23333333333332,
        144.54,
        142.22666666666666,
        141.6,
        145.98,
        145.86666666666667,
        136.92666666666668,
        141.03333333333333,
        144.90666666666667,
        145.16666666666666,
        145.22666666666666,
        147.63333333333333,
        142.9,
        145.9,
        148.68666666666667,
        164.89333333333335,
        155.03333333333333,
        148.10666666666665,
        146.66666666666666,
        148.90666666666667,
        159.92,
        159.86,
        149.40666666666667,
        152.51333333333332,
        157.18,
        160.55333333333334,
        149.94666666666666,
        149.0,
        157.08666666666667,
        156.54,
        154.11333333333334,
        135.78666666666666,
        153.00666666666666,
        156.33333333333334,
        160.51333333333332,
        159.62,
        153.64666666666668,
        162.8,
        160.90666666666667,
        173.42666666666668,
        158.08,
        164.42,
        171.84666666666666,
        159.03333333333333,
        183.53333333333333,
        179.87333333333333,
        162.96666666666667,
        189.04666666666665,
        189.72,
        214.69333333333333,
        210.02,
        220.66666666666666,
        218.77333333333334,
        236.86,
        246.18,
        267.99333333333334,
        282.49333333333334,
        305.5133333333333,
        330.49333333333334,
        271.76,
        333.8333333333333,
        297.6,
        289.44,
        282.34,
        281.08,
        283.44,
        278.38,
        281.4066666666667,
        273.4866666666667,
        275.25333333333333,
        278.82666666666665,
        268.3466666666667,
        271.0466666666667,
        268.88666666666666,
        268.1533333333333,
        267.64,
        266.9533333333333,
        267.6533333333333,
        263.08666666666664,
        263.2866666666667,
        258.76666666666665,
        255.51333333333332,
        260.3,
        259.0733333333333,
        262.36,
        258.96666666666664,
        256.76,
        257.28,
        256.03333333333336,
        257.25333333333333,
        252.49333333333334,
        254.06666666666666,
        313.43333333333334,
        275.0133333333333,
        267.26,
        267.14666666666665,
        266.12,
        267.12,
        271.1,
        262.17333333333335,
        260.6066666666667,
        261.1933333333333,
        257.91333333333336,
        262.56,
        260.8,
        263.06,
        260.75333333333333,
        263.3,
        261.4066666666667,
        261.2133333333333,
        258.9,
        258.1,
        258.37333333333333,
        256.74666666666667,
        255.4,
        260.41333333333336,
        257.41333333333336,
        256.88,
        255.60666666666665,
        256.47333333333336,
        255.87333333333333,
        256.52,
        256.97333333333336,
        256.96666666666664,
        256.92,
        256.46,
        257.02,
        256.2866666666667,
        255.58,
        255.45333333333335,
        259.82666666666665,
        258.84,
        259.14666666666665,
        260.42,
        260.1066666666667,
        259.76666666666665,
        260.0133333333333,
        260.32666666666665,
        258.44,
        258.8,
        260.5,
        258.24
    ],
    "best fitness history": [
        10,
        38,
        160,
        210,
        262,
        499,
        499,
        499,
        499,
        499,
        283,
        301,
        10,
        10,
        10,
        256,
        233,
        252,
        265,
        298,
        307,
        324,
        363,
        295,
        499,
        499,
        499,
        499,
        499,
        319,
        272,
        499,
        499,
        499,
        293,
        499,
        311,
        286,
        308,
        297,
        317,
        288,
        286,
        320,
        288,
        313,
        360,
        287,
        284,
        317,
        312,
        307,
        291,
        356,
        308,
        273,
        301,
        361,
        339,
        499,
        499,
        499,
        499,
        499,
        499,
        499,
        499,
        499,
        499,
        499,
        499,
        499,
        499,
        499,
        499,
        499,
        499,
        499,
        499,
        499,
        499,
        499,
        499,
        499,
        499,
        499,
        499,
        499,
        499,
        499,
        499,
        499,
        499,
        499,
        499,
        499,
        499,
        499,
        499,
        499,
        499,
        499,
        499,
        499,
        499,
        499,
        499,
        499,
        499,
        499,
        499,
        499,
        499,
        499,
        499,
        499,
        499,
        499,
        499,
        499,
        499,
        499,
        499,
        499,
        499,
        499,
        499,
        499,
        499,
        499,
        499,
        499,
        499,
        499,
        499,
        499,
        499,
        499,
        499,
        499,
        499,
        499,
        499,
        499,
        499,
        499,
        499,
        499,
        499,
        499,
        499,
        499,
        499,
        499,
        499,
        499,
        499,
        499,
        499,
        499,
        499,
        499,
        499,
        499,
        499,
        499,
        499,
        499,
        499,
        499,
        499,
        499,
        499,
        499,
        499,
        499,
        499,
        499,
        499,
        499,
        499,
        499,
        499,
        499,
        499,
        499,
        499,
        499,
        499,
        499,
        499,
        499,
        499,
        499,
        499,
        499,
        499,
        499,
        499,
        499
    ],