{
    "time": "2022-09-10-04-16-21",
    "generations": 200,
    "fitness history": [
        8.233333333333333,
        8.426666666666666,
        8.313333333333333,
        8.306666666666667,
        8.326666666666666,
        8.293333333333333,
        8.353333333333333,
        8.353333333333333,
        8.366666666666667,
        8.413333333333334,
        8.366666666666667,
        8.433333333333334,
        8.226666666666667,
        8.3,
        8.406666666666666,
        8.34,
        8.893333333333333,
        10.193333333333333,
        27.413333333333334,
        24.986666666666668,
        28.793333333333333,
        20.786666666666665,
        28.06,
        29.133333333333333,
        21.106666666666666,
        17.713333333333335,
        25.713333333333335,
        27.813333333333333,
        25.7,
        26.126666666666665,
        22.64666666666667,
        27.64,
        27.3,
        30.74,
        29.18,
        30.14,
        28.793333333333333,
        28.466666666666665,
        32.27333333333333,
        29.02,
        31.333333333333332,
        33.88666666666666,
        31.326666666666668,
        29.62,
        31.973333333333333,
        27.28,
        32.973333333333336,
        30.946666666666665,
        33.00666666666667,
        24.993333333333332,
        32.72,
        28.886666666666667,
        33.333333333333336,
        30.973333333333333,
        28.173333333333332,
        30.7,
        31.173333333333332,
        27.18,
        29.813333333333333,
        29.82,
        27.846666666666668,
        29.973333333333333,
        32.96,
        30.166666666666668,
        30.873333333333335,
        29.98,
        30.373333333333335,
        29.32,
        31.086666666666666,
        32.61333333333334,
        31.066666666666666,
        29.673333333333332,
        29.273333333333333,
        30.033333333333335,
        32.3,
        31.393333333333334,
        26.18,
        25.773333333333333,
        31.013333333333332,
        30.72,
        31.35333333333333,
        32.21333333333333,
        28.553333333333335,
        27.466666666666665,
        32.346666666666664,
        30.386666666666667,
        29.413333333333334,
        30.746666666666666,
        26.246666666666666,
        34.46666666666667,
        30.173333333333332,
        32.85333333333333,
        30.02,
        30.346666666666668,
        34.06,
        26.273333333333333,
        30.58,
        29.42,
        29.046666666666667,
        29.24,
        28.82,
        27.74,
        28.453333333333333,
        29.246666666666666,
        30.246666666666666,
        25.186666666666667,
        29.073333333333334,
        31.053333333333335,
        30.413333333333334,
        30.093333333333334,
        30.626666666666665,
        34.04,
        26.606666666666666,
        28.06,
        29.733333333333334,
        30.093333333333334,
        29.666666666666668,
        29.673333333333332,
        28.64666666666667,
        30.4,
        27.033333333333335,
        31.233333333333334,
        30.553333333333335,
        29.833333333333332,
        29.506666666666668,
        29.66,
        30.433333333333334,
        27.7,
        31.946666666666665,
        28.013333333333332,
        30.553333333333335,
        35.2,
        29.006666666666668,
        29.06,
        28.2,
        28.34,
        30.873333333333335,
        28.326666666666668,
        33.17333333333333,
        30.566666666666666,
        26.946666666666665,
        29.1,
        30.093333333333334,
        26.593333333333334,
        32.913333333333334,
        27.166666666666668,
        28.78,
        29.64666666666667,
        30.35333333333333,
        31.726666666666667,
        27.64666666666667,
        31.52,
        30.053333333333335,
        30.30666666666667,
        28.093333333333334,
        29.453333333333333,
        26.80666666666667,
        29.673333333333332,
        28.186666666666667,
        31.76,
        27.06,
        30.073333333333334,
        29.986666666666668,
        28.426666666666666,
        31.253333333333334,
        25.78,
        29.406666666666666,
        30.986666666666668,
        31.873333333333335,
        26.933333333333334,
        30.873333333333335,
        30.933333333333334,
        30.56,
        29.34,
        30.68,
        27.633333333333333,
        28.793333333333333,
        30.44,
        30.02,
        30.82,
        28.84,
        30.873333333333335,
        28.533333333333335,
        28.913333333333334,
        30.24,
        29.966666666666665,
        29.74,
        30.946666666666665,
        28.80666666666667,
        27.373333333333335,
        33.54,
        27.326666666666668,
        28.14,
        28.0,
        31.406666666666666,
        26.326666666666668,
        28.253333333333334,
        31.34,
        29.633333333333333,
        29.573333333333334
    ],
    "best fitness history": [
        10,
        10,
        10,
        10,
        10,
        10,
        10,
        10,
        10,
        10,
        10,
        10,
        10,
        10,
        10,
        10,
        64,
        72,
        162,
        100,
        100,
        76,
        93,
        145,
        92,
        84,
        88,
        142,
        79,
        126,
        78,
        115,
        108,
        173,
        96,
        108,
        100,
        107,
        142,
        93,
        133,
        102,
        101,
        122,
        98,
        130,
        119,
        94,
        122,
        84,
        104,
        85,
        152,
        96,
        93,
        134,
        88,
        99,
        88,
        93,
        101,
        151,
        137,
        103,
        160,
        116,
        120,
        90,
        121,
        120,
        101,
        101,
        118,
        107,
        117,
        134,
        109,
        141,
        100,
        130,
        88,
        118,
        184,
        206,
        155,
        76,
        102,
        97,
        73,
        123,
        183,
        79,
        104,
        117,
        117,
        82,
        112,
        106,
        88,
        106,
        136,
        97,
        92,
        132,
        142,
        109,
        108,
        96,
        130,
        174,
        112,
        130,
        107,
        221,
        105,
        106,
        115,
        99,
        138,
        162,
        99,
        104,
        120,
        146,
        88,
        107,
        92,
        88,
        116,
        107,
        115,
        179,
        102,
        79,
        105,
        142,
        110,
        96,
        162,
        125,
        105,
        92,
        125,
        90,
        122,
        85,
        143,
        82,
        136,
        101,
        107,
        109,
        99,
        124,
        107,
        125,
        88,
        140,
        118,
        122,
        138,
        83,
        141,
        98,
        132,
        79,
        88,
        128,
        173,
        104,
        86,
        120,
        120,
        106,
        142,
        122,
        89,
        100,
        122,
        146,
        89,
        91,
        88,
        78,
        96,
        127,
        125,
        138,
        120,
        135,
        160,
        102,
        134,
        142,
        108,
        102,
        130,
        102,
        135,
        94
    ],