{
    "time": "2022-09-10-11-09-53",
    "generations": 200,
    "fitness history": [
        8.386666666666667,
        8.26,
        8.353333333333333,
        8.353333333333333,
        8.34,
        8.373333333333333,
        8.36,
        8.266666666666667,
        8.36,
        8.386666666666667,
        8.386666666666667,
        8.3,
        8.373333333333333,
        8.373333333333333,
        8.293333333333333,
        8.46,
        8.306666666666667,
        8.373333333333333,
        8.3,
        8.426666666666666,
        8.393333333333333,
        8.48,
        8.306666666666667,
        8.326666666666666,
        8.313333333333333,
        8.24,
        8.313333333333333,
        8.3,
        8.6,
        9.42,
        8.213333333333333,
        8.42,
        8.226666666666667,
        26.286666666666665,
        26.86,
        8.313333333333333,
        8.393333333333333,
        27.173333333333332,
        28.826666666666668,
        28.64666666666667,
        8.366666666666667,
        8.98,
        8.34,
        28.013333333333332,
        8.386666666666667,
        8.513333333333334,
        8.453333333333333,
        8.373333333333333,
        30.12,
        23.1,
        26.786666666666665,
        29.69333333333333,
        8.246666666666666,
        28.18,
        8.346666666666666,
        29.573333333333334,
        8.36,
        8.38,
        8.353333333333333,
        8.26,
        28.42,
        8.346666666666666,
        8.993333333333334,
        10.14,
        27.893333333333334,
        8.36,
        28.906666666666666,
        30.013333333333332,
        8.366666666666667,
        8.386666666666667,
        28.98,
        29.12,
        8.333333333333334,
        8.393333333333333,
        28.92,
        8.426666666666666,
        29.06,
        9.6,
        10.92,
        31.333333333333332,
        29.106666666666666,
        8.353333333333333,
        46.7,
        8.34,
        117.17333333333333,
        21.486666666666668,
        29.273333333333333,
        178.02,
        143.25333333333333,
        92.87333333333333,
        96.08,
        108.38666666666667,
        8.386666666666667,
        121.66666666666667,
        27.46,
        90.52666666666667,
        143.64666666666668,
        227.26666666666668,
        46.86666666666667,
        135.59333333333333,
        7.693333333333333,
        177.90666666666667,
        8.213333333333333,
        35.526666666666664,
        96.14666666666666,
        175.14,
        21.846666666666668,
        8.993333333333334,
        7.753333333333333,
        201.26,
        302.08666666666664,
        20.4,
        7.8933333333333335,
        38.64666666666667,
        8.473333333333333,
        478.9,
        140.33333333333334,
        7.8133333333333335,
        19.866666666666667,
        183.27333333333334,
        73.91333333333333,
        8.34,
        7.773333333333333,
        8.4,
        26.16,
        8.466666666666667,
        53.94,
        8.173333333333334,
        197.92,
        7.693333333333333,
        61.333333333333336,
        47.31333333333333,
        113.86,
        46.026666666666664,
        8.126666666666667,
        466.04,
        8.313333333333333,
        7.746666666666667,
        8.426666666666666,
        8.833333333333334,
        93.33333333333333,
        7.706666666666667,
        8.38,
        8.246666666666666,
        8.36,
        38.2,
        23.58,
        8.533333333333333,
        41.166666666666664,
        8.42,
        9.533333333333333,
        40.68,
        19.673333333333332,
        334.52,
        499.0,
        40.233333333333334,
        8.333333333333334,
        8.393333333333333,
        40.36,
        156.00666666666666,
        186.38,
        12.226666666666667,
        25.6,
        8.373333333333333,
        203.89333333333335,
        28.80666666666667,
        8.446666666666667,
        43.24666666666667,
        53.06666666666667,
        8.42,
        7.993333333333333,
        40.1,
        27.233333333333334,
        14.96,
        20.626666666666665,
        8.446666666666667,
        25.246666666666666,
        8.373333333333333,
        8.486666666666666,
        188.38,
        355.26,
        8.22,
        8.42,
        7.933333333333334,
        11.173333333333334,
        18.58,
        8.32,
        10.253333333333334,
        185.94666666666666,
        46.21333333333333,
        130.43333333333334,
        174.32,
        41.56,
        134.97333333333333,
        7.6866666666666665,
        8.326666666666666,
        24.166666666666668,
        63.89333333333333,
        7.86,
        8.24
    ],
    "best fitness history": [
        10,
        10,
        10,
        10,
        10,
        10,
        10,
        10,
        10,
        10,
        10,
        10,
        10,
        10,
        10,
        10,
        10,
        10,
        10,
        10,
        10,
        10,
        10,
        10,
        10,
        10,
        10,
        10,
        46,
        53,
        10,
        11,
        10,
        55,
        63,
        10,
        10,
        59,
        68,
        60,
        10,
        103,
        10,
        60,
        10,
        10,
        10,
        10,
        69,
        58,
        63,
        66,
        10,
        64,
        10,
        68,
        11,
        10,
        10,
        10,
        60,
        10,
        72,
        49,
        63,
        10,
        59,
        68,
        10,
        10,
        73,
        62,
        10,
        11,
        64,
        10,
        60,
        175,
        92,
        92,
        66,
        11,
        151,
        10,
        407,
        52,
        68,
        277,
        316,
        219,
        287,
        178,
        10,
        346,
        63,
        372,
        233,
        499,
        150,
        421,
        9,
        295,
        10,
        65,
        208,
        356,
        61,
        10,
        10,
        299,
        499,
        52,
        24,
        66,
        36,
        499,
        499,
        10,
        55,
        298,
        233,
        10,
        9,
        10,
        42,
        10,
        85,
        9,
        290,
        8,
        98,
        81,
        239,
        125,
        9,
        499,
        10,
        10,
        10,
        10,
        187,
        9,
        24,
        10,
        11,
        83,
        67,
        10,
        66,
        10,
        25,
        65,
        53,
        499,
        499,
        66,
        10,
        10,
        66,
        206,
        321,
        21,
        61,
        10,
        292,
        63,
        10,
        74,
        146,
        10,
        9,
        69,
        57,
        44,
        60,
        11,
        44,
        10,
        13,
        453,
        499,
        10,
        18,
        9,
        66,
        48,
        10,
        49,
        298,
        134,
        434,
        321,
        98,
        304,
        9,
        10,
        44,
        136,
        11,
        9
    ],