{
    "time": "2022-09-10-03-57-18",
    "generations": 200,
    "fitness history": [
        8.3,
        8.326666666666666,
        8.473333333333333,
        8.44,
        8.493333333333334,
        10.0,
        12.693333333333333,
        21.69333333333333,
        8.34,
        9.306666666666667,
        8.306666666666667,
        28.906666666666666,
        8.526666666666667,
        27.393333333333334,
        8.353333333333333,
        28.80666666666667,
        8.4,
        8.333333333333334,
        8.386666666666667,
        27.68,
        8.333333333333334,
        20.573333333333334,
        8.333333333333334,
        8.406666666666666,
        28.6,
        27.546666666666667,
        29.786666666666665,
        26.226666666666667,
        8.46,
        29.34,
        30.18,
        8.3,
        8.293333333333333,
        8.333333333333334,
        29.333333333333332,
        28.346666666666668,
        29.1,
        8.293333333333333,
        8.146666666666667,
        31.453333333333333,
        15.8,
        8.426666666666666,
        27.233333333333334,
        37.93333333333333,
        9.36,
        8.42,
        8.38,
        8.24,
        37.67333333333333,
        42.586666666666666,
        8.3,
        7.706666666666667,
        8.353333333333333,
        8.293333333333333,
        8.366666666666667,
        41.36,
        7.786666666666667,
        8.353333333333333,
        8.413333333333334,
        8.353333333333333,
        8.413333333333334,
        8.36,
        8.393333333333333,
        8.36,
        8.26,
        8.346666666666666,
        43.586666666666666,
        8.446666666666667,
        8.286666666666667,
        7.713333333333333,
        7.946666666666666,
        8.4,
        8.333333333333334,
        8.273333333333333,
        8.426666666666666,
        8.453333333333333,
        40.61333333333334,
        8.446666666666667,
        8.466666666666667,
        25.486666666666668,
        8.113333333333333,
        8.373333333333333,
        8.0,
        8.34,
        28.313333333333333,
        8.366666666666667,
        8.393333333333333,
        8.226666666666667,
        8.313333333333333,
        8.286666666666667,
        8.406666666666666,
        8.293333333333333,
        8.24,
        44.25333333333333,
        23.14,
        8.34,
        8.273333333333333,
        8.366666666666667,
        8.293333333333333,
        8.353333333333333,
        8.326666666666666,
        7.933333333333334,
        8.24,
        26.54,
        8.393333333333333,
        8.42,
        8.3,
        8.04,
        8.393333333333333,
        8.293333333333333,
        8.253333333333334,
        8.306666666666667,
        8.34,
        8.36,
        23.886666666666667,
        8.36,
        40.093333333333334,
        8.313333333333333,
        8.306666666666667,
        8.36,
        8.28,
        8.306666666666667,
        8.433333333333334,
        8.36,
        8.4,
        8.42,
        8.36,
        24.106666666666666,
        8.433333333333334,
        8.406666666666666,
        8.306666666666667,
        9.92,
        8.46,
        8.26,
        14.38,
        8.433333333333334,
        8.3,
        13.773333333333333,
        8.346666666666666,
        18.58,
        8.293333333333333,
        8.366666666666667,
        8.36,
        7.9,
        44.60666666666667,
        7.8933333333333335,
        8.3,
        15.126666666666667,
        7.833333333333333,
        8.313333333333333,
        499.0,
        8.333333333333334,
        8.4,
        9.94,
        8.386666666666667,
        8.213333333333333,
        10.353333333333333,
        8.373333333333333,
        12.486666666666666,
        8.346666666666666,
        7.993333333333333,
        8.393333333333333,
        8.346666666666666,
        8.26,
        8.266666666666667,
        8.42,
        54.846666666666664,
        162.65333333333334,
        7.826666666666667,
        8.406666666666666,
        56.94,
        8.42,
        8.34,
        8.366666666666667,
        8.393333333333333,
        8.266666666666667,
        8.406666666666666,
        8.34,
        9.16,
        15.22,
        11.613333333333333,
        8.386666666666667,
        8.366666666666667,
        8.606666666666667,
        29.086666666666666,
        8.333333333333334,
        8.306666666666667,
        8.393333333333333,
        8.34,
        182.36666666666667,
        8.233333333333333,
        9.806666666666667,
        37.49333333333333,
        19.106666666666666,
        8.366666666666667,
        8.3,
        11.526666666666667,
        11.666666666666666,
        8.42,
        9.88
    ],
    "best fitness history": [
        10,
        10,
        10,
        25,
        11,
        69,
        54,
        54,
        10,
        149,
        10,
        67,
        10,
        62,
        10,
        63,
        10,
        10,
        10,
        72,
        10,
        54,
        10,
        11,
        69,
        65,
        55,
        61,
        10,
        60,
        59,
        10,
        10,
        10,
        61,
        64,
        60,
        10,
        10,
        68,
        58,
        10,
        62,
        68,
        36,
        10,
        11,
        9,
        64,
        62,
        10,
        8,
        10,
        10,
        10,
        66,
        10,
        10,
        11,
        10,
        10,
        10,
        10,
        10,
        10,
        10,
        71,
        10,
        10,
        10,
        10,
        11,
        10,
        10,
        10,
        10,
        67,
        10,
        13,
        59,
        10,
        10,
        9,
        10,
        55,
        10,
        10,
        10,
        10,
        10,
        10,
        10,
        10,
        72,
        61,
        10,
        10,
        10,
        10,
        10,
        11,
        11,
        10,
        53,
        10,
        10,
        10,
        12,
        10,
        10,
        10,
        10,
        10,
        10,
        62,
        10,
        62,
        10,
        10,
        13,
        10,
        10,
        11,
        10,
        10,
        10,
        10,
        121,
        10,
        10,
        10,
        132,
        10,
        10,
        176,
        10,
        10,
        77,
        10,
        73,
        10,
        10,
        10,
        9,
        78,
        9,
        10,
        22,
        9,
        10,
        499,
        10,
        10,
        31,
        10,
        10,
        16,
        10,
        18,
        10,
        9,
        10,
        10,
        10,
        10,
        10,
        85,
        281,
        11,
        10,
        99,
        10,
        10,
        10,
        10,
        10,
        10,
        10,
        11,
        20,
        16,
        10,
        10,
        10,
        44,
        10,
        10,
        10,
        10,
        352,
        10,
        12,
        93,
        42,
        10,
        10,
        15,
        15,
        10,
        12
    ],