{
    "time": "2022-09-10-07-27-19",
    "generations": 200,
    "fitness history": [
        8.473333333333333,
        8.3,
        8.353333333333333,
        8.36,
        8.326666666666666,
        8.4,
        8.386666666666667,
        8.586666666666666,
        9.82,
        20.673333333333332,
        22.166666666666668,
        12.593333333333334,
        34.02,
        39.32,
        26.713333333333335,
        58.63333333333333,
        196.06666666666666,
        11.313333333333333,
        160.36666666666667,
        21.3,
        153.05333333333334,
        24.58,
        28.96,
        8.313333333333333,
        28.846666666666668,
        122.78,
        8.166666666666666,
        8.2,
        190.43333333333334,
        8.44,
        8.193333333333333,
        27.533333333333335,
        8.413333333333334,
        8.38,
        8.353333333333333,
        8.353333333333333,
        45.06,
        8.273333333333333,
        25.98,
        8.326666666666666,
        8.24,
        111.18666666666667,
        206.05333333333334,
        11.84,
        8.633333333333333,
        76.55333333333333,
        38.693333333333335,
        8.16,
        156.45333333333335,
        8.766666666666667,
        41.13333333333333,
        39.79333333333334,
        27.326666666666668,
        52.153333333333336,
        37.46666666666667,
        8.493333333333334,
        51.12,
        8.173333333333334,
        8.92,
        7.76,
        39.233333333333334,
        7.913333333333333,
        165.11333333333334,
        7.98,
        22.54,
        28.006666666666668,
        8.193333333333333,
        169.00666666666666,
        8.3,
        9.253333333333334,
        7.9,
        205.82,
        8.133333333333333,
        8.14,
        7.8133333333333335,
        8.406666666666666,
        8.24,
        8.146666666666667,
        8.22,
        8.06,
        8.313333333333333,
        95.76,
        8.06,
        8.306666666666667,
        8.386666666666667,
        8.32,
        125.54,
        44.14666666666667,
        51.68666666666667,
        8.74,
        8.44,
        8.213333333333333,
        118.73333333333333,
        37.10666666666667,
        8.153333333333334,
        38.39333333333333,
        8.333333333333334,
        8.32,
        22.153333333333332,
        8.22,
        12.793333333333333,
        8.393333333333333,
        8.44,
        8.646666666666667,
        33.89333333333333,
        8.273333333333333,
        25.933333333333334,
        8.34,
        8.286666666666667,
        8.38,
        8.126666666666667,
        8.393333333333333,
        8.466666666666667,
        8.413333333333334,
        8.24,
        8.333333333333334,
        120.12666666666667,
        8.38,
        8.546666666666667,
        8.293333333333333,
        8.32,
        8.333333333333334,
        8.346666666666666,
        8.246666666666666,
        8.433333333333334,
        8.346666666666666,
        13.993333333333334,
        23.32,
        8.366666666666667,
        8.386666666666667,
        8.433333333333334,
        15.906666666666666,
        8.366666666666667,
        8.253333333333334,
        28.913333333333334,
        8.32,
        8.406666666666666,
        8.366666666666667,
        8.366666666666667,
        8.3,
        8.38,
        8.3,
        8.24,
        8.44,
        8.44,
        8.36,
        8.4,
        8.386666666666667,
        8.386666666666667,
        8.286666666666667,
        8.22,
        50.38666666666666,
        17.826666666666668,
        8.393333333333333,
        8.413333333333334,
        8.406666666666666,
        8.406666666666666,
        8.373333333333333,
        8.406666666666666,
        8.326666666666666,
        8.34,
        21.013333333333332,
        70.18666666666667,
        8.366666666666667,
        9.26,
        8.353333333333333,
        13.753333333333334,
        8.333333333333334,
        12.586666666666666,
        8.3,
        8.266666666666667,
        8.313333333333333,
        8.36,
        8.28,
        8.373333333333333,
        8.38,
        8.333333333333334,
        8.3,
        88.01333333333334,
        8.306666666666667,
        79.7,
        160.12666666666667,
        8.386666666666667,
        8.446666666666667,
        8.32,
        8.36,
        8.266666666666667,
        8.393333333333333,
        8.4,
        8.313333333333333,
        8.58,
        8.453333333333333,
        8.34,
        8.373333333333333,
        17.126666666666665,
        8.313333333333333,
        8.406666666666666,
        8.313333333333333,
        12.706666666666667,
        8.34
    ],
    "best fitness history": [
        10,
        10,
        10,
        10,
        10,
        10,
        10,
        34,
        49,
        59,
        198,
        176,
        231,
        285,
        72,
        256,
        285,
        47,
        499,
        59,
        370,
        65,
        60,
        10,
        63,
        307,
        10,
        10,
        291,
        11,
        9,
        58,
        10,
        10,
        11,
        10,
        109,
        10,
        64,
        10,
        10,
        180,
        499,
        23,
        47,
        149,
        96,
        10,
        249,
        10,
        91,
        63,
        65,
        87,
        58,
        10,
        87,
        9,
        10,
        9,
        61,
        11,
        350,
        9,
        68,
        71,
        10,
        324,
        10,
        19,
        11,
        282,
        9,
        9,
        9,
        12,
        9,
        10,
        10,
        10,
        10,
        271,
        10,
        10,
        10,
        10,
        435,
        116,
        132,
        11,
        10,
        9,
        178,
        63,
        10,
        53,
        10,
        10,
        256,
        10,
        46,
        10,
        10,
        15,
        47,
        10,
        53,
        10,
        10,
        10,
        11,
        10,
        10,
        10,
        10,
        10,
        499,
        10,
        10,
        10,
        10,
        10,
        10,
        10,
        10,
        10,
        19,
        32,
        12,
        10,
        10,
        20,
        10,
        10,
        40,
        10,
        10,
        10,
        10,
        10,
        10,
        10,
        10,
        10,
        10,
        10,
        10,
        10,
        10,
        10,
        10,
        105,
        23,
        10,
        10,
        10,
        10,
        10,
        10,
        10,
        10,
        44,
        214,
        10,
        11,
        10,
        19,
        10,
        15,
        10,
        10,
        10,
        10,
        10,
        10,
        10,
        10,
        10,
        141,
        10,
        139,
        499,
        10,
        10,
        10,
        10,
        10,
        10,
        10,
        10,
        10,
        10,
        9,
        10,
        42,
        10,
        10,
        10,
        36,
        10
    ],