{
    "time": "2022-09-11-18-13-26",
    "generations": 200,
    "fitness history": [
        8.286666666666667,
        8.38,
        8.266666666666667,
        8.473333333333333,
        8.406666666666666,
        8.2,
        8.293333333333333,
        13.666666666666666,
        8.353333333333333,
        8.386666666666667,
        94.48,
        192.38666666666666,
        199.68666666666667,
        8.306666666666667,
        196.03333333333333,
        8.346666666666666,
        8.206666666666667,
        8.166666666666666,
        194.14666666666668,
        201.19333333333333,
        8.3,
        200.58,
        8.593333333333334,
        8.173333333333334,
        8.12,
        8.293333333333333,
        209.72,
        8.166666666666666,
        132.3,
        8.2,
        8.253333333333334,
        198.48,
        8.34,
        8.313333333333333,
        192.29333333333332,
        8.246666666666666,
        9.586666666666666,
        198.83333333333334,
        195.02,
        8.36,
        202.57333333333332,
        196.06666666666666,
        8.246666666666666,
        189.54,
        8.353333333333333,
        8.266666666666667,
        8.22,
        191.84666666666666,
        8.18,
        200.38,
        8.2,
        8.233333333333333,
        16.793333333333333,
        195.48,
        205.34666666666666,
        8.266666666666667,
        122.07333333333334,
        8.213333333333333,
        194.44,
        198.77333333333334,
        197.88666666666666,
        191.22666666666666,
        196.23333333333332,
        194.22666666666666,
        193.54,
        8.186666666666667,
        195.26666666666668,
        200.24,
        194.57333333333332,
        201.80666666666667,
        8.253333333333334,
        8.133333333333333,
        8.233333333333333,
        199.68,
        195.94666666666666,
        8.213333333333333,
        199.67333333333335,
        201.06,
        201.14666666666668,
        8.333333333333334,
        192.39333333333335,
        195.3,
        8.12,
        8.293333333333333,
        8.253333333333334,
        8.366666666666667,
        186.33333333333334,
        8.233333333333333,
        8.193333333333333,
        191.22,
        8.166666666666666,
        8.2,
        8.333333333333334,
        106.17333333333333,
        8.213333333333333,
        182.13333333333333,
        198.21333333333334,
        8.166666666666666,
        193.87333333333333,
        8.32,
        8.173333333333334,
        8.24,
        205.09333333333333,
        194.06,
        197.40666666666667,
        196.23333333333332,
        8.166666666666666,
        200.6,
        202.98,
        8.206666666666667,
        8.14,
        194.82,
        8.233333333333333,
        8.633333333333333,
        199.42,
        193.94,
        20.28,
        355.16,
        8.44,
        194.84666666666666,
        187.72,
        64.66,
        8.306666666666667,
        8.2,
        36.946666666666665,
        423.52666666666664,
        8.386666666666667,
        204.83333333333334,
        37.653333333333336,
        8.373333333333333,
        8.36,
        88.43333333333334,
        8.686666666666667,
        187.22,
        8.173333333333334,
        42.36,
        77.11333333333333,
        453.92,
        8.246666666666666,
        8.4,
        8.246666666666666,
        78.19333333333333,
        450.37333333333333,
        202.20666666666668,
        8.353333333333333,
        8.173333333333334,
        28.04,
        20.346666666666668,
        39.833333333333336,
        195.66,
        8.393333333333333,
        294.17333333333335,
        8.246666666666666,
        8.413333333333334,
        27.113333333333333,
        201.72666666666666,
        70.84666666666666,
        8.32,
        8.206666666666667,
        197.70666666666668,
        8.353333333333333,
        8.313333333333333,
        8.18,
        397.2866666666667,
        8.2,
        8.373333333333333,
        8.246666666666666,
        71.54666666666667,
        40.96,
        200.72666666666666,
        177.80666666666667,
        171.72666666666666,
        150.52,
        196.77333333333334,
        8.24,
        55.526666666666664,
        97.96666666666667,
        197.71333333333334,
        8.246666666666666,
        8.326666666666666,
        233.02666666666667,
        8.513333333333334,
        8.293333333333333,
        79.52666666666667,
        7.726666666666667,
        202.28666666666666,
        8.28,
        498.0733333333333,
        126.44666666666667,
        31.36,
        8.246666666666666,
        8.2,
        7.9,
        7.726666666666667,
        42.166666666666664,
        26.893333333333334,
        8.853333333333333,
        332.28,
        8.286666666666667,
        8.06
    ],
    "best fitness history": [
        10,
        10,
        10,
        10,
        10,
        10,
        10,
        216,
        10,
        10,
        297,
        286,
        356,
        9,
        331,
        9,
        9,
        10,
        296,
        305,
        10,
        313,
        41,
        10,
        9,
        9,
        499,
        9,
        310,
        10,
        9,
        315,
        10,
        9,
        298,
        9,
        186,
        296,
        319,
        10,
        311,
        307,
        9,
        295,
        10,
        9,
        10,
        318,
        10,
        312,
        9,
        10,
        270,
        290,
        301,
        9,
        289,
        9,
        267,
        294,
        283,
        300,
        304,
        304,
        320,
        10,
        286,
        310,
        320,
        318,
        10,
        9,
        9,
        313,
        306,
        10,
        312,
        311,
        301,
        9,
        315,
        281,
        10,
        9,
        9,
        10,
        282,
        10,
        9,
        297,
        9,
        10,
        10,
        305,
        10,
        278,
        308,
        10,
        323,
        9,
        10,
        9,
        329,
        316,
        324,
        307,
        9,
        312,
        300,
        10,
        9,
        299,
        9,
        28,
        309,
        320,
        106,
        495,
        10,
        294,
        334,
        156,
        10,
        9,
        80,
        499,
        10,
        305,
        134,
        9,
        10,
        186,
        50,
        283,
        9,
        96,
        183,
        499,
        9,
        10,
        9,
        156,
        499,
        314,
        10,
        9,
        76,
        45,
        92,
        278,
        10,
        435,
        9,
        10,
        82,
        323,
        144,
        9,
        9,
        286,
        10,
        9,
        10,
        499,
        10,
        10,
        10,
        202,
        128,
        285,
        499,
        266,
        499,
        301,
        10,
        499,
        226,
        297,
        10,
        10,
        499,
        10,
        9,
        226,
        9,
        309,
        10,
        499,
        499,
        46,
        9,
        9,
        9,
        9,
        112,
        55,
        10,
        499,
        9,
        9
    ],