{
    "time": "2022-09-10-12-53-51",
    "generations": 200,
    "fitness history": [
        8.186666666666667,
        8.333333333333334,
        8.32,
        8.46,
        8.306666666666667,
        8.406666666666666,
        8.34,
        8.346666666666666,
        8.266666666666667,
        8.286666666666667,
        8.42,
        8.366666666666667,
        8.253333333333334,
        8.44,
        8.533333333333333,
        8.3,
        8.42,
        8.3,
        8.326666666666666,
        8.326666666666666,
        8.36,
        8.333333333333334,
        8.353333333333333,
        8.3,
        8.326666666666666,
        8.426666666666666,
        8.38,
        8.453333333333333,
        8.346666666666666,
        8.373333333333333,
        8.42,
        8.36,
        8.38,
        8.606666666666667,
        8.266666666666667,
        8.406666666666666,
        8.34,
        8.38,
        8.44,
        8.406666666666666,
        8.386666666666667,
        8.42,
        8.38,
        8.4,
        8.373333333333333,
        8.286666666666667,
        8.44,
        8.4,
        8.8,
        12.813333333333333,
        8.36,
        21.22,
        26.92,
        20.78,
        22.253333333333334,
        21.253333333333334,
        19.706666666666667,
        18.953333333333333,
        18.64,
        20.1,
        19.68,
        20.64666666666667,
        21.093333333333334,
        20.086666666666666,
        22.78,
        21.36,
        20.066666666666666,
        21.19333333333333,
        23.206666666666667,
        22.72,
        22.413333333333334,
        22.173333333333332,
        22.753333333333334,
        21.92,
        23.333333333333332,
        21.52,
        21.073333333333334,
        21.406666666666666,
        20.56,
        20.846666666666668,
        21.6,
        19.866666666666667,
        20.26,
        22.066666666666666,
        21.82,
        21.686666666666667,
        21.14666666666667,
        21.466666666666665,
        22.02,
        21.633333333333333,
        23.14666666666667,
        22.526666666666667,
        21.933333333333334,
        20.133333333333333,
        19.85333333333333,
        19.833333333333332,
        21.533333333333335,
        19.513333333333332,
        20.68,
        21.86,
        23.053333333333335,
        19.813333333333333,
        21.2,
        21.946666666666665,
        23.0,
        21.686666666666667,
        22.76,
        21.673333333333332,
        20.86,
        19.986666666666668,
        18.666666666666668,
        18.66,
        21.22,
        21.966666666666665,
        22.42,
        19.553333333333335,
        19.526666666666667,
        19.24,
        21.046666666666667,
        20.153333333333332,
        21.413333333333334,
        19.393333333333334,
        21.24,
        21.066666666666666,
        23.866666666666667,
        22.753333333333334,
        20.80666666666667,
        22.166666666666668,
        22.386666666666667,
        22.166666666666668,
        21.38,
        22.753333333333334,
        21.113333333333333,
        21.08,
        22.42,
        22.233333333333334,
        22.19333333333333,
        23.24,
        24.386666666666667,
        22.066666666666666,
        20.613333333333333,
        21.373333333333335,
        21.14,
        22.466666666666665,
        23.82,
        22.1,
        21.326666666666668,
        19.26,
        22.62,
        21.506666666666668,
        22.3,
        22.12,
        23.006666666666668,
        21.373333333333335,
        23.026666666666667,
        22.706666666666667,
        20.42,
        23.026666666666667,
        20.813333333333333,
        21.226666666666667,
        20.913333333333334,
        20.0,
        20.386666666666667,
        22.093333333333334,
        21.48,
        20.06,
        21.753333333333334,
        21.473333333333333,
        21.633333333333333,
        25.14666666666667,
        21.69333333333333,
        22.44,
        19.833333333333332,
        21.66,
        20.773333333333333,
        20.68,
        22.42,
        22.573333333333334,
        21.726666666666667,
        22.726666666666667,
        22.186666666666667,
        22.426666666666666,
        22.253333333333334,
        19.9,
        19.86,
        22.013333333333332,
        21.84,
        20.34,
        22.613333333333333,
        20.72,
        22.753333333333334,
        23.426666666666666,
        22.866666666666667,
        22.173333333333332,
        22.14666666666667,
        21.2,
        20.133333333333333,
        22.44,
        22.26,
        21.30666666666667
    ],
    "best fitness history": [
        10,
        10,
        10,
        10,
        10,
        10,
        10,
        10,
        10,
        10,
        10,
        10,
        10,
        10,
        33,
        10,
        10,
        10,
        10,
        10,
        10,
        10,
        10,
        10,
        10,
        10,
        10,
        10,
        10,
        10,
        10,
        10,
        10,
        45,
        10,
        10,
        10,
        10,
        10,
        10,
        10,
        10,
        10,
        10,
        10,
        10,
        30,
        10,
        33,
        48,
        10,
        92,
        114,
        104,
        62,
        74,
        70,
        94,
        55,
        50,
        51,
        63,
        67,
        57,
        60,
        56,
        54,
        73,
        61,
        55,
        61,
        56,
        59,
        54,
        65,
        59,
        55,
        72,
        72,
        66,
        59,
        60,
        54,
        55,
        57,
        60,
        61,
        64,
        72,
        80,
        52,
        68,
        62,
        60,
        59,
        71,
        62,
        64,
        68,
        74,
        78,
        55,
        71,
        62,
        51,
        73,
        66,
        59,
        65,
        61,
        71,
        58,
        64,
        65,
        61,
        72,
        66,
        61,
        60,
        54,
        65,
        56,
        66,
        63,
        60,
        55,
        63,
        52,
        62,
        65,
        68,
        62,
        64,
        54,
        68,
        72,
        74,
        68,
        64,
        62,
        65,
        61,
        65,
        69,
        63,
        65,
        65,
        56,
        58,
        61,
        65,
        60,
        55,
        67,
        64,
        56,
        59,
        73,
        58,
        72,
        56,
        60,
        63,
        65,
        67,
        55,
        54,
        50,
        60,
        65,
        57,
        81,
        55,
        59,
        62,
        68,
        61,
        61,
        60,
        61,
        61,
        68,
        67,
        58,
        53,
        60,
        64,
        72,
        65,
        61,
        67,
        72,
        64,
        72,
        56,
        65,
        60,
        57,
        61,
        62
    ],