{
    "time": "2022-09-10-12-06-11",
    "generations": 200,
    "fitness history": [
        8.34,
        8.333333333333334,
        8.393333333333333,
        8.38,
        8.466666666666667,
        9.96,
        8.26,
        15.266666666666667,
        37.86666666666667,
        8.366666666666667,
        8.24,
        8.393333333333333,
        8.333333333333334,
        8.293333333333333,
        192.38,
        199.07333333333332,
        8.28,
        8.206666666666667,
        8.313333333333333,
        8.3,
        8.273333333333333,
        197.57333333333332,
        8.36,
        199.80666666666667,
        8.24,
        8.266666666666667,
        196.51333333333332,
        8.266666666666667,
        8.293333333333333,
        196.46,
        8.706666666666667,
        8.306666666666667,
        8.26,
        8.306666666666667,
        8.453333333333333,
        8.26,
        8.166666666666666,
        8.246666666666666,
        9.52,
        8.333333333333334,
        175.84,
        29.093333333333334,
        41.78,
        200.05333333333334,
        8.406666666666666,
        200.29333333333332,
        198.18,
        8.273333333333333,
        8.193333333333333,
        8.253333333333334,
        8.213333333333333,
        8.873333333333333,
        85.86,
        7.76,
        7.753333333333333,
        8.973333333333333,
        41.913333333333334,
        194.04,
        419.74,
        8.513333333333334,
        7.706666666666667,
        7.8933333333333335,
        7.7,
        102.38,
        8.24,
        7.726666666666667,
        8.26,
        191.02,
        8.526666666666667,
        76.34666666666666,
        19.826666666666668,
        194.75333333333333,
        8.26,
        7.78,
        8.5,
        200.08,
        7.92,
        7.66,
        7.733333333333333,
        8.013333333333334,
        207.40666666666667,
        193.54,
        8.346666666666666,
        7.833333333333333,
        7.693333333333333,
        203.28,
        204.30666666666667,
        499.0,
        8.653333333333334,
        7.92,
        8.146666666666667,
        195.77333333333334,
        189.76,
        8.226666666666667,
        8.386666666666667,
        42.193333333333335,
        86.59333333333333,
        7.773333333333333,
        194.05333333333334,
        205.97333333333333,
        7.78,
        52.89333333333333,
        7.786666666666667,
        327.6066666666667,
        7.753333333333333,
        8.706666666666667,
        37.733333333333334,
        8.206666666666667,
        197.99333333333334,
        8.093333333333334,
        8.513333333333334,
        8.233333333333333,
        213.34,
        7.693333333333333,
        8.933333333333334,
        209.84666666666666,
        35.70666666666666,
        199.82,
        178.03333333333333,
        8.3,
        199.84666666666666,
        7.82,
        51.74,
        8.94,
        26.966666666666665,
        202.88666666666666,
        7.98,
        220.88666666666666,
        32.17333333333333,
        8.246666666666666,
        223.04666666666665,
        11.486666666666666,
        113.09333333333333,
        8.86,
        8.1,
        8.313333333333333,
        8.36,
        491.9266666666667,
        7.76,
        499.0,
        201.61333333333334,
        7.793333333333333,
        200.93333333333334,
        198.09333333333333,
        69.13333333333334,
        8.093333333333334,
        8.153333333333334,
        8.1,
        499.0,
        8.173333333333334,
        8.1,
        204.74666666666667,
        42.14,
        7.666666666666667,
        153.9,
        193.30666666666667,
        8.94,
        8.326666666666666,
        19.72,
        327.5,
        200.89333333333335,
        193.41333333333333,
        499.0,
        499.0,
        162.08666666666667,
        66.26666666666667,
        8.32,
        202.33333333333334,
        200.02666666666667,
        7.713333333333333,
        203.33333333333334,
        8.226666666666667,
        8.226666666666667,
        192.54666666666665,
        8.166666666666666,
        191.96666666666667,
        236.75333333333333,
        26.313333333333333,
        189.06666666666666,
        8.093333333333334,
        8.286666666666667,
        196.48666666666668,
        8.266666666666667,
        8.24,
        495.8,
        30.19333333333333,
        8.02,
        195.13333333333333,
        14.04,
        8.273333333333333,
        86.24,
        8.226666666666667,
        8.2,
        8.213333333333333,
        43.75333333333333,
        8.16,
        8.313333333333333,
        8.26,
        7.786666666666667,
        8.4
    ],
    "best fitness history": [
        10,
        10,
        10,
        10,
        27,
        252,
        10,
        223,
        284,
        10,
        10,
        10,
        10,
        9,
        300,
        298,
        9,
        10,
        9,
        10,
        9,
        292,
        10,
        300,
        9,
        10,
        329,
        9,
        9,
        309,
        50,
        9,
        10,
        10,
        10,
        10,
        10,
        10,
        56,
        9,
        499,
        61,
        67,
        305,
        10,
        295,
        308,
        9,
        9,
        9,
        9,
        10,
        136,
        9,
        10,
        10,
        66,
        291,
        499,
        14,
        8,
        10,
        8,
        212,
        9,
        8,
        9,
        271,
        10,
        163,
        37,
        290,
        9,
        9,
        10,
        310,
        9,
        8,
        8,
        9,
        327,
        311,
        10,
        10,
        8,
        337,
        290,
        499,
        14,
        9,
        9,
        286,
        269,
        9,
        10,
        63,
        169,
        10,
        281,
        298,
        10,
        79,
        9,
        499,
        10,
        10,
        57,
        9,
        309,
        9,
        10,
        10,
        340,
        9,
        10,
        375,
        51,
        318,
        267,
        10,
        351,
        9,
        107,
        10,
        54,
        291,
        9,
        460,
        58,
        10,
        366,
        27,
        202,
        10,
        9,
        10,
        10,
        499,
        9,
        499,
        330,
        10,
        288,
        499,
        142,
        9,
        9,
        9,
        499,
        9,
        9,
        289,
        159,
        8,
        294,
        302,
        10,
        14,
        35,
        499,
        308,
        311,
        499,
        499,
        243,
        101,
        9,
        292,
        309,
        8,
        298,
        9,
        10,
        287,
        9,
        294,
        499,
        45,
        342,
        10,
        9,
        305,
        10,
        9,
        499,
        66,
        9,
        294,
        25,
        10,
        139,
        10,
        9,
        9,
        69,
        10,
        10,
        9,
        10,
        10
    ],