{
    "time": "2022-09-12-03-30-57",
    "generations": 200,
    "fitness history": [
        8.38,
        8.36,
        8.38,
        8.366666666666667,
        10.433333333333334,
        8.186666666666667,
        18.493333333333332,
        19.713333333333335,
        23.14666666666667,
        28.606666666666666,
        27.266666666666666,
        26.28,
        28.233333333333334,
        23.1,
        25.653333333333332,
        29.113333333333333,
        28.34,
        27.526666666666667,
        29.173333333333332,
        29.406666666666666,
        28.726666666666667,
        28.76,
        29.30666666666667,
        28.593333333333334,
        28.76,
        28.766666666666666,
        31.046666666666667,
        31.973333333333333,
        29.1,
        28.273333333333333,
        31.346666666666668,
        29.606666666666666,
        28.6,
        29.006666666666668,
        29.44,
        28.74,
        27.673333333333332,
        30.253333333333334,
        28.653333333333332,
        33.77333333333333,
        29.4,
        28.986666666666668,
        27.433333333333334,
        29.02,
        30.3,
        29.773333333333333,
        29.34,
        30.18,
        28.8,
        31.3,
        30.58,
        30.173333333333332,
        29.346666666666668,
        28.08,
        28.69333333333333,
        33.86666666666667,
        26.46,
        29.226666666666667,
        31.76,
        30.38,
        30.78,
        28.406666666666666,
        30.74,
        29.206666666666667,
        28.673333333333332,
        28.246666666666666,
        30.173333333333332,
        29.54,
        28.873333333333335,
        30.906666666666666,
        28.493333333333332,
        31.62,
        29.906666666666666,
        28.68,
        31.293333333333333,
        28.226666666666667,
        28.606666666666666,
        33.06,
        29.233333333333334,
        29.953333333333333,
        31.44,
        29.793333333333333,
        26.5,
        31.96,
        31.133333333333333,
        31.406666666666666,
        28.686666666666667,
        30.493333333333332,
        30.466666666666665,
        30.486666666666668,
        27.533333333333335,
        30.873333333333335,
        27.76,
        28.413333333333334,
        32.32666666666667,
        28.02,
        31.08,
        29.773333333333333,
        28.64666666666667,
        30.34,
        29.026666666666667,
        25.88,
        29.273333333333333,
        29.006666666666668,
        33.70666666666666,
        30.84,
        30.48,
        30.246666666666666,
        31.22,
        30.493333333333332,
        30.633333333333333,
        30.033333333333335,
        30.126666666666665,
        27.893333333333334,
        33.24666666666667,
        34.1,
        30.833333333333332,
        28.473333333333333,
        28.613333333333333,
        26.293333333333333,
        30.986666666666668,
        27.533333333333335,
        31.546666666666667,
        28.833333333333332,
        26.98,
        28.673333333333332,
        28.62,
        29.486666666666668,
        27.85333333333333,
        30.973333333333333,
        27.12,
        29.48,
        25.973333333333333,
        30.533333333333335,
        28.073333333333334,
        28.94,
        28.793333333333333,
        33.733333333333334,
        32.126666666666665,
        29.346666666666668,
        30.0,
        30.426666666666666,
        26.80666666666667,
        27.073333333333334,
        32.00666666666667,
        27.426666666666666,
        30.966666666666665,
        29.953333333333333,
        28.413333333333334,
        30.19333333333333,
        30.913333333333334,
        28.46,
        29.14,
        27.253333333333334,
        26.273333333333333,
        29.046666666666667,
        28.06,
        29.813333333333333,
        29.80666666666667,
        32.31333333333333,
        30.633333333333333,
        29.553333333333335,
        27.613333333333333,
        30.06,
        29.313333333333333,
        27.446666666666665,
        28.226666666666667,
        26.893333333333334,
        28.69333333333333,
        28.36,
        27.266666666666666,
        28.826666666666668,
        30.446666666666665,
        26.22,
        28.966666666666665,
        30.053333333333335,
        28.766666666666666,
        27.746666666666666,
        29.706666666666667,
        26.466666666666665,
        27.266666666666666,
        28.906666666666666,
        30.246666666666666,
        29.986666666666668,
        30.933333333333334,
        29.94,
        28.686666666666667,
        26.786666666666665,
        27.073333333333334,
        27.48,
        30.86,
        28.826666666666668,
        26.873333333333335,
        27.76,
        28.673333333333332,
        31.913333333333334,
        26.526666666666667,
        28.473333333333333,
        27.126666666666665,
        29.16
    ],
    "best fitness history": [
        10,
        10,
        10,
        24,
        67,
        10,
        118,
        83,
        96,
        121,
        302,
        220,
        228,
        87,
        128,
        129,
        101,
        116,
        100,
        129,
        76,
        99,
        96,
        109,
        83,
        122,
        89,
        136,
        100,
        115,
        120,
        152,
        106,
        155,
        152,
        109,
        106,
        120,
        134,
        93,
        110,
        93,
        98,
        98,
        106,
        137,
        105,
        88,
        115,
        104,
        112,
        87,
        88,
        107,
        124,
        181,
        91,
        107,
        105,
        116,
        107,
        118,
        129,
        127,
        113,
        70,
        120,
        190,
        97,
        104,
        77,
        115,
        102,
        78,
        96,
        98,
        75,
        117,
        121,
        136,
        101,
        113,
        102,
        112,
        119,
        88,
        122,
        178,
        113,
        130,
        93,
        144,
        92,
        78,
        110,
        115,
        176,
        128,
        130,
        132,
        113,
        94,
        106,
        116,
        194,
        149,
        88,
        122,
        134,
        121,
        151,
        84,
        139,
        90,
        183,
        112,
        159,
        105,
        95,
        72,
        110,
        86,
        114,
        102,
        111,
        96,
        145,
        105,
        163,
        105,
        124,
        87,
        103,
        85,
        86,
        88,
        124,
        499,
        499,
        107,
        142,
        142,
        97,
        123,
        96,
        134,
        110,
        98,
        101,
        144,
        142,
        101,
        123,
        117,
        106,
        120,
        153,
        73,
        137,
        124,
        108,
        123,
        96,
        90,
        103,
        101,
        125,
        84,
        110,
        150,
        100,
        91,
        123,
        98,
        128,
        131,
        102,
        86,
        130,
        100,
        93,
        102,
        170,
        94,
        97,
        124,
        92,
        130,
        92,
        90,
        125,
        104,
        99,
        119,
        162,
        142,
        107,
        110,
        106,
        106
    ],