{
    "time": "2022-09-10-07-56-25",
    "generations": 200,
    "fitness history": [
        8.413333333333334,
        8.613333333333333,
        9.853333333333333,
        8.32,
        15.293333333333333,
        8.406666666666666,
        8.3,
        8.32,
        39.79333333333334,
        39.5,
        8.2,
        40.446666666666665,
        41.72,
        8.266666666666667,
        38.46,
        39.626666666666665,
        38.233333333333334,
        8.36,
        8.213333333333333,
        41.89333333333333,
        39.653333333333336,
        8.273333333333333,
        8.366666666666667,
        8.333333333333334,
        8.406666666666666,
        8.273333333333333,
        8.313333333333333,
        37.74666666666667,
        8.3,
        8.4,
        8.42,
        16.506666666666668,
        8.38,
        8.373333333333333,
        8.366666666666667,
        27.993333333333332,
        8.373333333333333,
        31.22,
        33.54,
        27.706666666666667,
        8.38,
        8.346666666666666,
        38.20666666666666,
        93.38666666666667,
        27.866666666666667,
        16.9,
        9.886666666666667,
        12.166666666666666,
        29.85333333333333,
        37.306666666666665,
        8.3,
        25.833333333333332,
        8.206666666666667,
        35.373333333333335,
        8.373333333333333,
        8.986666666666666,
        37.11333333333334,
        8.433333333333334,
        44.95333333333333,
        11.333333333333334,
        8.026666666666667,
        7.766666666666667,
        42.02,
        8.346666666666666,
        78.76666666666667,
        8.466666666666667,
        36.5,
        8.513333333333334,
        7.94,
        30.54,
        40.986666666666665,
        8.333333333333334,
        8.406666666666666,
        63.94,
        39.52,
        23.85333333333333,
        7.9,
        36.126666666666665,
        8.34,
        7.746666666666667,
        112.31333333333333,
        8.473333333333333,
        203.66,
        43.36,
        38.846666666666664,
        447.38,
        226.22666666666666,
        8.413333333333334,
        186.88,
        8.833333333333334,
        22.84,
        8.713333333333333,
        8.453333333333333,
        112.54666666666667,
        8.72,
        8.326666666666666,
        32.013333333333335,
        46.50666666666667,
        8.3,
        8.273333333333333,
        8.36,
        8.333333333333334,
        21.0,
        8.346666666666666,
        8.36,
        8.28,
        34.28,
        42.96666666666667,
        8.38,
        86.98,
        8.333333333333334,
        12.913333333333334,
        8.173333333333334,
        23.526666666666667,
        8.373333333333333,
        135.65333333333334,
        43.71333333333333,
        44.14666666666667,
        8.293333333333333,
        8.246666666666666,
        8.42,
        8.293333333333333,
        12.48,
        11.073333333333334,
        8.353333333333333,
        31.466666666666665,
        150.01333333333332,
        8.2,
        58.32666666666667,
        8.313333333333333,
        8.326666666666666,
        17.333333333333332,
        8.793333333333333,
        8.56,
        8.446666666666667,
        8.066666666666666,
        8.44,
        8.333333333333334,
        19.26,
        173.73333333333332,
        34.03333333333333,
        8.466666666666667,
        38.693333333333335,
        8.213333333333333,
        8.373333333333333,
        8.44,
        26.56,
        99.80666666666667,
        8.366666666666667,
        8.34,
        8.42,
        33.193333333333335,
        8.36,
        8.253333333333334,
        179.98,
        8.353333333333333,
        99.82,
        36.873333333333335,
        10.373333333333333,
        81.54666666666667,
        190.85333333333332,
        8.353333333333333,
        20.613333333333333,
        8.666666666666666,
        19.553333333333335,
        29.553333333333335,
        27.413333333333334,
        41.03333333333333,
        155.88,
        37.306666666666665,
        8.266666666666667,
        8.86,
        130.84,
        8.153333333333334,
        53.406666666666666,
        8.333333333333334,
        8.253333333333334,
        41.53333333333333,
        8.346666666666666,
        385.6933333333333,
        8.233333333333333,
        77.25333333333333,
        8.286666666666667,
        131.4,
        87.42,
        8.333333333333334,
        8.52,
        77.57333333333334,
        38.9,
        31.1,
        35.03333333333333,
        8.32,
        8.46,
        8.2,
        8.353333333333333,
        16.64,
        61.473333333333336,
        8.353333333333333,
        35.77333333333333,
        27.466666666666665
    ],
    "best fitness history": [
        10,
        57,
        53,
        10,
        83,
        10,
        10,
        10,
        113,
        139,
        10,
        97,
        129,
        10,
        119,
        98,
        88,
        10,
        10,
        135,
        122,
        10,
        10,
        10,
        10,
        10,
        10,
        147,
        10,
        10,
        10,
        46,
        10,
        10,
        10,
        64,
        10,
        329,
        108,
        84,
        10,
        10,
        115,
        491,
        55,
        73,
        60,
        499,
        61,
        110,
        10,
        63,
        10,
        89,
        10,
        10,
        89,
        10,
        134,
        26,
        10,
        9,
        107,
        10,
        499,
        10,
        80,
        10,
        10,
        111,
        124,
        10,
        10,
        499,
        110,
        37,
        9,
        77,
        10,
        10,
        499,
        10,
        499,
        134,
        121,
        499,
        333,
        10,
        452,
        10,
        63,
        10,
        10,
        268,
        10,
        10,
        113,
        117,
        10,
        10,
        10,
        10,
        52,
        10,
        10,
        10,
        114,
        125,
        10,
        331,
        10,
        49,
        10,
        36,
        10,
        187,
        118,
        167,
        10,
        10,
        10,
        10,
        86,
        15,
        10,
        67,
        407,
        10,
        201,
        10,
        10,
        28,
        10,
        10,
        10,
        9,
        10,
        10,
        62,
        297,
        109,
        10,
        157,
        10,
        10,
        10,
        74,
        499,
        10,
        10,
        10,
        128,
        10,
        10,
        435,
        10,
        196,
        103,
        13,
        216,
        340,
        10,
        65,
        10,
        30,
        121,
        68,
        128,
        296,
        96,
        10,
        18,
        255,
        9,
        161,
        10,
        10,
        143,
        10,
        499,
        9,
        169,
        10,
        268,
        164,
        10,
        10,
        262,
        98,
        65,
        83,
        10,
        10,
        9,
        10,
        45,
        116,
        10,
        94,
        53
    ],