{
    "time": "2022-09-10-13-53-59",
    "generations": 200,
    "fitness history": [
        8.326666666666666,
        8.486666666666666,
        8.253333333333334,
        8.366666666666667,
        8.313333333333333,
        8.52,
        9.426666666666666,
        8.44,
        8.573333333333334,
        9.446666666666667,
        16.92,
        9.453333333333333,
        8.9,
        19.053333333333335,
        27.26,
        40.653333333333336,
        9.6,
        8.393333333333333,
        9.593333333333334,
        37.32,
        16.46,
        38.49333333333333,
        20.753333333333334,
        10.193333333333333,
        17.9,
        39.62,
        8.326666666666666,
        36.29333333333334,
        30.35333333333333,
        11.633333333333333,
        10.893333333333333,
        38.22666666666667,
        18.386666666666667,
        8.593333333333334,
        29.326666666666668,
        17.133333333333333,
        17.886666666666667,
        21.7,
        23.18,
        23.926666666666666,
        21.106666666666666,
        21.82,
        23.013333333333332,
        22.553333333333335,
        23.18,
        25.106666666666666,
        25.573333333333334,
        25.4,
        26.833333333333332,
        29.933333333333334,
        30.2,
        30.36,
        27.98,
        29.966666666666665,
        29.846666666666668,
        32.166666666666664,
        28.94,
        29.133333333333333,
        32.11333333333334,
        32.49333333333333,
        33.10666666666667,
        31.333333333333332,
        30.266666666666666,
        30.76,
        28.58,
        29.533333333333335,
        30.686666666666667,
        29.35333333333333,
        32.36666666666667,
        27.26,
        33.04,
        30.16,
        29.073333333333334,
        30.68,
        32.486666666666665,
        29.793333333333333,
        30.30666666666667,
        31.326666666666668,
        31.913333333333334,
        30.3,
        27.9,
        29.973333333333333,
        30.253333333333334,
        26.766666666666666,
        30.866666666666667,
        36.22666666666667,
        33.0,
        30.19333333333333,
        30.3,
        29.946666666666665,
        30.433333333333334,
        29.953333333333333,
        31.44,
        31.4,
        26.253333333333334,
        34.553333333333335,
        29.52,
        27.253333333333334,
        30.82,
        31.033333333333335,
        28.84,
        31.453333333333333,
        31.793333333333333,
        28.52,
        30.546666666666667,
        28.12,
        30.913333333333334,
        27.206666666666667,
        29.813333333333333,
        33.04666666666667,
        29.326666666666668,
        30.466666666666665,
        28.373333333333335,
        31.326666666666668,
        30.08,
        29.793333333333333,
        31.226666666666667,
        27.69333333333333,
        33.12,
        31.333333333333332,
        28.58,
        27.606666666666666,
        30.106666666666666,
        30.5,
        31.066666666666666,
        26.826666666666668,
        28.26,
        28.7,
        30.24,
        32.7,
        30.333333333333332,
        29.14,
        28.406666666666666,
        34.32,
        29.246666666666666,
        29.166666666666668,
        32.913333333333334,
        29.66,
        28.14666666666667,
        30.12,
        30.8,
        29.073333333333334,
        29.013333333333332,
        30.666666666666668,
        28.12,
        29.85333333333333,
        31.106666666666666,
        30.653333333333332,
        32.333333333333336,
        33.39333333333333,
        29.466666666666665,
        32.32,
        29.213333333333335,
        29.5,
        29.046666666666667,
        30.66,
        28.513333333333332,
        32.8,
        27.62,
        29.486666666666668,
        30.626666666666665,
        30.553333333333335,
        30.92,
        29.48,
        31.213333333333335,
        28.266666666666666,
        30.333333333333332,
        32.44,
        28.546666666666667,
        28.26,
        29.413333333333334,
        32.193333333333335,
        28.566666666666666,
        29.766666666666666,
        28.78,
        30.98,
        30.766666666666666,
        29.293333333333333,
        29.56,
        29.52,
        28.48,
        27.9,
        28.66,
        31.64666666666667,
        28.32,
        32.406666666666666,
        29.92,
        28.4,
        30.673333333333332,
        29.993333333333332,
        28.446666666666665,
        30.026666666666667,
        28.766666666666666,
        28.38,
        27.906666666666666,
        31.406666666666666,
        33.06666666666667,
        29.226666666666667,
        29.086666666666666,
        30.046666666666667
    ],
    "best fitness history": [
        10,
        10,
        10,
        10,
        10,
        39,
        53,
        29,
        32,
        39,
        77,
        38,
        38,
        87,
        61,
        152,
        91,
        11,
        66,
        84,
        60,
        96,
        88,
        42,
        51,
        98,
        10,
        110,
        117,
        48,
        108,
        150,
        55,
        32,
        65,
        78,
        99,
        96,
        80,
        64,
        79,
        100,
        118,
        101,
        77,
        102,
        164,
        78,
        130,
        114,
        91,
        162,
        109,
        113,
        161,
        101,
        83,
        146,
        154,
        149,
        144,
        106,
        117,
        123,
        107,
        94,
        129,
        113,
        150,
        86,
        92,
        139,
        78,
        116,
        153,
        102,
        110,
        95,
        100,
        106,
        136,
        83,
        104,
        66,
        98,
        154,
        147,
        96,
        144,
        137,
        84,
        102,
        108,
        102,
        104,
        153,
        90,
        126,
        129,
        84,
        104,
        85,
        112,
        104,
        106,
        80,
        116,
        88,
        91,
        93,
        122,
        95,
        75,
        100,
        126,
        110,
        110,
        117,
        107,
        155,
        95,
        121,
        121,
        129,
        141,
        120,
        121,
        77,
        94,
        146,
        135,
        167,
        99,
        97,
        116,
        106,
        81,
        107,
        133,
        129,
        107,
        100,
        113,
        93,
        134,
        104,
        128,
        106,
        110,
        157,
        114,
        120,
        108,
        81,
        94,
        103,
        112,
        122,
        120,
        99,
        99,
        105,
        127,
        97,
        120,
        111,
        152,
        147,
        83,
        92,
        116,
        92,
        99,
        94,
        93,
        142,
        157,
        134,
        77,
        91,
        114,
        112,
        98,
        134,
        98,
        112,
        102,
        100,
        108,
        84,
        186,
        91,
        164,
        90,
        121,
        180,
        126,
        126,
        110,
        150
    ],