{
    "time": "2022-09-11-19-04-35",
    "generations": 200,
    "fitness history": [
        8.32,
        8.546666666666667,
        8.326666666666666,
        9.26,
        8.326666666666666,
        8.393333333333333,
        87.22,
        98.58,
        113.63333333333334,
        182.34,
        29.36,
        57.92666666666667,
        34.38,
        39.58,
        52.04666666666667,
        27.88,
        32.373333333333335,
        47.413333333333334,
        81.92,
        60.3,
        45.14666666666667,
        91.50666666666666,
        130.59333333333333,
        135.31333333333333,
        185.64,
        205.74666666666667,
        176.24666666666667,
        190.14666666666668,
        214.57333333333332,
        205.81333333333333,
        204.08666666666667,
        216.61333333333334,
        218.54666666666665,
        240.22,
        231.24,
        242.48666666666668,
        250.38,
        291.1666666666667,
        309.31333333333333,
        289.49333333333334,
        275.9066666666667,
        265.75333333333333,
        263.85333333333335,
        257.25333333333333,
        260.75333333333333,
        254.94666666666666,
        254.40666666666667,
        252.05333333333334,
        246.29333333333332,
        283.6333333333333,
        338.3933333333333,
        312.11333333333334,
        304.4266666666667,
        302.43333333333334,
        306.1666666666667,
        307.85333333333335,
        303.02,
        299.9066666666667,
        300.50666666666666,
        303.0466666666667,
        295.25333333333333,
        298.56666666666666,
        298.4533333333333,
        296.75333333333333,
        295.97333333333336,
        299.18,
        297.5133333333333,
        300.4533333333333,
        300.82666666666665,
        300.9866666666667,
        299.08666666666664,
        296.76,
        300.5733333333333,
        292.17333333333335,
        293.38666666666666,
        287.04,
        286.67333333333335,
        287.5733333333333,
        285.6333333333333,
        287.79333333333335,
        286.6066666666667,
        286.3933333333333,
        284.1933333333333,
        285.2866666666667,
        284.93333333333334,
        287.8933333333333,
        286.8933333333333,
        286.24,
        285.8666666666667,
        285.58,
        286.0133333333333,
        284.8066666666667,
        284.2866666666667,
        282.1333333333333,
        284.54,
        284.9,
        284.68,
        284.74,
        284.86,
        284.2733333333333,
        285.14666666666665,
        284.79333333333335,
        284.64666666666665,
        283.62666666666667,
        281.99333333333334,
        286.2266666666667,
        287.48,
        287.5733333333333,
        287.5466666666667,
        287.6333333333333,
        287.61333333333334,
        287.4866666666667,
        287.34,
        285.67333333333335,
        289.0733333333333,
        290.50666666666666,
        288.43333333333334,
        290.66,
        289.6533333333333,
        290.61333333333334,
        288.1933333333333,
        289.64666666666665,
        293.56,
        290.1066666666667,
        289.76666666666665,
        287.16,
        288.6333333333333,
        288.61333333333334,
        288.86,
        286.2733333333333,
        287.06,
        290.47333333333336,
        290.38666666666666,
        289.1933333333333,
        290.36,
        290.1,
        290.43333333333334,
        288.64666666666665,
        289.4,
        289.00666666666666,
        290.32666666666665,
        290.14666666666665,
        290.23333333333335,
        290.0933333333333,
        290.14666666666665,
        290.17333333333335,
        287.17333333333335,
        293.44,
        290.64,
        290.1533333333333,
        290.2866666666667,
        290.18666666666667,
        288.34,
        289.92,
        290.18666666666667,
        290.3,
        288.96,
        289.99333333333334,
        288.93333333333334,
        289.97333333333336,
        290.1,
        289.1933333333333,
        290.11333333333334,
        288.41333333333336,
        286.9066666666667,
        287.5133333333333,
        287.44666666666666,
        287.2733333333333,
        286.6066666666667,
        288.7133333333333,
        288.2733333333333,
        288.29333333333335,
        288.0133333333333,
        286.06666666666666,
        285.32,
        286.84,
        286.1066666666667,
        286.72,
        286.7733333333333,
        286.03333333333336,
        285.5466666666667,
        286.76,
        286.68,
        286.91333333333336,
        286.68666666666667,
        286.79333333333335,
        286.8,
        286.68666666666667,
        286.8,
        285.75333333333333,
        286.8066666666667,
        286.76,
        286.66,
        286.70666666666665,
        286.8466666666667,
        286.91333333333336,
        286.9533333333333,
        286.82666666666665,
        286.54,
        286.72
    ],
    "best fitness history": [
        10,
        34,
        10,
        138,
        10,
        10,
        283,
        309,
        283,
        287,
        365,
        285,
        499,
        499,
        499,
        499,
        499,
        499,
        499,
        499,
        499,
        499,
        499,
        499,
        499,
        499,
        499,
        499,
        499,
        499,
        499,
        499,
        499,
        499,
        499,
        499,
        499,
        499,
        499,
        499,
        499,
        499,
        499,
        499,
        499,
        499,
        499,
        499,
        499,
        499,
        499,
        499,
        499,
        499,
        499,
        499,
        499,
        499,
        499,
        499,
        499,
        499,
        499,
        499,
        499,
        499,
        499,
        499,
        499,
        499,
        499,
        499,
        499,
        499,
        499,
        499,
        499,
        499,
        499,
        499,
        499,
        499,
        499,
        499,
        499,
        499,
        499,
        499,
        499,
        499,
        499,
        499,
        499,
        499,
        499,
        499,
        499,
        499,
        499,
        499,
        499,
        499,
        499,
        499,
        499,
        499,
        499,
        499,
        499,
        499,
        499,
        499,
        499,
        499,
        499,
        499,
        499,
        499,
        499,
        499,
        499,
        499,
        499,
        499,
        499,
        499,
        499,
        499,
        499,
        499,
        499,
        499,
        499,
        499,
        499,
        499,
        499,
        499,
        499,
        499,
        499,
        499,
        499,
        499,
        499,
        499,
        499,
        499,
        499,
        499,
        499,
        499,
        499,
        499,
        499,
        499,
        499,
        499,
        499,
        499,
        499,
        499,
        499,
        499,
        499,
        499,
        499,
        499,
        499,
        499,
        499,
        499,
        499,
        499,
        499,
        499,
        499,
        499,
        499,
        499,
        499,
        499,
        499,
        499,
        499,
        499,
        499,
        499,
        499,
        499,
        499,
        499,
        499,
        499,
        499,
        499,
        499,
        499,
        499,
        499
    ],