{
    "time": "2022-09-10-00-43-29",
    "generations": 200,
    "fitness history": [
        8.413333333333334,
        8.393333333333333,
        8.4,
        8.42,
        9.006666666666666,
        8.386666666666667,
        13.766666666666667,
        8.393333333333333,
        9.586666666666666,
        27.22,
        30.393333333333334,
        8.346666666666666,
        8.34,
        27.30666666666667,
        8.393333333333333,
        28.446666666666665,
        8.333333333333334,
        28.18,
        33.18666666666667,
        43.986666666666665,
        8.386666666666667,
        25.493333333333332,
        26.7,
        29.866666666666667,
        8.086666666666666,
        40.86666666666667,
        42.54666666666667,
        7.766666666666667,
        29.42,
        37.10666666666667,
        30.56,
        8.046666666666667,
        8.36,
        8.62,
        42.89333333333333,
        41.04666666666667,
        42.31333333333333,
        41.78666666666667,
        40.14,
        27.19333333333333,
        7.746666666666667,
        27.046666666666667,
        40.406666666666666,
        43.833333333333336,
        8.593333333333334,
        40.77333333333333,
        8.16,
        8.96,
        8.82,
        41.60666666666667,
        26.08,
        28.526666666666667,
        8.393333333333333,
        7.726666666666667,
        7.76,
        35.00666666666667,
        7.833333333333333,
        8.24,
        30.273333333333333,
        28.16,
        7.766666666666667,
        8.26,
        33.63333333333333,
        30.286666666666665,
        22.266666666666666,
        40.833333333333336,
        38.78666666666667,
        7.806666666666667,
        30.793333333333333,
        40.4,
        24.393333333333334,
        38.586666666666666,
        28.966666666666665,
        62.60666666666667,
        116.94,
        8.42,
        40.5,
        30.28,
        24.38,
        8.166666666666666,
        8.553333333333333,
        40.9,
        395.85333333333335,
        8.94,
        7.8533333333333335,
        42.78666666666667,
        10.193333333333333,
        7.8533333333333335,
        41.39333333333333,
        8.946666666666667,
        32.03333333333333,
        7.746666666666667,
        8.586666666666666,
        40.21333333333333,
        34.346666666666664,
        8.326666666666666,
        58.68666666666667,
        85.85333333333334,
        7.78,
        8.306666666666667,
        8.953333333333333,
        68.44666666666667,
        8.446666666666667,
        8.4,
        7.753333333333333,
        8.426666666666666,
        7.733333333333333,
        382.22,
        8.58,
        8.386666666666667,
        7.806666666666667,
        52.986666666666665,
        8.56,
        23.046666666666667,
        9.186666666666667,
        42.56,
        8.52,
        8.94,
        8.093333333333334,
        7.773333333333333,
        24.8,
        8.373333333333333,
        13.206666666666667,
        22.58,
        27.773333333333333,
        43.42666666666667,
        8.373333333333333,
        8.52,
        19.06,
        41.72,
        8.173333333333334,
        23.733333333333334,
        39.04666666666667,
        8.466666666666667,
        41.0,
        7.98,
        47.62,
        80.75333333333333,
        8.253333333333334,
        157.86,
        8.506666666666666,
        8.306666666666667,
        8.42,
        96.50666666666666,
        8.36,
        7.746666666666667,
        9.746666666666666,
        8.426666666666666,
        8.373333333333333,
        8.433333333333334,
        11.8,
        8.353333333333333,
        38.78,
        8.806666666666667,
        8.266666666666667,
        39.92666666666667,
        28.9,
        8.853333333333333,
        8.326666666666666,
        35.233333333333334,
        8.24,
        9.32,
        11.206666666666667,
        8.226666666666667,
        32.78,
        8.34,
        8.393333333333333,
        26.78,
        42.906666666666666,
        43.233333333333334,
        8.393333333333333,
        39.86,
        8.36,
        7.9,
        10.206666666666667,
        104.11333333333333,
        8.313333333333333,
        36.71333333333333,
        8.42,
        7.8,
        40.85333333333333,
        43.986666666666665,
        8.253333333333334,
        29.493333333333332,
        9.926666666666666,
        8.333333333333334,
        35.77333333333333,
        8.28,
        8.42,
        11.373333333333333,
        8.326666666666666,
        53.36666666666667,
        8.353333333333333,
        8.953333333333333,
        7.713333333333333,
        8.3,
        8.353333333333333,
        7.966666666666667,
        8.306666666666667,
        55.32
    ],
    "best fitness history": [
        10,
        10,
        10,
        11,
        42,
        10,
        54,
        10,
        192,
        58,
        67,
        10,
        10,
        58,
        10,
        66,
        10,
        60,
        234,
        249,
        10,
        59,
        54,
        71,
        11,
        67,
        72,
        10,
        59,
        70,
        58,
        12,
        11,
        11,
        65,
        67,
        71,
        64,
        65,
        66,
        8,
        60,
        65,
        70,
        17,
        63,
        10,
        81,
        88,
        82,
        62,
        65,
        10,
        10,
        9,
        64,
        10,
        10,
        62,
        62,
        10,
        10,
        65,
        61,
        59,
        80,
        61,
        10,
        86,
        66,
        59,
        361,
        68,
        499,
        499,
        10,
        62,
        73,
        60,
        10,
        10,
        120,
        499,
        10,
        9,
        62,
        18,
        10,
        64,
        10,
        55,
        9,
        10,
        106,
        85,
        10,
        499,
        479,
        8,
        10,
        10,
        499,
        10,
        15,
        9,
        10,
        10,
        499,
        10,
        16,
        10,
        150,
        10,
        26,
        27,
        64,
        16,
        10,
        10,
        10,
        59,
        10,
        61,
        361,
        41,
        114,
        10,
        10,
        41,
        71,
        10,
        36,
        122,
        10,
        65,
        12,
        97,
        499,
        10,
        232,
        10,
        10,
        10,
        499,
        10,
        9,
        26,
        10,
        10,
        10,
        16,
        10,
        67,
        10,
        10,
        62,
        65,
        11,
        10,
        99,
        10,
        10,
        14,
        10,
        104,
        10,
        10,
        71,
        176,
        171,
        10,
        130,
        10,
        9,
        15,
        499,
        10,
        68,
        10,
        9,
        376,
        87,
        10,
        64,
        17,
        10,
        88,
        10,
        10,
        15,
        10,
        499,
        10,
        25,
        9,
        10,
        10,
        9,
        10,
        203
    ],