{
    "time": "2022-09-11-23-50-20",
    "generations": 200,
    "fitness history": [
        8.393333333333333,
        8.246666666666666,
        10.066666666666666,
        17.953333333333333,
        52.22666666666667,
        102.72,
        114.94666666666667,
        92.22,
        38.38666666666666,
        118.95333333333333,
        112.44,
        69.47333333333333,
        114.32666666666667,
        27.253333333333334,
        90.36666666666666,
        102.84,
        42.34,
        74.88666666666667,
        78.30666666666667,
        121.07333333333334,
        103.22666666666667,
        100.79333333333334,
        124.7,
        128.84,
        126.52666666666667,
        128.42666666666668,
        133.58666666666667,
        123.79333333333334,
        127.66666666666667,
        125.64,
        123.10666666666667,
        143.01333333333332,
        126.76,
        134.84,
        126.93333333333334,
        137.24666666666667,
        138.0,
        133.84666666666666,
        136.91333333333333,
        135.54,
        126.11333333333333,
        130.75333333333333,
        139.53333333333333,
        132.48,
        127.45333333333333,
        120.68666666666667,
        131.33333333333334,
        124.88,
        132.71333333333334,
        129.62666666666667,
        128.58,
        137.33333333333334,
        128.39333333333335,
        138.62666666666667,
        139.72,
        136.29333333333332,
        126.12666666666667,
        128.96,
        134.58666666666667,
        126.8,
        133.62666666666667,
        131.15333333333334,
        131.33333333333334,
        140.24666666666667,
        136.21333333333334,
        135.74,
        123.39333333333333,
        135.20666666666668,
        133.82666666666665,
        138.21333333333334,
        137.38666666666666,
        130.08666666666667,
        134.63333333333333,
        128.54666666666665,
        136.69333333333333,
        137.46,
        135.84666666666666,
        134.89333333333335,
        133.56,
        134.61333333333334,
        138.5,
        130.72666666666666,
        132.66666666666666,
        144.54,
        142.36,
        147.14,
        138.37333333333333,
        142.99333333333334,
        133.00666666666666,
        134.77333333333334,
        129.96,
        139.66666666666666,
        138.62666666666667,
        140.38666666666666,
        134.61333333333334,
        138.58,
        146.95333333333335,
        140.29333333333332,
        142.32,
        136.16,
        138.32666666666665,
        134.97333333333333,
        138.52666666666667,
        141.45333333333335,
        132.66666666666666,
        140.87333333333333,
        145.19333333333333,
        144.16,
        143.14666666666668,
        136.63333333333333,
        149.68,
        138.21333333333334,
        142.22666666666666,
        137.13333333333333,
        137.66666666666666,
        132.11333333333334,
        142.37333333333333,
        142.58,
        137.23333333333332,
        136.69333333333333,
        146.37333333333333,
        144.18666666666667,
        145.41333333333333,
        143.32666666666665,
        139.12,
        128.90666666666667,
        137.88,
        134.5,
        137.20666666666668,
        126.36,
        133.48,
        131.85333333333332,
        135.06666666666666,
        133.33333333333334,
        126.66,
        138.88666666666666,
        126.96,
        133.68,
        131.41333333333333,
        129.20666666666668,
        134.63333333333333,
        133.75333333333333,
        131.15333333333334,
        135.97333333333333,
        133.71333333333334,
        133.63333333333333,
        132.8,
        136.44,
        131.72666666666666,
        136.77333333333334,
        138.92666666666668,
        142.3,
        144.58,
        147.04,
        141.28,
        144.12,
        141.27333333333334,
        138.38,
        135.19333333333333,
        137.12666666666667,
        135.15333333333334,
        135.12,
        134.16666666666666,
        144.68,
        138.28,
        146.14,
        140.12,
        132.6,
        146.23333333333332,
        136.09333333333333,
        136.37333333333333,
        138.08,
        146.82666666666665,
        133.47333333333333,
        132.98,
        130.92666666666668,
        137.54666666666665,
        135.1,
        139.89333333333335,
        130.34666666666666,
        142.91333333333333,
        147.42666666666668,
        143.52,
        131.90666666666667,
        137.34666666666666,
        137.06,
        131.02666666666667,
        133.52666666666667,
        143.48,
        139.46,
        138.08666666666667,
        136.84,
        134.23333333333332,
        132.64666666666668,
        136.48,
        135.7,
        139.32,
        142.43333333333334,
        147.64666666666668,
        144.56666666666666
    ],
    "best fitness history": [
        10,
        10,
        261,
        235,
        289,
        295,
        280,
        294,
        291,
        278,
        338,
        441,
        328,
        423,
        301,
        302,
        253,
        336,
        304,
        307,
        281,
        285,
        293,
        280,
        280,
        278,
        314,
        331,
        341,
        288,
        283,
        302,
        292,
        298,
        292,
        290,
        316,
        310,
        283,
        338,
        332,
        280,
        288,
        302,
        290,
        286,
        293,
        281,
        279,
        287,
        394,
        297,
        296,
        299,
        277,
        273,
        314,
        296,
        287,
        288,
        343,
        284,
        328,
        295,
        289,
        292,
        272,
        295,
        301,
        300,
        316,
        279,
        296,
        301,
        303,
        284,
        295,
        296,
        313,
        300,
        289,
        283,
        286,
        291,
        320,
        312,
        291,
        321,
        286,
        282,
        279,
        326,
        278,
        323,
        273,
        303,
        319,
        285,
        314,
        323,
        311,
        300,
        276,
        291,
        289,
        320,
        291,
        290,
        302,
        274,
        315,
        297,
        301,
        295,
        311,
        293,
        288,
        290,
        278,
        289,
        323,
        334,
        324,
        280,
        305,
        299,
        299,
        289,
        291,
        306,
        303,
        303,
        310,
        284,
        303,
        294,
        271,
        298,
        288,
        294,
        299,
        294,
        275,
        319,
        289,
        281,
        306,
        297,
        269,
        303,
        295,
        281,
        327,
        298,
        312,
        321,
        287,
        328,
        291,
        300,
        262,
        288,
        280,
        336,
        307,
        298,
        300,
        303,
        302,
        289,
        299,
        312,
        292,
        281,
        290,
        294,
        271,
        300,
        290,
        269,
        313,
        313,
        317,
        263,
        294,
        285,
        284,
        290,
        283,
        329,
        300,
        284,
        296,
        280,
        275,
        326,
        310,
        304,
        280,
        301
    ],