{
    "time": "2022-09-10-05-59-51",
    "generations": 200,
    "fitness history": [
        8.326666666666666,
        8.373333333333333,
        8.406666666666666,
        8.366666666666667,
        8.286666666666667,
        8.393333333333333,
        8.38,
        9.28,
        8.366666666666667,
        16.393333333333334,
        8.326666666666666,
        8.326666666666666,
        8.366666666666667,
        8.34,
        8.14,
        8.24,
        8.326666666666666,
        8.226666666666667,
        184.00666666666666,
        201.92666666666668,
        196.64666666666668,
        8.306666666666667,
        8.293333333333333,
        197.64,
        8.3,
        8.186666666666667,
        195.00666666666666,
        199.32,
        14.173333333333334,
        195.74666666666667,
        200.46,
        82.8,
        8.186666666666667,
        8.386666666666667,
        8.186666666666667,
        192.33333333333334,
        8.153333333333334,
        8.333333333333334,
        192.49333333333334,
        8.233333333333333,
        201.64,
        8.18,
        207.06,
        8.36,
        137.61333333333334,
        202.33333333333334,
        200.5,
        8.3,
        8.253333333333334,
        8.233333333333333,
        8.3,
        194.71333333333334,
        198.38666666666666,
        8.3,
        8.38,
        8.186666666666667,
        198.82666666666665,
        203.74,
        8.246666666666666,
        8.36,
        197.29333333333332,
        8.213333333333333,
        8.193333333333333,
        8.22,
        198.61333333333334,
        8.32,
        197.36666666666667,
        189.13333333333333,
        197.80666666666667,
        8.353333333333333,
        199.7,
        199.29333333333332,
        8.26,
        8.28,
        8.2,
        8.28,
        194.71333333333334,
        8.146666666666667,
        204.81333333333333,
        8.326666666666666,
        191.02666666666667,
        195.15333333333334,
        199.95333333333335,
        192.05333333333334,
        194.34666666666666,
        204.44,
        8.293333333333333,
        191.26,
        197.69333333333333,
        8.326666666666666,
        8.36,
        190.93333333333334,
        186.37333333333333,
        8.26,
        193.7,
        199.43333333333334,
        221.46,
        174.21333333333334,
        203.51333333333332,
        8.24,
        8.32,
        8.393333333333333,
        8.44,
        199.56666666666666,
        8.22,
        259.00666666666666,
        92.47333333333333,
        8.293333333333333,
        148.02666666666667,
        104.42,
        8.48,
        42.54666666666667,
        8.226666666666667,
        8.253333333333334,
        195.66666666666666,
        8.373333333333333,
        196.94666666666666,
        8.48,
        8.28,
        48.48,
        55.906666666666666,
        8.153333333333334,
        192.64666666666668,
        8.273333333333333,
        35.00666666666667,
        8.386666666666667,
        8.2,
        137.98,
        8.233333333333333,
        8.18,
        8.306666666666667,
        202.72,
        8.253333333333334,
        8.426666666666666,
        46.24666666666667,
        157.07333333333332,
        182.71333333333334,
        8.153333333333334,
        96.86666666666666,
        8.16,
        196.48,
        424.2,
        75.2,
        403.44,
        38.193333333333335,
        198.87333333333333,
        53.21333333333333,
        8.173333333333334,
        193.14666666666668,
        194.72666666666666,
        273.35333333333335,
        8.293333333333333,
        239.31333333333333,
        36.9,
        8.08,
        8.373333333333333,
        167.29333333333332,
        8.186666666666667,
        208.94,
        66.06666666666666,
        8.266666666666667,
        8.993333333333334,
        9.286666666666667,
        9.706666666666667,
        123.68,
        42.57333333333333,
        8.22,
        8.286666666666667,
        193.28666666666666,
        8.28,
        8.253333333333334,
        8.28,
        25.053333333333335,
        8.34,
        34.653333333333336,
        22.513333333333332,
        8.24,
        8.48,
        8.34,
        73.99333333333334,
        41.72666666666667,
        8.32,
        8.406666666666666,
        8.393333333333333,
        8.393333333333333,
        8.293333333333333,
        458.32666666666665,
        8.233333333333333,
        8.306666666666667,
        8.28,
        33.18,
        389.62,
        116.20666666666666,
        13.186666666666667,
        33.986666666666665,
        8.38,
        8.186666666666667,
        8.28,
        8.386666666666667,
        8.306666666666667
    ],
    "best fitness history": [
        10,
        10,
        10,
        10,
        10,
        10,
        10,
        136,
        10,
        239,
        10,
        10,
        10,
        10,
        9,
        9,
        10,
        10,
        306,
        311,
        294,
        10,
        10,
        293,
        10,
        10,
        292,
        324,
        232,
        300,
        293,
        271,
        10,
        10,
        9,
        288,
        10,
        10,
        298,
        10,
        298,
        9,
        499,
        10,
        313,
        297,
        305,
        10,
        10,
        9,
        10,
        296,
        335,
        10,
        9,
        9,
        302,
        300,
        9,
        9,
        334,
        9,
        10,
        9,
        324,
        9,
        298,
        293,
        290,
        9,
        303,
        287,
        10,
        10,
        10,
        10,
        300,
        9,
        312,
        26,
        280,
        304,
        308,
        293,
        305,
        308,
        10,
        307,
        295,
        10,
        9,
        287,
        316,
        9,
        499,
        324,
        499,
        292,
        366,
        9,
        9,
        9,
        39,
        474,
        10,
        499,
        309,
        10,
        250,
        304,
        10,
        160,
        10,
        9,
        284,
        10,
        309,
        10,
        10,
        167,
        182,
        10,
        312,
        9,
        115,
        10,
        10,
        242,
        10,
        9,
        10,
        291,
        10,
        10,
        428,
        499,
        315,
        10,
        197,
        9,
        309,
        499,
        180,
        499,
        90,
        323,
        182,
        9,
        289,
        295,
        401,
        10,
        384,
        106,
        9,
        10,
        288,
        10,
        323,
        292,
        10,
        39,
        153,
        210,
        231,
        98,
        9,
        10,
        295,
        10,
        10,
        10,
        34,
        10,
        106,
        90,
        9,
        10,
        10,
        198,
        144,
        10,
        10,
        10,
        10,
        10,
        499,
        9,
        10,
        10,
        75,
        499,
        201,
        16,
        94,
        10,
        9,
        9,
        10,
        10
    ],