{
    "time": "2022-09-11-16-52-29",
    "generations": 200,
    "fitness history": [
        8.28,
        8.566666666666666,
        9.226666666666667,
        12.94,
        20.30666666666667,
        26.653333333333332,
        35.06,
        24.98,
        8.26,
        8.36,
        19.533333333333335,
        23.98,
        18.733333333333334,
        30.34,
        8.386666666666667,
        14.98,
        16.88,
        18.526666666666667,
        21.69333333333333,
        22.286666666666665,
        17.28,
        23.466666666666665,
        18.68,
        19.793333333333333,
        20.76,
        19.486666666666668,
        20.88,
        20.373333333333335,
        22.946666666666665,
        21.326666666666668,
        20.906666666666666,
        20.393333333333334,
        23.686666666666667,
        21.666666666666668,
        20.473333333333333,
        21.046666666666667,
        20.526666666666667,
        20.94,
        21.586666666666666,
        21.286666666666665,
        23.033333333333335,
        20.946666666666665,
        21.413333333333334,
        22.19333333333333,
        22.48,
        21.6,
        22.22,
        23.42,
        20.233333333333334,
        20.573333333333334,
        23.513333333333332,
        21.213333333333335,
        20.30666666666667,
        21.326666666666668,
        21.22,
        20.633333333333333,
        20.78,
        20.406666666666666,
        21.1,
        22.426666666666666,
        21.626666666666665,
        21.026666666666667,
        20.746666666666666,
        22.14666666666667,
        22.153333333333332,
        22.093333333333334,
        20.033333333333335,
        19.78,
        21.42,
        21.92,
        20.56,
        21.993333333333332,
        22.0,
        21.92,
        21.226666666666667,
        19.966666666666665,
        20.713333333333335,
        22.886666666666667,
        21.126666666666665,
        23.48,
        21.826666666666668,
        23.426666666666666,
        20.766666666666666,
        22.30666666666667,
        23.606666666666666,
        21.406666666666666,
        20.713333333333335,
        22.386666666666667,
        21.993333333333332,
        20.74,
        23.006666666666668,
        22.173333333333332,
        21.673333333333332,
        21.766666666666666,
        22.633333333333333,
        22.76,
        23.246666666666666,
        23.1,
        21.28,
        20.0,
        20.68,
        21.253333333333334,
        21.246666666666666,
        21.08,
        20.233333333333334,
        19.966666666666665,
        23.35333333333333,
        19.32,
        20.74,
        20.3,
        21.566666666666666,
        20.293333333333333,
        22.473333333333333,
        22.44,
        25.94,
        22.38,
        22.586666666666666,
        21.246666666666666,
        21.793333333333333,
        23.866666666666667,
        25.846666666666668,
        21.78,
        21.506666666666668,
        20.826666666666668,
        21.28,
        20.36,
        21.04,
        20.993333333333332,
        21.966666666666665,
        21.78,
        21.093333333333334,
        21.2,
        20.85333333333333,
        21.506666666666668,
        23.12,
        21.313333333333333,
        21.513333333333332,
        19.613333333333333,
        20.44,
        22.026666666666667,
        21.34,
        20.98,
        19.80666666666667,
        20.2,
        22.026666666666667,
        21.586666666666666,
        21.553333333333335,
        21.553333333333335,
        23.04,
        23.613333333333333,
        21.813333333333333,
        23.1,
        20.706666666666667,
        20.826666666666668,
        21.36,
        21.373333333333335,
        22.046666666666667,
        21.086666666666666,
        20.273333333333333,
        20.78,
        20.913333333333334,
        22.506666666666668,
        21.466666666666665,
        20.74,
        23.35333333333333,
        22.08,
        20.7,
        21.30666666666667,
        22.06,
        22.453333333333333,
        21.85333333333333,
        24.286666666666665,
        22.446666666666665,
        20.12,
        21.44,
        20.54,
        20.893333333333334,
        21.64666666666667,
        18.85333333333333,
        21.48,
        19.426666666666666,
        22.85333333333333,
        21.80666666666667,
        23.046666666666667,
        21.993333333333332,
        20.3,
        20.4,
        21.24,
        18.653333333333332,
        21.733333333333334,
        20.38,
        21.733333333333334,
        21.64666666666667,
        22.166666666666668,
        22.006666666666668,
        21.713333333333335,
        22.06,
        21.606666666666666,
        21.3,
        20.69333333333333
    ],
    "best fitness history": [
        10,
        36,
        37,
        60,
        77,
        143,
        120,
        63,
        10,
        10,
        61,
        61,
        68,
        80,
        10,
        64,
        54,
        55,
        52,
        74,
        61,
        79,
        52,
        69,
        74,
        80,
        69,
        63,
        61,
        57,
        71,
        61,
        74,
        65,
        61,
        65,
        71,
        62,
        69,
        59,
        61,
        75,
        71,
        63,
        66,
        62,
        57,
        58,
        61,
        55,
        68,
        64,
        48,
        57,
        73,
        66,
        60,
        68,
        65,
        56,
        60,
        57,
        59,
        65,
        59,
        61,
        65,
        61,
        66,
        67,
        55,
        68,
        53,
        65,
        59,
        60,
        78,
        60,
        60,
        65,
        57,
        106,
        57,
        69,
        60,
        60,
        53,
        62,
        58,
        62,
        72,
        69,
        59,
        67,
        68,
        62,
        66,
        54,
        59,
        59,
        60,
        61,
        66,
        58,
        56,
        61,
        76,
        68,
        61,
        58,
        60,
        55,
        118,
        155,
        218,
        58,
        74,
        61,
        62,
        67,
        67,
        62,
        61,
        61,
        67,
        62,
        68,
        62,
        59,
        60,
        67,
        65,
        63,
        60,
        83,
        66,
        72,
        57,
        64,
        55,
        53,
        57,
        66,
        52,
        62,
        66,
        54,
        55,
        65,
        62,
        53,
        71,
        55,
        51,
        62,
        60,
        65,
        73,
        74,
        65,
        60,
        68,
        64,
        68,
        59,
        68,
        60,
        71,
        63,
        64,
        50,
        60,
        68,
        60,
        71,
        65,
        59,
        62,
        67,
        72,
        59,
        61,
        67,
        78,
        57,
        53,
        64,
        58,
        53,
        68,
        60,
        58,
        65,
        55,
        68,
        63,
        63,
        72,
        72,
        64
    ],