{
    "time": "2022-09-10-00-39-15",
    "generations": 200,
    "fitness history": [
        8.286666666666667,
        8.353333333333333,
        8.326666666666666,
        8.373333333333333,
        8.253333333333334,
        8.393333333333333,
        8.4,
        8.353333333333333,
        8.326666666666666,
        8.34,
        8.333333333333334,
        8.386666666666667,
        11.1,
        19.866666666666667,
        30.486666666666668,
        30.213333333333335,
        27.813333333333333,
        9.386666666666667,
        24.706666666666667,
        20.893333333333334,
        24.54,
        28.386666666666667,
        26.34,
        23.293333333333333,
        22.186666666666667,
        25.006666666666668,
        27.4,
        26.18,
        27.446666666666665,
        30.486666666666668,
        31.66,
        32.63333333333333,
        28.366666666666667,
        31.393333333333334,
        29.826666666666668,
        29.326666666666668,
        29.453333333333333,
        28.593333333333334,
        31.846666666666668,
        26.993333333333332,
        31.133333333333333,
        30.106666666666666,
        30.733333333333334,
        30.786666666666665,
        29.72,
        31.913333333333334,
        28.1,
        30.886666666666667,
        28.286666666666665,
        31.786666666666665,
        31.866666666666667,
        29.64666666666667,
        27.62,
        29.36,
        30.66,
        32.2,
        31.04,
        31.346666666666668,
        32.24666666666667,
        30.706666666666667,
        30.78,
        29.546666666666667,
        30.9,
        28.08,
        32.21333333333333,
        29.22,
        32.22666666666667,
        31.46,
        32.99333333333333,
        31.373333333333335,
        28.30666666666667,
        31.366666666666667,
        28.34,
        29.786666666666665,
        27.473333333333333,
        31.213333333333335,
        31.913333333333334,
        33.126666666666665,
        26.06,
        30.3,
        28.426666666666666,
        27.833333333333332,
        29.666666666666668,
        27.673333333333332,
        28.54,
        31.133333333333333,
        26.253333333333334,
        30.54,
        29.34,
        29.373333333333335,
        30.8,
        30.113333333333333,
        28.206666666666667,
        31.546666666666667,
        29.96,
        30.96,
        29.346666666666668,
        30.726666666666667,
        29.153333333333332,
        31.226666666666667,
        28.46,
        28.626666666666665,
        31.266666666666666,
        31.22,
        29.133333333333333,
        29.993333333333332,
        33.126666666666665,
        26.406666666666666,
        29.006666666666668,
        28.713333333333335,
        27.486666666666668,
        27.953333333333333,
        29.906666666666666,
        31.86,
        28.42,
        30.68,
        28.713333333333335,
        30.92,
        29.666666666666668,
        29.66,
        30.446666666666665,
        26.0,
        33.24,
        29.80666666666667,
        32.04666666666667,
        29.873333333333335,
        28.626666666666665,
        30.66,
        26.84,
        31.513333333333332,
        30.46,
        31.973333333333333,
        32.446666666666665,
        29.486666666666668,
        28.666666666666668,
        31.186666666666667,
        32.45333333333333,
        27.12,
        34.946666666666665,
        29.52,
        27.433333333333334,
        32.093333333333334,
        29.226666666666667,
        29.153333333333332,
        25.69333333333333,
        28.813333333333333,
        31.673333333333332,
        28.666666666666668,
        30.5,
        32.06666666666667,
        30.446666666666665,
        29.28,
        31.546666666666667,
        29.66,
        32.68,
        27.14,
        30.8,
        29.36,
        31.486666666666668,
        32.193333333333335,
        30.346666666666668,
        27.80666666666667,
        31.026666666666667,
        30.58,
        29.953333333333333,
        29.4,
        30.773333333333333,
        27.206666666666667,
        33.946666666666665,
        31.453333333333333,
        30.446666666666665,
        28.013333333333332,
        28.18,
        31.886666666666667,
        27.766666666666666,
        28.14666666666667,
        26.72,
        33.733333333333334,
        29.126666666666665,
        32.36,
        30.346666666666668,
        30.546666666666667,
        29.113333333333333,
        29.033333333333335,
        32.653333333333336,
        30.206666666666667,
        32.74,
        29.413333333333334,
        32.50666666666667,
        27.526666666666667,
        28.62,
        29.566666666666666,
        30.78,
        29.54,
        29.02,
        30.526666666666667,
        31.506666666666668,
        27.913333333333334,
        31.673333333333332,
        32.32666666666667
    ],
    "best fitness history": [
        10,
        10,
        10,
        10,
        9,
        10,
        10,
        10,
        10,
        10,
        10,
        10,
        38,
        73,
        388,
        104,
        97,
        59,
        142,
        103,
        146,
        133,
        163,
        89,
        75,
        109,
        110,
        103,
        97,
        95,
        86,
        118,
        131,
        138,
        90,
        140,
        98,
        123,
        104,
        105,
        112,
        110,
        136,
        188,
        130,
        139,
        87,
        177,
        116,
        141,
        100,
        119,
        118,
        108,
        108,
        102,
        105,
        174,
        93,
        128,
        126,
        148,
        95,
        74,
        109,
        103,
        107,
        136,
        84,
        144,
        104,
        122,
        87,
        91,
        76,
        122,
        102,
        135,
        101,
        108,
        92,
        94,
        97,
        74,
        125,
        118,
        76,
        121,
        118,
        134,
        138,
        139,
        94,
        81,
        101,
        140,
        80,
        122,
        88,
        139,
        95,
        83,
        165,
        146,
        127,
        135,
        138,
        103,
        104,
        105,
        132,
        113,
        110,
        140,
        89,
        94,
        164,
        92,
        148,
        92,
        86,
        93,
        124,
        126,
        126,
        90,
        71,
        116,
        73,
        109,
        95,
        96,
        104,
        136,
        74,
        84,
        109,
        129,
        138,
        124,
        88,
        148,
        124,
        120,
        100,
        126,
        119,
        81,
        102,
        119,
        147,
        119,
        162,
        113,
        141,
        69,
        112,
        137,
        115,
        116,
        87,
        110,
        144,
        100,
        182,
        178,
        123,
        156,
        88,
        111,
        93,
        95,
        120,
        92,
        101,
        116,
        104,
        100,
        87,
        114,
        117,
        105,
        127,
        115,
        91,
        123,
        103,
        100,
        128,
        102,
        72,
        97,
        112,
        122,
        133,
        92,
        115,
        86,
        136,
        106
    ],