{
    "time": "2022-09-10-08-13-10",
    "generations": 200,
    "fitness history": [
        8.36,
        8.406666666666666,
        8.313333333333333,
        8.426666666666666,
        8.353333333333333,
        8.44,
        8.406666666666666,
        8.34,
        8.366666666666667,
        8.266666666666667,
        8.346666666666666,
        8.44,
        8.306666666666667,
        8.32,
        8.366666666666667,
        8.48,
        8.386666666666667,
        8.42,
        8.366666666666667,
        8.293333333333333,
        8.28,
        8.386666666666667,
        8.293333333333333,
        8.446666666666667,
        8.38,
        8.453333333333333,
        8.28,
        8.886666666666667,
        11.593333333333334,
        8.433333333333334,
        8.36,
        26.46,
        8.446666666666667,
        27.773333333333333,
        8.406666666666666,
        29.953333333333333,
        27.6,
        8.273333333333333,
        26.393333333333334,
        29.133333333333333,
        28.64666666666667,
        28.62,
        8.34,
        8.326666666666666,
        29.173333333333332,
        27.28,
        28.466666666666665,
        8.233333333333333,
        8.413333333333334,
        28.926666666666666,
        28.186666666666667,
        8.353333333333333,
        28.046666666666667,
        8.8,
        9.626666666666667,
        10.56,
        8.366666666666667,
        8.446666666666667,
        33.18,
        37.45333333333333,
        39.81333333333333,
        8.293333333333333,
        8.226666666666667,
        8.366666666666667,
        8.313333333333333,
        8.24,
        8.406666666666666,
        8.286666666666667,
        8.346666666666666,
        24.466666666666665,
        9.273333333333333,
        27.24,
        40.626666666666665,
        8.333333333333334,
        8.473333333333333,
        17.28,
        8.32,
        8.586666666666666,
        37.89333333333333,
        8.453333333333333,
        40.906666666666666,
        13.366666666666667,
        8.353333333333333,
        8.326666666666666,
        8.306666666666667,
        73.34,
        45.693333333333335,
        8.42,
        8.413333333333334,
        125.44666666666667,
        8.34,
        8.333333333333334,
        8.313333333333333,
        96.24,
        8.28,
        24.013333333333332,
        8.366666666666667,
        46.0,
        39.45333333333333,
        37.46,
        78.18,
        8.373333333333333,
        34.67333333333333,
        8.293333333333333,
        8.406666666666666,
        26.80666666666667,
        8.393333333333333,
        8.346666666666666,
        41.60666666666667,
        36.9,
        8.366666666666667,
        8.213333333333333,
        8.266666666666667,
        43.64,
        13.22,
        39.846666666666664,
        8.226666666666667,
        8.22,
        16.026666666666667,
        8.353333333333333,
        43.986666666666665,
        8.4,
        11.633333333333333,
        8.38,
        8.366666666666667,
        8.433333333333334,
        8.36,
        8.366666666666667,
        8.22,
        11.773333333333333,
        8.333333333333334,
        15.473333333333333,
        8.36,
        10.406666666666666,
        8.286666666666667,
        38.48,
        11.413333333333334,
        8.366666666666667,
        38.62,
        11.213333333333333,
        13.366666666666667,
        8.413333333333334,
        8.393333333333333,
        8.38,
        8.46,
        8.313333333333333,
        13.726666666666667,
        8.253333333333334,
        60.56,
        8.34,
        14.126666666666667,
        8.346666666666666,
        8.36,
        8.28,
        31.19333333333333,
        19.833333333333332,
        78.24,
        8.54,
        8.306666666666667,
        8.34,
        8.24,
        8.36,
        8.233333333333333,
        8.326666666666666,
        8.406666666666666,
        9.433333333333334,
        8.606666666666667,
        9.933333333333334,
        8.466666666666667,
        8.433333333333334,
        8.366666666666667,
        8.206666666666667,
        11.493333333333334,
        8.273333333333333,
        47.75333333333333,
        8.426666666666666,
        8.366666666666667,
        8.28,
        11.433333333333334,
        8.313333333333333,
        8.32,
        8.366666666666667,
        8.766666666666667,
        8.406666666666666,
        8.433333333333334,
        20.246666666666666,
        31.513333333333332,
        105.50666666666666,
        11.286666666666667,
        20.22,
        134.28666666666666,
        8.24,
        8.36,
        37.17333333333333,
        9.973333333333333,
        13.006666666666666,
        8.486666666666666,
        19.98,
        20.813333333333333,
        9.633333333333333
    ],
    "best fitness history": [
        10,
        10,
        10,
        10,
        10,
        10,
        10,
        10,
        10,
        10,
        10,
        10,
        10,
        10,
        10,
        10,
        10,
        10,
        10,
        10,
        10,
        10,
        10,
        10,
        10,
        32,
        10,
        33,
        48,
        10,
        10,
        63,
        10,
        73,
        10,
        76,
        58,
        10,
        66,
        60,
        65,
        64,
        10,
        10,
        67,
        61,
        63,
        10,
        11,
        58,
        57,
        10,
        67,
        51,
        68,
        65,
        12,
        10,
        114,
        139,
        147,
        10,
        10,
        10,
        10,
        10,
        10,
        10,
        10,
        71,
        12,
        70,
        120,
        10,
        10,
        37,
        10,
        11,
        101,
        10,
        184,
        53,
        11,
        10,
        10,
        136,
        104,
        10,
        10,
        192,
        10,
        10,
        10,
        155,
        10,
        48,
        10,
        128,
        149,
        92,
        141,
        10,
        110,
        10,
        10,
        90,
        10,
        10,
        128,
        89,
        10,
        10,
        10,
        131,
        19,
        106,
        10,
        10,
        25,
        10,
        90,
        10,
        15,
        10,
        10,
        10,
        10,
        10,
        10,
        17,
        10,
        29,
        10,
        14,
        9,
        145,
        15,
        10,
        97,
        22,
        51,
        10,
        10,
        10,
        10,
        10,
        19,
        10,
        217,
        10,
        18,
        10,
        10,
        10,
        90,
        28,
        134,
        10,
        10,
        10,
        10,
        10,
        10,
        10,
        10,
        19,
        14,
        15,
        10,
        10,
        10,
        10,
        15,
        10,
        113,
        10,
        10,
        10,
        30,
        10,
        10,
        10,
        18,
        10,
        10,
        29,
        90,
        202,
        15,
        27,
        217,
        10,
        10,
        55,
        13,
        22,
        10,
        29,
        46,
        12
    ],