{
    "time": "2022-09-12-01-19-13",
    "generations": 200,
    "fitness history": [
        8.42,
        10.373333333333333,
        8.36,
        12.046666666666667,
        79.15333333333334,
        85.42,
        54.24666666666667,
        13.04,
        117.16666666666667,
        106.86,
        130.38666666666666,
        120.0,
        120.70666666666666,
        30.653333333333332,
        197.12666666666667,
        132.31333333333333,
        126.19333333333333,
        11.54,
        59.14666666666667,
        191.22666666666666,
        118.27333333333333,
        149.92,
        84.76666666666667,
        126.44,
        99.44,
        77.80666666666667,
        99.71333333333334,
        109.14,
        114.84666666666666,
        108.46666666666667,
        143.92666666666668,
        130.98666666666668,
        124.78666666666666,
        117.98,
        134.47333333333333,
        134.74,
        129.28666666666666,
        133.89333333333335,
        117.98,
        125.99333333333334,
        123.78,
        133.54666666666665,
        130.07333333333332,
        135.67333333333335,
        126.12666666666667,
        147.32666666666665,
        150.28,
        145.98,
        147.62,
        144.74,
        153.08666666666667,
        133.86,
        131.91333333333333,
        141.98666666666668,
        136.34666666666666,
        143.08,
        135.76666666666668,
        124.53333333333333,
        147.22,
        141.18666666666667,
        144.87333333333333,
        146.08666666666667,
        130.40666666666667,
        137.06666666666666,
        136.0,
        138.9,
        136.00666666666666,
        133.09333333333333,
        147.24,
        138.75333333333333,
        152.08,
        135.58,
        149.53333333333333,
        147.32666666666665,
        136.84666666666666,
        142.34,
        141.52,
        136.21333333333334,
        140.89333333333335,
        142.88,
        149.34,
        150.36666666666667,
        141.73333333333332,
        140.04,
        153.04,
        158.80666666666667,
        159.01333333333332,
        163.32666666666665,
        168.98666666666668,
        205.37333333333333,
        226.75333333333333,
        217.76,
        223.66666666666666,
        240.96666666666667,
        260.3066666666667,
        270.8066666666667,
        276.2133333333333,
        270.56666666666666,
        261.3666666666667,
        257.12,
        256.97333333333336,
        325.64666666666665,
        301.0466666666667,
        289.41333333333336,
        279.23333333333335,
        272.43333333333334,
        263.4266666666667,
        265.70666666666665,
        267.4866666666667,
        271.4066666666667,
        260.8466666666667,
        254.30666666666667,
        260.36,
        254.08666666666667,
        313.5466666666667,
        289.4,
        282.88,
        278.94666666666666,
        272.85333333333335,
        275.62,
        272.62,
        264.2,
        266.14666666666665,
        261.91333333333336,
        260.96,
        261.3066666666667,
        257.5,
        260.91333333333336,
        255.64666666666668,
        253.25333333333333,
        331.47333333333336,
        275.0,
        268.31333333333333,
        257.74666666666667,
        251.81333333333333,
        309.05333333333334,
        287.5133333333333,
        267.91333333333336,
        269.8933333333333,
        266.99333333333334,
        263.8333333333333,
        263.6333333333333,
        253.73333333333332,
        254.01333333333332,
        258.75333333333333,
        255.34,
        257.78,
        256.37333333333333,
        257.93333333333334,
        256.18666666666667,
        258.53333333333336,
        255.54,
        257.0466666666667,
        258.56,
        258.24,
        256.85333333333335,
        256.64666666666665,
        258.00666666666666,
        254.46666666666667,
        254.12666666666667,
        255.27333333333334,
        256.61333333333334,
        255.06666666666666,
        254.3,
        254.36666666666667,
        253.49333333333334,
        253.28666666666666,
        252.97333333333333,
        251.82,
        253.72666666666666,
        254.24,
        253.96666666666667,
        255.38,
        256.17333333333335,
        254.12666666666667,
        258.1066666666667,
        255.74,
        256.88,
        258.14,
        256.14,
        260.67333333333335,
        252.04666666666665,
        255.89333333333335,
        254.39333333333335,
        255.06666666666666,
        254.25333333333333,
        254.27333333333334,
        254.55333333333334,
        254.90666666666667,
        254.23333333333332,
        252.64,
        253.1,
        254.25333333333333,
        255.06,
        253.24666666666667,
        253.08666666666667,
        254.34,
        255.74666666666667,
        253.28666666666666,
        254.34
    ],
    "best fitness history": [
        10,
        306,
        10,
        227,
        280,
        284,
        267,
        240,
        299,
        297,
        285,
        289,
        285,
        346,
        290,
        499,
        499,
        499,
        499,
        499,
        499,
        499,
        499,
        499,
        499,
        499,
        499,
        499,
        499,
        289,
        499,
        499,
        282,
        484,
        499,
        499,
        499,
        499,
        299,
        499,
        499,
        499,
        499,
        499,
        499,
        499,
        499,
        499,
        499,
        499,
        499,
        499,
        499,
        499,
        499,
        499,
        499,
        499,
        499,
        499,
        499,
        499,
        311,
        286,
        322,
        499,
        499,
        499,
        499,
        499,
        499,
        499,
        499,
        499,
        499,
        499,
        499,
        499,
        499,
        499,
        499,
        499,
        499,
        499,
        499,
        499,
        499,
        499,
        499,
        499,
        499,
        499,
        499,
        499,
        499,
        499,
        499,
        499,
        499,
        499,
        499,
        499,
        499,
        499,
        499,
        499,
        499,
        499,
        499,
        499,
        499,
        499,
        499,
        499,
        499,
        499,
        499,
        499,
        499,
        499,
        499,
        499,
        499,
        499,
        499,
        499,
        499,
        499,
        499,
        499,
        499,
        499,
        499,
        499,
        499,
        499,
        499,
        499,
        499,
        499,
        499,
        499,
        499,
        499,
        499,
        499,
        499,
        499,
        499,
        499,
        499,
        499,
        499,
        499,
        499,
        499,
        499,
        499,
        499,
        499,
        499,
        499,
        499,
        499,
        499,
        499,
        499,
        499,
        499,
        499,
        499,
        499,
        499,
        499,
        499,
        499,
        499,
        499,
        499,
        499,
        499,
        499,
        499,
        499,
        499,
        499,
        499,
        499,
        499,
        499,
        499,
        499,
        499,
        499,
        499,
        499,
        499,
        499,
        499,
        499
    ],