{
    "time": "2022-09-10-07-39-07",
    "generations": 200,
    "fitness history": [
        8.42,
        8.4,
        8.473333333333333,
        8.253333333333334,
        8.426666666666666,
        8.373333333333333,
        8.366666666666667,
        8.333333333333334,
        8.666666666666666,
        9.6,
        8.293333333333333,
        11.713333333333333,
        20.533333333333335,
        37.28,
        40.54666666666667,
        7.773333333333333,
        7.926666666666667,
        69.31333333333333,
        27.213333333333335,
        7.713333333333333,
        8.36,
        41.1,
        21.686666666666667,
        7.773333333333333,
        39.88666666666666,
        37.98,
        7.713333333333333,
        40.48,
        7.76,
        40.42,
        41.22666666666667,
        42.04,
        40.26,
        7.713333333333333,
        40.053333333333335,
        40.92666666666667,
        7.7,
        7.8133333333333335,
        41.42666666666667,
        7.78,
        7.766666666666667,
        40.98,
        7.76,
        40.34,
        7.673333333333333,
        42.0,
        7.713333333333333,
        39.766666666666666,
        7.693333333333333,
        40.99333333333333,
        41.64,
        41.38666666666666,
        7.68,
        7.706666666666667,
        40.086666666666666,
        41.04666666666667,
        42.12,
        41.44,
        7.773333333333333,
        7.746666666666667,
        41.27333333333333,
        23.346666666666668,
        60.38,
        177.63333333333333,
        471.62666666666667,
        26.446666666666665,
        96.54,
        7.9,
        7.72,
        8.273333333333333,
        38.03333333333333,
        178.32666666666665,
        7.76,
        10.106666666666667,
        330.49333333333334,
        8.166666666666666,
        119.96,
        499.0,
        7.8,
        7.826666666666667,
        7.8133333333333335,
        25.64666666666667,
        39.306666666666665,
        21.64666666666667,
        8.286666666666667,
        107.78666666666666,
        40.44,
        190.73333333333332,
        8.94,
        106.6,
        19.46,
        194.75333333333333,
        8.153333333333334,
        65.35333333333334,
        8.306666666666667,
        9.006666666666666,
        158.09333333333333,
        32.806666666666665,
        7.753333333333333,
        186.12666666666667,
        499.0,
        97.38,
        40.53333333333333,
        37.526666666666664,
        7.733333333333333,
        361.32666666666665,
        173.85333333333332,
        7.76,
        7.746666666666667,
        466.08,
        8.866666666666667,
        7.733333333333333,
        7.666666666666667,
        36.21333333333333,
        200.56666666666666,
        499.0,
        22.733333333333334,
        32.3,
        36.54666666666667,
        8.306666666666667,
        8.346666666666666,
        8.593333333333334,
        21.08,
        156.62,
        8.146666666666667,
        37.42666666666667,
        7.86,
        8.346666666666666,
        7.76,
        7.76,
        8.26,
        317.53333333333336,
        102.74666666666667,
        7.766666666666667,
        8.633333333333333,
        8.313333333333333,
        12.313333333333333,
        185.48666666666668,
        7.76,
        8.34,
        8.0,
        48.92666666666667,
        59.946666666666665,
        8.266666666666667,
        38.14666666666667,
        8.28,
        8.306666666666667,
        263.44666666666666,
        8.326666666666666,
        8.433333333333334,
        8.333333333333334,
        253.13333333333333,
        8.313333333333333,
        171.26,
        8.333333333333334,
        8.353333333333333,
        8.333333333333334,
        8.413333333333334,
        8.38,
        12.513333333333334,
        8.273333333333333,
        8.26,
        8.393333333333333,
        8.333333333333334,
        168.36666666666667,
        8.273333333333333,
        28.64,
        151.72,
        11.913333333333334,
        8.4,
        104.82,
        155.52,
        8.346666666666666,
        8.4,
        8.413333333333334,
        8.42,
        8.386666666666667,
        18.813333333333333,
        8.273333333333333,
        18.506666666666668,
        8.346666666666666,
        8.353333333333333,
        8.693333333333333,
        8.4,
        8.493333333333334,
        13.393333333333333,
        8.246666666666666,
        8.28,
        8.286666666666667,
        7.98,
        8.326666666666666,
        11.726666666666667,
        8.393333333333333,
        8.38,
        172.39333333333335,
        8.186666666666667,
        8.333333333333334,
        8.426666666666666,
        8.246666666666666,
        8.34
    ],
    "best fitness history": [
        10,
        10,
        10,
        10,
        10,
        10,
        10,
        10,
        44,
        55,
        10,
        71,
        63,
        61,
        69,
        16,
        33,
        499,
        62,
        9,
        10,
        66,
        70,
        10,
        59,
        499,
        10,
        66,
        9,
        61,
        67,
        67,
        61,
        8,
        60,
        60,
        10,
        10,
        67,
        9,
        9,
        67,
        9,
        66,
        8,
        64,
        9,
        58,
        8,
        63,
        69,
        65,
        8,
        8,
        62,
        63,
        67,
        251,
        10,
        9,
        63,
        66,
        352,
        499,
        499,
        43,
        173,
        35,
        9,
        10,
        65,
        322,
        9,
        50,
        499,
        9,
        278,
        499,
        10,
        10,
        10,
        44,
        63,
        33,
        10,
        151,
        60,
        297,
        10,
        499,
        72,
        288,
        10,
        223,
        10,
        18,
        305,
        59,
        9,
        499,
        499,
        499,
        69,
        63,
        10,
        499,
        429,
        9,
        10,
        499,
        10,
        9,
        9,
        113,
        301,
        499,
        26,
        51,
        88,
        10,
        10,
        10,
        35,
        447,
        9,
        123,
        9,
        14,
        9,
        9,
        10,
        499,
        369,
        9,
        10,
        10,
        36,
        308,
        10,
        10,
        9,
        113,
        182,
        10,
        133,
        10,
        10,
        499,
        10,
        10,
        10,
        439,
        10,
        187,
        10,
        10,
        10,
        10,
        10,
        23,
        10,
        10,
        10,
        10,
        319,
        10,
        76,
        165,
        16,
        10,
        219,
        205,
        10,
        10,
        10,
        10,
        10,
        30,
        10,
        61,
        10,
        10,
        10,
        12,
        10,
        20,
        10,
        10,
        10,
        9,
        10,
        15,
        10,
        10,
        225,
        26,
        10,
        11,
        10,
        10
    ],