{
    "time": "2022-09-10-07-07-14",
    "generations": 200,
    "fitness history": [
        8.353333333333333,
        8.466666666666667,
        8.36,
        8.266666666666667,
        8.46,
        8.433333333333334,
        8.426666666666666,
        8.3,
        8.406666666666666,
        8.44,
        8.42,
        8.306666666666667,
        8.386666666666667,
        8.386666666666667,
        8.493333333333334,
        8.42,
        8.293333333333333,
        8.36,
        8.28,
        8.326666666666666,
        8.346666666666666,
        8.333333333333334,
        8.366666666666667,
        8.333333333333334,
        8.353333333333333,
        8.346666666666666,
        8.32,
        8.28,
        8.366666666666667,
        8.566666666666666,
        8.34,
        8.406666666666666,
        8.306666666666667,
        15.886666666666667,
        8.413333333333334,
        38.693333333333335,
        39.026666666666664,
        8.36,
        40.95333333333333,
        8.36,
        38.88,
        40.68,
        37.406666666666666,
        8.36,
        8.32,
        8.386666666666667,
        39.82,
        8.326666666666666,
        45.14,
        40.34,
        8.353333333333333,
        38.88666666666666,
        8.4,
        8.36,
        39.52,
        8.253333333333334,
        40.44,
        42.766666666666666,
        8.413333333333334,
        41.32666666666667,
        8.34,
        8.406666666666666,
        39.88,
        8.366666666666667,
        8.413333333333334,
        8.5,
        40.49333333333333,
        8.366666666666667,
        8.346666666666666,
        38.56,
        40.03333333333333,
        8.346666666666666,
        37.36666666666667,
        41.26,
        8.32,
        37.946666666666665,
        8.393333333333333,
        8.393333333333333,
        39.3,
        8.333333333333334,
        8.36,
        8.52,
        39.14,
        8.366666666666667,
        27.493333333333332,
        8.4,
        8.4,
        8.34,
        41.24,
        41.70666666666666,
        8.373333333333333,
        8.413333333333334,
        8.24,
        8.353333333333333,
        8.366666666666667,
        42.66,
        34.98,
        8.5,
        8.2,
        40.86666666666667,
        8.346666666666666,
        8.333333333333334,
        41.0,
        8.406666666666666,
        8.293333333333333,
        8.406666666666666,
        8.406666666666666,
        8.36,
        36.593333333333334,
        37.526666666666664,
        39.126666666666665,
        38.78666666666667,
        41.5,
        8.293333333333333,
        37.906666666666666,
        41.56666666666667,
        40.94,
        44.233333333333334,
        10.06,
        44.86,
        8.346666666666666,
        19.673333333333332,
        55.086666666666666,
        24.02,
        139.44,
        226.69333333333333,
        8.36,
        8.88,
        8.226666666666667,
        8.826666666666666,
        7.8,
        7.74,
        7.78,
        39.54,
        8.406666666666666,
        266.81333333333333,
        191.94,
        465.9533333333333,
        8.306666666666667,
        485.9066666666667,
        8.446666666666667,
        8.493333333333334,
        7.9,
        466.32,
        8.286666666666667,
        8.246666666666666,
        24.753333333333334,
        27.846666666666668,
        13.88,
        9.653333333333334,
        24.253333333333334,
        8.993333333333334,
        8.24,
        8.226666666666667,
        8.34,
        19.84,
        8.446666666666667,
        8.513333333333334,
        33.38666666666666,
        8.353333333333333,
        7.846666666666667,
        11.2,
        34.53333333333333,
        29.3,
        8.206666666666667,
        36.973333333333336,
        18.68,
        24.606666666666666,
        7.993333333333333,
        8.406666666666666,
        8.446666666666667,
        117.73333333333333,
        10.626666666666667,
        8.4,
        119.70666666666666,
        52.04,
        42.373333333333335,
        8.373333333333333,
        8.74,
        41.913333333333334,
        8.393333333333333,
        8.74,
        32.77333333333333,
        8.28,
        8.34,
        8.146666666666667,
        14.02,
        161.96666666666667,
        8.373333333333333,
        8.373333333333333,
        8.166666666666666,
        18.0,
        37.25333333333333,
        8.26,
        8.353333333333333,
        9.333333333333334,
        45.20666666666666,
        8.346666666666666,
        8.273333333333333,
        51.46666666666667
    ],
    "best fitness history": [
        10,
        10,
        10,
        10,
        10,
        10,
        10,
        10,
        10,
        10,
        10,
        10,
        10,
        10,
        10,
        10,
        10,
        10,
        10,
        10,
        10,
        10,
        10,
        10,
        10,
        10,
        10,
        10,
        10,
        36,
        10,
        10,
        10,
        69,
        10,
        123,
        124,
        10,
        136,
        10,
        154,
        112,
        120,
        10,
        10,
        10,
        91,
        10,
        180,
        109,
        10,
        122,
        10,
        10,
        125,
        10,
        132,
        155,
        10,
        110,
        10,
        10,
        104,
        10,
        10,
        47,
        104,
        10,
        10,
        119,
        102,
        10,
        103,
        112,
        10,
        144,
        10,
        10,
        133,
        10,
        10,
        37,
        130,
        10,
        78,
        10,
        10,
        10,
        148,
        152,
        10,
        10,
        9,
        10,
        10,
        179,
        160,
        10,
        10,
        142,
        10,
        10,
        103,
        10,
        10,
        10,
        10,
        10,
        120,
        86,
        131,
        102,
        117,
        9,
        113,
        146,
        217,
        499,
        67,
        178,
        10,
        85,
        104,
        37,
        499,
        352,
        10,
        10,
        10,
        10,
        9,
        9,
        9,
        71,
        10,
        499,
        284,
        499,
        10,
        499,
        10,
        50,
        9,
        499,
        9,
        10,
        45,
        60,
        26,
        34,
        293,
        10,
        10,
        10,
        10,
        53,
        10,
        10,
        102,
        10,
        9,
        14,
        90,
        51,
        10,
        122,
        30,
        33,
        10,
        10,
        11,
        499,
        15,
        10,
        278,
        128,
        94,
        10,
        10,
        115,
        10,
        10,
        91,
        10,
        10,
        10,
        20,
        377,
        10,
        10,
        10,
        63,
        93,
        10,
        10,
        12,
        171,
        10,
        9,
        162
    ],