{
    "time": "2022-09-12-02-42-59",
    "generations": 200,
    "fitness history": [
        8.266666666666667,
        8.42,
        9.333333333333334,
        8.813333333333333,
        8.333333333333334,
        14.34,
        18.253333333333334,
        17.486666666666668,
        25.16,
        22.92,
        21.85333333333333,
        24.04,
        25.9,
        28.94,
        27.946666666666665,
        27.19333333333333,
        30.406666666666666,
        30.30666666666667,
        32.57333333333333,
        33.053333333333335,
        31.8,
        31.713333333333335,
        27.69333333333333,
        33.24,
        32.0,
        29.733333333333334,
        28.753333333333334,
        30.133333333333333,
        27.88,
        27.64,
        31.54,
        26.673333333333332,
        29.30666666666667,
        29.973333333333333,
        28.986666666666668,
        31.2,
        28.293333333333333,
        29.42,
        28.473333333333333,
        27.153333333333332,
        29.266666666666666,
        28.22,
        27.273333333333333,
        29.006666666666668,
        28.413333333333334,
        27.933333333333334,
        29.073333333333334,
        29.066666666666666,
        27.35333333333333,
        28.04,
        28.68,
        28.026666666666667,
        30.346666666666668,
        26.35333333333333,
        30.573333333333334,
        29.713333333333335,
        27.85333333333333,
        28.406666666666666,
        29.36,
        28.18,
        28.946666666666665,
        29.746666666666666,
        27.82,
        29.3,
        30.313333333333333,
        27.933333333333334,
        29.066666666666666,
        28.286666666666665,
        27.466666666666665,
        27.966666666666665,
        29.513333333333332,
        29.846666666666668,
        29.153333333333332,
        28.84,
        31.9,
        30.22,
        28.033333333333335,
        27.686666666666667,
        29.833333333333332,
        29.253333333333334,
        27.24,
        28.32,
        29.033333333333335,
        28.026666666666667,
        29.086666666666666,
        28.72,
        29.566666666666666,
        29.006666666666668,
        29.706666666666667,
        30.673333333333332,
        27.506666666666668,
        30.473333333333333,
        27.80666666666667,
        29.46,
        30.426666666666666,
        32.5,
        29.846666666666668,
        29.593333333333334,
        29.426666666666666,
        28.14666666666667,
        27.606666666666666,
        28.82,
        27.02,
        27.96,
        27.16,
        29.606666666666666,
        29.246666666666666,
        31.613333333333333,
        28.52,
        30.846666666666668,
        28.686666666666667,
        29.013333333333332,
        29.006666666666668,
        27.366666666666667,
        28.22,
        27.473333333333333,
        27.186666666666667,
        28.0,
        27.8,
        28.513333333333332,
        27.446666666666665,
        29.14,
        28.773333333333333,
        34.72666666666667,
        40.99333333333333,
        43.32666666666667,
        45.61333333333334,
        61.29333333333334,
        34.846666666666664,
        37.00666666666667,
        33.70666666666666,
        40.22666666666667,
        45.3,
        33.35333333333333,
        37.58,
        39.086666666666666,
        43.306666666666665,
        43.873333333333335,
        55.92,
        60.64666666666667,
        44.61333333333334,
        50.3,
        76.33333333333333,
        76.2,
        92.02,
        85.34,
        87.83333333333333,
        105.93333333333334,
        117.67333333333333,
        136.5,
        158.42,
        150.54,
        151.4,
        160.61333333333334,
        172.51333333333332,
        165.81333333333333,
        178.72,
        187.72666666666666,
        187.6,
        194.25333333333333,
        199.26666666666668,
        204.72666666666666,
        201.27333333333334,
        199.2,
        189.75333333333333,
        217.54666666666665,
        212.66666666666666,
        220.14,
        228.61333333333334,
        220.31333333333333,
        221.22666666666666,
        207.45333333333335,
        231.58666666666667,
        224.06666666666666,
        241.13333333333333,
        238.94,
        226.81333333333333,
        243.29333333333332,
        262.5733333333333,
        289.04,
        255.8,
        249.81333333333333,
        245.28,
        260.99333333333334,
        257.4,
        274.73333333333335,
        247.72,
        280.49333333333334,
        249.14666666666668,
        282.58,
        261.6666666666667,
        259.96666666666664,
        276.52,
        256.97333333333336,
        281.50666666666666,
        249.66,
        250.14,
        251.30666666666667,
        238.96666666666667,
        251.08
    ],
    "best fitness history": [
        10,
        25,
        52,
        36,
        10,
        55,
        60,
        54,
        59,
        58,
        61,
        67,
        61,
        60,
        61,
        65,
        66,
        62,
        71,
        63,
        63,
        66,
        62,
        499,
        499,
        499,
        58,
        65,
        59,
        59,
        67,
        63,
        58,
        60,
        58,
        67,
        70,
        61,
        67,
        71,
        67,
        69,
        61,
        67,
        66,
        63,
        61,
        59,
        59,
        61,
        60,
        67,
        60,
        56,
        67,
        61,
        62,
        62,
        62,
        67,
        62,
        66,
        63,
        66,
        61,
        65,
        61,
        61,
        57,
        59,
        67,
        71,
        63,
        61,
        67,
        67,
        61,
        63,
        64,
        71,
        59,
        63,
        60,
        67,
        61,
        67,
        61,
        58,
        71,
        60,
        61,
        71,
        61,
        63,
        58,
        62,
        61,
        61,
        63,
        63,
        57,
        60,
        61,
        66,
        62,
        66,
        79,
        71,
        63,
        71,
        63,
        67,
        62,
        60,
        62,
        60,
        61,
        67,
        65,
        66,
        71,
        77,
        63,
        499,
        499,
        489,
        499,
        499,
        280,
        387,
        316,
        499,
        344,
        376,
        368,
        499,
        499,
        499,
        499,
        499,
        499,
        499,
        499,
        499,
        499,
        499,
        499,
        499,
        499,
        499,
        499,
        499,
        499,
        499,
        499,
        499,
        499,
        499,
        499,
        499,
        499,
        499,
        499,
        499,
        499,
        499,
        499,
        499,
        499,
        499,
        499,
        499,
        499,
        499,
        499,
        499,
        499,
        499,
        499,
        499,
        499,
        499,
        499,
        499,
        499,
        499,
        499,
        499,
        499,
        499,
        499,
        499,
        499,
        499,
        499,
        499,
        499,
        499,
        499,
        499
    ],