{
    "time": "2022-09-12-00-40-20",
    "generations": 200,
    "fitness history": [
        8.326666666666666,
        8.22,
        8.753333333333334,
        10.546666666666667,
        21.78,
        106.88,
        118.86666666666666,
        89.88666666666667,
        41.78666666666667,
        120.58666666666667,
        102.68,
        124.7,
        123.47333333333333,
        124.49333333333334,
        120.02666666666667,
        121.69333333333333,
        132.2,
        121.81333333333333,
        131.84666666666666,
        129.65333333333334,
        126.68,
        140.15333333333334,
        141.62,
        131.63333333333333,
        126.64666666666666,
        128.02,
        122.3,
        131.53333333333333,
        130.28666666666666,
        130.75333333333333,
        132.47333333333333,
        133.29333333333332,
        134.19333333333333,
        127.74666666666667,
        132.26666666666668,
        141.86666666666667,
        135.59333333333333,
        128.78666666666666,
        137.87333333333333,
        143.28666666666666,
        128.04666666666665,
        128.09333333333333,
        130.41333333333333,
        123.15333333333334,
        128.34666666666666,
        127.06,
        134.68666666666667,
        129.03333333333333,
        122.5,
        137.15333333333334,
        131.91333333333333,
        132.62,
        131.94666666666666,
        132.18,
        131.12,
        118.42,
        139.25333333333333,
        127.48666666666666,
        137.68666666666667,
        139.46,
        130.46,
        130.62666666666667,
        131.64666666666668,
        135.76,
        137.9,
        131.26,
        133.56,
        129.00666666666666,
        141.11333333333334,
        131.98,
        140.31333333333333,
        128.31333333333333,
        143.24,
        138.11333333333334,
        125.25333333333333,
        129.22666666666666,
        127.07333333333334,
        130.28666666666666,
        134.98,
        126.84666666666666,
        137.61333333333334,
        133.52,
        129.52666666666667,
        137.52,
        141.58666666666667,
        134.21333333333334,
        139.46666666666667,
        135.42666666666668,
        135.05333333333334,
        134.09333333333333,
        137.72,
        135.70666666666668,
        132.18666666666667,
        132.76,
        128.50666666666666,
        131.18666666666667,
        135.39333333333335,
        136.05333333333334,
        131.48,
        130.72666666666666,
        141.64,
        137.46666666666667,
        138.76666666666668,
        136.4,
        138.34666666666666,
        141.88,
        144.27333333333334,
        135.21333333333334,
        138.60666666666665,
        137.18666666666667,
        142.62666666666667,
        135.27333333333334,
        131.25333333333333,
        136.61333333333334,
        134.81333333333333,
        133.66,
        134.66,
        137.9,
        126.68,
        131.13333333333333,
        130.21333333333334,
        141.64,
        130.53333333333333,
        138.97333333333333,
        135.81333333333333,
        130.04,
        135.96666666666667,
        132.64666666666668,
        130.11333333333334,
        138.16666666666666,
        145.9,
        141.72,
        140.20666666666668,
        140.16,
        139.08,
        138.56666666666666,
        137.06,
        132.26666666666668,
        134.28666666666666,
        141.06,
        141.56666666666666,
        129.59333333333333,
        140.72666666666666,
        135.99333333333334,
        128.33333333333334,
        135.69333333333333,
        132.76666666666668,
        133.14666666666668,
        134.39333333333335,
        132.03333333333333,
        132.81333333333333,
        127.37333333333333,
        143.40666666666667,
        135.27333333333334,
        128.87333333333333,
        140.75333333333333,
        136.18,
        146.36,
        134.28666666666666,
        142.31333333333333,
        136.03333333333333,
        144.17333333333335,
        145.71333333333334,
        140.22,
        132.20666666666668,
        136.36666666666667,
        148.2,
        135.19333333333333,
        144.56666666666666,
        145.74,
        149.66,
        139.84666666666666,
        136.76666666666668,
        127.46666666666667,
        138.46,
        138.87333333333333,
        148.84,
        137.24,
        145.08666666666667,
        147.68666666666667,
        142.16666666666666,
        136.39333333333335,
        130.78,
        129.99333333333334,
        139.9,
        133.44,
        139.94,
        138.04666666666665,
        134.16,
        137.00666666666666,
        135.6,
        134.43333333333334,
        144.55333333333334,
        138.56,
        151.35333333333332,
        143.35333333333332,
        148.43333333333334,
        137.98,
        132.94,
        143.12666666666667
    ],
    "best fitness history": [
        10,
        10,
        40,
        222,
        289,
        262,
        287,
        282,
        249,
        289,
        319,
        295,
        353,
        300,
        281,
        321,
        296,
        292,
        299,
        262,
        278,
        281,
        292,
        284,
        323,
        300,
        285,
        267,
        304,
        303,
        281,
        283,
        299,
        304,
        326,
        295,
        287,
        289,
        298,
        306,
        317,
        292,
        371,
        308,
        310,
        282,
        320,
        324,
        308,
        320,
        294,
        313,
        317,
        288,
        286,
        284,
        329,
        272,
        310,
        293,
        303,
        332,
        275,
        308,
        312,
        287,
        290,
        293,
        301,
        274,
        285,
        304,
        279,
        298,
        292,
        270,
        316,
        319,
        299,
        280,
        293,
        290,
        304,
        326,
        356,
        289,
        290,
        289,
        296,
        303,
        282,
        303,
        349,
        298,
        370,
        295,
        312,
        315,
        290,
        298,
        300,
        301,
        341,
        292,
        340,
        303,
        286,
        315,
        281,
        297,
        281,
        299,
        279,
        292,
        279,
        288,
        294,
        285,
        297,
        273,
        304,
        292,
        337,
        288,
        271,
        375,
        281,
        281,
        311,
        294,
        313,
        291,
        289,
        307,
        278,
        276,
        278,
        301,
        308,
        290,
        285,
        299,
        295,
        305,
        283,
        282,
        292,
        280,
        260,
        292,
        297,
        301,
        325,
        270,
        270,
        449,
        431,
        499,
        322,
        325,
        294,
        302,
        283,
        288,
        275,
        290,
        297,
        310,
        304,
        325,
        318,
        272,
        324,
        292,
        291,
        310,
        327,
        278,
        290,
        499,
        499,
        265,
        374,
        327,
        333,
        281,
        296,
        336,
        298,
        312,
        287,
        335,
        304,
        283,
        302,
        310,
        339,
        331,
        282,
        322
    ],