{
    "time": "2022-09-12-13-28-05",
    "generations": 200,
    "fitness history": [
        8.386666666666667,
        8.48,
        8.4,
        9.34,
        11.966666666666667,
        12.293333333333333,
        26.38,
        16.426666666666666,
        18.34,
        25.053333333333335,
        23.433333333333334,
        27.586666666666666,
        25.98,
        23.226666666666667,
        23.96,
        31.566666666666666,
        32.43333333333333,
        31.42,
        31.32,
        29.886666666666667,
        27.04,
        31.733333333333334,
        29.726666666666667,
        30.86,
        30.233333333333334,
        33.44,
        31.086666666666666,
        30.14,
        32.973333333333336,
        31.413333333333334,
        38.00666666666667,
        35.833333333333336,
        35.013333333333335,
        31.64666666666667,
        34.906666666666666,
        58.74,
        60.88,
        49.56,
        49.766666666666666,
        50.806666666666665,
        63.28,
        92.73333333333333,
        124.72,
        139.68666666666667,
        79.78666666666666,
        128.16,
        160.87333333333333,
        142.68,
        198.16,
        182.03333333333333,
        202.57333333333332,
        198.53333333333333,
        232.13333333333333,
        230.96666666666667,
        222.61333333333334,
        243.41333333333333,
        221.5,
        215.58666666666667,
        211.66,
        215.44666666666666,
        212.9,
        226.10666666666665,
        249.2,
        254.20666666666668,
        278.14,
        271.86,
        287.84,
        308.36,
        305.54,
        339.47333333333336,
        272.38,
        341.18666666666667,
        296.9,
        292.72,
        277.79333333333335,
        275.88,
        275.66,
        270.52666666666664,
        272.35333333333335,
        268.18666666666667,
        269.18,
        266.91333333333336,
        261.47333333333336,
        261.68,
        260.94666666666666,
        258.38,
        259.2266666666667,
        258.1533333333333,
        257.2133333333333,
        257.75333333333333,
        257.02666666666664,
        256.8066666666667,
        256.56,
        258.54,
        251.75333333333333,
        252.08,
        310.55333333333334,
        276.14,
        272.73333333333335,
        278.6533333333333,
        267.4866666666667,
        273.64,
        273.54,
        273.38,
        271.4533333333333,
        269.6666666666667,
        268.93333333333334,
        272.38,
        274.47333333333336,
        271.93333333333334,
        269.8,
        273.68,
        271.9266666666667,
        275.41333333333336,
        273.53333333333336,
        273.81333333333333,
        275.42,
        271.86,
        269.88666666666666,
        266.58,
        265.76,
        258.49333333333334,
        260.23333333333335,
        257.75333333333333,
        254.18666666666667,
        256.6533333333333,
        258.1933333333333,
        256.05333333333334,
        255.09333333333333,
        254.23333333333332,
        254.73333333333332,
        255.4,
        254.18666666666667,
        255.31333333333333,
        254.43333333333334,
        254.32,
        253.82666666666665,
        254.76666666666668,
        254.66666666666666,
        253.52666666666667,
        253.80666666666667,
        251.70666666666668,
        251.82,
        251.88,
        254.46,
        254.8,
        256.5933333333333,
        256.49333333333334,
        253.90666666666667,
        256.54,
        256.3333333333333,
        256.22,
        256.20666666666665,
        256.54,
        254.68,
        257.7,
        256.08,
        254.54666666666665,
        256.44,
        253.76666666666668,
        252.34666666666666,
        253.72,
        254.34666666666666,
        255.16666666666666,
        255.31333333333333,
        256.05333333333334,
        253.74,
        256.1933333333333,
        253.69333333333333,
        252.28666666666666,
        253.40666666666667,
        251.74,
        252.52,
        253.08,
        251.51333333333332,
        252.78,
        251.86666666666667,
        252.75333333333333,
        253.21333333333334,
        252.94666666666666,
        252.51333333333332,
        252.75333333333333,
        253.05333333333334,
        252.74666666666667,
        252.76666666666668,
        252.76,
        251.58,
        252.51333333333332,
        251.64,
        251.74666666666667,
        252.64666666666668,
        251.16666666666666,
        252.70666666666668,
        252.89333333333335,
        252.88,
        252.93333333333334,
        252.95333333333335,
        252.66,
        250.82666666666665,
        252.92
    ],
    "best fitness history": [
        10,
        26,
        10,
        48,
        42,
        77,
        62,
        69,
        57,
        63,
        58,
        68,
        114,
        66,
        69,
        428,
        499,
        499,
        499,
        419,
        62,
        90,
        60,
        60,
        59,
        70,
        58,
        75,
        144,
        499,
        499,
        499,
        499,
        201,
        499,
        499,
        499,
        499,
        499,
        499,
        499,
        499,
        499,
        499,
        499,
        499,
        499,
        499,
        499,
        499,
        499,
        499,
        499,
        499,
        499,
        499,
        499,
        499,
        499,
        499,
        499,
        499,
        499,
        499,
        499,
        499,
        499,
        499,
        499,
        499,
        499,
        499,
        499,
        499,
        499,
        499,
        499,
        499,
        499,
        499,
        499,
        499,
        499,
        499,
        499,
        499,
        499,
        499,
        499,
        499,
        499,
        499,
        499,
        499,
        499,
        499,
        499,
        499,
        499,
        499,
        499,
        499,
        499,
        499,
        499,
        499,
        499,
        499,
        499,
        499,
        499,
        499,
        499,
        499,
        499,
        499,
        499,
        499,
        499,
        499,
        499,
        499,
        499,
        499,
        499,
        499,
        499,
        499,
        499,
        499,
        499,
        499,
        499,
        499,
        499,
        499,
        499,
        499,
        499,
        499,
        499,
        499,
        499,
        499,
        499,
        499,
        499,
        499,
        499,
        499,
        499,
        499,
        499,
        499,
        499,
        499,
        499,
        499,
        499,
        499,
        499,
        499,
        499,
        499,
        499,
        499,
        499,
        499,
        499,
        499,
        499,
        499,
        499,
        499,
        499,
        499,
        499,
        499,
        499,
        499,
        499,
        499,
        499,
        499,
        499,
        499,
        499,
        499,
        499,
        499,
        499,
        499,
        499,
        499,
        499,
        499,
        499,
        499,
        499,
        499
    ],