{
    "time": "2022-09-10-11-04-33",
    "generations": 200,
    "fitness history": [
        8.353333333333333,
        8.413333333333334,
        8.306666666666667,
        8.386666666666667,
        8.413333333333334,
        8.426666666666666,
        8.346666666666666,
        8.466666666666667,
        8.333333333333334,
        8.426666666666666,
        8.246666666666666,
        8.393333333333333,
        8.333333333333334,
        8.313333333333333,
        8.4,
        8.4,
        8.366666666666667,
        8.406666666666666,
        8.36,
        8.326666666666666,
        8.22,
        8.38,
        8.253333333333334,
        8.313333333333333,
        8.233333333333333,
        8.226666666666667,
        8.313333333333333,
        8.366666666666667,
        8.346666666666666,
        8.373333333333333,
        8.366666666666667,
        8.38,
        8.22,
        8.426666666666666,
        9.9,
        8.32,
        8.306666666666667,
        93.66,
        90.3,
        118.10666666666667,
        104.52,
        92.90666666666667,
        116.93333333333334,
        114.54,
        114.54666666666667,
        120.53333333333333,
        113.56,
        127.86666666666666,
        125.46,
        126.17333333333333,
        128.32,
        127.1,
        125.13333333333334,
        141.42666666666668,
        133.56666666666666,
        125.83333333333333,
        134.2,
        132.09333333333333,
        129.24,
        124.04,
        122.90666666666667,
        130.31333333333333,
        125.72,
        114.92,
        133.83333333333334,
        125.82,
        124.30666666666667,
        123.04,
        135.74,
        138.50666666666666,
        130.34666666666666,
        130.20666666666668,
        127.04,
        124.14,
        124.28666666666666,
        128.87333333333333,
        130.94666666666666,
        127.38666666666667,
        132.76666666666668,
        141.87333333333333,
        122.64,
        121.34,
        137.47333333333333,
        124.61333333333333,
        126.29333333333334,
        125.16666666666667,
        132.06,
        142.45333333333335,
        132.08,
        134.38666666666666,
        135.32666666666665,
        131.35333333333332,
        137.02,
        136.85333333333332,
        136.49333333333334,
        145.72,
        137.68,
        130.45333333333335,
        131.90666666666667,
        131.47333333333333,
        129.27333333333334,
        140.45333333333335,
        131.60666666666665,
        138.91333333333333,
        139.82666666666665,
        139.73333333333332,
        137.34,
        128.06,
        138.04666666666665,
        134.72666666666666,
        132.10666666666665,
        133.18666666666667,
        132.4,
        128.08,
        148.92666666666668,
        140.24666666666667,
        148.04,
        134.52,
        132.11333333333334,
        136.63333333333333,
        136.94,
        135.68,
        139.50666666666666,
        139.04666666666665,
        133.73333333333332,
        138.8,
        140.45333333333335,
        137.76,
        133.54666666666665,
        131.88,
        130.13333333333333,
        127.65333333333334,
        132.56,
        142.91333333333333,
        136.43333333333334,
        134.21333333333334,
        130.2,
        141.56,
        139.22,
        132.51333333333332,
        137.58666666666667,
        139.38666666666666,
        143.86,
        139.2,
        132.36666666666667,
        135.43333333333334,
        139.36666666666667,
        139.71333333333334,
        133.95333333333335,
        143.70666666666668,
        143.89333333333335,
        140.62666666666667,
        128.51333333333332,
        141.77333333333334,
        136.18666666666667,
        141.67333333333335,
        150.84666666666666,
        142.83333333333334,
        131.8,
        130.60666666666665,
        142.64666666666668,
        133.68666666666667,
        135.03333333333333,
        142.90666666666667,
        135.24666666666667,
        132.36,
        132.53333333333333,
        130.96666666666667,
        141.59333333333333,
        142.68666666666667,
        136.16666666666666,
        136.04,
        128.99333333333334,
        129.8,
        138.15333333333334,
        127.43333333333334,
        148.53333333333333,
        141.41333333333333,
        134.14666666666668,
        145.07333333333332,
        133.40666666666667,
        140.84666666666666,
        143.47333333333333,
        143.02,
        129.45333333333335,
        143.00666666666666,
        144.48,
        132.84,
        149.27333333333334,
        137.46,
        139.88666666666666,
        148.18,
        145.82666666666665,
        142.23333333333332,
        140.96,
        137.46,
        138.18666666666667,
        137.04,
        140.2,
        146.23333333333332
    ],
    "best fitness history": [
        10,
        10,
        10,
        10,
        10,
        10,
        10,
        10,
        10,
        10,
        10,
        10,
        10,
        10,
        10,
        10,
        10,
        10,
        10,
        10,
        10,
        10,
        10,
        10,
        10,
        10,
        10,
        10,
        10,
        10,
        10,
        10,
        10,
        10,
        248,
        10,
        10,
        278,
        316,
        317,
        368,
        293,
        296,
        355,
        298,
        327,
        290,
        285,
        293,
        285,
        305,
        280,
        287,
        275,
        284,
        291,
        302,
        298,
        280,
        303,
        288,
        318,
        314,
        306,
        284,
        289,
        277,
        295,
        306,
        300,
        279,
        272,
        297,
        268,
        288,
        320,
        292,
        353,
        289,
        288,
        303,
        297,
        325,
        327,
        278,
        286,
        285,
        286,
        286,
        301,
        313,
        277,
        313,
        310,
        321,
        300,
        289,
        307,
        292,
        285,
        290,
        279,
        301,
        278,
        289,
        284,
        328,
        315,
        276,
        285,
        288,
        306,
        307,
        302,
        287,
        286,
        330,
        271,
        304,
        279,
        282,
        284,
        282,
        289,
        318,
        295,
        314,
        291,
        302,
        281,
        289,
        285,
        313,
        304,
        292,
        286,
        297,
        324,
        287,
        282,
        277,
        316,
        295,
        284,
        288,
        297,
        295,
        297,
        292,
        294,
        309,
        287,
        276,
        318,
        278,
        346,
        279,
        310,
        298,
        294,
        293,
        309,
        336,
        299,
        288,
        296,
        291,
        373,
        278,
        318,
        312,
        281,
        308,
        288,
        275,
        312,
        308,
        335,
        291,
        311,
        272,
        285,
        302,
        276,
        272,
        286,
        311,
        280,
        285,
        290,
        277,
        286,
        296,
        338,
        292,
        338,
        275,
        302,
        297,
        288
    ],