{
    "time": "2022-09-12-13-08-07",
    "generations": 200,
    "fitness history": [
        8.373333333333333,
        9.76,
        11.993333333333334,
        8.346666666666666,
        31.153333333333332,
        124.54666666666667,
        106.41333333333333,
        123.8,
        69.02,
        9.813333333333333,
        8.56,
        12.446666666666667,
        16.173333333333332,
        194.93333333333334,
        19.253333333333334,
        20.7,
        18.893333333333334,
        16.993333333333332,
        16.18,
        18.326666666666668,
        51.053333333333335,
        57.9,
        86.88666666666667,
        87.27333333333333,
        91.1,
        92.79333333333334,
        108.7,
        112.67333333333333,
        120.02666666666667,
        114.13333333333334,
        119.04666666666667,
        118.48666666666666,
        118.39333333333333,
        121.06666666666666,
        123.24,
        115.60666666666667,
        135.9,
        140.68,
        128.74666666666667,
        132.44666666666666,
        128.24,
        129.1,
        124.06666666666666,
        145.68666666666667,
        132.48666666666668,
        129.31333333333333,
        138.28666666666666,
        139.9,
        130.43333333333334,
        135.84,
        138.9,
        145.41333333333333,
        142.92666666666668,
        134.07333333333332,
        127.74666666666667,
        130.4,
        128.70666666666668,
        134.89333333333335,
        135.69333333333333,
        136.42,
        140.38666666666666,
        138.57333333333332,
        130.65333333333334,
        133.80666666666667,
        130.46666666666667,
        134.46,
        130.62666666666667,
        136.36666666666667,
        130.2,
        129.09333333333333,
        133.65333333333334,
        140.5,
        132.49333333333334,
        130.95333333333335,
        134.62,
        137.75333333333333,
        135.66666666666666,
        131.21333333333334,
        128.02,
        138.65333333333334,
        137.04,
        142.38,
        137.01333333333332,
        138.38,
        140.21333333333334,
        139.52666666666667,
        147.18666666666667,
        134.66,
        136.12,
        138.52,
        144.44,
        139.12,
        140.54,
        134.6,
        131.71333333333334,
        141.58,
        133.96666666666667,
        141.38666666666666,
        137.01333333333332,
        143.05333333333334,
        137.01333333333332,
        131.98666666666668,
        147.08,
        129.41333333333333,
        137.18666666666667,
        136.5,
        140.15333333333334,
        145.9,
        140.52,
        145.1,
        135.92,
        139.7,
        138.2,
        141.94,
        136.26,
        145.04666666666665,
        137.9,
        154.07333333333332,
        131.16,
        140.14666666666668,
        146.90666666666667,
        141.73333333333332,
        150.15333333333334,
        138.08,
        134.78666666666666,
        144.05333333333334,
        138.91333333333333,
        144.02666666666667,
        147.60666666666665,
        145.53333333333333,
        143.63333333333333,
        143.39333333333335,
        141.11333333333334,
        136.79333333333332,
        139.86,
        133.29333333333332,
        147.33333333333334,
        136.58,
        137.52666666666667,
        143.06666666666666,
        132.26666666666668,
        135.65333333333334,
        140.48666666666668,
        144.76666666666668,
        131.06,
        142.14,
        134.25333333333333,
        144.0,
        132.18,
        136.27333333333334,
        139.95333333333335,
        130.97333333333333,
        143.22666666666666,
        140.16,
        144.44,
        147.89333333333335,
        147.29333333333332,
        136.26666666666668,
        137.8,
        144.74666666666667,
        139.56,
        138.48,
        139.68666666666667,
        138.15333333333334,
        136.61333333333334,
        144.58666666666667,
        151.92666666666668,
        137.28,
        141.05333333333334,
        138.32,
        140.06,
        139.47333333333333,
        140.35333333333332,
        133.35333333333332,
        144.24,
        143.40666666666667,
        144.36,
        145.57333333333332,
        148.02,
        140.01333333333332,
        144.06,
        133.39333333333335,
        138.53333333333333,
        144.68666666666667,
        140.13333333333333,
        143.9,
        134.87333333333333,
        130.78666666666666,
        141.93333333333334,
        136.72666666666666,
        147.6,
        139.97333333333333,
        137.97333333333333,
        133.03333333333333,
        143.79333333333332,
        139.60666666666665,
        143.40666666666667,
        138.8,
        142.24666666666667,
        144.0
    ],
    "best fitness history": [
        10,
        214,
        225,
        21,
        263,
        276,
        499,
        293,
        302,
        242,
        33,
        230,
        282,
        301,
        221,
        205,
        254,
        268,
        173,
        167,
        290,
        264,
        293,
        298,
        265,
        323,
        277,
        471,
        300,
        347,
        326,
        325,
        334,
        286,
        309,
        281,
        485,
        366,
        499,
        499,
        499,
        357,
        360,
        499,
        347,
        325,
        379,
        438,
        272,
        286,
        393,
        329,
        493,
        295,
        331,
        297,
        296,
        291,
        369,
        316,
        402,
        303,
        365,
        301,
        302,
        325,
        330,
        499,
        296,
        292,
        310,
        331,
        326,
        296,
        302,
        317,
        302,
        284,
        293,
        291,
        303,
        323,
        295,
        304,
        343,
        320,
        329,
        364,
        295,
        329,
        472,
        299,
        323,
        293,
        321,
        345,
        282,
        329,
        277,
        405,
        326,
        305,
        306,
        393,
        294,
        305,
        295,
        286,
        310,
        304,
        327,
        288,
        295,
        311,
        319,
        378,
        292,
        311,
        301,
        278,
        335,
        276,
        297,
        282,
        287,
        290,
        276,
        285,
        302,
        318,
        334,
        294,
        303,
        310,
        274,
        273,
        305,
        287,
        296,
        322,
        322,
        435,
        283,
        287,
        290,
        295,
        275,
        302,
        329,
        293,
        310,
        300,
        321,
        316,
        290,
        300,
        302,
        288,
        311,
        291,
        284,
        356,
        285,
        292,
        279,
        315,
        348,
        467,
        499,
        301,
        288,
        326,
        351,
        301,
        293,
        307,
        330,
        279,
        309,
        277,
        311,
        284,
        270,
        354,
        292,
        320,
        314,
        282,
        298,
        304,
        302,
        301,
        313,
        313,
        362,
        273,
        266,
        313,
        284,
        303
    ],