{
    "time": "2022-09-12-01-48-57",
    "generations": 200,
    "fitness history": [
        8.466666666666667,
        8.786666666666667,
        12.033333333333333,
        22.386666666666667,
        29.086666666666666,
        27.946666666666665,
        27.973333333333333,
        25.2,
        22.926666666666666,
        23.18,
        25.246666666666666,
        26.393333333333334,
        25.24,
        31.873333333333335,
        28.5,
        32.10666666666667,
        28.566666666666666,
        32.63333333333333,
        29.80666666666667,
        29.293333333333333,
        27.08,
        28.726666666666667,
        28.866666666666667,
        30.426666666666666,
        27.786666666666665,
        30.086666666666666,
        30.226666666666667,
        30.566666666666666,
        30.826666666666668,
        30.69333333333333,
        33.64,
        29.233333333333334,
        32.42,
        31.8,
        31.62,
        28.793333333333333,
        28.446666666666665,
        31.24,
        30.82,
        31.14,
        29.926666666666666,
        33.4,
        31.493333333333332,
        30.493333333333332,
        30.80666666666667,
        35.9,
        31.653333333333332,
        31.633333333333333,
        29.813333333333333,
        29.466666666666665,
        33.7,
        31.02,
        34.18,
        33.04666666666667,
        30.826666666666668,
        30.22,
        33.626666666666665,
        29.64,
        28.3,
        30.64666666666667,
        31.886666666666667,
        32.56666666666667,
        30.966666666666665,
        33.06666666666667,
        28.633333333333333,
        31.846666666666668,
        28.946666666666665,
        29.42,
        33.52,
        31.673333333333332,
        30.96,
        29.14666666666667,
        29.606666666666666,
        29.14666666666667,
        29.686666666666667,
        29.953333333333333,
        35.18666666666667,
        31.686666666666667,
        32.27333333333333,
        33.38,
        32.666666666666664,
        27.78,
        29.933333333333334,
        28.186666666666667,
        30.746666666666666,
        28.866666666666667,
        34.71333333333333,
        28.9,
        31.12,
        33.38666666666666,
        29.073333333333334,
        30.36,
        31.186666666666667,
        29.153333333333332,
        30.206666666666667,
        25.606666666666666,
        29.74,
        29.246666666666666,
        34.486666666666665,
        31.186666666666667,
        32.653333333333336,
        30.48,
        29.813333333333333,
        33.026666666666664,
        32.306666666666665,
        30.846666666666668,
        27.186666666666667,
        28.706666666666667,
        29.8,
        32.36,
        27.746666666666666,
        29.046666666666667,
        30.233333333333334,
        27.56,
        29.66,
        31.633333333333333,
        31.226666666666667,
        29.86,
        29.053333333333335,
        29.513333333333332,
        26.82,
        31.026666666666667,
        27.58,
        31.526666666666667,
        30.24,
        29.453333333333333,
        28.4,
        30.993333333333332,
        29.746666666666666,
        32.02,
        29.953333333333333,
        31.046666666666667,
        28.906666666666666,
        27.953333333333333,
        30.06,
        31.006666666666668,
        29.653333333333332,
        28.22,
        28.633333333333333,
        31.273333333333333,
        30.766666666666666,
        30.04,
        29.106666666666666,
        30.5,
        29.68,
        28.373333333333335,
        28.613333333333333,
        29.506666666666668,
        28.32,
        25.973333333333333,
        30.08,
        28.24,
        30.593333333333334,
        26.72,
        32.27333333333333,
        32.7,
        28.366666666666667,
        30.453333333333333,
        30.593333333333334,
        28.666666666666668,
        27.953333333333333,
        30.88,
        32.233333333333334,
        31.913333333333334,
        30.653333333333332,
        29.493333333333332,
        32.68,
        30.253333333333334,
        30.346666666666668,
        29.313333333333333,
        26.72,
        31.046666666666667,
        29.613333333333333,
        30.04,
        26.566666666666666,
        28.18,
        29.246666666666666,
        30.033333333333335,
        29.346666666666668,
        30.426666666666666,
        31.48,
        28.18,
        28.033333333333335,
        26.58,
        31.433333333333334,
        28.586666666666666,
        27.44,
        30.686666666666667,
        27.92,
        31.74,
        28.733333333333334,
        33.28666666666667,
        29.7,
        28.74,
        28.793333333333333,
        30.773333333333333,
        29.733333333333334,
        27.073333333333334,
        28.34,
        26.766666666666666
    ],
    "best fitness history": [
        10,
        44,
        158,
        104,
        97,
        106,
        137,
        76,
        138,
        131,
        135,
        150,
        117,
        186,
        106,
        138,
        95,
        100,
        93,
        116,
        94,
        128,
        103,
        76,
        81,
        123,
        130,
        105,
        90,
        96,
        174,
        104,
        123,
        176,
        114,
        91,
        115,
        110,
        108,
        126,
        147,
        126,
        88,
        82,
        105,
        185,
        128,
        171,
        81,
        107,
        102,
        147,
        112,
        108,
        85,
        114,
        102,
        106,
        91,
        129,
        106,
        112,
        117,
        150,
        91,
        90,
        114,
        100,
        106,
        128,
        133,
        116,
        99,
        86,
        115,
        126,
        145,
        166,
        110,
        95,
        131,
        76,
        185,
        124,
        122,
        112,
        134,
        110,
        138,
        108,
        73,
        123,
        95,
        170,
        117,
        123,
        104,
        116,
        181,
        153,
        109,
        124,
        125,
        87,
        106,
        115,
        77,
        102,
        111,
        145,
        92,
        82,
        101,
        104,
        105,
        104,
        130,
        135,
        112,
        101,
        103,
        95,
        82,
        95,
        183,
        146,
        144,
        83,
        125,
        150,
        99,
        180,
        128,
        76,
        96,
        182,
        108,
        99,
        91,
        194,
        115,
        102,
        134,
        112,
        82,
        156,
        112,
        131,
        104,
        99,
        104,
        110,
        90,
        90,
        110,
        104,
        140,
        127,
        126,
        108,
        123,
        113,
        136,
        390,
        114,
        106,
        110,
        122,
        92,
        122,
        90,
        143,
        154,
        192,
        113,
        109,
        148,
        78,
        119,
        108,
        90,
        117,
        146,
        82,
        155,
        118,
        107,
        167,
        93,
        114,
        104,
        157,
        111,
        102,
        100,
        124,
        119,
        82,
        112,
        118
    ],