{
    "time": "2022-09-10-12-24-48",
    "generations": 200,
    "fitness history": [
        8.346666666666666,
        8.333333333333334,
        8.553333333333333,
        8.9,
        8.373333333333333,
        21.69333333333333,
        25.233333333333334,
        39.56,
        18.6,
        8.38,
        41.36,
        38.126666666666665,
        32.28666666666667,
        25.086666666666666,
        9.626666666666667,
        330.5,
        8.213333333333333,
        155.47333333333333,
        196.07333333333332,
        8.4,
        8.493333333333334,
        8.546666666666667,
        8.373333333333333,
        9.506666666666666,
        8.253333333333334,
        41.1,
        36.053333333333335,
        8.333333333333334,
        183.61333333333334,
        8.18,
        8.293333333333333,
        18.613333333333333,
        8.273333333333333,
        8.386666666666667,
        40.04,
        19.633333333333333,
        65.24666666666667,
        33.61333333333334,
        8.346666666666666,
        32.67333333333333,
        8.253333333333334,
        187.1,
        8.406666666666666,
        8.32,
        8.34,
        111.76666666666667,
        8.266666666666667,
        45.12,
        16.9,
        8.406666666666666,
        8.313333333333333,
        8.366666666666667,
        8.326666666666666,
        40.68,
        91.72,
        8.193333333333333,
        8.38,
        8.146666666666667,
        39.5,
        8.4,
        8.213333333333333,
        8.606666666666667,
        8.24,
        8.313333333333333,
        67.88666666666667,
        8.346666666666666,
        8.36,
        8.433333333333334,
        10.333333333333334,
        49.26,
        16.333333333333332,
        8.493333333333334,
        11.406666666666666,
        8.366666666666667,
        8.173333333333334,
        8.266666666666667,
        8.273333333333333,
        8.386666666666667,
        179.12666666666667,
        64.70666666666666,
        8.306666666666667,
        8.34,
        94.74,
        8.32,
        11.226666666666667,
        8.22,
        8.246666666666666,
        35.42666666666667,
        12.313333333333333,
        8.306666666666667,
        8.386666666666667,
        8.346666666666666,
        8.34,
        135.22,
        8.433333333333334,
        8.326666666666666,
        14.0,
        8.486666666666666,
        58.93333333333333,
        8.373333333333333,
        8.3,
        8.326666666666666,
        8.406666666666666,
        83.7,
        90.32,
        8.24,
        8.226666666666667,
        91.0,
        8.353333333333333,
        8.34,
        36.46666666666667,
        8.193333333333333,
        8.333333333333334,
        8.32,
        8.366666666666667,
        8.446666666666667,
        8.353333333333333,
        100.49333333333334,
        8.246666666666666,
        45.82666666666667,
        36.026666666666664,
        8.373333333333333,
        8.54,
        8.4,
        156.68666666666667,
        29.673333333333332,
        8.266666666666667,
        40.36,
        8.326666666666666,
        39.78666666666667,
        210.14666666666668,
        8.4,
        9.753333333333334,
        8.373333333333333,
        94.19333333333333,
        8.513333333333334,
        24.753333333333334,
        11.72,
        8.32,
        8.273333333333333,
        8.32,
        8.473333333333333,
        8.32,
        11.02,
        8.38,
        8.353333333333333,
        8.34,
        35.52,
        13.42,
        62.5,
        10.173333333333334,
        8.393333333333333,
        14.4,
        8.226666666666667,
        8.36,
        8.34,
        8.38,
        8.313333333333333,
        8.286666666666667,
        16.586666666666666,
        8.486666666666666,
        40.89333333333333,
        8.273333333333333,
        9.193333333333333,
        8.433333333333334,
        8.373333333333333,
        16.906666666666666,
        8.346666666666666,
        31.76,
        8.36,
        19.973333333333333,
        8.246666666666666,
        29.38,
        58.32666666666667,
        8.28,
        8.4,
        72.58666666666667,
        8.333333333333334,
        19.993333333333332,
        10.76,
        18.72,
        8.286666666666667,
        8.253333333333334,
        8.326666666666666,
        8.333333333333334,
        8.286666666666667,
        89.51333333333334,
        8.38,
        8.366666666666667,
        8.413333333333334,
        8.313333333333333,
        8.34,
        41.02,
        8.4,
        53.8,
        8.466666666666667,
        8.16,
        66.97333333333333,
        8.326666666666666,
        8.413333333333334
    ],
    "best fitness history": [
        10,
        10,
        45,
        49,
        10,
        138,
        99,
        100,
        81,
        10,
        130,
        141,
        108,
        140,
        77,
        499,
        9,
        271,
        352,
        10,
        36,
        26,
        10,
        41,
        9,
        139,
        111,
        10,
        499,
        10,
        10,
        28,
        10,
        10,
        98,
        29,
        202,
        80,
        10,
        87,
        10,
        311,
        10,
        10,
        10,
        239,
        10,
        138,
        26,
        10,
        10,
        10,
        10,
        62,
        146,
        10,
        9,
        9,
        127,
        10,
        9,
        14,
        10,
        10,
        175,
        10,
        10,
        10,
        31,
        181,
        28,
        10,
        18,
        10,
        10,
        10,
        10,
        10,
        317,
        131,
        10,
        10,
        378,
        10,
        15,
        9,
        10,
        83,
        19,
        10,
        10,
        10,
        10,
        468,
        10,
        10,
        19,
        10,
        127,
        10,
        10,
        10,
        10,
        142,
        155,
        9,
        10,
        138,
        10,
        10,
        81,
        9,
        10,
        10,
        10,
        10,
        10,
        304,
        10,
        62,
        96,
        10,
        11,
        10,
        244,
        82,
        10,
        110,
        10,
        56,
        370,
        10,
        12,
        10,
        275,
        10,
        98,
        16,
        10,
        10,
        10,
        10,
        10,
        13,
        10,
        10,
        10,
        76,
        19,
        187,
        26,
        10,
        19,
        10,
        10,
        10,
        10,
        10,
        10,
        77,
        10,
        101,
        10,
        11,
        10,
        10,
        22,
        10,
        41,
        10,
        27,
        10,
        37,
        173,
        10,
        10,
        134,
        10,
        44,
        15,
        27,
        10,
        10,
        10,
        10,
        10,
        272,
        10,
        10,
        10,
        10,
        10,
        73,
        10,
        197,
        10,
        10,
        133,
        10,
        10
    ],