{
    "time": "2022-09-11-23-23-50",
    "generations": 200,
    "fitness history": [
        8.413333333333334,
        8.313333333333333,
        9.473333333333333,
        14.986666666666666,
        20.393333333333334,
        11.793333333333333,
        9.813333333333333,
        14.22,
        11.586666666666666,
        13.986666666666666,
        16.14666666666667,
        16.166666666666668,
        18.22,
        20.633333333333333,
        19.9,
        22.64,
        22.613333333333333,
        25.293333333333333,
        24.76,
        24.32,
        26.553333333333335,
        22.3,
        23.85333333333333,
        21.706666666666667,
        22.653333333333332,
        22.85333333333333,
        25.253333333333334,
        21.46,
        22.706666666666667,
        20.56,
        22.173333333333332,
        20.266666666666666,
        20.933333333333334,
        23.346666666666668,
        21.3,
        21.593333333333334,
        20.5,
        20.826666666666668,
        21.98,
        20.213333333333335,
        21.56,
        22.826666666666668,
        20.08,
        21.633333333333333,
        19.873333333333335,
        23.08,
        23.4,
        21.913333333333334,
        21.2,
        19.85333333333333,
        21.546666666666667,
        22.206666666666667,
        22.88,
        20.74,
        21.58,
        22.12,
        20.02,
        23.22,
        22.38,
        21.7,
        19.786666666666665,
        18.946666666666665,
        21.56,
        22.713333333333335,
        22.206666666666667,
        22.746666666666666,
        21.426666666666666,
        21.033333333333335,
        21.85333333333333,
        21.966666666666665,
        22.80666666666667,
        21.726666666666667,
        24.42,
        22.866666666666667,
        23.686666666666667,
        24.19333333333333,
        27.633333333333333,
        28.38,
        27.626666666666665,
        27.54,
        26.94,
        27.46,
        28.133333333333333,
        25.78,
        28.006666666666668,
        26.406666666666666,
        29.506666666666668,
        28.4,
        28.386666666666667,
        28.213333333333335,
        27.206666666666667,
        28.96,
        26.28,
        27.706666666666667,
        31.393333333333334,
        27.433333333333334,
        29.126666666666665,
        32.35333333333333,
        24.9,
        30.246666666666666,
        30.02,
        28.86,
        29.28,
        30.326666666666668,
        29.953333333333333,
        28.706666666666667,
        29.54,
        26.966666666666665,
        27.006666666666668,
        30.533333333333335,
        26.826666666666668,
        27.773333333333333,
        29.246666666666666,
        27.066666666666666,
        31.446666666666665,
        28.986666666666668,
        29.78,
        27.706666666666667,
        29.086666666666666,
        34.13333333333333,
        28.666666666666668,
        27.42,
        29.16,
        29.7,
        27.80666666666667,
        29.78,
        30.4,
        28.3,
        29.066666666666666,
        29.26,
        27.626666666666665,
        27.04,
        28.88,
        27.533333333333335,
        28.68,
        27.826666666666668,
        29.246666666666666,
        30.48,
        31.42,
        29.766666666666666,
        31.12,
        26.733333333333334,
        29.386666666666667,
        30.573333333333334,
        29.9,
        27.066666666666666,
        28.386666666666667,
        33.586666666666666,
        30.42,
        28.866666666666667,
        28.973333333333333,
        28.66,
        30.88,
        29.56,
        28.653333333333332,
        29.553333333333335,
        30.78,
        28.206666666666667,
        29.3,
        28.02,
        29.066666666666666,
        29.64,
        31.24,
        26.673333333333332,
        27.74,
        32.333333333333336,
        29.746666666666666,
        30.926666666666666,
        27.02,
        29.433333333333334,
        31.593333333333334,
        27.933333333333334,
        29.08,
        28.54,
        24.553333333333335,
        30.76,
        30.0,
        31.433333333333334,
        30.913333333333334,
        27.3,
        27.2,
        28.813333333333333,
        29.926666666666666,
        27.186666666666667,
        27.313333333333333,
        29.913333333333334,
        30.16,
        30.64,
        36.946666666666665,
        30.613333333333333,
        36.63333333333333,
        39.45333333333333,
        33.166666666666664,
        30.786666666666665,
        35.96666666666667,
        34.31333333333333,
        33.20666666666666,
        35.92,
        44.20666666666666,
        53.10666666666667
    ],
    "best fitness history": [
        10,
        10,
        136,
        238,
        54,
        48,
        72,
        50,
        60,
        54,
        57,
        48,
        59,
        63,
        116,
        109,
        244,
        237,
        214,
        163,
        206,
        115,
        169,
        122,
        96,
        94,
        224,
        103,
        189,
        144,
        193,
        54,
        60,
        66,
        63,
        55,
        59,
        61,
        59,
        54,
        68,
        103,
        69,
        60,
        67,
        62,
        79,
        61,
        58,
        54,
        59,
        67,
        68,
        53,
        85,
        72,
        63,
        68,
        58,
        65,
        80,
        70,
        111,
        97,
        185,
        72,
        107,
        180,
        69,
        66,
        93,
        95,
        68,
        83,
        74,
        71,
        93,
        144,
        102,
        91,
        79,
        100,
        114,
        87,
        80,
        98,
        128,
        150,
        101,
        102,
        85,
        222,
        156,
        114,
        102,
        107,
        80,
        240,
        85,
        107,
        120,
        110,
        90,
        129,
        105,
        87,
        116,
        113,
        80,
        115,
        120,
        127,
        100,
        124,
        90,
        89,
        197,
        116,
        103,
        185,
        115,
        94,
        107,
        100,
        105,
        134,
        138,
        107,
        91,
        174,
        194,
        93,
        115,
        122,
        112,
        109,
        86,
        201,
        97,
        79,
        140,
        98,
        126,
        112,
        108,
        94,
        111,
        124,
        131,
        116,
        110,
        104,
        117,
        141,
        94,
        153,
        104,
        112,
        116,
        97,
        108,
        119,
        121,
        80,
        99,
        216,
        134,
        162,
        109,
        125,
        124,
        102,
        115,
        115,
        126,
        166,
        111,
        90,
        132,
        95,
        155,
        88,
        138,
        96,
        118,
        210,
        160,
        173,
        283,
        294,
        251,
        499,
        189,
        180,
        416,
        293,
        224,
        234,
        340,
        277
    ],