{
    "time": "2022-09-12-06-43-47",
    "generations": 200,
    "fitness history": [
        8.28,
        8.28,
        8.346666666666666,
        8.753333333333334,
        10.486666666666666,
        30.22,
        20.006666666666668,
        26.986666666666668,
        8.48,
        8.486666666666666,
        8.373333333333333,
        36.18666666666667,
        9.86,
        38.86,
        8.313333333333333,
        25.96,
        8.44,
        39.1,
        8.34,
        35.78,
        8.353333333333333,
        23.266666666666666,
        8.413333333333334,
        8.366666666666667,
        8.286666666666667,
        8.333333333333334,
        34.72666666666667,
        8.393333333333333,
        8.353333333333333,
        8.846666666666666,
        8.386666666666667,
        34.74666666666667,
        8.433333333333334,
        8.373333333333333,
        8.36,
        21.913333333333334,
        8.32,
        8.413333333333334,
        8.313333333333333,
        36.42666666666667,
        17.686666666666667,
        21.19333333333333,
        8.346666666666666,
        8.253333333333334,
        8.333333333333334,
        8.993333333333334,
        20.626666666666665,
        8.326666666666666,
        9.006666666666666,
        8.353333333333333,
        8.3,
        8.413333333333334,
        25.766666666666666,
        8.58,
        49.57333333333333,
        8.306666666666667,
        8.373333333333333,
        49.46666666666667,
        8.233333333333333,
        45.31333333333333,
        8.413333333333334,
        36.18,
        8.293333333333333,
        8.373333333333333,
        8.306666666666667,
        8.373333333333333,
        8.38,
        8.286666666666667,
        8.373333333333333,
        8.92,
        8.426666666666666,
        8.406666666666666,
        8.333333333333334,
        9.373333333333333,
        9.333333333333334,
        8.32,
        15.853333333333333,
        8.306666666666667,
        8.266666666666667,
        8.486666666666666,
        8.346666666666666,
        8.393333333333333,
        8.686666666666667,
        79.41333333333333,
        8.34,
        8.36,
        8.413333333333334,
        8.406666666666666,
        8.36,
        11.293333333333333,
        11.06,
        8.48,
        17.686666666666667,
        8.213333333333333,
        36.766666666666666,
        8.393333333333333,
        8.366666666666667,
        8.393333333333333,
        8.426666666666666,
        8.32,
        133.26,
        8.22,
        8.293333333333333,
        8.32,
        142.72,
        8.366666666666667,
        8.393333333333333,
        8.333333333333334,
        119.86666666666666,
        8.44,
        8.366666666666667,
        8.32,
        8.32,
        8.44,
        18.953333333333333,
        11.353333333333333,
        8.38,
        8.346666666666666,
        8.373333333333333,
        8.326666666666666,
        9.166666666666666,
        8.3,
        8.306666666666667,
        8.34,
        8.293333333333333,
        57.06,
        8.333333333333334,
        11.226666666666667,
        12.22,
        8.453333333333333,
        8.253333333333334,
        8.28,
        17.52,
        19.7,
        14.42,
        8.266666666666667,
        8.306666666666667,
        18.446666666666665,
        8.24,
        20.35333333333333,
        8.446666666666667,
        8.38,
        21.173333333333332,
        8.4,
        8.326666666666666,
        8.32,
        8.353333333333333,
        8.28,
        8.446666666666667,
        8.346666666666666,
        56.07333333333333,
        8.36,
        146.88,
        8.266666666666667,
        15.753333333333334,
        15.346666666666666,
        8.326666666666666,
        8.413333333333334,
        8.293333333333333,
        11.72,
        8.353333333333333,
        8.373333333333333,
        8.3,
        8.346666666666666,
        8.433333333333334,
        8.373333333333333,
        19.72,
        8.34,
        8.446666666666667,
        8.313333333333333,
        8.413333333333334,
        8.393333333333333,
        65.71333333333334,
        8.246666666666666,
        24.35333333333333,
        8.426666666666666,
        8.32,
        8.326666666666666,
        15.033333333333333,
        89.76666666666667,
        8.346666666666666,
        87.48666666666666,
        8.273333333333333,
        9.2,
        8.366666666666667,
        8.353333333333333,
        19.5,
        8.46,
        8.36,
        8.306666666666667,
        8.426666666666666,
        8.406666666666666,
        8.426666666666666,
        8.393333333333333,
        8.386666666666667,
        8.353333333333333,
        8.38,
        20.6,
        8.293333333333333,
        8.4
    ],
    "best fitness history": [
        10,
        10,
        10,
        57,
        217,
        94,
        115,
        78,
        10,
        25,
        10,
        121,
        60,
        114,
        10,
        82,
        10,
        84,
        10,
        100,
        10,
        162,
        10,
        10,
        10,
        10,
        99,
        10,
        10,
        12,
        10,
        138,
        11,
        10,
        10,
        111,
        10,
        10,
        10,
        76,
        51,
        72,
        10,
        10,
        10,
        11,
        86,
        10,
        12,
        10,
        10,
        10,
        119,
        11,
        141,
        10,
        10,
        122,
        10,
        98,
        10,
        92,
        10,
        10,
        10,
        10,
        10,
        10,
        10,
        23,
        10,
        10,
        10,
        14,
        34,
        10,
        28,
        10,
        10,
        10,
        14,
        10,
        12,
        176,
        10,
        10,
        12,
        10,
        10,
        27,
        16,
        10,
        37,
        10,
        78,
        10,
        10,
        10,
        10,
        10,
        158,
        10,
        10,
        10,
        367,
        10,
        10,
        10,
        232,
        10,
        10,
        10,
        10,
        10,
        87,
        14,
        10,
        10,
        10,
        10,
        12,
        10,
        10,
        10,
        10,
        195,
        10,
        15,
        16,
        10,
        10,
        10,
        29,
        79,
        28,
        10,
        10,
        30,
        10,
        30,
        10,
        10,
        57,
        10,
        10,
        10,
        10,
        10,
        10,
        10,
        87,
        10,
        309,
        10,
        20,
        21,
        10,
        10,
        10,
        16,
        10,
        10,
        10,
        10,
        10,
        10,
        26,
        10,
        10,
        10,
        10,
        10,
        163,
        10,
        227,
        10,
        10,
        10,
        20,
        160,
        10,
        499,
        10,
        11,
        10,
        10,
        29,
        10,
        10,
        10,
        10,
        10,
        10,
        10,
        10,
        10,
        10,
        34,
        10,
        10
    ],