{
    "time": "2022-09-11-17-26-38",
    "generations": 200,
    "fitness history": [
        8.373333333333333,
        8.366666666666667,
        8.42,
        8.3,
        8.513333333333334,
        8.393333333333333,
        8.253333333333334,
        8.46,
        8.286666666666667,
        8.28,
        8.3,
        8.413333333333334,
        8.28,
        8.366666666666667,
        8.386666666666667,
        8.28,
        8.306666666666667,
        8.466666666666667,
        8.3,
        8.5,
        8.253333333333334,
        8.5,
        8.373333333333333,
        8.266666666666667,
        8.3,
        8.38,
        10.066666666666666,
        8.246666666666666,
        8.246666666666666,
        8.346666666666666,
        8.326666666666666,
        8.36,
        8.333333333333334,
        8.233333333333333,
        8.266666666666667,
        184.9,
        8.3,
        8.393333333333333,
        8.233333333333333,
        181.82666666666665,
        8.273333333333333,
        197.98666666666668,
        196.88666666666666,
        198.06,
        196.00666666666666,
        195.36666666666667,
        200.0,
        200.99333333333334,
        8.2,
        199.3,
        8.32,
        8.166666666666666,
        8.173333333333334,
        8.42,
        9.033333333333333,
        8.326666666666666,
        8.34,
        8.06,
        8.22,
        384.08666666666664,
        33.79333333333334,
        64.24666666666667,
        8.32,
        8.32,
        8.326666666666666,
        196.37333333333333,
        42.45333333333333,
        8.286666666666667,
        41.50666666666667,
        8.373333333333333,
        24.04,
        201.02,
        8.393333333333333,
        203.34,
        8.486666666666666,
        8.253333333333334,
        74.18666666666667,
        8.333333333333334,
        8.213333333333333,
        89.36,
        37.25333333333333,
        8.326666666666666,
        52.18666666666667,
        119.92666666666666,
        37.85333333333333,
        8.24,
        8.22,
        8.26,
        8.246666666666666,
        8.16,
        8.36,
        8.433333333333334,
        39.946666666666665,
        8.313333333333333,
        28.213333333333335,
        8.26,
        8.346666666666666,
        8.32,
        37.88,
        8.326666666666666,
        8.453333333333333,
        43.84,
        8.36,
        80.32,
        9.313333333333333,
        8.36,
        8.393333333333333,
        59.60666666666667,
        8.406666666666666,
        8.3,
        291.94666666666666,
        8.353333333333333,
        8.38,
        155.3,
        8.273333333333333,
        8.38,
        39.13333333333333,
        8.28,
        8.473333333333333,
        194.38666666666666,
        8.38,
        154.93333333333334,
        8.38,
        8.373333333333333,
        8.406666666666666,
        8.506666666666666,
        8.36,
        8.313333333333333,
        8.246666666666666,
        8.333333333333334,
        40.026666666666664,
        8.22,
        8.913333333333334,
        38.74666666666667,
        164.77333333333334,
        40.46666666666667,
        7.973333333333334,
        197.48666666666668,
        8.286666666666667,
        8.36,
        8.413333333333334,
        10.16,
        8.26,
        8.34,
        8.246666666666666,
        8.36,
        33.7,
        8.353333333333333,
        8.34,
        8.246666666666666,
        73.52,
        26.74,
        8.366666666666667,
        8.026666666666667,
        8.353333333333333,
        31.506666666666668,
        13.906666666666666,
        11.513333333333334,
        8.38,
        40.70666666666666,
        7.933333333333334,
        7.86,
        8.353333333333333,
        181.48666666666668,
        14.046666666666667,
        73.86,
        11.786666666666667,
        8.386666666666667,
        8.26,
        8.38,
        8.933333333333334,
        15.86,
        8.273333333333333,
        8.56,
        29.753333333333334,
        8.16,
        12.426666666666666,
        8.3,
        8.313333333333333,
        186.44,
        8.326666666666666,
        8.086666666666666,
        70.34,
        8.473333333333333,
        8.306666666666667,
        89.48,
        143.46,
        8.373333333333333,
        69.34666666666666,
        11.58,
        50.56,
        86.62,
        156.74666666666667,
        8.466666666666667,
        8.3,
        8.326666666666666,
        16.473333333333333,
        8.38,
        19.846666666666668,
        40.333333333333336
    ],
    "best fitness history": [
        10,
        10,
        10,
        10,
        10,
        10,
        10,
        10,
        10,
        10,
        10,
        10,
        10,
        10,
        10,
        10,
        10,
        10,
        10,
        10,
        10,
        10,
        10,
        10,
        10,
        10,
        253,
        10,
        10,
        10,
        10,
        10,
        10,
        10,
        9,
        309,
        10,
        10,
        10,
        303,
        9,
        292,
        297,
        291,
        345,
        304,
        301,
        319,
        10,
        289,
        10,
        9,
        9,
        26,
        57,
        10,
        10,
        10,
        9,
        499,
        83,
        174,
        10,
        10,
        10,
        305,
        118,
        9,
        105,
        10,
        50,
        281,
        10,
        316,
        10,
        9,
        240,
        10,
        9,
        211,
        144,
        10,
        206,
        307,
        99,
        10,
        10,
        9,
        9,
        10,
        10,
        10,
        154,
        10,
        81,
        10,
        10,
        10,
        107,
        10,
        10,
        126,
        10,
        185,
        11,
        10,
        10,
        146,
        10,
        10,
        461,
        10,
        10,
        250,
        10,
        10,
        128,
        10,
        10,
        292,
        10,
        244,
        10,
        10,
        10,
        10,
        10,
        10,
        10,
        10,
        78,
        10,
        10,
        131,
        312,
        137,
        10,
        283,
        10,
        11,
        10,
        12,
        9,
        10,
        10,
        10,
        79,
        10,
        10,
        10,
        499,
        97,
        10,
        10,
        10,
        79,
        19,
        15,
        10,
        66,
        9,
        9,
        10,
        376,
        18,
        499,
        14,
        10,
        9,
        10,
        10,
        23,
        10,
        15,
        99,
        10,
        19,
        10,
        10,
        316,
        10,
        10,
        499,
        10,
        10,
        220,
        225,
        10,
        499,
        15,
        140,
        499,
        229,
        10,
        10,
        10,
        72,
        10,
        32,
        108
    ],