{
    "time": "2022-09-10-04-53-42",
    "generations": 200,
    "fitness history": [
        8.273333333333333,
        8.28,
        8.36,
        8.48,
        8.34,
        8.486666666666666,
        8.313333333333333,
        8.34,
        8.326666666666666,
        8.426666666666666,
        8.693333333333333,
        8.306666666666667,
        8.253333333333334,
        8.433333333333334,
        8.44,
        25.933333333333334,
        28.346666666666668,
        29.06,
        28.373333333333335,
        27.69333333333333,
        9.553333333333333,
        31.286666666666665,
        11.873333333333333,
        25.286666666666665,
        14.56,
        27.3,
        8.4,
        29.126666666666665,
        8.36,
        8.38,
        8.406666666666666,
        8.38,
        8.32,
        25.973333333333333,
        8.346666666666666,
        28.993333333333332,
        29.126666666666665,
        29.726666666666667,
        8.34,
        8.313333333333333,
        8.44,
        8.473333333333333,
        8.406666666666666,
        8.353333333333333,
        28.113333333333333,
        8.32,
        8.333333333333334,
        29.026666666666667,
        27.78,
        29.166666666666668,
        29.666666666666668,
        8.38,
        8.44,
        8.426666666666666,
        9.246666666666666,
        9.286666666666667,
        27.466666666666665,
        8.346666666666666,
        28.793333333333333,
        8.4,
        23.093333333333334,
        27.06,
        8.38,
        28.0,
        27.433333333333334,
        28.046666666666667,
        8.373333333333333,
        8.526666666666667,
        8.406666666666666,
        8.366666666666667,
        8.486666666666666,
        24.5,
        29.566666666666666,
        8.366666666666667,
        8.306666666666667,
        8.413333333333334,
        27.326666666666668,
        8.386666666666667,
        8.32,
        8.44,
        8.34,
        27.206666666666667,
        8.306666666666667,
        29.026666666666667,
        8.52,
        28.82,
        25.886666666666667,
        27.30666666666667,
        29.826666666666668,
        30.4,
        28.826666666666668,
        8.393333333333333,
        8.306666666666667,
        8.406666666666666,
        8.813333333333333,
        35.986666666666665,
        36.22666666666667,
        57.03333333333333,
        60.74,
        67.58,
        8.406666666666666,
        8.26,
        8.306666666666667,
        8.346666666666666,
        28.4,
        8.52,
        8.3,
        8.373333333333333,
        219.84666666666666,
        39.346666666666664,
        162.34666666666666,
        8.366666666666667,
        167.6,
        33.026666666666664,
        8.446666666666667,
        8.273333333333333,
        29.886666666666667,
        8.273333333333333,
        8.286666666666667,
        8.24,
        8.373333333333333,
        30.35333333333333,
        8.36,
        8.213333333333333,
        66.52666666666667,
        125.86,
        8.566666666666666,
        8.32,
        231.74666666666667,
        46.99333333333333,
        165.42666666666668,
        119.52666666666667,
        18.566666666666666,
        8.293333333333333,
        200.72,
        11.833333333333334,
        50.593333333333334,
        8.34,
        8.38,
        43.64,
        8.18,
        8.44,
        42.18666666666667,
        28.653333333333332,
        90.32666666666667,
        11.846666666666666,
        77.28666666666666,
        8.32,
        125.62,
        119.78666666666666,
        8.306666666666667,
        187.38666666666666,
        29.86,
        102.20666666666666,
        8.3,
        8.413333333333334,
        8.34,
        8.173333333333334,
        33.72,
        187.66666666666666,
        8.153333333333334,
        8.386666666666667,
        28.253333333333334,
        7.833333333333333,
        130.17333333333335,
        24.053333333333335,
        64.42,
        8.2,
        8.68,
        8.52,
        8.293333333333333,
        8.313333333333333,
        109.7,
        31.153333333333332,
        8.626666666666667,
        8.333333333333334,
        8.646666666666667,
        42.78,
        8.32,
        8.106666666666667,
        28.86,
        22.726666666666667,
        46.48,
        8.406666666666666,
        7.946666666666666,
        8.3,
        8.22,
        8.466666666666667,
        8.246666666666666,
        8.513333333333334,
        43.12,
        103.94,
        8.406666666666666,
        37.333333333333336,
        8.366666666666667,
        8.28,
        24.82,
        8.16,
        21.22,
        34.766666666666666
    ],
    "best fitness history": [
        10,
        10,
        10,
        10,
        10,
        10,
        10,
        10,
        10,
        32,
        30,
        10,
        10,
        10,
        10,
        65,
        67,
        68,
        66,
        72,
        187,
        208,
        123,
        174,
        260,
        61,
        10,
        68,
        10,
        11,
        10,
        10,
        11,
        72,
        10,
        63,
        68,
        66,
        10,
        10,
        10,
        10,
        10,
        10,
        68,
        11,
        10,
        67,
        60,
        63,
        63,
        10,
        11,
        10,
        44,
        147,
        63,
        11,
        66,
        11,
        68,
        55,
        12,
        58,
        72,
        72,
        10,
        10,
        10,
        11,
        10,
        72,
        79,
        10,
        10,
        10,
        57,
        10,
        10,
        11,
        10,
        58,
        11,
        65,
        11,
        68,
        63,
        58,
        71,
        64,
        65,
        10,
        10,
        10,
        69,
        248,
        120,
        162,
        152,
        176,
        10,
        10,
        10,
        10,
        59,
        12,
        10,
        11,
        321,
        91,
        270,
        10,
        369,
        78,
        10,
        9,
        65,
        9,
        11,
        10,
        14,
        117,
        10,
        10,
        255,
        399,
        36,
        10,
        354,
        80,
        262,
        181,
        58,
        10,
        306,
        29,
        89,
        10,
        10,
        100,
        9,
        10,
        163,
        75,
        158,
        38,
        499,
        10,
        425,
        481,
        10,
        336,
        59,
        155,
        10,
        10,
        10,
        10,
        78,
        484,
        10,
        10,
        87,
        9,
        442,
        52,
        161,
        10,
        10,
        10,
        9,
        10,
        194,
        106,
        10,
        10,
        13,
        116,
        10,
        9,
        78,
        34,
        120,
        10,
        9,
        10,
        11,
        10,
        9,
        10,
        100,
        150,
        11,
        94,
        10,
        10,
        61,
        10,
        44,
        78
    ],