{
    "time": "2022-09-10-01-28-02",
    "generations": 200,
    "fitness history": [
        8.36,
        8.386666666666667,
        8.38,
        8.36,
        8.826666666666666,
        8.453333333333333,
        8.28,
        8.353333333333333,
        11.72,
        8.386666666666667,
        21.226666666666667,
        27.426666666666666,
        26.166666666666668,
        22.926666666666666,
        21.573333333333334,
        27.173333333333332,
        24.393333333333334,
        28.7,
        27.326666666666668,
        28.046666666666667,
        29.06,
        29.78,
        29.226666666666667,
        28.24,
        26.32,
        30.966666666666665,
        27.626666666666665,
        30.9,
        31.166666666666668,
        30.046666666666667,
        32.346666666666664,
        29.653333333333332,
        32.28,
        29.233333333333334,
        30.486666666666668,
        34.48,
        28.993333333333332,
        32.68666666666667,
        30.26,
        29.1,
        25.28,
        31.366666666666667,
        30.58,
        28.926666666666666,
        29.793333333333333,
        27.993333333333332,
        30.94,
        30.28,
        31.1,
        27.2,
        31.633333333333333,
        29.78,
        30.866666666666667,
        30.553333333333335,
        29.366666666666667,
        29.32,
        27.833333333333332,
        33.62,
        31.9,
        27.56,
        29.393333333333334,
        29.68,
        28.053333333333335,
        33.34,
        28.253333333333334,
        29.293333333333333,
        34.04,
        28.85333333333333,
        27.513333333333332,
        32.27333333333333,
        30.946666666666665,
        28.7,
        29.166666666666668,
        30.226666666666667,
        33.093333333333334,
        29.42,
        30.326666666666668,
        29.986666666666668,
        29.46,
        30.173333333333332,
        30.1,
        28.726666666666667,
        26.88,
        29.42,
        29.593333333333334,
        31.30666666666667,
        31.026666666666667,
        27.24,
        29.766666666666666,
        31.48,
        27.98,
        30.126666666666665,
        27.746666666666666,
        32.76,
        30.76,
        33.81333333333333,
        27.42,
        29.92,
        28.84,
        30.606666666666666,
        28.833333333333332,
        31.5,
        30.033333333333335,
        31.233333333333334,
        26.76,
        30.44,
        27.206666666666667,
        32.54,
        29.366666666666667,
        34.266666666666666,
        31.593333333333334,
        28.106666666666666,
        29.366666666666667,
        28.833333333333332,
        29.98,
        30.913333333333334,
        31.506666666666668,
        27.406666666666666,
        27.513333333333332,
        28.24,
        29.293333333333333,
        27.466666666666665,
        28.653333333333332,
        32.04666666666667,
        27.586666666666666,
        33.346666666666664,
        29.426666666666666,
        27.653333333333332,
        29.866666666666667,
        31.113333333333333,
        27.073333333333334,
        32.17333333333333,
        30.69333333333333,
        31.446666666666665,
        29.046666666666667,
        28.4,
        30.553333333333335,
        33.16,
        28.86,
        31.093333333333334,
        31.68,
        32.126666666666665,
        26.753333333333334,
        28.413333333333334,
        30.513333333333332,
        29.19333333333333,
        29.72,
        32.026666666666664,
        28.186666666666667,
        27.933333333333334,
        30.86,
        29.26,
        28.606666666666666,
        34.08,
        31.1,
        30.906666666666666,
        30.846666666666668,
        26.32,
        31.973333333333333,
        26.686666666666667,
        29.12,
        27.313333333333333,
        30.333333333333332,
        29.566666666666666,
        28.173333333333332,
        28.746666666666666,
        31.986666666666668,
        28.153333333333332,
        27.026666666666667,
        29.14666666666667,
        28.953333333333333,
        29.493333333333332,
        32.84,
        29.14,
        33.13333333333333,
        28.626666666666665,
        28.433333333333334,
        29.54,
        28.7,
        27.966666666666665,
        30.726666666666667,
        30.633333333333333,
        28.546666666666667,
        29.706666666666667,
        30.993333333333332,
        30.96,
        33.24666666666667,
        28.64666666666667,
        29.126666666666665,
        30.54,
        29.206666666666667,
        29.286666666666665,
        30.04,
        28.94,
        27.706666666666667,
        31.846666666666668,
        29.113333333333333,
        30.14666666666667,
        30.386666666666667,
        28.02
    ],
    "best fitness history": [
        10,
        10,
        10,
        10,
        77,
        10,
        10,
        10,
        62,
        10,
        74,
        90,
        145,
        77,
        92,
        107,
        87,
        159,
        78,
        86,
        102,
        118,
        105,
        88,
        104,
        130,
        109,
        147,
        103,
        112,
        132,
        96,
        167,
        114,
        116,
        156,
        90,
        105,
        123,
        128,
        120,
        122,
        181,
        96,
        121,
        84,
        100,
        93,
        129,
        95,
        152,
        121,
        125,
        119,
        99,
        107,
        104,
        90,
        114,
        105,
        116,
        131,
        132,
        116,
        142,
        96,
        146,
        109,
        156,
        124,
        115,
        120,
        174,
        94,
        110,
        78,
        107,
        121,
        147,
        93,
        126,
        99,
        103,
        141,
        156,
        158,
        96,
        98,
        115,
        138,
        166,
        114,
        111,
        152,
        149,
        174,
        92,
        144,
        94,
        162,
        115,
        96,
        105,
        134,
        80,
        173,
        102,
        134,
        83,
        136,
        88,
        104,
        115,
        108,
        102,
        100,
        135,
        163,
        90,
        84,
        106,
        102,
        118,
        96,
        120,
        107,
        122,
        111,
        140,
        114,
        91,
        179,
        117,
        111,
        207,
        128,
        168,
        143,
        103,
        101,
        141,
        124,
        97,
        98,
        110,
        126,
        112,
        116,
        90,
        100,
        153,
        133,
        158,
        138,
        111,
        137,
        127,
        116,
        102,
        89,
        162,
        103,
        140,
        146,
        76,
        84,
        146,
        102,
        101,
        97,
        90,
        92,
        123,
        85,
        146,
        102,
        106,
        157,
        111,
        90,
        132,
        109,
        101,
        109,
        102,
        102,
        119,
        118,
        80,
        140,
        126,
        79,
        107,
        108,
        91,
        121,
        92,
        90,
        101,
        89
    ],