{
    "time": "2022-09-12-09-24-16",
    "generations": 200,
    "fitness history": [
        8.446666666666667,
        8.32,
        8.3,
        8.786666666666667,
        8.586666666666666,
        9.533333333333333,
        13.026666666666667,
        21.62,
        18.48,
        16.56,
        22.88,
        23.573333333333334,
        12.746666666666666,
        25.513333333333332,
        27.69333333333333,
        25.813333333333333,
        24.14,
        27.386666666666667,
        24.113333333333333,
        25.54,
        27.393333333333334,
        27.64666666666667,
        28.66,
        29.30666666666667,
        29.086666666666666,
        29.64666666666667,
        31.64666666666667,
        31.726666666666667,
        30.126666666666665,
        32.72,
        32.153333333333336,
        31.28,
        31.126666666666665,
        31.513333333333332,
        30.933333333333334,
        30.546666666666667,
        29.686666666666667,
        30.69333333333333,
        28.013333333333332,
        31.30666666666667,
        32.593333333333334,
        31.30666666666667,
        30.8,
        30.733333333333334,
        27.14,
        31.933333333333334,
        30.64666666666667,
        30.066666666666666,
        26.433333333333334,
        29.80666666666667,
        28.713333333333335,
        26.56,
        30.9,
        27.92,
        31.813333333333333,
        30.513333333333332,
        31.85333333333333,
        33.18,
        32.733333333333334,
        30.113333333333333,
        27.933333333333334,
        29.24,
        29.133333333333333,
        32.78666666666667,
        30.64,
        29.906666666666666,
        30.753333333333334,
        29.52,
        27.14666666666667,
        30.313333333333333,
        30.033333333333335,
        28.68,
        29.32,
        29.78,
        26.113333333333333,
        30.933333333333334,
        28.126666666666665,
        30.933333333333334,
        28.62,
        30.886666666666667,
        31.64666666666667,
        29.546666666666667,
        25.66,
        31.606666666666666,
        30.233333333333334,
        28.9,
        30.793333333333333,
        26.346666666666668,
        31.773333333333333,
        30.64,
        28.113333333333333,
        32.67333333333333,
        30.56,
        33.31333333333333,
        27.46,
        30.533333333333335,
        28.366666666666667,
        27.626666666666665,
        29.88,
        29.626666666666665,
        31.286666666666665,
        31.573333333333334,
        29.513333333333332,
        33.70666666666666,
        29.486666666666668,
        28.02,
        29.22,
        30.046666666666667,
        29.593333333333334,
        27.80666666666667,
        26.026666666666667,
        29.726666666666667,
        31.386666666666667,
        28.113333333333333,
        29.36,
        31.313333333333333,
        32.64666666666667,
        30.19333333333333,
        29.986666666666668,
        25.313333333333333,
        30.286666666666665,
        29.92,
        28.413333333333334,
        27.64,
        28.5,
        27.773333333333333,
        30.46,
        30.94,
        30.42,
        29.233333333333334,
        26.786666666666665,
        37.21333333333333,
        28.14,
        28.24,
        28.68,
        30.973333333333333,
        31.293333333333333,
        28.24,
        27.633333333333333,
        29.866666666666667,
        26.966666666666665,
        28.213333333333335,
        27.74,
        28.826666666666668,
        32.64666666666667,
        31.513333333333332,
        30.14,
        29.606666666666666,
        31.826666666666668,
        30.173333333333332,
        30.66,
        26.566666666666666,
        31.746666666666666,
        29.413333333333334,
        33.35333333333333,
        29.366666666666667,
        29.226666666666667,
        32.333333333333336,
        29.266666666666666,
        32.14,
        31.4,
        29.286666666666665,
        29.046666666666667,
        28.313333333333333,
        31.586666666666666,
        31.753333333333334,
        29.6,
        31.093333333333334,
        31.22,
        28.653333333333332,
        28.886666666666667,
        27.0,
        29.613333333333333,
        24.9,
        29.093333333333334,
        28.753333333333334,
        30.0,
        30.86,
        30.073333333333334,
        30.926666666666666,
        30.38,
        28.573333333333334,
        30.666666666666668,
        30.006666666666668,
        31.313333333333333,
        34.626666666666665,
        26.48,
        30.406666666666666,
        32.833333333333336,
        29.286666666666665,
        28.666666666666668,
        31.12,
        33.62,
        26.64666666666667,
        32.14666666666667,
        30.54,
        30.333333333333332,
        27.846666666666668,
        31.286666666666665,
        31.733333333333334
    ],
    "best fitness history": [
        10,
        10,
        10,
        54,
        42,
        188,
        85,
        189,
        108,
        264,
        264,
        204,
        87,
        133,
        112,
        85,
        97,
        106,
        76,
        82,
        158,
        158,
        113,
        116,
        129,
        165,
        149,
        135,
        126,
        107,
        140,
        136,
        97,
        188,
        161,
        100,
        84,
        139,
        78,
        113,
        133,
        121,
        130,
        114,
        108,
        107,
        91,
        115,
        134,
        101,
        199,
        78,
        125,
        125,
        130,
        93,
        126,
        92,
        351,
        129,
        134,
        123,
        112,
        102,
        83,
        111,
        90,
        138,
        181,
        207,
        242,
        117,
        84,
        84,
        98,
        91,
        96,
        99,
        119,
        118,
        179,
        102,
        86,
        113,
        139,
        132,
        102,
        75,
        126,
        148,
        143,
        87,
        100,
        140,
        98,
        139,
        124,
        109,
        132,
        167,
        114,
        149,
        102,
        132,
        90,
        113,
        145,
        106,
        121,
        88,
        98,
        116,
        110,
        107,
        126,
        127,
        141,
        111,
        116,
        80,
        111,
        296,
        136,
        92,
        86,
        152,
        130,
        133,
        97,
        114,
        109,
        376,
        117,
        138,
        104,
        92,
        135,
        124,
        110,
        168,
        127,
        119,
        75,
        121,
        126,
        109,
        184,
        109,
        127,
        114,
        111,
        98,
        123,
        102,
        127,
        114,
        120,
        131,
        98,
        155,
        174,
        84,
        108,
        90,
        114,
        96,
        127,
        94,
        101,
        127,
        108,
        144,
        83,
        89,
        90,
        85,
        138,
        159,
        108,
        108,
        136,
        135,
        117,
        108,
        140,
        162,
        82,
        119,
        170,
        146,
        108,
        127,
        92,
        76,
        108,
        101,
        130,
        87,
        94,
        99
    ],