{
    "time": "2022-09-12-06-54-52",
    "generations": 200,
    "fitness history": [
        8.44,
        8.353333333333333,
        8.606666666666667,
        28.366666666666667,
        134.20666666666668,
        130.78666666666666,
        117.08,
        133.82666666666665,
        109.22666666666667,
        101.65333333333334,
        112.33333333333333,
        114.58,
        118.80666666666667,
        128.13333333333333,
        123.64666666666666,
        139.44666666666666,
        134.05333333333334,
        128.99333333333334,
        128.9,
        122.96666666666667,
        140.31333333333333,
        126.18,
        121.62,
        123.42666666666666,
        127.54,
        123.86,
        129.13333333333333,
        133.4,
        129.2,
        132.32,
        126.72,
        123.74666666666667,
        137.32666666666665,
        133.2,
        129.84666666666666,
        132.26666666666668,
        133.24,
        130.12,
        129.56666666666666,
        126.56666666666666,
        129.54,
        130.12,
        128.77333333333334,
        129.56,
        140.26,
        130.61333333333334,
        125.95333333333333,
        126.64,
        139.18,
        138.85333333333332,
        139.09333333333333,
        137.53333333333333,
        148.22,
        135.88,
        137.17333333333335,
        138.11333333333334,
        131.94666666666666,
        128.48,
        134.63333333333333,
        133.32,
        131.77333333333334,
        137.91333333333333,
        132.62666666666667,
        135.98666666666668,
        139.98666666666668,
        140.11333333333334,
        138.99333333333334,
        141.12666666666667,
        133.44,
        141.41333333333333,
        145.6,
        139.82,
        141.07333333333332,
        129.80666666666667,
        132.9,
        135.28666666666666,
        135.31333333333333,
        129.33333333333334,
        133.41333333333333,
        134.6,
        127.32666666666667,
        133.82,
        135.36666666666667,
        141.22,
        133.92666666666668,
        134.48666666666668,
        145.08,
        141.84,
        132.01333333333332,
        151.48,
        143.34,
        134.00666666666666,
        140.27333333333334,
        138.75333333333333,
        140.78,
        141.58666666666667,
        133.86666666666667,
        132.59333333333333,
        137.30666666666667,
        135.24666666666667,
        134.12,
        133.76666666666668,
        135.11333333333334,
        140.98,
        131.86666666666667,
        143.28666666666666,
        142.8,
        137.72666666666666,
        135.02,
        139.69333333333333,
        136.86,
        142.6,
        143.07333333333332,
        149.64666666666668,
        137.95333333333335,
        149.40666666666667,
        142.51333333333332,
        135.38,
        133.88666666666666,
        153.18666666666667,
        138.27333333333334,
        138.2,
        147.84666666666666,
        133.5,
        137.18,
        136.38,
        138.6,
        136.8,
        137.82,
        138.27333333333334,
        141.35333333333332,
        140.12666666666667,
        127.83333333333333,
        140.47333333333333,
        143.55333333333334,
        134.53333333333333,
        139.01333333333332,
        136.3,
        138.86,
        144.88666666666666,
        142.08666666666667,
        138.1,
        134.56,
        139.10666666666665,
        152.6,
        139.64,
        140.59333333333333,
        130.71333333333334,
        148.49333333333334,
        143.32666666666665,
        134.87333333333333,
        136.42666666666668,
        133.28666666666666,
        130.32666666666665,
        136.87333333333333,
        130.61333333333334,
        145.19333333333333,
        145.8,
        141.13333333333333,
        135.62,
        147.52666666666667,
        139.04,
        134.54,
        128.83333333333334,
        132.6,
        138.8,
        137.21333333333334,
        128.53333333333333,
        135.04,
        137.53333333333333,
        134.78666666666666,
        136.20666666666668,
        136.89333333333335,
        130.47333333333333,
        142.10666666666665,
        130.56666666666666,
        142.44666666666666,
        134.2,
        138.55333333333334,
        132.83333333333334,
        133.16,
        133.62666666666667,
        135.05333333333334,
        135.07333333333332,
        159.42,
        140.54666666666665,
        139.29333333333332,
        150.69333333333333,
        136.80666666666667,
        142.24666666666667,
        133.97333333333333,
        144.85333333333332,
        137.59333333333333,
        141.05333333333334,
        142.54,
        138.14666666666668,
        145.23333333333332,
        140.84666666666666,
        133.79333333333332,
        144.46
    ],
    "best fitness history": [
        10,
        10,
        50,
        263,
        277,
        319,
        304,
        414,
        342,
        286,
        284,
        285,
        295,
        301,
        272,
        285,
        282,
        294,
        279,
        279,
        307,
        298,
        312,
        277,
        328,
        281,
        292,
        309,
        269,
        383,
        369,
        293,
        322,
        282,
        281,
        316,
        310,
        290,
        324,
        281,
        352,
        291,
        294,
        311,
        288,
        296,
        281,
        342,
        312,
        300,
        326,
        284,
        296,
        272,
        285,
        320,
        340,
        292,
        294,
        274,
        301,
        287,
        289,
        271,
        298,
        291,
        292,
        353,
        264,
        300,
        313,
        283,
        310,
        283,
        299,
        316,
        289,
        296,
        297,
        414,
        358,
        291,
        299,
        302,
        285,
        297,
        289,
        321,
        319,
        295,
        283,
        336,
        323,
        322,
        286,
        331,
        276,
        283,
        311,
        270,
        289,
        294,
        292,
        287,
        281,
        297,
        298,
        293,
        305,
        303,
        341,
        282,
        316,
        294,
        291,
        298,
        301,
        301,
        287,
        447,
        285,
        301,
        306,
        277,
        304,
        315,
        301,
        403,
        299,
        374,
        298,
        301,
        300,
        286,
        285,
        281,
        283,
        290,
        338,
        298,
        292,
        293,
        293,
        300,
        381,
        308,
        300,
        306,
        499,
        498,
        314,
        302,
        311,
        283,
        298,
        293,
        330,
        295,
        302,
        286,
        281,
        294,
        326,
        299,
        298,
        301,
        312,
        301,
        290,
        321,
        304,
        306,
        272,
        275,
        308,
        308,
        288,
        267,
        319,
        287,
        285,
        298,
        295,
        280,
        298,
        284,
        308,
        446,
        280,
        297,
        275,
        311,
        331,
        289,
        288,
        373,
        312,
        295,
        294,
        326
    ],