{
    "time": "2022-09-10-09-27-15",
    "generations": 200,
    "fitness history": [
        8.346666666666666,
        8.493333333333334,
        9.1,
        8.293333333333333,
        8.426666666666666,
        8.226666666666667,
        14.506666666666666,
        8.593333333333334,
        26.94,
        26.966666666666665,
        28.666666666666668,
        28.153333333333332,
        29.9,
        27.173333333333332,
        8.32,
        30.753333333333334,
        29.2,
        28.026666666666667,
        25.94,
        8.426666666666666,
        8.533333333333333,
        8.313333333333333,
        8.28,
        8.62,
        8.326666666666666,
        8.286666666666667,
        27.973333333333333,
        27.433333333333334,
        8.22,
        8.353333333333333,
        8.213333333333333,
        8.2,
        27.033333333333335,
        8.2,
        8.48,
        28.433333333333334,
        27.886666666666667,
        42.38,
        38.53333333333333,
        65.08,
        15.72,
        241.04,
        143.22,
        41.36,
        8.146666666666667,
        8.026666666666667,
        232.85333333333332,
        84.72,
        12.226666666666667,
        8.333333333333334,
        56.666666666666664,
        7.913333333333333,
        124.59333333333333,
        45.2,
        8.24,
        8.873333333333333,
        8.26,
        23.613333333333333,
        8.393333333333333,
        8.693333333333333,
        35.28,
        8.693333333333333,
        8.16,
        35.46,
        8.1,
        28.626666666666665,
        23.826666666666668,
        221.36666666666667,
        121.26666666666667,
        197.56666666666666,
        326.8933333333333,
        106.72666666666667,
        99.01333333333334,
        8.36,
        195.11333333333334,
        8.26,
        8.166666666666666,
        8.333333333333334,
        23.1,
        84.82,
        8.133333333333333,
        20.753333333333334,
        386.0133333333333,
        179.16666666666666,
        34.8,
        19.933333333333334,
        320.4,
        45.53333333333333,
        8.32,
        74.48,
        8.386666666666667,
        57.16,
        38.166666666666664,
        8.286666666666667,
        39.70666666666666,
        167.88666666666666,
        201.64666666666668,
        45.71333333333333,
        37.03333333333333,
        7.746666666666667,
        16.5,
        8.073333333333334,
        81.24666666666667,
        8.546666666666667,
        71.9,
        8.34,
        489.18666666666667,
        439.56666666666666,
        8.353333333333333,
        8.446666666666667,
        8.353333333333333,
        63.1,
        8.453333333333333,
        381.53333333333336,
        8.28,
        12.413333333333334,
        8.18,
        14.02,
        8.526666666666667,
        39.71333333333333,
        8.313333333333333,
        8.353333333333333,
        8.373333333333333,
        8.213333333333333,
        190.95333333333335,
        8.406666666666666,
        8.286666666666667,
        8.393333333333333,
        46.946666666666665,
        46.70666666666666,
        8.286666666666667,
        8.36,
        65.90666666666667,
        35.32,
        7.933333333333334,
        8.36,
        8.246666666666666,
        8.266666666666667,
        192.00666666666666,
        8.546666666666667,
        7.966666666666667,
        15.94,
        56.03333333333333,
        8.38,
        8.433333333333334,
        8.473333333333333,
        8.84,
        8.32,
        8.38,
        8.366666666666667,
        8.34,
        8.513333333333334,
        8.4,
        8.24,
        9.953333333333333,
        8.306666666666667,
        8.36,
        8.4,
        29.66,
        8.333333333333334,
        12.813333333333333,
        8.426666666666666,
        97.58666666666667,
        8.393333333333333,
        12.626666666666667,
        8.333333333333334,
        8.366666666666667,
        31.36,
        8.266666666666667,
        8.326666666666666,
        8.34,
        8.353333333333333,
        8.286666666666667,
        8.273333333333333,
        108.88666666666667,
        499.0,
        42.54,
        61.20666666666666,
        117.10666666666667,
        10.42,
        282.20666666666665,
        8.64,
        69.78666666666666,
        8.386666666666667,
        10.4,
        8.346666666666666,
        149.42,
        115.04,
        8.353333333333333,
        38.733333333333334,
        38.48,
        13.386666666666667,
        8.366666666666667,
        37.56666666666667,
        8.433333333333334,
        48.17333333333333,
        17.206666666666667,
        8.253333333333334,
        39.20666666666666,
        8.46
    ],
    "best fitness history": [
        10,
        28,
        68,
        10,
        10,
        10,
        71,
        55,
        61,
        62,
        64,
        66,
        72,
        72,
        10,
        71,
        64,
        66,
        59,
        10,
        10,
        10,
        10,
        27,
        10,
        10,
        66,
        60,
        10,
        10,
        10,
        10,
        59,
        10,
        15,
        66,
        66,
        499,
        285,
        269,
        58,
        499,
        219,
        124,
        10,
        9,
        477,
        126,
        499,
        10,
        101,
        10,
        319,
        165,
        10,
        14,
        9,
        48,
        10,
        10,
        102,
        10,
        10,
        91,
        10,
        60,
        37,
        334,
        210,
        311,
        466,
        499,
        159,
        10,
        302,
        10,
        9,
        10,
        37,
        165,
        10,
        37,
        499,
        268,
        51,
        27,
        499,
        390,
        10,
        499,
        10,
        356,
        221,
        10,
        107,
        240,
        374,
        146,
        94,
        8,
        29,
        17,
        214,
        10,
        170,
        10,
        499,
        499,
        10,
        10,
        10,
        160,
        10,
        499,
        10,
        25,
        9,
        69,
        10,
        72,
        10,
        10,
        10,
        10,
        284,
        10,
        10,
        10,
        499,
        124,
        10,
        10,
        217,
        86,
        11,
        10,
        10,
        10,
        499,
        10,
        9,
        54,
        123,
        10,
        10,
        10,
        10,
        10,
        10,
        10,
        10,
        10,
        10,
        10,
        22,
        10,
        10,
        10,
        68,
        10,
        55,
        10,
        181,
        10,
        60,
        10,
        10,
        88,
        10,
        10,
        10,
        10,
        10,
        10,
        172,
        499,
        102,
        231,
        198,
        13,
        433,
        10,
        154,
        10,
        14,
        10,
        252,
        483,
        10,
        84,
        94,
        45,
        10,
        125,
        10,
        122,
        47,
        10,
        129,
        10
    ],