{
    "time": "2022-09-10-13-46-25",
    "generations": 200,
    "fitness history": [
        8.333333333333334,
        8.413333333333334,
        8.406666666666666,
        8.313333333333333,
        8.3,
        8.386666666666667,
        8.273333333333333,
        8.38,
        8.32,
        8.386666666666667,
        8.36,
        8.346666666666666,
        8.24,
        8.413333333333334,
        8.286666666666667,
        8.38,
        8.333333333333334,
        8.433333333333334,
        8.426666666666666,
        8.353333333333333,
        8.3,
        8.266666666666667,
        8.313333333333333,
        8.373333333333333,
        8.4,
        8.34,
        8.226666666666667,
        8.393333333333333,
        8.393333333333333,
        8.28,
        8.28,
        8.46,
        8.4,
        8.493333333333334,
        10.833333333333334,
        17.8,
        7.886666666666667,
        39.99333333333333,
        40.93333333333333,
        41.63333333333333,
        7.806666666666667,
        7.72,
        8.26,
        7.7,
        7.726666666666667,
        39.4,
        7.766666666666667,
        41.49333333333333,
        8.4,
        7.74,
        8.366666666666667,
        40.62,
        7.8533333333333335,
        7.753333333333333,
        23.586666666666666,
        41.74,
        7.74,
        45.75333333333333,
        7.72,
        8.3,
        159.0,
        11.493333333333334,
        8.24,
        7.733333333333333,
        188.96666666666667,
        8.113333333333333,
        29.046666666666667,
        393.38666666666666,
        7.706666666666667,
        8.22,
        7.7,
        20.226666666666667,
        8.193333333333333,
        194.31333333333333,
        8.213333333333333,
        8.253333333333334,
        499.0,
        58.61333333333334,
        7.693333333333333,
        8.06,
        187.72,
        8.3,
        474.22,
        7.72,
        7.786666666666667,
        8.98,
        499.0,
        191.53333333333333,
        8.3,
        25.56,
        8.353333333333333,
        190.27333333333334,
        8.933333333333334,
        8.226666666666667,
        8.34,
        8.353333333333333,
        8.36,
        7.7,
        8.026666666666667,
        8.266666666666667,
        8.213333333333333,
        8.366666666666667,
        7.74,
        8.88,
        90.82666666666667,
        8.293333333333333,
        8.373333333333333,
        198.66,
        8.333333333333334,
        22.293333333333333,
        28.373333333333335,
        8.42,
        8.4,
        10.426666666666666,
        7.706666666666667,
        8.273333333333333,
        196.52666666666667,
        8.353333333333333,
        8.213333333333333,
        53.44,
        24.253333333333334,
        8.4,
        11.873333333333333,
        179.55333333333334,
        8.306666666666667,
        8.366666666666667,
        8.313333333333333,
        8.226666666666667,
        8.4,
        53.38666666666666,
        8.466666666666667,
        8.373333333333333,
        8.433333333333334,
        8.34,
        8.206666666666667,
        8.433333333333334,
        136.6,
        8.346666666666666,
        212.64666666666668,
        8.22,
        8.266666666666667,
        8.34,
        8.16,
        13.8,
        8.313333333333333,
        8.286666666666667,
        202.98,
        62.126666666666665,
        25.926666666666666,
        195.04,
        8.32,
        7.786666666666667,
        8.34,
        496.74666666666667,
        8.886666666666667,
        8.4,
        8.36,
        8.306666666666667,
        8.226666666666667,
        18.02,
        8.32,
        8.486666666666666,
        9.226666666666667,
        8.366666666666667,
        8.266666666666667,
        8.353333333333333,
        8.413333333333334,
        131.86,
        8.233333333333333,
        199.00666666666666,
        8.366666666666667,
        19.333333333333332,
        199.28666666666666,
        10.98,
        8.273333333333333,
        8.26,
        24.033333333333335,
        18.533333333333335,
        8.24,
        42.7,
        33.693333333333335,
        7.94,
        8.24,
        10.64,
        8.353333333333333,
        8.453333333333333,
        21.36,
        453.6,
        8.406666666666666,
        8.426666666666666,
        8.493333333333334,
        8.32,
        194.92666666666668,
        70.72,
        26.0,
        8.433333333333334,
        8.253333333333334,
        74.83333333333333,
        15.26,
        202.12666666666667
    ],
    "best fitness history": [
        10,
        10,
        10,
        10,
        10,
        10,
        10,
        10,
        10,
        10,
        10,
        10,
        10,
        10,
        10,
        10,
        10,
        10,
        10,
        10,
        10,
        10,
        10,
        10,
        10,
        10,
        10,
        10,
        10,
        10,
        10,
        10,
        10,
        34,
        58,
        56,
        10,
        70,
        71,
        66,
        10,
        10,
        10,
        8,
        10,
        60,
        10,
        67,
        10,
        9,
        10,
        69,
        9,
        8,
        61,
        499,
        9,
        333,
        9,
        10,
        499,
        56,
        9,
        9,
        285,
        9,
        273,
        499,
        8,
        9,
        10,
        34,
        9,
        308,
        10,
        9,
        499,
        94,
        8,
        36,
        291,
        9,
        499,
        8,
        8,
        10,
        499,
        303,
        10,
        41,
        9,
        280,
        10,
        9,
        10,
        10,
        10,
        9,
        12,
        10,
        10,
        10,
        9,
        27,
        257,
        10,
        10,
        294,
        10,
        32,
        49,
        10,
        10,
        93,
        8,
        10,
        300,
        10,
        10,
        122,
        40,
        10,
        15,
        200,
        10,
        10,
        10,
        10,
        10,
        101,
        10,
        10,
        10,
        9,
        10,
        10,
        246,
        10,
        338,
        9,
        10,
        10,
        9,
        17,
        10,
        10,
        309,
        130,
        35,
        212,
        10,
        8,
        10,
        499,
        79,
        10,
        10,
        10,
        10,
        94,
        10,
        10,
        11,
        10,
        10,
        10,
        10,
        200,
        10,
        457,
        10,
        25,
        379,
        13,
        10,
        10,
        44,
        26,
        10,
        215,
        51,
        9,
        10,
        59,
        10,
        10,
        35,
        499,
        10,
        10,
        10,
        9,
        330,
        180,
        37,
        10,
        10,
        117,
        43,
        348
    ],