{
    "time": "2022-09-11-19-28-08",
    "generations": 200,
    "fitness history": [
        8.46,
        8.36,
        8.386666666666667,
        8.76,
        9.92,
        8.4,
        19.613333333333333,
        24.873333333333335,
        13.473333333333333,
        11.133333333333333,
        25.18,
        20.386666666666667,
        29.226666666666667,
        30.2,
        27.28,
        22.673333333333332,
        28.86,
        22.613333333333333,
        25.206666666666667,
        28.72,
        29.69333333333333,
        31.946666666666665,
        30.7,
        29.96,
        29.62,
        33.346666666666664,
        30.02,
        29.113333333333333,
        29.506666666666668,
        28.96,
        31.766666666666666,
        29.28,
        31.96,
        31.593333333333334,
        30.82,
        31.726666666666667,
        29.593333333333334,
        31.753333333333334,
        29.64666666666667,
        30.653333333333332,
        27.986666666666668,
        30.506666666666668,
        26.973333333333333,
        30.38,
        28.986666666666668,
        30.053333333333335,
        29.633333333333333,
        27.326666666666668,
        28.766666666666666,
        30.26,
        29.973333333333333,
        31.073333333333334,
        27.046666666666667,
        30.92,
        31.64666666666667,
        30.173333333333332,
        29.69333333333333,
        29.35333333333333,
        28.413333333333334,
        29.22,
        31.34,
        30.44,
        30.32,
        27.98,
        30.85333333333333,
        28.62,
        27.726666666666667,
        29.593333333333334,
        29.3,
        26.98,
        29.286666666666665,
        26.946666666666665,
        29.026666666666667,
        26.66,
        30.133333333333333,
        28.626666666666665,
        30.96,
        26.906666666666666,
        29.786666666666665,
        30.073333333333334,
        29.046666666666667,
        30.82,
        28.74,
        29.6,
        28.42,
        28.373333333333335,
        27.473333333333333,
        30.666666666666668,
        28.113333333333333,
        29.906666666666666,
        28.446666666666665,
        30.9,
        27.886666666666667,
        26.773333333333333,
        32.72666666666667,
        25.386666666666667,
        28.52,
        32.36,
        32.626666666666665,
        30.073333333333334,
        31.84,
        27.666666666666668,
        29.673333333333332,
        29.84,
        31.85333333333333,
        26.706666666666667,
        30.22,
        29.346666666666668,
        29.446666666666665,
        30.973333333333333,
        29.813333333333333,
        28.98,
        27.573333333333334,
        29.35333333333333,
        29.453333333333333,
        27.02,
        27.226666666666667,
        30.873333333333335,
        27.846666666666668,
        27.313333333333333,
        29.24,
        27.653333333333332,
        32.96,
        26.626666666666665,
        27.19333333333333,
        29.46,
        29.593333333333334,
        30.08,
        28.74,
        28.993333333333332,
        29.5,
        31.493333333333332,
        32.35333333333333,
        29.593333333333334,
        28.94,
        30.973333333333333,
        30.54,
        29.46,
        30.026666666666667,
        25.69333333333333,
        30.593333333333334,
        25.726666666666667,
        27.5,
        29.76,
        28.053333333333335,
        27.053333333333335,
        27.266666666666666,
        28.6,
        30.62,
        26.233333333333334,
        27.926666666666666,
        32.79333333333334,
        27.69333333333333,
        27.253333333333334,
        31.706666666666667,
        28.08,
        29.02,
        28.66,
        30.9,
        26.52,
        29.56,
        28.946666666666665,
        28.673333333333332,
        26.68,
        29.186666666666667,
        26.006666666666668,
        26.533333333333335,
        27.24,
        31.92,
        26.673333333333332,
        25.88,
        29.98,
        30.56,
        28.04,
        30.486666666666668,
        28.98,
        28.913333333333334,
        28.186666666666667,
        28.913333333333334,
        27.253333333333334,
        31.1,
        28.76,
        26.86,
        26.506666666666668,
        28.086666666666666,
        27.44,
        29.326666666666668,
        27.886666666666667,
        29.066666666666666,
        30.16,
        30.173333333333332,
        26.973333333333333,
        29.19333333333333,
        28.086666666666666,
        27.653333333333332,
        26.96,
        30.286666666666665,
        28.113333333333333,
        29.206666666666667,
        28.24
    ],
    "best fitness history": [
        10,
        10,
        10,
        39,
        50,
        10,
        88,
        104,
        71,
        80,
        82,
        84,
        101,
        94,
        113,
        136,
        274,
        128,
        79,
        228,
        194,
        218,
        166,
        133,
        107,
        161,
        132,
        109,
        100,
        106,
        130,
        123,
        313,
        126,
        118,
        370,
        118,
        187,
        148,
        182,
        81,
        281,
        138,
        87,
        216,
        95,
        102,
        100,
        177,
        104,
        166,
        140,
        81,
        98,
        93,
        108,
        147,
        134,
        105,
        117,
        143,
        110,
        106,
        142,
        114,
        140,
        118,
        106,
        133,
        87,
        144,
        110,
        92,
        85,
        91,
        75,
        141,
        96,
        108,
        103,
        93,
        258,
        132,
        88,
        86,
        98,
        93,
        125,
        82,
        101,
        113,
        128,
        108,
        87,
        224,
        84,
        84,
        106,
        114,
        129,
        117,
        88,
        106,
        125,
        118,
        104,
        132,
        91,
        126,
        112,
        122,
        116,
        90,
        96,
        116,
        129,
        87,
        160,
        106,
        219,
        191,
        130,
        232,
        85,
        74,
        87,
        126,
        107,
        122,
        106,
        82,
        160,
        458,
        210,
        106,
        106,
        124,
        155,
        138,
        86,
        136,
        110,
        78,
        86,
        84,
        90,
        88,
        107,
        102,
        104,
        92,
        171,
        103,
        83,
        124,
        163,
        106,
        104,
        100,
        80,
        95,
        82,
        111,
        86,
        123,
        92,
        101,
        106,
        139,
        145,
        99,
        143,
        111,
        86,
        105,
        106,
        114,
        120,
        138,
        118,
        133,
        117,
        94,
        74,
        151,
        79,
        107,
        102,
        148,
        98,
        107,
        87,
        96,
        168,
        96,
        79,
        101,
        84,
        108,
        106
    ],