{
    "time": "2022-09-10-01-54-52",
    "generations": 200,
    "fitness history": [
        8.34,
        8.486666666666666,
        8.853333333333333,
        8.266666666666667,
        8.266666666666667,
        8.366666666666667,
        18.76,
        27.953333333333333,
        28.26,
        8.333333333333334,
        29.446666666666665,
        27.666666666666668,
        8.406666666666666,
        8.36,
        8.506666666666666,
        28.006666666666668,
        8.366666666666667,
        28.513333333333332,
        28.46,
        27.34,
        8.48,
        29.286666666666665,
        10.233333333333333,
        30.373333333333335,
        8.373333333333333,
        37.24666666666667,
        7.72,
        7.793333333333333,
        8.913333333333334,
        24.626666666666665,
        27.986666666666668,
        7.746666666666667,
        8.3,
        29.073333333333334,
        8.266666666666667,
        7.96,
        29.726666666666667,
        7.746666666666667,
        7.74,
        8.366666666666667,
        8.046666666666667,
        41.74,
        9.993333333333334,
        7.74,
        30.0,
        7.8,
        32.66,
        32.60666666666667,
        7.733333333333333,
        45.98,
        8.233333333333333,
        51.78,
        10.866666666666667,
        46.873333333333335,
        40.46666666666667,
        8.24,
        16.566666666666666,
        156.55333333333334,
        8.266666666666667,
        37.74666666666667,
        39.14666666666667,
        8.553333333333333,
        42.873333333333335,
        26.08,
        7.98,
        24.866666666666667,
        44.07333333333333,
        42.57333333333333,
        8.233333333333333,
        8.773333333333333,
        11.346666666666666,
        7.88,
        213.02666666666667,
        8.646666666666667,
        7.786666666666667,
        49.873333333333335,
        491.18,
        8.02,
        8.066666666666666,
        8.153333333333334,
        8.52,
        8.213333333333333,
        8.473333333333333,
        8.22,
        43.593333333333334,
        7.973333333333334,
        31.926666666666666,
        26.2,
        8.92,
        7.746666666666667,
        8.953333333333333,
        368.32,
        8.453333333333333,
        8.78,
        8.246666666666666,
        212.77333333333334,
        29.333333333333332,
        83.85333333333334,
        7.766666666666667,
        16.38,
        8.433333333333334,
        280.8466666666667,
        39.88,
        80.96666666666667,
        8.026666666666667,
        8.28,
        44.11333333333334,
        8.226666666666667,
        102.42,
        7.866666666666666,
        19.586666666666666,
        7.76,
        8.826666666666666,
        7.8133333333333335,
        8.553333333333333,
        223.5,
        7.766666666666667,
        8.666666666666666,
        7.8133333333333335,
        70.46666666666667,
        499.0,
        8.346666666666666,
        8.366666666666667,
        499.0,
        7.946666666666666,
        7.786666666666667,
        7.826666666666667,
        59.04,
        8.193333333333333,
        8.506666666666666,
        67.12666666666667,
        8.206666666666667,
        184.32666666666665,
        27.18,
        58.2,
        88.08,
        70.32666666666667,
        7.833333333333333,
        18.92,
        16.98,
        8.433333333333334,
        8.306666666666667,
        31.413333333333334,
        193.41333333333333,
        8.3,
        19.98,
        9.48,
        8.413333333333334,
        8.66,
        8.373333333333333,
        62.67333333333333,
        137.19333333333333,
        104.51333333333334,
        8.133333333333333,
        8.42,
        8.453333333333333,
        8.393333333333333,
        7.766666666666667,
        101.95333333333333,
        11.6,
        270.3,
        8.333333333333334,
        8.733333333333333,
        38.9,
        8.293333333333333,
        113.15333333333334,
        68.54666666666667,
        13.313333333333333,
        8.28,
        81.9,
        8.04,
        8.406666666666666,
        8.22,
        30.18,
        12.933333333333334,
        15.293333333333333,
        8.393333333333333,
        495.1533333333333,
        8.346666666666666,
        18.773333333333333,
        8.52,
        8.36,
        51.06,
        8.4,
        35.42666666666667,
        32.04,
        36.54,
        8.826666666666666,
        37.88,
        8.333333333333334,
        35.64,
        8.373333333333333,
        20.186666666666667,
        73.84666666666666,
        10.686666666666667,
        21.293333333333333,
        8.306666666666667,
        8.373333333333333,
        8.093333333333334,
        26.78
    ],
    "best fitness history": [
        10,
        33,
        30,
        10,
        10,
        10,
        54,
        65,
        63,
        10,
        68,
        63,
        10,
        10,
        11,
        57,
        11,
        55,
        79,
        62,
        34,
        62,
        52,
        66,
        10,
        65,
        8,
        9,
        28,
        58,
        66,
        9,
        11,
        65,
        11,
        10,
        70,
        9,
        8,
        12,
        11,
        66,
        28,
        10,
        64,
        8,
        65,
        59,
        9,
        181,
        76,
        264,
        190,
        135,
        62,
        9,
        49,
        241,
        10,
        103,
        110,
        13,
        71,
        61,
        14,
        40,
        131,
        67,
        10,
        10,
        39,
        9,
        331,
        10,
        10,
        85,
        499,
        9,
        10,
        10,
        10,
        9,
        10,
        10,
        65,
        10,
        55,
        58,
        10,
        9,
        10,
        499,
        10,
        14,
        10,
        499,
        68,
        276,
        9,
        36,
        10,
        499,
        62,
        283,
        45,
        35,
        149,
        9,
        328,
        9,
        49,
        9,
        10,
        9,
        10,
        384,
        8,
        10,
        9,
        168,
        499,
        10,
        10,
        499,
        9,
        9,
        9,
        154,
        9,
        10,
        109,
        10,
        324,
        58,
        181,
        334,
        215,
        9,
        36,
        78,
        10,
        10,
        50,
        302,
        10,
        70,
        11,
        10,
        10,
        10,
        295,
        227,
        364,
        10,
        10,
        10,
        10,
        9,
        179,
        15,
        403,
        10,
        10,
        112,
        10,
        499,
        140,
        17,
        10,
        426,
        9,
        10,
        10,
        79,
        35,
        33,
        10,
        499,
        10,
        33,
        10,
        10,
        130,
        10,
        82,
        86,
        99,
        11,
        105,
        10,
        90,
        10,
        45,
        170,
        19,
        57,
        10,
        10,
        10,
        83
    ],