{
    "time": "2022-09-10-10-52-32",
    "generations": 200,
    "fitness history": [
        8.366666666666667,
        8.36,
        8.253333333333334,
        8.273333333333333,
        8.393333333333333,
        8.513333333333334,
        8.24,
        8.786666666666667,
        10.613333333333333,
        8.426666666666666,
        13.213333333333333,
        18.18,
        25.7,
        19.3,
        19.673333333333332,
        19.906666666666666,
        22.113333333333333,
        20.866666666666667,
        20.286666666666665,
        20.94,
        21.553333333333335,
        23.233333333333334,
        23.993333333333332,
        21.96,
        22.19333333333333,
        21.153333333333332,
        21.233333333333334,
        21.713333333333335,
        19.82,
        21.42,
        19.566666666666666,
        21.966666666666665,
        20.373333333333335,
        21.42,
        21.593333333333334,
        19.953333333333333,
        20.8,
        20.506666666666668,
        19.80666666666667,
        18.946666666666665,
        20.786666666666665,
        21.32,
        21.486666666666668,
        22.16,
        21.346666666666668,
        21.66,
        20.58,
        21.98,
        20.253333333333334,
        19.566666666666666,
        22.313333333333333,
        19.313333333333333,
        22.106666666666666,
        20.54,
        21.2,
        22.88,
        21.42,
        22.393333333333334,
        22.246666666666666,
        22.653333333333332,
        22.113333333333333,
        22.466666666666665,
        20.7,
        17.393333333333334,
        18.953333333333333,
        19.413333333333334,
        20.28,
        20.446666666666665,
        20.366666666666667,
        20.02,
        21.96,
        22.74,
        21.233333333333334,
        22.293333333333333,
        19.04,
        21.066666666666666,
        20.993333333333332,
        21.826666666666668,
        20.686666666666667,
        18.226666666666667,
        20.94,
        20.26,
        21.24,
        21.3,
        20.92,
        21.033333333333335,
        20.466666666666665,
        19.966666666666665,
        22.5,
        18.166666666666668,
        19.513333333333332,
        20.473333333333333,
        20.94,
        20.766666666666666,
        20.206666666666667,
        20.406666666666666,
        20.286666666666665,
        20.593333333333334,
        21.046666666666667,
        22.8,
        21.48,
        20.713333333333335,
        22.85333333333333,
        24.513333333333332,
        21.493333333333332,
        21.006666666666668,
        19.546666666666667,
        17.66,
        20.046666666666667,
        21.166666666666668,
        20.053333333333335,
        20.966666666666665,
        21.44,
        22.5,
        21.066666666666666,
        21.5,
        20.16,
        20.046666666666667,
        18.466666666666665,
        21.513333333333332,
        21.0,
        20.613333333333333,
        19.76,
        20.766666666666666,
        21.786666666666665,
        21.926666666666666,
        21.84,
        21.926666666666666,
        20.54,
        20.686666666666667,
        22.766666666666666,
        21.973333333333333,
        21.173333333333332,
        21.366666666666667,
        22.18,
        20.80666666666667,
        19.466666666666665,
        19.826666666666668,
        20.953333333333333,
        20.946666666666665,
        20.953333333333333,
        21.04,
        19.993333333333332,
        21.106666666666666,
        21.3,
        21.733333333333334,
        21.273333333333333,
        18.18,
        20.446666666666665,
        19.94,
        21.326666666666668,
        20.64,
        20.293333333333333,
        20.18,
        20.76,
        19.833333333333332,
        21.133333333333333,
        23.1,
        24.766666666666666,
        23.446666666666665,
        22.466666666666665,
        23.946666666666665,
        24.44,
        25.046666666666667,
        23.206666666666667,
        22.88,
        22.053333333333335,
        20.933333333333334,
        21.273333333333333,
        22.3,
        22.286666666666665,
        22.486666666666668,
        22.406666666666666,
        22.246666666666666,
        21.34,
        24.48,
        22.313333333333333,
        22.06,
        20.48,
        22.253333333333334,
        21.206666666666667,
        23.653333333333332,
        21.006666666666668,
        20.113333333333333,
        19.673333333333332,
        19.493333333333332,
        20.373333333333335,
        20.44,
        21.866666666666667,
        20.833333333333332,
        21.72,
        21.613333333333333,
        22.206666666666667,
        21.546666666666667,
        22.04,
        21.773333333333333,
        21.406666666666666,
        22.19333333333333,
        21.373333333333335,
        20.54
    ],
    "best fitness history": [
        10,
        10,
        10,
        10,
        10,
        10,
        13,
        49,
        48,
        10,
        55,
        50,
        135,
        61,
        73,
        72,
        188,
        58,
        69,
        73,
        60,
        59,
        63,
        76,
        59,
        50,
        57,
        64,
        59,
        55,
        62,
        51,
        64,
        61,
        60,
        58,
        67,
        54,
        58,
        77,
        53,
        69,
        60,
        65,
        69,
        55,
        58,
        80,
        59,
        59,
        57,
        65,
        61,
        62,
        51,
        56,
        61,
        62,
        67,
        57,
        72,
        72,
        59,
        45,
        69,
        62,
        56,
        52,
        61,
        60,
        59,
        59,
        55,
        64,
        61,
        49,
        51,
        60,
        65,
        50,
        52,
        68,
        66,
        64,
        66,
        55,
        60,
        61,
        62,
        59,
        56,
        61,
        64,
        59,
        60,
        57,
        50,
        63,
        60,
        60,
        58,
        58,
        73,
        64,
        53,
        68,
        63,
        60,
        51,
        61,
        53,
        56,
        62,
        59,
        62,
        55,
        60,
        59,
        60,
        62,
        68,
        59,
        63,
        67,
        64,
        54,
        60,
        53,
        72,
        51,
        68,
        63,
        58,
        60,
        53,
        57,
        60,
        56,
        60,
        59,
        59,
        57,
        54,
        51,
        69,
        60,
        63,
        67,
        76,
        55,
        72,
        56,
        55,
        53,
        61,
        55,
        65,
        64,
        65,
        64,
        64,
        60,
        59,
        63,
        64,
        55,
        68,
        53,
        61,
        78,
        70,
        53,
        73,
        57,
        68,
        63,
        60,
        56,
        71,
        61,
        65,
        73,
        62,
        65,
        60,
        62,
        71,
        50,
        59,
        66,
        68,
        51,
        66,
        65,
        64,
        55,
        58,
        68,
        59,
        63
    ],