{
    "time": "2022-09-10-07-18-08",
    "generations": 200,
    "fitness history": [
        8.44,
        8.3,
        8.46,
        8.28,
        8.3,
        8.306666666666667,
        8.466666666666667,
        8.42,
        8.38,
        8.393333333333333,
        8.36,
        8.4,
        8.273333333333333,
        8.36,
        8.3,
        8.446666666666667,
        8.273333333333333,
        8.3,
        8.48,
        9.42,
        8.333333333333334,
        8.453333333333333,
        22.293333333333333,
        8.353333333333333,
        8.293333333333333,
        41.21333333333333,
        39.72666666666667,
        39.50666666666667,
        8.473333333333333,
        38.233333333333334,
        41.806666666666665,
        8.333333333333334,
        9.673333333333334,
        35.53333333333333,
        8.266666666666667,
        40.50666666666667,
        8.366666666666667,
        8.506666666666666,
        8.286666666666667,
        39.43333333333333,
        8.326666666666666,
        8.406666666666666,
        8.3,
        38.92,
        42.013333333333335,
        8.253333333333334,
        8.393333333333333,
        8.453333333333333,
        8.393333333333333,
        38.34,
        37.13333333333333,
        8.346666666666666,
        8.36,
        38.14666666666667,
        8.333333333333334,
        40.5,
        46.57333333333333,
        8.4,
        126.61333333333333,
        8.26,
        8.246666666666666,
        8.386666666666667,
        40.08,
        44.77333333333333,
        149.68,
        201.02,
        8.226666666666667,
        399.6666666666667,
        8.8,
        207.86,
        8.326666666666666,
        8.773333333333333,
        42.18,
        8.2,
        28.286666666666665,
        8.206666666666667,
        8.94,
        63.126666666666665,
        7.866666666666666,
        8.326666666666666,
        51.333333333333336,
        47.193333333333335,
        56.13333333333333,
        16.22,
        178.67333333333335,
        8.373333333333333,
        50.03333333333333,
        54.35333333333333,
        8.433333333333334,
        265.62,
        8.553333333333333,
        8.166666666666666,
        34.84,
        59.04,
        8.32,
        41.28,
        8.18,
        8.546666666666667,
        8.58,
        8.853333333333333,
        8.293333333333333,
        8.3,
        13.4,
        8.52,
        8.36,
        291.9866666666667,
        8.433333333333334,
        499.0,
        195.49333333333334,
        8.26,
        8.66,
        9.106666666666667,
        8.266666666666667,
        13.426666666666666,
        8.366666666666667,
        8.32,
        8.306666666666667,
        38.06,
        7.993333333333333,
        8.26,
        31.413333333333334,
        9.966666666666667,
        116.18666666666667,
        38.06,
        8.413333333333334,
        8.386666666666667,
        39.6,
        8.366666666666667,
        41.31333333333333,
        37.64666666666667,
        8.293333333333333,
        8.32,
        8.386666666666667,
        9.04,
        26.18,
        8.326666666666666,
        8.58,
        8.44,
        13.033333333333333,
        15.173333333333334,
        8.353333333333333,
        7.76,
        7.826666666666667,
        7.76,
        159.60666666666665,
        10.493333333333334,
        8.36,
        20.28,
        34.486666666666665,
        7.76,
        54.026666666666664,
        8.34,
        18.013333333333332,
        8.326666666666666,
        11.42,
        8.3,
        8.3,
        8.406666666666666,
        8.413333333333334,
        8.453333333333333,
        19.326666666666668,
        8.353333333333333,
        8.306666666666667,
        19.3,
        8.38,
        8.426666666666666,
        8.366666666666667,
        53.9,
        8.32,
        8.346666666666666,
        8.28,
        11.353333333333333,
        8.32,
        55.46666666666667,
        8.3,
        8.426666666666666,
        8.206666666666667,
        21.7,
        151.26666666666668,
        8.4,
        8.266666666666667,
        13.533333333333333,
        8.4,
        8.333333333333334,
        8.38,
        8.273333333333333,
        8.306666666666667,
        8.326666666666666,
        8.386666666666667,
        8.4,
        13.806666666666667,
        45.64666666666667,
        8.466666666666667,
        8.28,
        8.4,
        8.446666666666667,
        8.353333333333333,
        19.153333333333332,
        8.3,
        8.266666666666667
    ],
    "best fitness history": [
        10,
        10,
        10,
        10,
        10,
        10,
        10,
        10,
        10,
        10,
        10,
        10,
        10,
        10,
        10,
        10,
        10,
        10,
        31,
        53,
        10,
        10,
        120,
        10,
        10,
        117,
        132,
        127,
        10,
        160,
        116,
        10,
        202,
        129,
        10,
        134,
        10,
        10,
        10,
        77,
        10,
        10,
        10,
        95,
        101,
        10,
        10,
        10,
        10,
        118,
        132,
        10,
        10,
        106,
        10,
        148,
        147,
        10,
        271,
        10,
        10,
        10,
        122,
        123,
        235,
        306,
        9,
        499,
        26,
        499,
        10,
        10,
        92,
        10,
        64,
        9,
        10,
        108,
        9,
        10,
        499,
        386,
        170,
        29,
        260,
        10,
        499,
        499,
        10,
        387,
        10,
        9,
        77,
        499,
        9,
        61,
        10,
        10,
        10,
        20,
        10,
        10,
        17,
        10,
        10,
        499,
        10,
        499,
        284,
        10,
        10,
        47,
        10,
        99,
        10,
        10,
        10,
        104,
        9,
        10,
        76,
        21,
        186,
        109,
        10,
        10,
        53,
        10,
        158,
        165,
        10,
        10,
        10,
        13,
        71,
        10,
        10,
        10,
        16,
        21,
        10,
        9,
        9,
        9,
        269,
        17,
        10,
        56,
        90,
        9,
        108,
        10,
        25,
        10,
        15,
        10,
        10,
        10,
        10,
        10,
        30,
        10,
        10,
        30,
        10,
        10,
        10,
        499,
        10,
        10,
        10,
        15,
        10,
        102,
        10,
        10,
        10,
        30,
        315,
        10,
        10,
        19,
        10,
        10,
        10,
        10,
        10,
        10,
        10,
        10,
        34,
        222,
        10,
        10,
        10,
        10,
        10,
        58,
        10,
        10
    ],