{
    "time": "2022-09-10-05-52-34",
    "generations": 200,
    "fitness history": [
        8.313333333333333,
        8.326666666666666,
        8.306666666666667,
        8.353333333333333,
        8.38,
        8.446666666666667,
        8.453333333333333,
        8.473333333333333,
        8.306666666666667,
        8.38,
        8.34,
        8.326666666666666,
        8.393333333333333,
        8.453333333333333,
        9.22,
        8.353333333333333,
        8.333333333333334,
        8.373333333333333,
        8.34,
        8.42,
        8.306666666666667,
        8.253333333333334,
        8.3,
        8.406666666666666,
        8.44,
        8.38,
        8.333333333333334,
        8.406666666666666,
        8.353333333333333,
        8.346666666666666,
        8.426666666666666,
        8.986666666666666,
        9.826666666666666,
        21.85333333333333,
        20.866666666666667,
        21.046666666666667,
        27.233333333333334,
        13.706666666666667,
        21.36,
        19.726666666666667,
        21.34,
        20.566666666666666,
        17.513333333333332,
        18.933333333333334,
        18.466666666666665,
        20.593333333333334,
        21.026666666666667,
        22.066666666666666,
        20.6,
        22.386666666666667,
        22.386666666666667,
        22.946666666666665,
        22.506666666666668,
        22.173333333333332,
        22.12,
        21.826666666666668,
        22.346666666666668,
        22.413333333333334,
        21.0,
        20.76,
        21.0,
        21.506666666666668,
        22.426666666666666,
        22.22,
        21.686666666666667,
        21.52,
        19.26,
        19.993333333333332,
        20.56,
        21.313333333333333,
        22.553333333333335,
        20.493333333333332,
        20.14,
        19.606666666666666,
        19.573333333333334,
        20.746666666666666,
        21.913333333333334,
        21.46,
        21.626666666666665,
        20.2,
        19.94,
        21.946666666666665,
        22.32,
        22.086666666666666,
        21.38,
        24.686666666666667,
        23.513333333333332,
        23.253333333333334,
        22.346666666666668,
        21.606666666666666,
        21.46,
        20.913333333333334,
        21.333333333333332,
        21.96,
        21.586666666666666,
        21.366666666666667,
        22.913333333333334,
        22.8,
        24.346666666666668,
        22.126666666666665,
        22.393333333333334,
        21.94,
        23.673333333333332,
        21.293333333333333,
        20.466666666666665,
        21.293333333333333,
        21.5,
        21.04,
        21.546666666666667,
        21.88,
        21.633333333333333,
        26.413333333333334,
        26.22,
        24.826666666666668,
        22.88,
        20.793333333333333,
        22.833333333333332,
        22.12,
        22.94,
        23.6,
        21.773333333333333,
        22.053333333333335,
        21.82,
        22.92,
        22.9,
        20.9,
        22.666666666666668,
        22.073333333333334,
        22.62,
        20.286666666666665,
        20.706666666666667,
        20.56,
        20.56,
        21.106666666666666,
        21.80666666666667,
        20.18,
        21.126666666666665,
        20.72,
        20.653333333333332,
        21.586666666666666,
        21.80666666666667,
        21.753333333333334,
        21.88,
        21.3,
        22.333333333333332,
        23.38,
        22.96,
        23.86,
        23.546666666666667,
        23.46,
        21.753333333333334,
        23.886666666666667,
        24.72,
        26.446666666666665,
        28.96,
        27.46,
        30.3,
        28.933333333333334,
        28.24,
        30.293333333333333,
        32.49333333333333,
        29.713333333333335,
        29.106666666666666,
        28.033333333333335,
        28.346666666666668,
        27.086666666666666,
        29.873333333333335,
        27.42,
        29.026666666666667,
        29.46,
        27.826666666666668,
        28.46,
        30.013333333333332,
        29.826666666666668,
        29.4,
        28.80666666666667,
        29.286666666666665,
        29.253333333333334,
        27.58,
        26.326666666666668,
        28.793333333333333,
        30.2,
        28.946666666666665,
        30.88,
        30.713333333333335,
        29.333333333333332,
        31.273333333333333,
        32.46666666666667,
        29.493333333333332,
        32.56666666666667,
        29.673333333333332,
        29.266666666666666,
        29.98,
        29.4,
        28.013333333333332,
        28.866666666666667,
        28.333333333333332,
        27.64666666666667,
        29.06,
        27.726666666666667
    ],
    "best fitness history": [
        10,
        10,
        10,
        10,
        10,
        10,
        10,
        10,
        10,
        10,
        10,
        10,
        10,
        35,
        38,
        10,
        10,
        10,
        10,
        10,
        10,
        10,
        10,
        10,
        10,
        10,
        10,
        10,
        10,
        10,
        10,
        52,
        40,
        67,
        64,
        68,
        61,
        64,
        67,
        53,
        55,
        63,
        63,
        55,
        68,
        72,
        74,
        56,
        56,
        71,
        71,
        66,
        54,
        56,
        53,
        67,
        68,
        80,
        68,
        62,
        75,
        59,
        54,
        64,
        63,
        62,
        67,
        64,
        75,
        65,
        62,
        66,
        57,
        57,
        63,
        58,
        68,
        65,
        65,
        78,
        55,
        72,
        72,
        47,
        54,
        62,
        63,
        61,
        61,
        65,
        65,
        72,
        62,
        68,
        61,
        80,
        72,
        112,
        133,
        68,
        88,
        69,
        87,
        65,
        72,
        56,
        62,
        107,
        191,
        84,
        88,
        359,
        161,
        119,
        87,
        112,
        218,
        63,
        68,
        76,
        58,
        129,
        58,
        72,
        62,
        53,
        61,
        56,
        64,
        65,
        80,
        56,
        66,
        72,
        71,
        56,
        62,
        72,
        64,
        57,
        59,
        58,
        72,
        55,
        60,
        64,
        64,
        63,
        65,
        57,
        62,
        60,
        69,
        61,
        62,
        67,
        67,
        58,
        68,
        66,
        65,
        66,
        64,
        61,
        57,
        66,
        59,
        63,
        72,
        61,
        65,
        65,
        69,
        66,
        62,
        67,
        59,
        61,
        65,
        66,
        58,
        62,
        57,
        67,
        62,
        61,
        65,
        69,
        61,
        65,
        63,
        68,
        71,
        71,
        67,
        66,
        68,
        71,
        73,
        64
    ],