{
    "time": "2022-09-15-10-51-55",
    "generations": 200,
    "fitness history": [
        0.39765911642271473,
        0.241056598863674,
        0.33650771555745523,
        0.35157799903531367,
        0.401519804995263,
        0.4240278193373259,
        0.31467597205578896,
        0.3253744187254286,
        0.3903180311786519,
        0.32449517835170666,
        0.3297348571461319,
        0.3011993118953743,
        0.35416010617999666,
        0.31382603462101694,
        0.23881274530317276,
        0.3900481878776209,
        0.33042149519128844,
        0.2873269016654677,
        0.36431047393675264,
        0.3317853481255062,
        0.30872087561720213,
        0.41377888845326305,
        0.3557334235430124,
        0.3880567630319229,
        0.36633380394426024,
        0.2940907300838944,
        0.2878560712639082,
        0.3444308498394553,
        0.2661932992200984,
        0.331285760312611,
        0.3360844948106095,
        0.35888084578952095,
        0.3151430448938993,
        0.37897287788320155,
        0.30516384937710567,
        0.33529806815895297,
        0.414622608324501,
        0.32213363546038676,
        0.36311553660351864,
        0.3166826740158464,
        0.3974877951625559,
        0.43638592061998926,
        0.36546718905734865,
        0.4775267479013174,
        0.48319388124321816,
        0.48411276338758813,
        0.41872012986525325,
        0.4868717840097857,
        0.45941661814945006,
        0.4475536940989476,
        0.44829340259016687,
        0.6062971594169556,
        0.4333486380157932,
        0.5654422827728751,
        0.5051345687878528,
        0.5494147852572159,
        0.5588306778491746,
        0.6075014074555588,
        0.6111133604109705,
        0.47680718419150764,
        0.5228215527895002,
        0.6151840960648459,
        0.6499862085852299,
        0.5980782901193035,
        0.6725975183328097,
        0.6717935001858972,
        0.6605723267527301,
        0.5783090661191651,
        0.583084225999348,
        0.5667011659328208,
        0.6001085269046047,
        0.7024925651695157,
        0.5207189769372562,
        0.6158729001657764,
        0.4596687464023599,
        0.49448264604350567,
        0.5884956009513304,
        0.498405682454815,
        0.7258019027188741,
        0.601227078631727,
        0.6953601524907052,
        0.6157580796480321,
        0.6267978407599637,
        0.5667755146341782,
        0.5807139726712848,
        0.6431993471801177,
        0.5191223871091402,
        0.5877321661690276,
        0.5823299172221259,
        0.6424378192568042,
        0.6208950239039955,
        0.5749249384378783,
        0.5653942994309143,
        0.5886039582289482,
        0.5511388452558909,
        0.5717073847922879,
        0.6532363498386886,
        0.6110739537431767,
        0.5583746128257291,
        0.6635833406389822,
        0.5475336982371358,
        0.5235824148409733,
        0.5516931244700629,
        0.5465177162991063,
        0.5698441502365031,
        0.6544105064222747,
        0.5521616932822836,
        0.6724156297748946,
        0.5268823729684535,
        0.5562858268727152,
        0.5108120242922269,
        0.6829945567089273,
        0.7033251130769579,
        0.7236744691427888,
        0.5757855566627809,
        0.656095226236876,
        0.661045037577079,
        0.7155383994995875,
        0.6628571728085383,
        0.6260011756161429,
        0.7088237741389185,
        0.6901174397341125,
        0.6598549217819827,
        0.6692268286575493,
        0.6636440187164621,
        0.7222924519826145,
        0.7515261217816572,
        0.7457110970269424,
        0.7175084506962739,
        0.8292117548549174,
        0.7770387991698638,
        0.8143667993236235,
        0.8369555441816181,
        0.8442141725489059,
        0.8657879451701619,
        0.8808037404620457,
        0.8611273646336459,
        0.8680730223160189,
        0.961552766520648,
        0.8612095494295414,
        0.8710624333618487,
        0.8596929290163479,
        0.9647277127081361,
        0.9735384185890573,
        0.8977994653311582,
        0.9683332310915597,
        0.8798060990560117,
        0.9216494161486048,
        1.0149343125408985,
        0.9542028236906513,
        0.9771234103288674,
        0.9477721775536755,
        0.9697721122138611,
        0.9270137393177341,
        1.0093273245335028,
        0.8523793502529612,
        0.941243392680322,
        0.9531360575497186,
        0.895546294537254,
        0.9498654711645723,
        0.9628644634537223,
        0.9738628198232497,
        0.9810363480070902,
        0.9536912234724446,
        0.9597372874032537,
        0.9816827837320322,
        0.9397221810514723,
        0.9365621837194957,
        0.9662427254267503,
        0.9016062872250662,
        0.9900615367599364,
        0.9380656249249099,
        1.0042035972260799,
        0.9570301293408414,
        1.0532970340515981,
        1.0305448681864138,
        1.0359382606481626,
        1.0206631906169226,
        0.927572461867051,
        1.086481235264593,
        1.0631805429802923,
        1.0077043861701005,
        1.0455831764851156,
        0.996137225449091,
        0.9918396078516688,
        1.0128199496885195,
        1.0170665879953913,
        0.9942766934122688,
        1.021516280081177,
        1.0214463742516289,
        1.0020341254845335,
        1.0368436673026726,
        1.0124458249586525,
        1.0320346867777297,
        0.9936927885817386,
        1.033904753351334,
        0.9866693289637277,
        0.9324823808612697,
        0.9920115731885335,
        1.005539229897568
    ],