{
    "time": "2022-09-11-21-39-25",
    "generations": 200,
    "fitness history": [
        8.3,
        9.6,
        8.466666666666667,
        22.19333333333333,
        33.82666666666667,
        28.8,
        8.32,
        11.686666666666667,
        276.22,
        8.28,
        8.306666666666667,
        8.226666666666667,
        9.106666666666667,
        343.1066666666667,
        7.966666666666667,
        8.253333333333334,
        40.78666666666667,
        40.82,
        7.786666666666667,
        201.68,
        8.913333333333334,
        490.02666666666664,
        8.633333333333333,
        132.83333333333334,
        157.08666666666667,
        470.74,
        8.5,
        8.353333333333333,
        27.64666666666667,
        17.0,
        14.133333333333333,
        8.36,
        208.40666666666667,
        48.61333333333334,
        29.173333333333332,
        8.26,
        18.413333333333334,
        8.386666666666667,
        8.333333333333334,
        17.386666666666667,
        8.313333333333333,
        8.36,
        26.086666666666666,
        8.433333333333334,
        11.993333333333334,
        8.34,
        97.64,
        8.88,
        30.386666666666667,
        13.713333333333333,
        8.32,
        8.56,
        100.98666666666666,
        10.98,
        74.10666666666667,
        8.366666666666667,
        8.466666666666667,
        8.426666666666666,
        8.346666666666666,
        8.48,
        8.64,
        38.86666666666667,
        8.326666666666666,
        8.386666666666667,
        8.34,
        8.306666666666667,
        8.366666666666667,
        19.213333333333335,
        8.313333333333333,
        27.746666666666666,
        12.893333333333333,
        8.373333333333333,
        42.36,
        8.32,
        34.6,
        8.306666666666667,
        8.393333333333333,
        8.44,
        89.0,
        8.313333333333333,
        8.413333333333334,
        9.113333333333333,
        14.206666666666667,
        8.346666666666666,
        9.393333333333333,
        8.386666666666667,
        8.846666666666666,
        8.386666666666667,
        13.973333333333333,
        8.206666666666667,
        8.233333333333333,
        87.61333333333333,
        8.32,
        8.36,
        8.426666666666666,
        8.846666666666666,
        8.293333333333333,
        15.566666666666666,
        8.433333333333334,
        37.24,
        8.353333333333333,
        8.426666666666666,
        8.38,
        8.273333333333333,
        10.426666666666666,
        8.453333333333333,
        8.32,
        8.286666666666667,
        8.34,
        9.76,
        8.406666666666666,
        8.18,
        8.413333333333334,
        8.313333333333333,
        43.61333333333334,
        8.393333333333333,
        23.226666666666667,
        8.246666666666666,
        8.34,
        41.98,
        8.28,
        8.36,
        8.4,
        9.026666666666667,
        8.62,
        8.433333333333334,
        8.206666666666667,
        8.3,
        8.353333333333333,
        8.34,
        31.026666666666667,
        11.32,
        8.273333333333333,
        8.306666666666667,
        8.293333333333333,
        8.353333333333333,
        8.473333333333333,
        9.706666666666667,
        8.333333333333334,
        9.866666666666667,
        8.373333333333333,
        8.373333333333333,
        8.293333333333333,
        12.273333333333333,
        8.293333333333333,
        9.586666666666666,
        22.04,
        42.44,
        8.346666666666666,
        15.82,
        8.413333333333334,
        8.513333333333334,
        8.46,
        8.286666666666667,
        8.293333333333333,
        8.533333333333333,
        8.013333333333334,
        8.306666666666667,
        10.533333333333333,
        8.353333333333333,
        14.993333333333334,
        34.64666666666667,
        8.413333333333334,
        8.36,
        8.42,
        13.64,
        8.666666666666666,
        8.32,
        8.36,
        8.293333333333333,
        8.36,
        51.406666666666666,
        45.21333333333333,
        8.406666666666666,
        126.78666666666666,
        8.413333333333334,
        18.30666666666667,
        8.326666666666666,
        8.426666666666666,
        30.086666666666666,
        8.08,
        8.366666666666667,
        8.36,
        8.246666666666666,
        8.473333333333333,
        8.273333333333333,
        8.426666666666666,
        8.333333333333334,
        8.333333333333334,
        8.246666666666666,
        8.333333333333334,
        8.4,
        8.386666666666667,
        13.946666666666667,
        8.38,
        36.82666666666667,
        8.346666666666666,
        14.466666666666667,
        8.26,
        8.366666666666667
    ],
    "best fitness history": [
        10,
        164,
        31,
        499,
        239,
        45,
        10,
        55,
        499,
        10,
        10,
        10,
        51,
        499,
        9,
        10,
        63,
        61,
        9,
        458,
        10,
        499,
        18,
        499,
        234,
        499,
        10,
        10,
        142,
        58,
        91,
        10,
        499,
        242,
        82,
        10,
        119,
        10,
        10,
        160,
        10,
        10,
        74,
        10,
        44,
        10,
        178,
        34,
        94,
        26,
        10,
        10,
        188,
        27,
        115,
        10,
        10,
        10,
        10,
        10,
        20,
        101,
        10,
        10,
        10,
        10,
        10,
        70,
        10,
        74,
        25,
        10,
        145,
        10,
        436,
        10,
        10,
        10,
        323,
        10,
        10,
        97,
        19,
        10,
        18,
        10,
        11,
        10,
        19,
        10,
        10,
        205,
        10,
        10,
        10,
        12,
        10,
        26,
        10,
        117,
        10,
        10,
        10,
        10,
        13,
        10,
        10,
        10,
        10,
        16,
        10,
        9,
        10,
        10,
        255,
        10,
        104,
        10,
        10,
        107,
        10,
        10,
        10,
        11,
        12,
        10,
        10,
        10,
        10,
        10,
        51,
        14,
        10,
        10,
        10,
        10,
        10,
        13,
        10,
        13,
        10,
        10,
        10,
        17,
        10,
        13,
        28,
        139,
        10,
        20,
        10,
        10,
        10,
        10,
        10,
        10,
        9,
        10,
        13,
        10,
        28,
        77,
        10,
        10,
        10,
        18,
        10,
        10,
        10,
        10,
        10,
        130,
        141,
        10,
        278,
        10,
        47,
        10,
        10,
        43,
        10,
        10,
        10,
        10,
        10,
        10,
        10,
        10,
        10,
        10,
        10,
        10,
        10,
        19,
        10,
        94,
        10,
        20,
        10,
        10
    ],