{
    "time": "2022-09-12-10-44-11",
    "generations": 200,
    "fitness history": [
        8.36,
        8.486666666666666,
        8.366666666666667,
        8.293333333333333,
        10.726666666666667,
        8.933333333333334,
        22.12,
        24.573333333333334,
        19.7,
        16.366666666666667,
        19.086666666666666,
        22.753333333333334,
        19.093333333333334,
        19.466666666666665,
        19.053333333333335,
        21.24,
        19.326666666666668,
        21.113333333333333,
        21.326666666666668,
        21.84,
        22.253333333333334,
        21.173333333333332,
        19.893333333333334,
        20.92,
        21.6,
        20.966666666666665,
        18.546666666666667,
        20.813333333333333,
        21.8,
        21.36,
        21.24,
        22.14666666666667,
        21.12,
        22.69333333333333,
        21.926666666666666,
        21.626666666666665,
        19.68,
        21.326666666666668,
        21.966666666666665,
        20.933333333333334,
        20.666666666666668,
        20.373333333333335,
        21.493333333333332,
        21.2,
        22.56,
        21.80666666666667,
        20.6,
        21.166666666666668,
        21.24,
        22.04,
        21.14,
        20.466666666666665,
        20.933333333333334,
        20.373333333333335,
        23.2,
        20.873333333333335,
        21.34,
        20.293333333333333,
        21.793333333333333,
        20.866666666666667,
        21.966666666666665,
        21.4,
        21.266666666666666,
        22.96,
        23.106666666666666,
        22.493333333333332,
        24.333333333333332,
        22.386666666666667,
        19.573333333333334,
        22.44,
        21.85333333333333,
        20.88,
        22.946666666666665,
        21.173333333333332,
        21.94,
        21.893333333333334,
        23.133333333333333,
        18.986666666666668,
        22.273333333333333,
        23.386666666666667,
        23.753333333333334,
        22.993333333333332,
        21.833333333333332,
        22.953333333333333,
        22.473333333333333,
        19.8,
        22.18,
        21.093333333333334,
        20.626666666666665,
        21.873333333333335,
        21.8,
        21.82,
        22.4,
        23.74,
        21.226666666666667,
        20.106666666666666,
        21.406666666666666,
        21.286666666666665,
        22.046666666666667,
        19.6,
        20.98,
        22.1,
        19.086666666666666,
        20.113333333333333,
        22.573333333333334,
        26.1,
        29.886666666666667,
        30.19333333333333,
        22.966666666666665,
        20.80666666666667,
        23.286666666666665,
        23.506666666666668,
        21.966666666666665,
        22.626666666666665,
        20.473333333333333,
        21.573333333333334,
        22.786666666666665,
        22.953333333333333,
        20.66,
        21.326666666666668,
        21.813333333333333,
        23.186666666666667,
        22.546666666666667,
        21.493333333333332,
        24.54,
        23.066666666666666,
        23.246666666666666,
        25.35333333333333,
        25.886666666666667,
        27.72,
        34.3,
        47.6,
        49.36,
        56.873333333333335,
        69.05333333333333,
        89.66666666666667,
        88.65333333333334,
        92.34,
        96.78,
        108.25333333333333,
        99.14666666666666,
        117.08,
        108.89333333333333,
        111.71333333333334,
        130.07333333333332,
        115.44666666666667,
        126.08666666666667,
        119.63333333333334,
        112.52,
        128.61333333333334,
        132.69333333333333,
        129.68,
        123.45333333333333,
        132.92666666666668,
        122.55333333333333,
        135.14666666666668,
        129.80666666666667,
        124.74,
        123.48666666666666,
        133.40666666666667,
        131.04,
        125.28666666666666,
        127.30666666666667,
        127.22666666666667,
        128.92666666666668,
        137.69333333333333,
        136.8,
        135.31333333333333,
        133.86,
        131.86,
        127.36666666666666,
        140.49333333333334,
        131.86,
        141.78,
        129.34666666666666,
        135.84,
        139.1,
        134.20666666666668,
        132.85333333333332,
        142.67333333333335,
        142.12,
        135.1,
        136.92666666666668,
        142.94666666666666,
        137.45333333333335,
        145.28666666666666,
        149.40666666666667,
        132.02666666666667,
        143.63333333333333,
        139.21333333333334,
        141.38,
        132.55333333333334,
        133.5,
        134.72,
        141.24,
        131.72,
        136.92666666666668,
        136.85333333333332,
        132.57333333333332,
        132.88
    ],
    "best fitness history": [
        10,
        33,
        10,
        10,
        84,
        56,
        91,
        88,
        80,
        122,
        82,
        87,
        50,
        63,
        62,
        309,
        61,
        63,
        56,
        61,
        63,
        57,
        62,
        54,
        60,
        63,
        44,
        55,
        58,
        65,
        72,
        59,
        58,
        65,
        59,
        59,
        49,
        64,
        65,
        64,
        60,
        52,
        55,
        62,
        63,
        65,
        57,
        64,
        65,
        62,
        58,
        52,
        55,
        62,
        68,
        68,
        71,
        83,
        65,
        66,
        64,
        55,
        59,
        70,
        72,
        63,
        84,
        59,
        53,
        71,
        66,
        59,
        69,
        54,
        60,
        72,
        64,
        62,
        68,
        63,
        56,
        59,
        72,
        71,
        60,
        72,
        65,
        65,
        54,
        55,
        57,
        61,
        84,
        61,
        62,
        52,
        59,
        58,
        71,
        58,
        62,
        55,
        62,
        59,
        191,
        218,
        479,
        499,
        149,
        61,
        59,
        156,
        63,
        67,
        57,
        68,
        99,
        77,
        56,
        129,
        120,
        161,
        97,
        117,
        125,
        140,
        155,
        143,
        237,
        233,
        269,
        282,
        249,
        277,
        321,
        335,
        276,
        338,
        400,
        279,
        365,
        325,
        296,
        293,
        499,
        349,
        407,
        302,
        267,
        300,
        320,
        282,
        319,
        289,
        275,
        304,
        292,
        296,
        304,
        287,
        282,
        276,
        287,
        297,
        303,
        326,
        279,
        333,
        286,
        300,
        302,
        312,
        296,
        325,
        281,
        288,
        299,
        296,
        308,
        313,
        306,
        307,
        293,
        352,
        298,
        300,
        333,
        308,
        323,
        282,
        308,
        268,
        439,
        396,
        449,
        358,
        297,
        293,
        296,
        287
    ],