{
    "time": "2022-09-10-04-30-47",
    "generations": 200,
    "fitness history": [
        8.406666666666666,
        8.42,
        8.42,
        8.333333333333334,
        8.32,
        8.3,
        8.346666666666666,
        8.4,
        8.306666666666667,
        8.346666666666666,
        8.386666666666667,
        8.32,
        8.413333333333334,
        9.286666666666667,
        19.326666666666668,
        8.386666666666667,
        8.313333333333333,
        109.32,
        196.64666666666668,
        8.36,
        8.346666666666666,
        200.35333333333332,
        194.38,
        8.22,
        195.77333333333334,
        8.293333333333333,
        8.32,
        198.95333333333335,
        8.333333333333334,
        8.22,
        8.326666666666666,
        8.413333333333334,
        203.16666666666666,
        8.24,
        199.38,
        8.146666666666667,
        8.353333333333333,
        8.34,
        192.7,
        8.333333333333334,
        8.22,
        200.99333333333334,
        8.213333333333333,
        8.266666666666667,
        197.97333333333333,
        199.64,
        8.286666666666667,
        8.24,
        203.16666666666666,
        8.253333333333334,
        200.72,
        8.246666666666666,
        199.03333333333333,
        8.246666666666666,
        8.3,
        8.226666666666667,
        193.27333333333334,
        8.373333333333333,
        203.42,
        13.0,
        198.94666666666666,
        8.306666666666667,
        8.2,
        192.02666666666667,
        8.406666666666666,
        8.326666666666666,
        8.2,
        67.97333333333333,
        8.413333333333334,
        8.34,
        196.69333333333333,
        8.286666666666667,
        8.513333333333334,
        9.76,
        14.68,
        192.72666666666666,
        38.11333333333334,
        189.26666666666668,
        8.24,
        8.24,
        8.606666666666667,
        8.44,
        8.32,
        160.78,
        8.22,
        8.286666666666667,
        8.333333333333334,
        46.13333333333333,
        195.56666666666666,
        8.266666666666667,
        75.46,
        8.166666666666666,
        196.31333333333333,
        8.373333333333333,
        44.63333333333333,
        8.26,
        8.24,
        8.2,
        21.593333333333334,
        171.10666666666665,
        8.26,
        66.32,
        195.99333333333334,
        8.266666666666667,
        11.486666666666666,
        8.333333333333334,
        8.3,
        8.193333333333333,
        200.02666666666667,
        8.393333333333333,
        8.22,
        8.333333333333334,
        8.466666666666667,
        8.293333333333333,
        109.54666666666667,
        8.34,
        8.366666666666667,
        95.98666666666666,
        8.313333333333333,
        8.393333333333333,
        141.48666666666668,
        189.22,
        8.253333333333334,
        8.286666666666667,
        198.96666666666667,
        8.18,
        8.42,
        8.253333333333334,
        8.233333333333333,
        177.81333333333333,
        8.426666666666666,
        8.293333333333333,
        31.106666666666666,
        193.88,
        52.53333333333333,
        9.406666666666666,
        8.273333333333333,
        197.83333333333334,
        29.373333333333335,
        8.373333333333333,
        8.333333333333334,
        194.63333333333333,
        38.4,
        142.59333333333333,
        8.346666666666666,
        93.24666666666667,
        8.28,
        8.253333333333334,
        9.706666666666667,
        8.373333333333333,
        8.4,
        8.366666666666667,
        201.99333333333334,
        8.3,
        190.08666666666667,
        8.213333333333333,
        24.153333333333332,
        197.00666666666666,
        36.45333333333333,
        10.48,
        8.246666666666666,
        203.17333333333335,
        194.50666666666666,
        167.59333333333333,
        200.16,
        8.286666666666667,
        8.353333333333333,
        8.346666666666666,
        8.36,
        8.433333333333334,
        8.34,
        8.413333333333334,
        183.64666666666668,
        117.5,
        8.313333333333333,
        8.293333333333333,
        86.5,
        26.013333333333332,
        8.346666666666666,
        9.886666666666667,
        8.32,
        8.22,
        10.5,
        9.033333333333333,
        8.28,
        8.42,
        8.326666666666666,
        8.36,
        8.233333333333333,
        8.306666666666667,
        8.393333333333333,
        8.28,
        8.306666666666667,
        47.21333333333333,
        8.34,
        8.346666666666666,
        8.226666666666667,
        8.346666666666666,
        8.42,
        8.253333333333334
    ],
    "best fitness history": [
        10,
        10,
        10,
        10,
        10,
        10,
        10,
        10,
        10,
        10,
        10,
        10,
        10,
        154,
        277,
        10,
        10,
        314,
        313,
        10,
        10,
        317,
        293,
        9,
        286,
        10,
        10,
        362,
        10,
        9,
        10,
        10,
        290,
        9,
        276,
        10,
        9,
        10,
        290,
        10,
        10,
        309,
        9,
        9,
        279,
        328,
        10,
        9,
        302,
        9,
        353,
        10,
        307,
        9,
        28,
        9,
        292,
        10,
        320,
        29,
        338,
        10,
        9,
        341,
        10,
        10,
        9,
        128,
        10,
        10,
        326,
        10,
        10,
        12,
        19,
        296,
        52,
        379,
        9,
        9,
        10,
        10,
        9,
        287,
        9,
        9,
        10,
        69,
        367,
        10,
        166,
        9,
        289,
        10,
        65,
        10,
        9,
        10,
        29,
        297,
        10,
        120,
        312,
        10,
        15,
        10,
        10,
        9,
        296,
        10,
        10,
        10,
        10,
        10,
        308,
        10,
        10,
        159,
        10,
        10,
        238,
        450,
        9,
        10,
        349,
        10,
        10,
        10,
        10,
        367,
        10,
        10,
        42,
        300,
        94,
        11,
        10,
        321,
        37,
        10,
        10,
        295,
        91,
        235,
        10,
        225,
        10,
        9,
        12,
        10,
        10,
        10,
        370,
        10,
        359,
        9,
        33,
        357,
        51,
        13,
        10,
        318,
        281,
        319,
        309,
        10,
        10,
        10,
        10,
        10,
        10,
        10,
        344,
        258,
        10,
        10,
        261,
        35,
        10,
        12,
        10,
        10,
        13,
        11,
        10,
        10,
        10,
        10,
        10,
        10,
        10,
        10,
        10,
        112,
        10,
        10,
        9,
        10,
        10,
        10
    ],