{
    "time": "2022-09-10-08-42-05",
    "generations": 200,
    "fitness history": [
        8.353333333333333,
        8.306666666666667,
        8.28,
        8.34,
        8.38,
        8.393333333333333,
        8.36,
        8.386666666666667,
        8.433333333333334,
        8.393333333333333,
        8.46,
        8.34,
        8.306666666666667,
        8.346666666666666,
        8.413333333333334,
        8.326666666666666,
        8.326666666666666,
        8.386666666666667,
        8.36,
        8.34,
        8.346666666666666,
        8.333333333333334,
        8.273333333333333,
        9.306666666666667,
        17.706666666666667,
        50.593333333333334,
        143.82,
        8.38,
        8.42,
        196.72,
        8.153333333333334,
        201.44666666666666,
        8.206666666666667,
        8.36,
        8.16,
        186.39333333333335,
        199.5,
        198.33333333333334,
        8.18,
        8.54,
        8.906666666666666,
        8.186666666666667,
        8.353333333333333,
        8.273333333333333,
        8.373333333333333,
        46.38666666666666,
        9.92,
        34.906666666666666,
        8.306666666666667,
        230.76,
        8.24,
        387.97333333333336,
        8.446666666666667,
        8.213333333333333,
        8.38,
        8.306666666666667,
        194.54,
        8.286666666666667,
        43.43333333333333,
        8.26,
        8.26,
        8.193333333333333,
        36.5,
        8.366666666666667,
        8.24,
        8.446666666666667,
        8.413333333333334,
        8.333333333333334,
        8.386666666666667,
        8.36,
        206.44666666666666,
        8.346666666666666,
        8.266666666666667,
        88.94666666666667,
        69.62,
        8.326666666666666,
        8.24,
        8.266666666666667,
        8.26,
        8.366666666666667,
        43.153333333333336,
        8.4,
        8.313333333333333,
        8.273333333333333,
        8.3,
        8.32,
        8.353333333333333,
        8.353333333333333,
        8.3,
        464.44666666666666,
        63.913333333333334,
        35.053333333333335,
        196.94666666666666,
        8.326666666666666,
        8.226666666666667,
        8.326666666666666,
        342.5933333333333,
        8.233333333333333,
        35.92,
        137.34,
        109.81333333333333,
        8.46,
        8.326666666666666,
        42.42666666666667,
        8.206666666666667,
        198.01333333333332,
        28.4,
        8.453333333333333,
        8.366666666666667,
        8.293333333333333,
        8.36,
        41.14666666666667,
        26.726666666666667,
        8.366666666666667,
        13.12,
        8.36,
        8.306666666666667,
        8.273333333333333,
        8.426666666666666,
        8.406666666666666,
        8.32,
        8.426666666666666,
        101.52666666666667,
        8.326666666666666,
        8.28,
        13.613333333333333,
        8.386666666666667,
        39.666666666666664,
        8.393333333333333,
        8.246666666666666,
        8.333333333333334,
        8.446666666666667,
        8.36,
        8.373333333333333,
        23.466666666666665,
        40.58,
        81.92,
        39.82666666666667,
        14.68,
        8.366666666666667,
        46.28666666666667,
        8.406666666666666,
        8.526666666666667,
        8.36,
        240.75333333333333,
        40.693333333333335,
        8.34,
        118.01333333333334,
        8.193333333333333,
        51.44,
        37.053333333333335,
        43.026666666666664,
        8.38,
        8.506666666666666,
        13.22,
        27.673333333333332,
        8.386666666666667,
        313.3,
        8.42,
        38.266666666666666,
        8.873333333333333,
        187.78666666666666,
        8.38,
        39.36,
        15.26,
        8.26,
        54.44,
        8.426666666666666,
        8.36,
        162.66,
        8.3,
        8.36,
        8.253333333333334,
        8.393333333333333,
        42.78666666666667,
        8.4,
        8.406666666666666,
        50.913333333333334,
        8.426666666666666,
        8.38,
        8.173333333333334,
        8.346666666666666,
        84.47333333333333,
        8.333333333333334,
        8.306666666666667,
        8.44,
        46.13333333333333,
        8.24,
        38.12,
        8.246666666666666,
        8.34,
        8.293333333333333,
        8.42,
        9.906666666666666,
        8.46,
        8.446666666666667,
        8.38,
        11.186666666666667,
        8.48,
        61.2
    ],
    "best fitness history": [
        10,
        10,
        10,
        10,
        10,
        10,
        10,
        10,
        10,
        10,
        10,
        10,
        10,
        10,
        10,
        10,
        10,
        10,
        10,
        10,
        10,
        10,
        10,
        153,
        266,
        282,
        292,
        10,
        10,
        310,
        9,
        281,
        9,
        10,
        9,
        324,
        294,
        303,
        10,
        21,
        39,
        10,
        10,
        9,
        10,
        226,
        235,
        88,
        10,
        380,
        10,
        499,
        10,
        9,
        10,
        9,
        291,
        10,
        151,
        10,
        9,
        10,
        185,
        10,
        9,
        10,
        10,
        10,
        10,
        10,
        295,
        10,
        9,
        160,
        180,
        10,
        10,
        10,
        10,
        10,
        108,
        10,
        10,
        10,
        10,
        11,
        10,
        9,
        10,
        499,
        221,
        91,
        309,
        9,
        10,
        9,
        499,
        9,
        121,
        478,
        173,
        10,
        10,
        197,
        9,
        353,
        209,
        36,
        10,
        10,
        10,
        114,
        58,
        10,
        19,
        10,
        10,
        10,
        10,
        10,
        10,
        10,
        160,
        10,
        10,
        43,
        10,
        107,
        10,
        10,
        10,
        10,
        10,
        10,
        69,
        97,
        143,
        178,
        40,
        10,
        220,
        10,
        10,
        10,
        499,
        111,
        10,
        218,
        9,
        181,
        103,
        127,
        10,
        12,
        20,
        36,
        10,
        495,
        10,
        62,
        11,
        429,
        10,
        147,
        20,
        10,
        165,
        10,
        10,
        266,
        10,
        10,
        10,
        10,
        106,
        10,
        10,
        155,
        10,
        10,
        10,
        10,
        138,
        10,
        10,
        10,
        125,
        9,
        67,
        10,
        10,
        10,
        10,
        23,
        10,
        12,
        10,
        45,
        10,
        195
    ],