{
    "time": "2022-09-12-10-27-43",
    "generations": 200,
    "fitness history": [
        8.386666666666667,
        8.3,
        10.686666666666667,
        9.893333333333333,
        13.12,
        115.01333333333334,
        110.57333333333334,
        109.09333333333333,
        81.75333333333333,
        85.40666666666667,
        90.46,
        85.74666666666667,
        78.37333333333333,
        80.4,
        87.87333333333333,
        102.18666666666667,
        104.12666666666667,
        119.38,
        117.04666666666667,
        122.70666666666666,
        124.01333333333334,
        131.83333333333334,
        127.47333333333333,
        137.40666666666667,
        129.20666666666668,
        138.47333333333333,
        140.56666666666666,
        129.74666666666667,
        130.33333333333334,
        135.14,
        127.92666666666666,
        132.29333333333332,
        133.18666666666667,
        140.36,
        143.11333333333334,
        121.61333333333333,
        132.92666666666668,
        125.76,
        131.85333333333332,
        123.25333333333333,
        128.58,
        128.80666666666667,
        132.88,
        138.44666666666666,
        135.42,
        135.28,
        136.26666666666668,
        131.9,
        131.6,
        126.59333333333333,
        136.95333333333335,
        131.66,
        132.03333333333333,
        134.01333333333332,
        133.72666666666666,
        138.66666666666666,
        133.67333333333335,
        137.9,
        141.06,
        133.33333333333334,
        137.56666666666666,
        138.36666666666667,
        129.70666666666668,
        140.7,
        135.54,
        134.06,
        134.84666666666666,
        132.29333333333332,
        129.28666666666666,
        135.54,
        130.96666666666667,
        130.29333333333332,
        142.23333333333332,
        136.01333333333332,
        132.06,
        133.04666666666665,
        135.07333333333332,
        143.72666666666666,
        135.81333333333333,
        136.30666666666667,
        140.12,
        138.78666666666666,
        137.92,
        135.02,
        149.96666666666667,
        142.78666666666666,
        141.94666666666666,
        144.52666666666667,
        152.66666666666666,
        141.04666666666665,
        135.18666666666667,
        141.83333333333334,
        133.2,
        133.98,
        137.6,
        140.88,
        142.38,
        141.08666666666667,
        138.35333333333332,
        139.49333333333334,
        138.78666666666666,
        135.67333333333335,
        140.24,
        129.50666666666666,
        130.44666666666666,
        137.1,
        142.47333333333333,
        133.67333333333335,
        131.87333333333333,
        140.15333333333334,
        133.94,
        128.46666666666667,
        130.18666666666667,
        136.96666666666667,
        136.56666666666666,
        142.99333333333334,
        135.46666666666667,
        138.04,
        135.12666666666667,
        129.30666666666667,
        128.4,
        131.83333333333334,
        141.18,
        137.54,
        144.95333333333335,
        135.44,
        127.12,
        143.22666666666666,
        149.12666666666667,
        141.79333333333332,
        139.24,
        132.87333333333333,
        139.09333333333333,
        154.6,
        145.65333333333334,
        130.76,
        134.0,
        141.53333333333333,
        133.73333333333332,
        133.87333333333333,
        132.42666666666668,
        139.28,
        131.09333333333333,
        127.96666666666667,
        139.35333333333332,
        138.17333333333335,
        133.38,
        133.92,
        133.55333333333334,
        132.72,
        135.15333333333334,
        146.56,
        142.1,
        144.31333333333333,
        140.68666666666667,
        132.44,
        134.85333333333332,
        130.80666666666667,
        137.03333333333333,
        143.78666666666666,
        142.12666666666667,
        134.28666666666666,
        137.25333333333333,
        145.59333333333333,
        139.59333333333333,
        149.79333333333332,
        138.25333333333333,
        134.71333333333334,
        135.29333333333332,
        136.86,
        144.02666666666667,
        137.7,
        130.46666666666667,
        133.42666666666668,
        134.15333333333334,
        137.42666666666668,
        141.58666666666667,
        137.45333333333335,
        137.41333333333333,
        134.72,
        143.42666666666668,
        148.78666666666666,
        146.68666666666667,
        139.93333333333334,
        140.48,
        141.04,
        135.83333333333334,
        140.6,
        140.29333333333332,
        129.33333333333334,
        131.52,
        146.16,
        140.06666666666666,
        146.46666666666667,
        151.58666666666667,
        129.58666666666667,
        144.84666666666666,
        133.02666666666667,
        133.52,
        141.9
    ],
    "best fitness history": [
        10,
        10,
        229,
        162,
        241,
        282,
        300,
        499,
        499,
        499,
        293,
        261,
        286,
        281,
        295,
        322,
        325,
        293,
        315,
        305,
        274,
        338,
        317,
        312,
        323,
        303,
        285,
        301,
        309,
        303,
        287,
        279,
        299,
        334,
        300,
        281,
        282,
        285,
        264,
        287,
        277,
        302,
        300,
        342,
        294,
        301,
        288,
        286,
        281,
        305,
        292,
        294,
        280,
        316,
        284,
        287,
        346,
        326,
        279,
        304,
        306,
        340,
        301,
        304,
        277,
        291,
        310,
        274,
        309,
        292,
        320,
        299,
        285,
        346,
        292,
        339,
        283,
        334,
        268,
        282,
        294,
        296,
        321,
        302,
        292,
        273,
        289,
        318,
        317,
        280,
        313,
        302,
        291,
        310,
        407,
        296,
        302,
        283,
        283,
        288,
        318,
        275,
        282,
        323,
        309,
        310,
        307,
        293,
        303,
        285,
        306,
        307,
        282,
        274,
        289,
        280,
        290,
        311,
        290,
        306,
        270,
        305,
        283,
        300,
        312,
        284,
        298,
        316,
        309,
        349,
        301,
        309,
        295,
        293,
        328,
        306,
        347,
        319,
        325,
        319,
        323,
        278,
        284,
        330,
        328,
        294,
        282,
        318,
        319,
        308,
        310,
        325,
        306,
        321,
        304,
        297,
        297,
        293,
        307,
        300,
        288,
        292,
        312,
        337,
        294,
        319,
        291,
        300,
        272,
        329,
        302,
        298,
        316,
        275,
        319,
        284,
        303,
        299,
        292,
        308,
        305,
        301,
        283,
        299,
        292,
        341,
        285,
        274,
        303,
        295,
        290,
        324,
        299,
        303,
        304,
        304,
        318,
        310,
        281,
        296
    ],