{
    "time": "2022-10-06-16-06-30",
    "generations": 200,
    "fitness history": [
        0.14284976303694102,
        0.12020314251923074,
        0.13997420903140662,
        0.15398151127238205,
        0.12664440311421624,
        0.12136667862786626,
        0.10852673402588384,
        0.08548216410535688,
        0.11679719054150167,
        0.12775143272645756,
        0.12354626770070905,
        0.12304847011423453,
        0.12300318202906847,
        0.1224873638003157,
        0.10200797778264585,
        0.12353560362401991,
        0.0975861072127905,
        0.14656518904961804,
        0.2407768417213737,
        0.24961951660005144,
        0.24253533081800643,
        0.19466850798424098,
        0.2496626621129879,
        0.18064462930567443,
        0.24795735122113471,
        0.2552065792533731,
        0.2594169477591658,
        0.2739026497284899,
        0.2566068225315014,
        0.25672880268477266,
        0.2525078068550107,
        0.2679888635200385,
        0.18012110509727122,
        0.26025819380211124,
        0.22267925932933344,
        0.23851223415005088,
        0.2014588394150329,
        0.2587846930036004,
        0.2257821618456317,
        0.24074551394891952,
        0.23919469804249138,
        0.23501349071327696,
        0.24316499401733702,
        0.2156432311379551,
        0.23655548215822503,
        0.22274224563954714,
        0.25379553050939846,
        0.21880971766547697,
        0.279806128029089,
        0.2449940754421097,
        0.2287311220392674,
        0.20616205574141752,
        0.2642611326624926,
        0.2405625966580926,
        0.24601193691702353,
        0.2305646874361312,
        0.2353365613680848,
        0.2304165665317986,
        0.21653581685285117,
        0.2589754464567392,
        0.23754467909591295,
        0.22552051829903022,
        0.21573148221504362,
        0.2446080289821268,
        0.23904889552756234,
        0.2579661157586124,
        0.25295975736997667,
        0.25682197119100886,
        0.21262890835279638,
        0.27494940721341293,
        0.23399450189914314,
        0.1959520928118203,
        0.23721116587597957,
        0.2385032055865282,
        0.21440341451682524,
        0.2174635787286374,
        0.2514377118535028,
        0.2615769062623076,
        0.2600963318961687,
        0.20816182062323954,
        0.23405775194665643,
        0.2776479745193404,
        0.264167946651429,
        0.23503987029538834,
        0.21203714803667803,
        0.23120275961066505,
        0.2473311750238203,
        0.25482319604207726,
        0.22347184564396286,
        0.23732933417124702,
        0.2158516933902683,
        0.22130400106248183,
        0.2723535906787594,
        0.2517517934701923,
        0.22269243267025793,
        0.24633029269326912,
        0.2150573823144155,
        0.21676637993551398,
        0.27731098516654434,
        0.26032805487113636,
        0.2190043081895849,
        0.26051482151122124,
        0.25998350888198135,
        0.24079331666877846,
        0.27201607763971025,
        0.2432193616781331,
        0.24916750761600912,
        0.220650865488815,
        0.22232104438741865,
        0.1999061707482664,
        0.22179642691124812,
        0.24549640739805034,
        0.20673125948369794,
        0.21845066437225025,
        0.22557615368905348,
        0.21309981623030663,
        0.2333662488648228,
        0.24559231224651054,
        0.23166355633400035,
        0.2069746779067366,
        0.20770082307582075,
        0.1948094859168641,
        0.20819172723859322,
        0.21002178150222517,
        0.2227284155929187,
        0.24178026577581982,
        0.21758929668566615,
        0.2638370608447201,
        0.2283554960958355,
        0.2593335379189464,
        0.2176728397776178,
        0.22611325543610833,
        0.24665327197268216,
        0.2336214628692591,
        0.25391632949969367,
        0.21539237071925463,
        0.22700227987023772,
        0.26928982747321956,
        0.23345545767969134,
        0.2650592375100882,
        0.27732749359741193,
        0.25055061453568706,
        0.23400817865994214,
        0.2396879792149355,
        0.20035982888127132,
        0.2342158821197694,
        0.2676256464838621,
        0.24564170570957025,
        0.2551790551306976,
        0.22507694958230548,
        0.21387802773883582,
        0.23387008868649567,
        0.25462539590520505,
        0.21203351264355194,
        0.21187280757313431,
        0.26462320181565063,
        0.23463081670224972,
        0.26416315676160684,
        0.24268010722062616,
        0.22257513151916605,
        0.22945132726184814,
        0.22144805993185662,
        0.24542266064156004,
        0.21949289639655814,
        0.24244389061939994,
        0.22288169520818774,
        0.24152236552976475,
        0.2188167255186916,
        0.20716279865065648,
        0.2338204463562475,
        0.2382569446197113,
        0.25039821052180256,
        0.2122698190968388,
        0.21255824715209973,
        0.20917734386500111,
        0.25124515909073525,
        0.26726282576537835,
        0.21446327219912187,
        0.19638088019058855,
        0.2032327971776875,
        0.2569506970320502,
        0.22879134187542985,
        0.21815736633552674,
        0.2199555170361859,
        0.24111538555513537,
        0.2296022700308578,
        0.23751825536628843,
        0.24388092387750276,
        0.2618535086851337,
        0.22714211347980873,
        0.23005926855498704,
        0.2925388907584811,
        0.22854256896852043,
        0.2151022398241345,
        0.215541486637387,
        0.23995088232200282,
        0.26376900838036993,
        0.24043895760586487,
        0.22623466792977523,
        0.2450264163472392
    ],