{
    "time": "2022-10-06-12-22-58",
    "generations": 200,
    "fitness history": [
        0.15190273611219887,
        0.1108922934451762,
        0.1126552018972978,
        0.11587707415043184,
        0.11899078438488844,
        0.13530012426302165,
        0.12825331024986497,
        0.14313218617176557,
        0.12371572283067461,
        0.11337876812491107,
        0.12428634764881079,
        0.12141400464101175,
        0.13073529839302384,
        0.13781818678209584,
        0.12555943870713293,
        0.1263677602825563,
        0.12441435225210785,
        0.12061851399059945,
        0.11943660693597735,
        0.10615329807053453,
        0.13838502091451055,
        0.14759700862423852,
        0.1270278664244433,
        0.1282446532122477,
        0.12974093775769854,
        0.11170252143538562,
        0.13054012309159926,
        0.11651197585108466,
        0.1134881475332524,
        0.12733680036441788,
        0.10797957078131687,
        0.12150921942023171,
        0.12234676591393372,
        0.13540250954784044,
        0.11200124840238466,
        0.11780459762156995,
        0.13426759816314887,
        0.12261810705325057,
        0.142780775750797,
        0.13182376041687024,
        0.16738980568431383,
        0.20256421203869426,
        0.19459474695628234,
        0.33888541757415724,
        0.2569062194508129,
        0.19338174857032578,
        0.30493249547524165,
        0.23150979708555972,
        0.248299817080576,
        0.21240868429062054,
        0.23627025466278112,
        0.2658730110831939,
        0.23996153435347817,
        0.2258309880102284,
        0.2133103229625015,
        0.25393785392454565,
        0.26435395382112253,
        0.29148186308668206,
        0.2573030276433457,
        0.20045571238209692,
        0.2119961044232098,
        0.1954241493432449,
        0.2153884902863572,
        0.2446803134569616,
        0.24257483840803346,
        0.23426284614976556,
        0.21794855999332305,
        0.21626786924447233,
        0.24284896996002753,
        0.2753962702281922,
        0.21216498814553617,
        0.25596739965992876,
        0.23596886475247203,
        0.23417582735945408,
        0.2521951561309086,
        0.2617541392182227,
        0.23275456663514837,
        0.2557836047617117,
        0.21214154521963477,
        0.26089036338713,
        0.22729135998436947,
        0.21997952166351797,
        0.24898585860173608,
        0.21233951978734528,
        0.21768788634173972,
        0.24153495930996705,
        0.27741709978534534,
        0.23666948908522614,
        0.26163506474339326,
        0.2350595105090016,
        0.19689041508213884,
        0.244660513307143,
        0.25025906564322914,
        0.2791334074399096,
        0.24817431294986625,
        0.24158205354665266,
        0.2437068240464042,
        0.229773922797745,
        0.2145841194123271,
        0.24350709960053096,
        0.23642789769441674,
        0.21873865524525882,
        0.26447112083962154,
        0.2577089062666365,
        0.2152183036704818,
        0.2506036611527218,
        0.206218379416104,
        0.2119124382113654,
        0.22777019102542906,
        0.20483180607992527,
        0.23744877192429228,
        0.2704258915330385,
        0.1972325263052138,
        0.22179942727342805,
        0.24431504124149175,
        0.2500101911992902,
        0.2296758916299422,
        0.2609958015294601,
        0.22472156312790542,
        0.2259125066206045,
        0.24192164053107798,
        0.24697385249858175,
        0.2253298136035159,
        0.2552345750468838,
        0.22332370742879296,
        0.21711151964936476,
        0.22275310729021988,
        0.1838383877498997,
        0.19081936353999984,
        0.21869135718899377,
        0.2436987186876425,
        0.24612952750155007,
        0.27752194748246983,
        0.2178963338291317,
        0.23762104856248845,
        0.22120963199650168,
        0.21922731950083985,
        0.21941276513570782,
        0.2124764357518037,
        0.22374432915208026,
        0.2545722774204327,
        0.21139421172603257,
        0.19489053247826593,
        0.26043939939224214,
        0.19390340768948078,
        0.24042476212708913,
        0.2111156101206393,
        0.2179989915589157,
        0.20729202721558532,
        0.23740356553303382,
        0.2529157161903987,
        0.20990040360156687,
        0.2569513837475909,
        0.2390651119158077,
        0.24015669743593812,
        0.26743648833774786,
        0.2534446051698485,
        0.2200264627136633,
        0.2176432721548239,
        0.24024376259774066,
        0.239328865704733,
        0.24809198359152954,
        0.232619436094726,
        0.27258263287959655,
        0.20551646975949328,
        0.24413690019136425,
        0.22403120819778674,
        0.20356016243427186,
        0.2235702584773818,
        0.22629334393193062,
        0.21146165899919983,
        0.20739025174519057,
        0.24051551850526742,
        0.23987510064091452,
        0.24168992881810528,
        0.24517056022963218,
        0.1961813482055024,
        0.2719045982439704,
        0.19768825163166945,
        0.21481775496457575,
        0.2354556713042891,
        0.2294728682271331,
        0.21519662788157087,
        0.23258439309977436,
        0.22975414676185948,
        0.2130432114955118,
        0.19987785929962773,
        0.20962843387557822,
        0.21756896257746894,
        0.22887853501049818,
        0.2315673695670461,
        0.26449438895913174,
        0.22946082655091984,
        0.22211729818353781,
        0.21639097604872393,
        0.26965812986383986,
        0.2467090768818395,
        0.22441728262186803,
        0.23495276060696912,
        0.20022198210739156
    ],