{
    "time": "2022-10-06-23-53-28",
    "generations": 200,
    "fitness history": [
        0.13835698722386994,
        0.11509567869980632,
        0.13144076524757276,
        0.1585207160415637,
        0.24380597539587934,
        0.21192778960800862,
        0.2237639389369828,
        0.2519689914258568,
        0.22196480391561973,
        0.2723958823160064,
        0.18660166647335955,
        0.2589780986831156,
        0.2445602510111877,
        0.21710404593845234,
        0.23599068124737813,
        0.23997858378298947,
        0.20050294233273097,
        0.24216576674305368,
        0.25140866788324506,
        0.21023716375432588,
        0.25329737999803076,
        0.25496340272963264,
        0.26412888894204334,
        0.23398229493554812,
        0.2387041066755329,
        0.2302981274555035,
        0.2641095234249615,
        0.2221913834798649,
        0.23988599566541555,
        0.24151973301058227,
        0.2141291510574749,
        0.2276993441687299,
        0.1945415892553454,
        0.24212842954281355,
        0.25516459943577036,
        0.2506627941681813,
        0.22414214344915495,
        0.21020374770691358,
        0.20016890768655027,
        0.24783012622699135,
        0.23461567241928175,
        0.23403649951187222,
        0.26052296631403893,
        0.2408908221166397,
        0.22548110026394647,
        0.2111659133337512,
        0.24961699935900314,
        0.22594005524298358,
        0.21522974956095187,
        0.24884221175311488,
        0.22602742608292364,
        0.24403747005303064,
        0.27035208334403277,
        0.24394318511934682,
        0.21203229999905632,
        0.24302524170394435,
        0.21458651693212238,
        0.22106401342272972,
        0.1943540563012965,
        0.24848105747106997,
        0.2291245983335263,
        0.24155833360886933,
        0.24973468649498462,
        0.2103890665542168,
        0.23672083314237888,
        0.23328318755979827,
        0.23289996737083715,
        0.20848593739805832,
        0.23322969803022361,
        0.23013085600858404,
        0.2480757381968566,
        0.24777908456579312,
        0.20858258468966134,
        0.22970336941462247,
        0.20231546518211832,
        0.2767085710012182,
        0.2368324497587665,
        0.26495655893096937,
        0.28021436657888077,
        0.21935750562581835,
        0.23837916591149275,
        0.21720234818962406,
        0.24279369003711518,
        0.20367075785370767,
        0.2372673302247566,
        0.24015386862799484,
        0.1979862994589664,
        0.23933123802101502,
        0.22608136230474585,
        0.20334237786897907,
        0.23200645354678506,
        0.22249817769686278,
        0.24232105566090364,
        0.251748217787746,
        0.26170447748688025,
        0.22427950279349823,
        0.24013101254563657,
        0.26922287844017245,
        0.2420769657881311,
        0.22495555077824053,
        0.25038983747368776,
        0.2557134584528413,
        0.22173730418248364,
        0.26372533457813213,
        0.2456281017217865,
        0.23650084850633316,
        0.22160093447658602,
        0.2657591820973613,
        0.2348605437192086,
        0.24306057790329894,
        0.22800187423147136,
        0.23702249832118094,
        0.20799219689391882,
        0.21202140722632862,
        0.19811983494997254,
        0.23093047652912105,
        0.25565458254109547,
        0.22743066396093858,
        0.22717801391982564,
        0.2546395727588222,
        0.21031630670882442,
        0.25760305054151755,
        0.2410422798643811,
        0.2351741267406152,
        0.20825558762691312,
        0.25376069683011826,
        0.2096186268563432,
        0.26418938546104803,
        0.22549270367640667,
        0.2269092450106472,
        0.20971578531961735,
        0.2138546613709293,
        0.25795797291306855,
        0.22326588156863023,
        0.2215881836102802,
        0.24917861672078537,
        0.23296992587269638,
        0.2122649064806994,
        0.2171408051952455,
        0.22698012072058457,
        0.23404386426927004,
        0.2346329898213066,
        0.22058533952484807,
        0.20694317386767888,
        0.24346489090313156,
        0.23358726829005053,
        0.2352542031507968,
        0.22068275531121478,
        0.23278630969811992,
        0.24834281607848158,
        0.23860843908242058,
        0.21315099172491905,
        0.25179235727571864,
        0.2599213546382251,
        0.196031668762722,
        0.22238056996050215,
        0.21177460799037318,
        0.24941882004000795,
        0.21603083183692873,
        0.20533083652022732,
        0.22716714237893265,
        0.21774291062177437,
        0.23205605295090245,
        0.20517608315851543,
        0.2712465211100556,
        0.2532661972494047,
        0.2662209523624935,
        0.21781242769689954,
        0.22222670048518578,
        0.22185397605195156,
        0.23071525314997618,
        0.18158906821490323,
        0.2386765831203874,
        0.24894460906444638,
        0.23317565500745663,
        0.22560054650335387,
        0.25588630864756656,
        0.20894808515287888,
        0.22185193034241873,
        0.21862636334141367,
        0.23437380980901662,
        0.21857531835301355,
        0.21734335368474686,
        0.21625487813005204,
        0.261883347357232,
        0.24002731117386883,
        0.24361715798568398,
        0.25005364732474966,
        0.24434526632324904,
        0.22995960721904143,
        0.23925118466504713,
        0.1958104430650058,
        0.21043861640091602,
        0.2558882696644631,
        0.2200326634180068,
        0.24599269460755785,
        0.17945750976184344,
        0.23341090493212469,
        0.23212715771539272,
        0.22313990827088187
    ],