{
    "time": "2022-10-06-19-44-47",
    "generations": 200,
    "fitness history": [
        0.1125638042194463,
        0.10305989831007445,
        0.12775759662979588,
        0.12673494846146183,
        0.15959609414162573,
        0.13125792336319037,
        0.13328795450483044,
        0.20594739739222712,
        0.25930121770059095,
        0.19927361172441688,
        0.19091144961974194,
        0.2773820349667641,
        0.2128236334372608,
        0.2464092756078323,
        0.2932637985724209,
        0.23864029272348547,
        0.20432716718886454,
        0.2160424238190721,
        0.23071460673164385,
        0.24412337168748674,
        0.19481468447140204,
        0.2524674395796584,
        0.235916378587882,
        0.24532690290164935,
        0.2655904096639229,
        0.22976158384498307,
        0.2649621857315653,
        0.2287063943912049,
        0.2322510548630099,
        0.25442016695641295,
        0.2176781739401838,
        0.24721220356946497,
        0.24833479460073676,
        0.23530095323634626,
        0.2222945419293961,
        0.22061579128876133,
        0.23829778100454896,
        0.18064534680490454,
        0.2547149865553058,
        0.23880504985814047,
        0.2458541745241066,
        0.20156604481786658,
        0.24233372429638547,
        0.22888163452574684,
        0.3007543731140597,
        0.24107207332691222,
        0.21605078724063115,
        0.23436503710598358,
        0.24578412045946013,
        0.22067627662093142,
        0.21111858692509278,
        0.22742294146996744,
        0.2482801932565209,
        0.21051975491950203,
        0.21580865841584854,
        0.2767409039014079,
        0.27392513608368263,
        0.2042331698386972,
        0.2535768983948578,
        0.23477283357189488,
        0.26733838704343815,
        0.2654611192729138,
        0.24839895149071697,
        0.2274348109369966,
        0.23390025769481543,
        0.20647511405303018,
        0.23528613823301187,
        0.22752116413482643,
        0.24008083354793272,
        0.21113039408748235,
        0.19997042394322098,
        0.2356032709498993,
        0.2749791648215237,
        0.2526247756821197,
        0.2432639418500374,
        0.2558205349810998,
        0.20401285735733546,
        0.2338379650048092,
        0.21504398575200018,
        0.24025028840730342,
        0.1929991486178737,
        0.24281833816255247,
        0.2273783243784768,
        0.24480606203843167,
        0.2294685522776133,
        0.2250964010035775,
        0.23413047513124183,
        0.21966333534448926,
        0.25737253687674466,
        0.21870983166972735,
        0.2002807058047769,
        0.258122632369766,
        0.19298461165678318,
        0.20698207830471332,
        0.2617448082702649,
        0.2338253785235032,
        0.23913258964000345,
        0.29189623831681716,
        0.22852108171103336,
        0.22821001976176966,
        0.19301350989998395,
        0.24540994473413616,
        0.21987918430073117,
        0.24792321294584851,
        0.22897164317773303,
        0.26878707957242304,
        0.23177617606834094,
        0.22911602433369538,
        0.23129624655694583,
        0.20275596823935924,
        0.23917997121636378,
        0.23594332080934902,
        0.22538629334056337,
        0.21511789226591962,
        0.23713796730870856,
        0.2582124574394325,
        0.23500002240295004,
        0.23423157213980855,
        0.23985948980819888,
        0.22263220912339204,
        0.24016871192434303,
        0.22935545704699237,
        0.22521261929350941,
        0.25628395329271425,
        0.20692024642742582,
        0.26587298501470874,
        0.16372903055268265,
        0.2350244766992194,
        0.27055284388907,
        0.21906200538371612,
        0.23048350655304206,
        0.24990142477527338,
        0.19124507055081832,
        0.24885482194115982,
        0.24673113920444995,
        0.2410583822589296,
        0.250190891811799,
        0.24108729894641676,
        0.265457314681078,
        0.227223904051001,
        0.22629992695547138,
        0.23211566586676732,
        0.25083154268032115,
        0.25423777517336865,
        0.24907412635741305,
        0.25101723799947595,
        0.2640135974088379,
        0.2506182582453772,
        0.21383940057621395,
        0.25115688522878027,
        0.2214524180003627,
        0.27313980070231525,
        0.27090847052828965,
        0.23620972398341789,
        0.22947690519894645,
        0.2597160666106119,
        0.26907796632132575,
        0.27977787163202594,
        0.20342949895734921,
        0.2500926102554511,
        0.2506457803992339,
        0.22986061812795228,
        0.2153708330491334,
        0.27114514533203826,
        0.26001603004398066,
        0.21876446893765095,
        0.24014460012471936,
        0.21925106902234429,
        0.23698519538022966,
        0.22933922330895132,
        0.21387586978171974,
        0.23823522268630776,
        0.24616476304166898,
        0.22643161203997472,
        0.26444873176189865,
        0.237943307989951,
        0.21989900215103653,
        0.2467005719051152,
        0.24882158228125043,
        0.21851398697850932,
        0.19456236852746012,
        0.2527580913525225,
        0.24105252009266856,
        0.2589858643438618,
        0.2607218360181401,
        0.24938661006605004,
        0.21528943913871948,
        0.2292722072818608,
        0.23570040227555925,
        0.2678489940765632,
        0.2294361325472996,
        0.21419710498996117,
        0.2538692287396308,
        0.21758395314844492,
        0.2149428516147528,
        0.24461398383709518,
        0.26061932841481633,
        0.22940801980471437,
        0.25913222917667444,
        0.21971762048550134
    ],