{
    "time": "2022-10-06-11-58-02",
    "generations": 200,
    "fitness history": [
        0.11288997803767628,
        0.139022602260896,
        0.11432609568395737,
        0.10431322446727062,
        0.16388016021899213,
        0.1264493388362911,
        0.1580559396280663,
        0.15650805023255968,
        0.23596801712915624,
        0.28277903298692914,
        0.250285457189161,
        0.20220917691973028,
        0.2045434070264102,
        0.2509331194025855,
        0.2325596995321563,
        0.23206432342855055,
        0.22666365319588866,
        0.2546016606405327,
        0.2347024958211848,
        0.23029967383272634,
        0.20618040324210468,
        0.24810067643716935,
        0.20327159452140856,
        0.276746835773602,
        0.24556028643605887,
        0.23197891156846537,
        0.2653955693107058,
        0.2315599258343684,
        0.25544250486932635,
        0.21161940146089186,
        0.22780063943059115,
        0.23885737276795693,
        0.24169144547062194,
        0.22932996045027676,
        0.2134177327433969,
        0.2465879046163061,
        0.22299626216150173,
        0.18529950431055717,
        0.2174901265888674,
        0.20963586392725733,
        0.1986486716379172,
        0.20567941071949847,
        0.2432670676555445,
        0.2272965159663873,
        0.2103250300955948,
        0.21311138342376196,
        0.23800003601625289,
        0.2196721472552971,
        0.23567787304289037,
        0.2589141466821951,
        0.255087566312168,
        0.20617217011758562,
        0.24928003430485757,
        0.250677011742527,
        0.22571790336187778,
        0.22583791143681062,
        0.23663920083269377,
        0.19620662752841064,
        0.20732195540928244,
        0.23774771411021864,
        0.21143880555070146,
        0.2608295467316879,
        0.2449571300492027,
        0.2328397742677934,
        0.2418884325672305,
        0.21072156650218019,
        0.2580475565983586,
        0.22211646929829448,
        0.25789407146154486,
        0.2334967463012875,
        0.23637972817286937,
        0.23829790429674774,
        0.24280156800856734,
        0.22101187694700497,
        0.21844342183140308,
        0.2400680935635039,
        0.22442699975612818,
        0.22675611890133915,
        0.23021736462004389,
        0.2171733060488756,
        0.22849653782058504,
        0.25746085257000373,
        0.24092605853455196,
        0.19404433630928916,
        0.24230078309152933,
        0.23396171122911597,
        0.23263212720063828,
        0.20825385372997554,
        0.21938511806355124,
        0.21860368143251857,
        0.21582211452436678,
        0.2570375308724086,
        0.22467326915699143,
        0.25084313417228926,
        0.2701403702013674,
        0.26603588381310017,
        0.25624266423368036,
        0.19367990333946872,
        0.23180878909036115,
        0.2764829274424361,
        0.24220111652797344,
        0.22714456384049697,
        0.21237982762586102,
        0.22003024014726955,
        0.25528125918283145,
        0.22033946247672348,
        0.23665917927779975,
        0.224227706058916,
        0.26677248677335647,
        0.25377879570276224,
        0.22736254620579696,
        0.2644531250325365,
        0.27251928320365687,
        0.2246637782397986,
        0.22921089710055792,
        0.25158400841334727,
        0.21279810654130238,
        0.284375982381828,
        0.23789049466028656,
        0.23371538721555374,
        0.2423298533469004,
        0.2613709310247326,
        0.20888481912745197,
        0.25232850216423136,
        0.2156051555556315,
        0.26430578350999645,
        0.26132813187333204,
        0.2600272773201262,
        0.22178469039487067,
        0.20392375646401553,
        0.19169300537188716,
        0.27783367147774213,
        0.2070804646818781,
        0.26611845861343886,
        0.2499587322081832,
        0.2667034267196483,
        0.22749921553162783,
        0.2135984173045719,
        0.22027702283688577,
        0.22276273365456972,
        0.246924094294449,
        0.249626482773818,
        0.22251216949189725,
        0.24604918663564118,
        0.2458354696539808,
        0.2445262925064062,
        0.1931815131612323,
        0.19396698540138171,
        0.24089833297463412,
        0.2408456003472551,
        0.23515713868226332,
        0.260904475847343,
        0.2349489002945362,
        0.19557018358644795,
        0.22327637154000218,
        0.21350170856286269,
        0.22733843450255214,
        0.2519641900246914,
        0.19070240202527666,
        0.21115419397321397,
        0.24786071105563143,
        0.2065352577875044,
        0.23485147990728375,
        0.21011664267413926,
        0.25448244014813165,
        0.23301025994209484,
        0.21803625645429364,
        0.2648144703108122,
        0.19427384854982546,
        0.21469462935091388,
        0.23184860737608215,
        0.23462732608324882,
        0.2493794601403654,
        0.2109957695147876,
        0.2156395231535252,
        0.21258695391223031,
        0.2146088780802854,
        0.2178429762835853,
        0.22020285529641612,
        0.2507902718369093,
        0.20888015548135663,
        0.20219938897820464,
        0.2516906983265648,
        0.20211507100829934,
        0.197809526421702,
        0.22428633422259212,
        0.22690124522319396,
        0.22871646481649857,
        0.23073836147385182,
        0.23170173888664905,
        0.2044784236924399,
        0.22166509685773061,
        0.20478837440830694,
        0.27329232301670375,
        0.2625223151933423,
        0.23291958009279462,
        0.24609602582543766,
        0.2119025312624292,
        0.21929907994539127,
        0.2345521255231766
    ],