{
    "time": "2022-10-06-19-30-55",
    "generations": 200,
    "fitness history": [
        0.10416944634747435,
        0.12157022134243568,
        0.13045403072492381,
        0.11770086419477481,
        0.16631263274392666,
        0.12024235345128867,
        0.23158977028871783,
        0.12043709926082286,
        0.23825265079544353,
        0.17105128553986326,
        0.2344107113276757,
        0.17615478871787704,
        0.33249105084401515,
        0.15827393756700014,
        0.14350740590519984,
        0.11429804335844418,
        0.3108700672702867,
        0.13477526141841367,
        0.3353663336347422,
        0.24971710299540423,
        0.22470826842889685,
        0.2313968713949122,
        0.24515999654197682,
        0.2718524846052177,
        0.2918037024097227,
        0.2496957550189129,
        0.2576616314029264,
        0.2262717675865553,
        0.2591225855787252,
        0.2705078560009969,
        0.21097486756557604,
        0.2318272450476509,
        0.24175095287626966,
        0.25629070303012563,
        0.2569760568801419,
        0.289114852950498,
        0.2868924311432535,
        0.2424137209893638,
        0.2521041504922702,
        0.22326758868396365,
        0.24817310418496905,
        0.2253162488833994,
        0.2297967149043874,
        0.24709023779588488,
        0.25971311930188873,
        0.21687753645437446,
        0.253327700849152,
        0.23659198346653942,
        0.26550017143012394,
        0.22528072187342957,
        0.27611533849186615,
        0.253083461789792,
        0.2366894628895309,
        0.2623588129441458,
        0.22871783033396945,
        0.25261616593177866,
        0.21626626971840085,
        0.20955531959072932,
        0.28941710847181734,
        0.2787532183632742,
        0.23495373480416798,
        0.24751700226302042,
        0.25861366692795706,
        0.2973057433101584,
        0.24093305792467323,
        0.23059469942540178,
        0.27911690178789433,
        0.2637940118977419,
        0.2731471658787861,
        0.2678337304878561,
        0.2536175613664646,
        0.2466285721685669,
        0.2489567929549771,
        0.2769454728998578,
        0.26627773892705575,
        0.272461494843145,
        0.26662841222418887,
        0.2517195512371948,
        0.271307777311322,
        0.2578725933312325,
        0.2412859660082918,
        0.2095484326358104,
        0.2183467703203138,
        0.23111821420102885,
        0.27074484863357157,
        0.24414938063262404,
        0.2456848795156652,
        0.2360042742578321,
        0.25622402678148243,
        0.23507682865217125,
        0.24027724201809825,
        0.22113906519832421,
        0.2619164264121828,
        0.22409758205413877,
        0.26541906419400507,
        0.2786627648956591,
        0.2778840264940522,
        0.25512860479974314,
        0.2348047182400236,
        0.26052442493687183,
        0.22822124926896245,
        0.2614261530658883,
        0.26231316678845845,
        0.25241423768219584,
        0.24671878635992292,
        0.21464554427257138,
        0.22258012792694487,
        0.27003790836965874,
        0.26508325410072625,
        0.21919218461836393,
        0.262850184992972,
        0.23985242380130295,
        0.25800346720011763,
        0.21765177490781912,
        0.22112159288763553,
        0.2426893658551372,
        0.26762822257528723,
        0.24145719557659198,
        0.22569332881575616,
        0.2695572071333825,
        0.26152774286273256,
        0.2584713643714232,
        0.24541081762314337,
        0.23744133807115061,
        0.19242731117330814,
        0.23552615051974754,
        0.21155630644787085,
        0.24551690227647083,
        0.22450751307536548,
        0.22329668950429904,
        0.19573646008190046,
        0.2538003403958371,
        0.24853152263270897,
        0.2578929682987934,
        0.22112352672169938,
        0.23967733968736885,
        0.2101864369085805,
        0.2524941259855022,
        0.23571524013249384,
        0.21785506440702926,
        0.24960729020698033,
        0.2384960551072248,
        0.2500978807415539,
        0.24017479040491949,
        0.21780297637596352,
        0.23584065213643143,
        0.23469870896678355,
        0.23265620606965526,
        0.24180926362599997,
        0.25689624150976825,
        0.26009279960512977,
        0.21740234856884907,
        0.22881450602490794,
        0.20931542710257933,
        0.2411420436013937,
        0.2380658738330613,
        0.23483391945050525,
        0.24967381378090092,
        0.22950165846717385,
        0.23954627627008654,
        0.20696568453691908,
        0.2604387307190667,
        0.2087375531991674,
        0.24624808377556867,
        0.24998440230662755,
        0.2349072245013193,
        0.17478834923625136,
        0.2770698959740765,
        0.2557136653020017,
        0.192235434864288,
        0.22060401675237926,
        0.22013729638209803,
        0.24842427604607728,
        0.21339483091814881,
        0.25782241688140534,
        0.22818348341804445,
        0.2299512756225252,
        0.23242706028806853,
        0.24872004950165347,
        0.22654094903020203,
        0.23820273221092558,
        0.2646607155724897,
        0.2276745804482236,
        0.2533041237138943,
        0.2703706617532307,
        0.2425980737944891,
        0.19468695000937153,
        0.2654309794276719,
        0.23911291726498626,
        0.21993269796424797,
        0.24178925981376412,
        0.228999862347994,
        0.24181649999357968,
        0.2469992053687371,
        0.25460802693527523,
        0.20078690053015127,
        0.24238709908151157,
        0.2149236120894467,
        0.279951853939387,
        0.20054503985897768
    ],