{
    "time": "2022-10-06-21-48-19",
    "generations": 200,
    "fitness history": [
        0.15249070598056128,
        0.12066345997557215,
        0.17134457600690406,
        0.11747356526416369,
        0.13304792504893964,
        0.1294650217782222,
        0.1031856274011713,
        0.1317582452159694,
        0.1349614915871942,
        0.10873036078706086,
        0.15080684420869253,
        0.11803061902755893,
        0.12643491362117087,
        0.12976648003192479,
        0.1222667655077329,
        0.08980786401660408,
        0.13725300617310146,
        0.10650118447661262,
        0.12763376985191807,
        0.1217789414657276,
        0.1303588250807288,
        0.13280966746369632,
        0.13574256074896926,
        0.11578509859221839,
        0.12356290050322631,
        0.12057142939989317,
        0.13520141158343285,
        0.11747604602125436,
        0.1059110904586462,
        0.11629798682386445,
        0.13735151653190555,
        0.1403602229961118,
        0.12847607856396,
        0.10932832096472411,
        0.1364930445690733,
        0.12944575261686472,
        0.10896483823015901,
        0.11026353713805266,
        0.13709264160455384,
        0.17930233633982076,
        0.1449154718152955,
        0.23511595959778261,
        0.11563311123290283,
        0.14320794807605844,
        0.12470024400920934,
        0.14924742930213597,
        0.14471418737078479,
        0.10729389341215928,
        0.11252615016970038,
        0.24526490152952005,
        0.13085852996337327,
        0.062004573357450764,
        0.1407464608594308,
        0.11612002572224649,
        0.1317924798125226,
        0.139218160609834,
        0.12090546362054423,
        0.11872415295055921,
        0.14625077617316196,
        0.13210896901122532,
        0.12429367379286148,
        0.11031050326996626,
        0.11730917711036876,
        0.32098799679899137,
        0.1314012747755486,
        0.12968447365840619,
        0.11411720090110344,
        0.0917783702592182,
        0.12457709969140658,
        0.34799789298121797,
        0.11052816036962781,
        0.3423949110300151,
        0.12970324735273844,
        0.12075484334984603,
        0.0789334032257922,
        0.13706972677246207,
        0.10085003866257246,
        0.3663746728141868,
        0.33834293286229566,
        0.3241107290385257,
        0.148357447352009,
        0.10706480154248921,
        0.3123291696197552,
        0.1448684558337333,
        0.11987155849197087,
        0.3264738245809921,
        0.1408321635925735,
        0.15831263367026335,
        0.11210053845447758,
        0.3318823097604372,
        0.21805900587118862,
        0.3456481218451664,
        0.13425993739951922,
        0.12656166637222382,
        0.34554970061303036,
        0.33763857831041494,
        0.12318781803340782,
        0.14367263532998867,
        0.35620578088123395,
        0.11359941832299367,
        0.13037871405192095,
        0.11116745963777948,
        0.15941064896574522,
        0.3454156581228584,
        0.13541220886907776,
        0.14516128606807688,
        0.35731902090388856,
        0.10406678008754185,
        0.10292430083368354,
        0.3540338529221848,
        0.30433541297963784,
        0.14392576301156512,
        0.16390804400117606,
        0.12865532895956205,
        0.13314880654797903,
        0.12597072900050596,
        0.11676701065480448,
        0.13214674739463445,
        0.33233162110188447,
        0.1086592120145642,
        0.10925670280974406,
        0.35308694564276627,
        0.35260704882726507,
        0.16227655143850656,
        0.13384082365907404,
        0.11162742753139997,
        0.33473367844575014,
        0.10199845555928883,
        0.17426235212747676,
        0.32639603300480097,
        0.33795233709672057,
        0.3125659745386087,
        0.3268790288147724,
        0.12442490541704924,
        0.3257521204974276,
        0.11363182767611393,
        0.1242673417427414,
        0.1096177482366604,
        0.11407998794493877,
        0.33329710683597696,
        0.11789266918603276,
        0.07995166242688487,
        0.12102088497350136,
        0.10413582306258945,
        0.15323290222968797,
        0.13291560469998778,
        0.12741406165104788,
        0.11369245667981528,
        0.12309779549626267,
        0.3245010776667717,
        0.3289423022874856,
        0.3916039194773044,
        0.12827199362457006,
        0.34091720130969405,
        0.13159955392849335,
        0.11208288902186364,
        0.3148024952742668,
        0.3496413011597641,
        0.12805821132749118,
        0.30906322180178536,
        0.34793104216061777,
        0.1387445111217007,
        0.390633298194799,
        0.11939489130243024,
        0.3098750459678942,
        0.3803093271517095,
        0.33419938280437805,
        0.1184928647028185,
        0.10702650029061564,
        0.10380360660235569,
        0.10865194837054243,
        0.12234343469213904,
        0.10461561059066388,
        0.13960231048657104,
        0.13313404057382283,
        0.08718148253250202,
        0.3596609966647664,
        0.34644251447471375,
        0.12897562064712315,
        0.11279395672956345,
        0.10351103155241344,
        0.11725323562787482,
        0.10719358361862356,
        0.1100671779223732,
        0.12623068450074856,
        0.12004511735648285,
        0.12749142255579723,
        0.30433760625263967,
        0.13601755996465761,
        0.16039165277214898,
        0.15114308489924771,
        0.12354523764503897,
        0.1353114672915933,
        0.13849767039097866,
        0.12167567876223666,
        0.11640896716159159,
        0.10959116024179881,
        0.13704556919708333,
        0.10803657889762805,
        0.34299545832919526
    ],