{
    "time": "2022-10-06-18-05-42",
    "generations": 200,
    "fitness history": [
        0.14317952979307777,
        0.15100511328544913,
        0.1278069604717311,
        0.11104272877846912,
        0.126770633296199,
        0.15314948422184055,
        0.09461875468750325,
        0.1415866745089926,
        0.10723503506390487,
        0.1321828129202438,
        0.1253243339026618,
        0.11707108534744495,
        0.1343730785198649,
        0.14340902398373306,
        0.20164717838364798,
        0.15210126101832436,
        0.3426662810956786,
        0.13441254575988554,
        0.1179763634484158,
        0.12310612968237028,
        0.12369291643715506,
        0.0958067869292281,
        0.13022336095121068,
        0.11718119470661888,
        0.3322824332776097,
        0.21979000762171774,
        0.18957678131880148,
        0.1268068225838301,
        0.4022597522980206,
        0.33082798240613875,
        0.3168296386047902,
        0.18951663027716387,
        0.11144753868623371,
        0.17722499983570056,
        0.3815933292231636,
        0.19911642542668123,
        0.2697360874077139,
        0.11241271033670135,
        0.13028059030763214,
        0.31401934395687126,
        0.32000018949220305,
        0.13387491378952543,
        0.1516661485712145,
        0.15147467822254257,
        0.12082585078470742,
        0.1112545938243735,
        0.11258378267137155,
        0.12277848167536681,
        0.31861440530762003,
        0.3134991516130996,
        0.13410881222311777,
        0.2766733692384112,
        0.08675995860115013,
        0.1287358669723908,
        0.24861537763232636,
        0.15378249434848176,
        0.13247299005209437,
        0.13831639184279487,
        0.3393663530549647,
        0.32763648326596984,
        0.11593488727008423,
        0.15593671760512948,
        0.33343546327779533,
        0.35252865760630536,
        0.34254325115116485,
        0.1305583184567846,
        0.14463508999049948,
        0.10422872868287589,
        0.11340118030856935,
        0.11332798322218145,
        0.18229931051603848,
        0.1235450871991577,
        0.18320606891590033,
        0.129764539436248,
        0.14976155296672294,
        0.12478024947484899,
        0.13993931920754096,
        0.1090989816206929,
        0.36693510601010104,
        0.13281303070207032,
        0.14160852154692471,
        0.12454708272696742,
        0.14472885479726733,
        0.3244190116784499,
        0.14442967852687819,
        0.1332125248519656,
        0.1686444373207048,
        0.09729935421321897,
        0.11868116657606934,
        0.2187209735962299,
        0.3226548415467984,
        0.10155268785403196,
        0.18102953830244672,
        0.12315616710833986,
        0.35600847008830655,
        0.12692315027386827,
        0.22118123184974073,
        0.2891703135352666,
        0.08627884255197822,
        0.10258863716553326,
        0.11511652603653412,
        0.11322997526373568,
        0.14895106968549685,
        0.14066310399451157,
        0.30917105796159805,
        0.129574745113192,
        0.1113033161404162,
        0.33563242368182467,
        0.24266382762978142,
        0.12053699161721886,
        0.3197057434297363,
        0.1236206945664277,
        0.12651831006024195,
        0.15633622720831458,
        0.11542164550507922,
        0.1324163754683837,
        0.2757406674945242,
        0.13401254127464474,
        0.12065738965719064,
        0.3379873223925486,
        0.3419902714298905,
        0.2260834320937156,
        0.1193168155701087,
        0.14156412561057657,
        0.16379762482338978,
        0.09862343025716191,
        0.14613429488090643,
        0.3447525075761829,
        0.14139453914481404,
        0.15726378749698738,
        0.11294128711581349,
        0.16719780719150493,
        0.14412212585453765,
        0.12923711068320975,
        0.17682051116430444,
        0.11596694152983553,
        0.3518154801092433,
        0.11427278879209676,
        0.1429160025092192,
        0.32814856832942996,
        0.3288913185958933,
        0.12452307446012802,
        0.3398457573722689,
        0.49032045851884726,
        0.2620573655815761,
        0.4225866538688654,
        0.3420463184251667,
        0.11777335198919808,
        0.14491524138130946,
        0.13991405617242683,
        0.3386615490682698,
        0.3742291415881895,
        0.14187081845740768,
        0.1355143522528805,
        0.14466581867002637,
        0.10419025920950499,
        0.3568169098512387,
        0.3231355048288104,
        0.36249423890517724,
        0.15032265701780645,
        0.37083315533294475,
        0.3328933986563039,
        0.34174306452423964,
        0.15209461095177523,
        0.11948538475953953,
        0.3335475685563477,
        0.32885934925123833,
        0.10027710820994765,
        0.13516697353112483,
        0.13438414828977666,
        0.08963616483694305,
        0.3627320330200036,
        0.23678333005186641,
        0.13689253088857967,
        0.3707608348229464,
        0.3532508456577412,
        0.13202889714980257,
        0.11704004992527249,
        0.2919720545853366,
        0.29069057392111136,
        0.38709726151243273,
        0.15694850703237864,
        0.13528112256371388,
        0.11819942662198361,
        0.12419585629133692,
        0.13258023796941143,
        0.344200229206662,
        0.13597810227172671,
        0.36081642128014174,
        0.33091863457686743,
        0.07145341106409808,
        0.3858811394868994,
        0.34854056572365993,
        0.10338660945704711,
        0.14529316604796785,
        0.34543892766778866,
        0.2433091014461104,
        0.5794749352965883,
        0.08457263793413043,
        0.10837541510659841
    ],