{
    "time": "2022-10-06-15-53-45",
    "generations": 200,
    "fitness history": [
        0.14211736481379525,
        0.12465951431217764,
        0.10720590550027742,
        0.13654998302506888,
        0.1116821266566694,
        0.11174797364627408,
        0.12230986052739937,
        0.15184205171248105,
        0.22990970438232627,
        0.3262275438717225,
        0.23424299026339007,
        0.3080202501305336,
        0.11447444989815397,
        0.3238417435998159,
        0.12408985010484935,
        0.12589125322567143,
        0.13937281098809354,
        0.1271031524335772,
        0.1503721618936159,
        0.12239231805388036,
        0.32356516162383914,
        0.3213666997936788,
        0.1209461119416544,
        0.3493247009695824,
        0.13907327503732778,
        0.3226535318509556,
        0.41452193811589916,
        0.11022941437142551,
        0.30882580755368977,
        0.10137916913380096,
        0.33191131808665264,
        0.2030976664324956,
        0.12208477509306168,
        0.13290811952272918,
        0.09746395807191734,
        0.14151693441882868,
        0.1260993226776769,
        0.3566795747631694,
        0.1303070668967793,
        0.3222723835773371,
        0.11181964636858188,
        0.11700838261821397,
        0.4485528130242728,
        0.12532745681839236,
        0.28249567974394707,
        0.1328066484862295,
        0.3362794170846468,
        0.29729113278699004,
        0.15206257532694753,
        0.11823266925245571,
        0.3261986042370062,
        0.09328532368113293,
        0.12501005552538125,
        0.3798469656213071,
        0.3417943175508049,
        0.3350483573980295,
        0.1590378755717739,
        0.3273131203960882,
        0.359181689601808,
        0.3221174663070401,
        0.12643749418860123,
        0.17624329932991237,
        0.1337836032970363,
        0.31435929081211794,
        0.34728878185171014,
        0.32142303459308097,
        0.13925399399280677,
        0.12198204786625372,
        0.13249853726846378,
        0.33693694919958955,
        0.13188987704636168,
        0.32919259031162346,
        0.33722041313652357,
        0.33949797958791517,
        0.12416230004027369,
        0.1293688186937485,
        0.16102071512699737,
        0.32126217004505747,
        0.33625924232992943,
        0.14840268698747253,
        0.12222650608915522,
        0.3548430576044004,
        0.37584012105498243,
        0.35374353972696815,
        0.33456700395654587,
        0.12219214727374114,
        0.3635414471481549,
        0.13179158771041835,
        0.12952956405466348,
        0.404364521223744,
        0.2887350348030797,
        0.35858229628471916,
        0.11658431284244969,
        0.38369744489700913,
        0.3490505331258503,
        0.14070708484531258,
        0.11620519665530964,
        0.1163688206516907,
        0.14167962038714027,
        0.2297201827875006,
        0.30883087102651147,
        0.12391273839199102,
        0.15011407817571198,
        0.34289329848645184,
        0.12561575192422506,
        0.14227219809306105,
        0.13181204021674922,
        0.23600983290660182,
        0.14378434945509702,
        0.3490220083240616,
        0.1354068603068722,
        0.32445699431601754,
        0.292901391237965,
        0.11139255603086896,
        0.3068555385515275,
        0.07965067107942915,
        0.11621299012404103,
        0.3187120851081753,
        0.10474656405717375,
        0.27115611557584285,
        0.1647237469337945,
        0.2016648399403298,
        0.11337841895215836,
        0.20904471947986816,
        0.1396694817451325,
        0.09873525422389662,
        0.38002654258334395,
        0.34187216139064724,
        0.17188123146022588,
        0.30458365251838077,
        0.10624827677675176,
        0.12484430040075992,
        0.12394653119771619,
        0.1291142480895173,
        0.11929337485781998,
        0.3655398963939479,
        0.4173032982434856,
        0.3646057167514494,
        0.16633567838322094,
        0.3466067784764523,
        0.331915567782655,
        0.12838796833074326,
        0.15189377188727135,
        0.1123229231235419,
        0.1386683537616517,
        0.14222841404118483,
        0.3475480794326252,
        0.144318897772033,
        0.3172736347927723,
        0.11958290826715105,
        0.34609410711916655,
        0.1083890835380734,
        0.12777405178354997,
        0.11704483367090399,
        0.13198683702607053,
        0.13082160442802082,
        0.105338127795279,
        0.3106075236416753,
        0.3545426912894342,
        0.38134566605422665,
        0.3325871831094391,
        0.32155998377142225,
        0.3444830276936155,
        0.34714300842864126,
        0.07255584079236148,
        0.14217350379521046,
        0.11805156948152899,
        0.07648525024073108,
        0.09257284344607956,
        0.07076253660307363,
        0.31875229476598105,
        0.37366709060801107,
        0.1427370021801556,
        0.1277618380274009,
        0.3549856909325823,
        0.32809351807029136,
        0.11344274725718113,
        0.32109177485060136,
        0.11599220502870715,
        0.32581277564524497,
        0.3429370583798208,
        0.110093835006728,
        0.3437847939997404,
        0.14963123167752865,
        0.12659560031404543,
        0.09382428744217285,
        0.3406548903359633,
        0.1145909908510869,
        0.12727016987803194,
        0.11440269616777378,
        0.3136270521420583,
        0.11578673782577202,
        0.1206230404627968,
        0.33289288044092297,
        0.10253362167751053,
        0.31468658419087037,
        0.1228951951388145,
        0.32694905680006797,
        0.35074112378287425,
        0.11773059998613464
    ],