{
    "time": "2022-10-06-15-28-40",
    "generations": 200,
    "fitness history": [
        0.12490723730759015,
        0.1295039495158863,
        0.15306716113970617,
        0.10758219693351403,
        0.14578399080390803,
        0.1355221344419225,
        0.12945002918600276,
        0.13620227495546858,
        0.1231192992204225,
        0.12856558965295983,
        0.13983087589986365,
        0.26726931619030275,
        0.13159587494307676,
        0.12520859953386712,
        0.11675340453088957,
        0.20018150287726777,
        0.12851381036281512,
        0.26012213260579975,
        0.20530007325900818,
        0.15548830460568588,
        0.15808823946903794,
        0.20064551250105214,
        0.19644054343765166,
        0.20602078254575107,
        0.21453500856696606,
        0.20526209804595263,
        0.23807025955494868,
        0.25655176993043505,
        0.23343255035247024,
        0.22152018410130514,
        0.23661278084255258,
        0.23655183766794238,
        0.2645195725014333,
        0.20808319081681326,
        0.22799668116086308,
        0.24506710471588403,
        0.2565023662921238,
        0.21637320815400046,
        0.227961325911588,
        0.23956543830574042,
        0.2751104749156684,
        0.25897691382490146,
        0.26110722963450383,
        0.21145527450944324,
        0.2263748038066799,
        0.25310004449389184,
        0.20366802167184517,
        0.23979340884404843,
        0.25004837561745263,
        0.22853795981039401,
        0.22735507067078498,
        0.2223449580971528,
        0.21613416607918443,
        0.2612542331535459,
        0.23856747798815697,
        0.2553296188937746,
        0.24145830276452288,
        0.22966160474893507,
        0.2603770317185822,
        0.2252714163312675,
        0.2274671470553426,
        0.22466590502037004,
        0.22913538732957794,
        0.23345347085184584,
        0.23760092724935242,
        0.23278138531651646,
        0.23019370346503049,
        0.2318708478462165,
        0.22399005791325738,
        0.21129833974025455,
        0.2431739401480731,
        0.26566190914116766,
        0.21996709432947611,
        0.2308235957380181,
        0.2110362993989422,
        0.2266076675755565,
        0.20685022590405397,
        0.23034337845747918,
        0.2014609971979575,
        0.2302495770831294,
        0.2558621706116668,
        0.21435149987019275,
        0.22122267899264306,
        0.24155304739602232,
        0.23993340897898324,
        0.2444206245433424,
        0.2006941539610783,
        0.23478132068187255,
        0.25902400004137816,
        0.24949212168258625,
        0.24359184003329395,
        0.2074712198336995,
        0.2325662388279035,
        0.23215387614633112,
        0.24262237824071448,
        0.21955629248398523,
        0.22253622118079927,
        0.2507276819102543,
        0.2175999734644727,
        0.2296254863866043,
        0.24750861202066762,
        0.21989861400530805,
        0.24107227899538264,
        0.23107075890360876,
        0.2381816271898623,
        0.2266865229282737,
        0.22346778342064236,
        0.22391580000856479,
        0.24710887197829695,
        0.22080638720042803,
        0.21713906972641284,
        0.22260081834610151,
        0.2132683046575265,
        0.2106295659451704,
        0.26340226585000215,
        0.22234111794207054,
        0.2615682391198785,
        0.2684913617888777,
        0.2333694835400466,
        0.22114318797526603,
        0.23414998268344675,
        0.28414590374365517,
        0.23899275449222704,
        0.20995909496754997,
        0.22878965882111896,
        0.23488961834009112,
        0.2818526745809941,
        0.26278619492449506,
        0.22649417065474664,
        0.22708470844202522,
        0.25476384278077174,
        0.2232581954760024,
        0.239600768198569,
        0.277641633035045,
        0.25475826468648705,
        0.22940298177403723,
        0.23540592194425333,
        0.2418608484492288,
        0.21633929298281784,
        0.22333367369769253,
        0.225143897763534,
        0.22242196711144296,
        0.2405085006874054,
        0.19814481501624737,
        0.2135411376489463,
        0.21465777773499845,
        0.23534240501224907,
        0.1949088299337835,
        0.22156279366409565,
        0.21421625603447703,
        0.20019960633081058,
        0.22244681058248808,
        0.23060272086508818,
        0.2385298087987455,
        0.23072992291765815,
        0.2354095214783766,
        0.25290563606113364,
        0.25537470058884343,
        0.24231407970827365,
        0.23112360795710793,
        0.2378871891860117,
        0.21652765676360672,
        0.2741646817688963,
        0.24661855152291984,
        0.22340121663076853,
        0.2108703623652587,
        0.24024423690602434,
        0.23597586017627808,
        0.21960289801130517,
        0.24426372637317464,
        0.24434991285937094,
        0.20373450262817194,
        0.20874346651007072,
        0.20534421729253347,
        0.23717105220290433,
        0.21653510925102598,
        0.21659559370491707,
        0.22339711498210316,
        0.23453727256727677,
        0.2517262396305401,
        0.25391166100888324,
        0.22163888029295845,
        0.2301312651347107,
        0.2400585956368792,
        0.24969090252410162,
        0.24306910818271124,
        0.2489894287261057,
        0.22982715647873672,
        0.22901871384546252,
        0.23068705603670167,
        0.25331076289505716,
        0.2508180120736175,
        0.26712117830262516,
        0.25400919114259213,
        0.23339339146370264,
        0.25441065378337235,
        0.21941889737712875,
        0.2190889378149169,
        0.24982559685537656,
        0.2534430747429059
    ],