{
    "time": "2022-10-06-23-12-36",
    "generations": 200,
    "fitness history": [
        0.11788844971205,
        0.13490095457276705,
        0.14092633754101386,
        0.12525777612267078,
        0.135200915526084,
        0.11772920556689809,
        0.11897591399440519,
        0.11238460020283018,
        0.28450181169149075,
        0.12918480095802196,
        0.13367326549838954,
        0.12661940000168886,
        0.3098837448894274,
        0.34829070003337487,
        0.13579024186533328,
        0.3647937852093414,
        0.3172570471143431,
        0.35641146007727853,
        0.31860278439116707,
        0.1555884862797832,
        0.3105689384060838,
        0.13194559373696882,
        0.11963122861386934,
        0.10464367664992194,
        0.3838684301830084,
        0.12778314114708603,
        0.11907627536297254,
        0.16103603450230503,
        0.31489895193514356,
        0.35323830271555073,
        0.33427180310796456,
        0.3293487247321975,
        0.3247548550415699,
        0.319082277861647,
        0.19554992850540123,
        0.16348638701406656,
        0.3438055388866006,
        0.3596723006900017,
        0.1674197768851226,
        0.33130463182245706,
        0.13353292489290639,
        0.18221915096133018,
        0.12835429189584738,
        0.3294958734643933,
        0.10779894884968909,
        0.23879859952704982,
        0.14274483790656636,
        0.13424989967938233,
        0.14795503392092785,
        0.4010963086402521,
        0.12142854785236856,
        0.12652867920003835,
        0.13757220064934253,
        0.12571597860980416,
        0.23930107904210238,
        0.11835284742740393,
        0.15013186990694458,
        0.3456909158131847,
        0.115572053311415,
        0.3204057373494561,
        0.10981946866225066,
        0.12736312706954117,
        0.11651971492812878,
        0.17689555623727102,
        0.12474628325877113,
        0.3318319475147951,
        0.14112947038664755,
        0.11900937630893896,
        0.32777330908450675,
        0.3443126725835271,
        0.3360926497826152,
        0.3555203457225125,
        0.11741210620214515,
        0.12327607092384042,
        0.1495263584193136,
        0.12195880686977523,
        0.33862098672001445,
        0.344347930854882,
        0.3362656529147216,
        0.32304262816352564,
        0.3413727993837262,
        0.15007479136733823,
        0.12013048117711195,
        0.23949562706403235,
        0.35249376564744717,
        0.14855626052822604,
        0.11890724019693556,
        0.12177434903171608,
        0.12509116338691315,
        0.21243438931366068,
        0.11648752168042334,
        0.124655995901708,
        0.3459451443675553,
        0.12287841425923723,
        0.1967390099686257,
        0.1359647401917464,
        0.13404617680126601,
        0.3488055294457892,
        0.3146063547282497,
        0.1356029749678234,
        0.3531846283542267,
        0.10605082844995768,
        0.33407388425445333,
        0.2174615554245921,
        0.350109278174564,
        0.3414424459331872,
        0.13602362451489422,
        0.11814785438860433,
        0.1308954872193385,
        0.10177022078058087,
        0.3176165341679093,
        0.12432843242252391,
        0.2415126554249776,
        0.3023151138652727,
        0.1514318262827424,
        0.14411683791033653,
        0.11656665806854571,
        0.3333734537226223,
        0.12544527961219779,
        0.12059629357919045,
        0.11617258501071838,
        0.11652340465199745,
        0.1495460510269878,
        0.12350611953162513,
        0.1302376134409614,
        0.13014337501921047,
        0.34841460246206774,
        0.30613366404159587,
        0.15295217001988276,
        0.12948320979894054,
        0.11376291682574143,
        0.34985321287631643,
        0.15262068241680965,
        0.12154117549193767,
        0.11223930588139208,
        0.3246205007119278,
        0.2009376280930815,
        0.11242315398838075,
        0.12385898097044269,
        0.14228180607848215,
        0.10683452043957647,
        0.12205823330125216,
        0.15083197884628738,
        0.14397230901828764,
        0.1331270831827147,
        0.11117838111130475,
        0.10168706982108397,
        0.11802083124945534,
        0.3720107510036573,
        0.3049084049818424,
        0.1448385272227143,
        0.11978387548145777,
        0.3712080230600316,
        0.1145407315123854,
        0.1381584171986141,
        0.11351334231763965,
        0.3395239840543676,
        0.10791561618537593,
        0.13150226835636175,
        0.31647345160278173,
        0.12369304530185668,
        0.3165000986109768,
        0.12672726581501875,
        0.3496179409329015,
        0.12271956091725617,
        0.11774062135081674,
        0.13336604755317627,
        0.1334588347604451,
        0.33309846949858846,
        0.152417069313767,
        0.3310981190823088,
        0.29777664653185576,
        0.1108189323636607,
        0.3540078668717183,
        0.10961707700744636,
        0.12563161850290888,
        0.3565724984632553,
        0.3374345373601617,
        0.13259658750103717,
        0.34729470581301686,
        0.12065064755861789,
        0.34582185811151833,
        0.12740833064388707,
        0.13018389373275457,
        0.11753068534737794,
        0.3398776470368164,
        0.33550669605518735,
        0.11875098932254914,
        0.33286945745884494,
        0.11403786926404562,
        0.11691847083941212,
        0.3548847471488992,
        0.11769396612261382,
        0.31690521682220324,
        0.13838791086685187,
        0.349729793070664,
        0.4387795126774655,
        0.10990512055123607,
        0.35992208953656984,
        0.3453424543526696
    ],