{
    "time": "2022-10-06-17-31-42",
    "generations": 200,
    "fitness history": [
        0.12834228966748673,
        0.12059480074488751,
        0.12142830283748095,
        0.13950614868440814,
        0.11766714417442435,
        0.1337856935805875,
        0.12506720411255126,
        0.13388143149300086,
        0.12167597762404914,
        0.12862659265457885,
        0.11206826955059727,
        0.1055965640029527,
        0.10382611575525118,
        0.16917157012961279,
        0.1271112334943735,
        0.2679823958584892,
        0.17636790040018846,
        0.17795458029126873,
        0.2032816127689273,
        0.19133318205667205,
        0.1499601276294715,
        0.17944341074872314,
        0.1649675101765257,
        0.14503136422611132,
        0.13908560107151724,
        0.15951389401829838,
        0.167130181315943,
        0.1512382194645501,
        0.16891324809825903,
        0.15091996089864967,
        0.20075588206946018,
        0.18925632086735392,
        0.20861353944568126,
        0.1687132385432293,
        0.21748181588116758,
        0.22812067706975886,
        0.21415438582917073,
        0.25168192270601003,
        0.24375916750828666,
        0.20748851133136845,
        0.24633368651243473,
        0.23640672812411354,
        0.26225988240804704,
        0.22088777525252168,
        0.26139445346474216,
        0.24293467176670902,
        0.22243294227441635,
        0.2632155313156785,
        0.19680254755611856,
        0.2749066047486809,
        0.2179301346883519,
        0.18976764785345504,
        0.26027122598310237,
        0.20641837341330357,
        0.23189601901757012,
        0.2178518462753998,
        0.23569642280959613,
        0.25493663495542274,
        0.2511016600958241,
        0.22294585430335798,
        0.23212642112194204,
        0.22403301068973927,
        0.24224758218552755,
        0.24827637621781654,
        0.23482141633180117,
        0.22857735349743763,
        0.22794990436491921,
        0.2602346125114564,
        0.2554542199162863,
        0.2655193880495934,
        0.22594537947753895,
        0.2495348134586723,
        0.2627907489163928,
        0.2362783116942499,
        0.25064164857735216,
        0.23065517108343556,
        0.22413500577650006,
        0.2459040722502101,
        0.23703199324067917,
        0.24629492547998094,
        0.23703150217749996,
        0.23743401588584614,
        0.24747185350594955,
        0.23150402207843612,
        0.21478668140321852,
        0.23209808007695748,
        0.21880271443971686,
        0.26664283125356203,
        0.1940452714052725,
        0.2490626388520209,
        0.2402997433650952,
        0.23967516619817072,
        0.21593520070848732,
        0.23394231154415374,
        0.2242128681663371,
        0.23598199615854937,
        0.26304048265769414,
        0.244703777355474,
        0.24707070500357786,
        0.25135039571095413,
        0.24651939135275622,
        0.21704836285270737,
        0.25177909293192835,
        0.28560588231501405,
        0.20531756997951525,
        0.2509742908013149,
        0.2611573294649818,
        0.21506473275924878,
        0.22714151523146953,
        0.2428899901129018,
        0.23525797274410098,
        0.27252180829633477,
        0.24537833979583748,
        0.24110494679928554,
        0.2457912202913618,
        0.22535825245353194,
        0.22867017090657657,
        0.26400942715203923,
        0.19873714749475355,
        0.23467220782339074,
        0.25068333349392274,
        0.24328420351848984,
        0.20285841722386283,
        0.22768399874578113,
        0.20352608044889375,
        0.1865853918662559,
        0.20110230489346287,
        0.20815508919214293,
        0.2443235523622108,
        0.23820846566333556,
        0.22942509898652685,
        0.2254627817706971,
        0.21366328496591216,
        0.2563379813407224,
        0.2755338974070893,
        0.21818644139677293,
        0.26556012302752136,
        0.25412352226685475,
        0.2086648437863577,
        0.24885079452092448,
        0.20957653935921633,
        0.20457828278182366,
        0.20504096431647426,
        0.22725550274172196,
        0.22559660530971612,
        0.23088517759584753,
        0.21108776272557478,
        0.23278783564510888,
        0.23379688195751436,
        0.19730897131423583,
        0.266968322408026,
        0.2650027339068172,
        0.20748286671186986,
        0.25235319132143597,
        0.24236072885111287,
        0.22423385592950532,
        0.2217639727764216,
        0.2152734708634934,
        0.22515237359904738,
        0.20908044011331445,
        0.27425933529535074,
        0.253224961282991,
        0.25505517390950183,
        0.21883241153574623,
        0.23339711920849746,
        0.23876086859825574,
        0.230208726181691,
        0.24153852407213325,
        0.26721454954629825,
        0.23745252337091827,
        0.27921958639156913,
        0.2494446461098018,
        0.29069525784265315,
        0.2356891978880349,
        0.20908446940979136,
        0.23976930128309365,
        0.24151563741839863,
        0.22545898827251581,
        0.17491550391321917,
        0.2567754285717064,
        0.23465100153606358,
        0.25808644972040606,
        0.2609692219476129,
        0.2633446568367459,
        0.21364553808299167,
        0.17624078418825667,
        0.23535413955857568,
        0.2259195891108364,
        0.22748978109332835,
        0.2605822118148146,
        0.21789556216707376,
        0.25944602038988207,
        0.24259068296239433,
        0.23975012491419767,
        0.21026303984855077,
        0.2447555409807232,
        0.22885034601300863,
        0.22886934078561985,
        0.2208452004901199,
        0.19198942770445812
    ],