{
    "time": "2022-10-06-20-33-28",
    "generations": 200,
    "fitness history": [
        0.11919723216093095,
        0.10779645973542384,
        0.16185540329639328,
        0.15163320211047643,
        0.1340359939442272,
        0.13852528513529438,
        0.3138194548870009,
        0.36743683517334835,
        0.12810617037080166,
        0.35655473196588405,
        0.1390079340445361,
        0.36257780850840476,
        0.13907572726399126,
        0.29106274248299785,
        0.3115631811869568,
        0.30025077505689685,
        0.3445692773356749,
        0.12485723814238439,
        0.337684601480241,
        0.10121959704239027,
        0.30231463223335564,
        0.3454776309018284,
        0.13040395865160573,
        0.11054132286121575,
        0.3416145907815127,
        0.11580973251348663,
        0.12373658965387532,
        0.35341226105738927,
        0.23301945155710715,
        0.3861274284903069,
        0.34050470108551584,
        0.16501638976142924,
        0.13281606811782004,
        0.12274740719034356,
        0.1558108960259429,
        0.12252361858302926,
        0.1412780437974477,
        0.16212823432701726,
        0.1365700247650882,
        0.2909361256855591,
        0.32910998468384284,
        0.33689011133590574,
        0.32909976596861074,
        0.1218221906707573,
        0.11436436365780202,
        0.30886532562292673,
        0.3830203315227617,
        0.30061578186066873,
        0.3052081185667582,
        0.12631838961783268,
        0.35093543611887007,
        0.12374507528497959,
        0.335586128208128,
        0.1126928036309509,
        0.3525000341662938,
        0.12498076270606327,
        0.12157953029974074,
        0.32686730357501587,
        0.11907164895077547,
        0.10752889473001838,
        0.13475591221146,
        0.3048948059950311,
        0.11568065000493473,
        0.1258636662687247,
        0.14262001140894362,
        0.12187364573724899,
        0.346067547347172,
        0.32020027567438747,
        0.35951849467180935,
        0.10959219956748777,
        0.14739858230293032,
        0.11510263141775687,
        0.33536623192084425,
        0.34544213440989585,
        0.341584309643315,
        0.1383291504937141,
        0.12703959940722645,
        0.10697251007572055,
        0.12134704792188929,
        0.11152911701595844,
        0.32622763732451465,
        0.41492886474916024,
        0.3313247878456826,
        0.1173388279307935,
        0.12887888964522834,
        0.12325825373860042,
        0.3427866950988475,
        0.13406014212592138,
        0.21807313008804668,
        0.3472329001208997,
        0.10181370374451686,
        0.3157995254948628,
        0.30358145401636877,
        0.33383366286404786,
        0.34127698783431115,
        0.14493605169429324,
        0.37861788068092145,
        0.14453937628412472,
        0.3428275536095519,
        0.349622074339805,
        0.33528408208684496,
        0.12138044266369186,
        0.33777121412339867,
        0.13020042818210922,
        0.08919643990288555,
        0.3227144759050292,
        0.3263836478164494,
        0.1379024833698978,
        0.12306543194211911,
        0.146750129427333,
        0.34276724031864975,
        0.33025109056192514,
        0.31152853843430683,
        0.135067414627005,
        0.31334639402440306,
        0.3641300205916671,
        0.3401075981957075,
        0.34254485422530856,
        0.3193980704377934,
        0.34864693465086405,
        0.37271500903330157,
        0.33450347303909955,
        0.3530752468778221,
        0.13496918452665552,
        0.3443774434221447,
        0.35172336247283054,
        0.33539811610676906,
        0.15129586591833688,
        0.10448241852202565,
        0.32828816912105535,
        0.1177996488802821,
        0.3356664903103775,
        0.11861505721474716,
        0.12529827142214867,
        0.3075955868027007,
        0.34248222121748606,
        0.15108605849301124,
        0.12350372968022767,
        0.3416944957740518,
        0.12215231534592844,
        0.11201095181856953,
        0.34506595726002964,
        0.11743817435639255,
        0.09812172708688463,
        0.1339055648102611,
        0.13819205647155822,
        0.34159560952066215,
        0.3891209401425361,
        0.3222729251234378,
        0.39449224448535686,
        0.29387495537782865,
        0.33843692966295325,
        0.11068146023899651,
        0.10391130550101486,
        0.2150294406895247,
        0.10338702975778075,
        0.3557375524599165,
        0.1378090812674968,
        0.1097733554235373,
        0.34518632323431275,
        0.12801976437083465,
        0.09963805422485146,
        0.3420505158611414,
        0.1053406721454344,
        0.3547658405815542,
        0.14102650592113172,
        0.1314632216891503,
        0.3192133705178006,
        0.3321701771883017,
        0.34058169697519775,
        0.12192233450790163,
        0.3486247538981674,
        0.12397555736778415,
        0.12584213404978034,
        0.1251958874129672,
        0.37990133460468684,
        0.12347067095052994,
        0.3142930220765755,
        0.2783381394326697,
        0.1251552972436726,
        0.14640363385869154,
        0.10969424538736544,
        0.09853141799074948,
        0.2970138668697501,
        0.12955877517374645,
        0.1358713505976232,
        0.13426918368959923,
        0.10395490206705393,
        0.10850489267173359,
        0.14706643870182384,
        0.3478599620454926,
        0.11763349861582084,
        0.3571465571289915,
        0.3426210948255376,
        0.11444933565721524,
        0.13965323301757063,
        0.35187654516356603,
        0.09683482358016253,
        0.14788257541424957,
        0.1361908491633882
    ],