{
    "time": "2022-10-06-20-15-01",
    "generations": 200,
    "fitness history": [
        0.11845885863813138,
        0.1445852947645447,
        0.12380650495937408,
        0.1480971782653124,
        0.14118563774709117,
        0.11317458306668503,
        0.21440919825031338,
        0.24037025267381562,
        0.23906632973203656,
        0.17810782715300352,
        0.2537029258195187,
        0.2774691131704141,
        0.2338858179896817,
        0.2353991820022094,
        0.2952553677001879,
        0.24405589014335988,
        0.27059585338391495,
        0.2786397927610991,
        0.2624453469395085,
        0.2441442422517143,
        0.1944069978292771,
        0.246937576100021,
        0.23470462154791172,
        0.22083180850254305,
        0.24602245733553893,
        0.24456071512166633,
        0.2430652159219975,
        0.24888460174619834,
        0.23303147648697892,
        0.2537827837362529,
        0.1982858969836003,
        0.23790285172511283,
        0.20805493579357676,
        0.2680568287544608,
        0.2078832165929341,
        0.23166931477267855,
        0.22895401368881996,
        0.25896273292661465,
        0.21538746825762803,
        0.2316787984177426,
        0.2730452047895495,
        0.2549485464305387,
        0.21277163072147545,
        0.21909894337631067,
        0.2205752834612757,
        0.21195359025117785,
        0.24568986098819162,
        0.23441936696163687,
        0.19262030800112837,
        0.22620788856047092,
        0.25358212263794316,
        0.25921548538751066,
        0.2260014656594469,
        0.2656759013075941,
        0.2370676274432408,
        0.23630963598361646,
        0.2579682250580323,
        0.2382266946281893,
        0.21573375623632543,
        0.21998958836244686,
        0.24566053658438475,
        0.2607920741500473,
        0.23300937212506082,
        0.21620975737043685,
        0.22945257261266414,
        0.2509619005852308,
        0.24564556888187372,
        0.25505101250283213,
        0.21254812844668478,
        0.23498779676542522,
        0.2745936807004945,
        0.2051374971795623,
        0.2078709285588881,
        0.28003096332259036,
        0.213991113126138,
        0.224028623477972,
        0.20867347095749575,
        0.2371988929156638,
        0.27362801741934645,
        0.24030701227235782,
        0.2504552401028748,
        0.21167298345781954,
        0.23605081871952963,
        0.21596196617193728,
        0.17837036627287073,
        0.2004933761656895,
        0.2474395776258025,
        0.22754232422744636,
        0.2206667900666479,
        0.22747280964637465,
        0.2214532700600856,
        0.24827831165865175,
        0.22311730863592785,
        0.24659493454722553,
        0.22056286918241225,
        0.21602847359819533,
        0.2318175717202272,
        0.2426285010745829,
        0.19647224841479294,
        0.25361488304450885,
        0.2189123606525415,
        0.20516598707504502,
        0.1992095402946382,
        0.2375158826951832,
        0.23680455459945768,
        0.2455552593147156,
        0.23438108171325706,
        0.22765188122027655,
        0.21475039258985987,
        0.2104332491304552,
        0.20346276737178304,
        0.2514655652672206,
        0.223617188124514,
        0.2579680222419507,
        0.22968037691537377,
        0.25024059072461446,
        0.23477814594003424,
        0.24265542751397112,
        0.24756126600901351,
        0.25452683344211613,
        0.24343254321739624,
        0.24046858682276506,
        0.20866324172920467,
        0.2512271169834721,
        0.22489262588443718,
        0.28635495212422724,
        0.2004708583139662,
        0.24069987066845688,
        0.2164282651829742,
        0.21222560137407165,
        0.2550429877204744,
        0.24169423750995947,
        0.229015107827795,
        0.22371590094770627,
        0.21701049903182132,
        0.2571194127415838,
        0.2498694016275126,
        0.23335960418403331,
        0.22368947225615168,
        0.2267679025955151,
        0.22268868837954883,
        0.23567337460332605,
        0.2506788344958189,
        0.20302995849538655,
        0.22737443711809738,
        0.22867308689626514,
        0.22867432796189624,
        0.30291102168207545,
        0.2241984486379641,
        0.19109315454501186,
        0.2741432213405618,
        0.25025846760825965,
        0.19877126232383444,
        0.24516417024683893,
        0.23879203931152834,
        0.21654085051648891,
        0.20614692366959178,
        0.226193977033844,
        0.2285613548275465,
        0.24881799229921828,
        0.2653856349817055,
        0.2110201490861468,
        0.24070067077475643,
        0.2054223518167491,
        0.22446318314360814,
        0.23086878397550545,
        0.22055252916792553,
        0.23759786979428724,
        0.22717694922226214,
        0.2495338064510425,
        0.24416277805241077,
        0.19084785786032005,
        0.24922932495417477,
        0.21571692311127896,
        0.20686329226012728,
        0.2563343507409506,
        0.22285529627319992,
        0.21224630819553952,
        0.240375183364715,
        0.25137454855453767,
        0.23694685068367177,
        0.25370657107836936,
        0.23978527869128247,
        0.24504883250692175,
        0.20594339205324697,
        0.2023144557756068,
        0.21025667325752345,
        0.2233110130105573,
        0.2095947513716192,
        0.24441069340226765,
        0.18863657669239153,
        0.240768766130433,
        0.2297072075214414,
        0.2235647066069934,
        0.2271028086067934,
        0.2405253400304834,
        0.21502543973083962,
        0.2505275475059239,
        0.20805720973611794,
        0.2299770758472879
    ],