{
    "time": "2022-10-06-14-46-36",
    "generations": 200,
    "fitness history": [
        0.1435216875745691,
        0.14262635886418062,
        0.0906436959789083,
        0.10292556119757817,
        0.11976456907894124,
        0.12650050426337336,
        0.13150017713226414,
        0.12064370954132549,
        0.12418483213462066,
        0.12493834343103341,
        0.14828889071414508,
        0.1400758160589816,
        0.15414155733417956,
        0.131227796266003,
        0.1247941183712993,
        0.1206661883444257,
        0.11621657421674284,
        0.14537211867861297,
        0.12037353085173373,
        0.14094571443379997,
        0.14325664887901077,
        0.11620787415707175,
        0.13807578169443224,
        0.10924676354310993,
        0.10871003779677886,
        0.14830342441392524,
        0.13538821977438212,
        0.13586469292009298,
        0.12912348136482796,
        0.13911129765836194,
        0.14083441056978058,
        0.1501012664502123,
        0.12835780878487527,
        0.10509813770047009,
        0.10779910921643615,
        0.1022301042741189,
        0.11375907023865872,
        0.14382868003868876,
        0.12874660320348932,
        0.16170447798453577,
        0.11862457575277473,
        0.1402890469229949,
        0.1264633741306131,
        0.11380116762633286,
        0.1228869160939319,
        0.1320136467627938,
        0.14016218001565942,
        0.1346378100897518,
        0.12679769782560296,
        0.11029390870114142,
        0.13131094740889385,
        0.13566533859613972,
        0.12425498660980319,
        0.10891585346214133,
        0.13149414656840827,
        0.12707233189722497,
        0.138669425877639,
        0.12708441428164258,
        0.14176031187113272,
        0.15600124641103288,
        0.1398990304787208,
        0.10861389066687226,
        0.12424972180263333,
        0.13988073676335136,
        0.10633457796353028,
        0.11682005716214906,
        0.11968370920537647,
        0.10379584186193418,
        0.11296147262311923,
        0.1240824262464624,
        0.13302405418035243,
        0.13635510658200753,
        0.15308809695146144,
        0.14104615024499834,
        0.1759492936752772,
        0.18780762584750818,
        0.1780881391662477,
        0.16421340820394867,
        0.2116597514618105,
        0.17782238002280346,
        0.24478807064090943,
        0.2066932499128397,
        0.17245402881329164,
        0.19417759101873988,
        0.1680530001872004,
        0.18777661858694092,
        0.22302975051565369,
        0.19240758617311365,
        0.21521563747497002,
        0.2339141349062188,
        0.19721981568584415,
        0.2258059486124764,
        0.1942429870966382,
        0.19395411573126642,
        0.20751919990510598,
        0.19344571233526955,
        0.21739721625730601,
        0.18126093027223264,
        0.19133012523158371,
        0.18855148472830977,
        0.2165430163355404,
        0.2026731676954305,
        0.23238696506157258,
        0.20565294864961137,
        0.2540941144983177,
        0.21603340103471716,
        0.19813272873743626,
        0.18743117747786184,
        0.2301645046171648,
        0.18814433225305685,
        0.1887341639231644,
        0.19258701275123502,
        0.1650022273756664,
        0.20897525064678335,
        0.23497334831780392,
        0.2136240158345584,
        0.2034610439761381,
        0.20594372604634872,
        0.1898974300732036,
        0.24076598423378445,
        0.19411543199273648,
        0.2084727223868489,
        0.24091884210575265,
        0.2524800079400587,
        0.21649072354266122,
        0.21883139531516138,
        0.1886034242950057,
        0.20279377275949806,
        0.25461760799818434,
        0.19618129285227462,
        0.19890183682077114,
        0.15373234425140694,
        0.2353531034563975,
        0.17244328533125702,
        0.19607943097120095,
        0.1749536801514714,
        0.182982898080915,
        0.1971923006823869,
        0.22996008736668386,
        0.21338275237377943,
        0.20593897695084032,
        0.22023921306957786,
        0.19128245074059996,
        0.2270817983898149,
        0.2172362929302853,
        0.2344691972165266,
        0.20414630994896904,
        0.22141669995352353,
        0.20807518227737642,
        0.18282898315564328,
        0.18155692073685778,
        0.19515673498231562,
        0.1944437178104783,
        0.20034168235682098,
        0.21396786164422468,
        0.18800787695408921,
        0.21169100591741216,
        0.21647236512297038,
        0.1968989714399592,
        0.1741047373740494,
        0.17235598186658346,
        0.18858963697235367,
        0.22368741281946483,
        0.23283110308763122,
        0.171547403556556,
        0.19704278599800296,
        0.17520999312335162,
        0.23113619610308983,
        0.22788248043733006,
        0.21115670147405155,
        0.1835204260920345,
        0.23624451656334883,
        0.19832899868746823,
        0.22610395993580046,
        0.17507375725934224,
        0.18589412026876712,
        0.21225730279480723,
        0.2270259036528166,
        0.1826083884778444,
        0.20307133668317792,
        0.2035182848387773,
        0.20808599745582568,
        0.20476356856023553,
        0.20499322596621858,
        0.16636669580498162,
        0.23933191537549495,
        0.2218893200394004,
        0.20690765765249466,
        0.2260214410403669,
        0.19950105088058748,
        0.20726761161240354,
        0.21495267798411163,
        0.2261454048702277,
        0.2063153121863693,
        0.2130685640385795,
        0.24855573901359646,
        0.1820340327407539,
        0.20688415816550132,
        0.21301009234151935,
        0.22339658438497362
    ],