{
    "time": "2022-10-06-12-58-23",
    "generations": 200,
    "fitness history": [
        0.12604131224983703,
        0.15035807155276426,
        0.1536024853211504,
        0.11912407463756729,
        0.22160311941216831,
        0.1451676582475614,
        0.14275064624175574,
        0.31171720039482087,
        0.3146030349472497,
        0.36915793453841034,
        0.12450822234168185,
        0.33489415478847684,
        0.1152496607906137,
        0.10515267053940706,
        0.35184105276314526,
        0.38084630886792425,
        0.35007213761804024,
        0.31262468480885547,
        0.13195182528686525,
        0.1118191155263122,
        0.13620538724778994,
        0.29897387538629194,
        0.12314287398711789,
        0.11696922632037582,
        0.32232923375059735,
        0.3584881757564034,
        0.3484471531493606,
        0.33451714351569967,
        0.13677306175400594,
        0.4051039476296259,
        0.3468506521658945,
        0.12639608332473906,
        0.11176831619292424,
        0.33140650933057814,
        0.325917035144376,
        0.29216860602919537,
        0.1285497136281042,
        0.32064061990429266,
        0.126899467734151,
        0.13301327229136772,
        0.1280722273555398,
        0.2984738080102537,
        0.11550764170544085,
        0.32848100735190017,
        0.33412530029298204,
        0.17077552723227132,
        0.2825349234888617,
        0.1253269626358513,
        0.3621596475474671,
        0.11482277029381366,
        0.32450743824772954,
        0.29870890679307593,
        0.15600282127996562,
        0.33724619568003544,
        0.11837004439782486,
        0.11603286021947781,
        0.14685958569277235,
        0.11596231112798185,
        0.309010337068917,
        0.29635011358824287,
        0.338844384392441,
        0.11536144080090482,
        0.21494514532497827,
        0.10992449497485143,
        0.3243244541618151,
        0.3857643407323823,
        0.13425176054935378,
        0.255065545296691,
        0.10710893776511243,
        0.12029882003798927,
        0.34709192346196815,
        0.18789814191081822,
        0.3229242870894388,
        0.3242379769702902,
        0.13050444134259076,
        0.14508662244987838,
        0.36791429358091376,
        0.1448467073218206,
        0.14744117782729238,
        0.1346250972275367,
        0.22831994092507454,
        0.3134761658940645,
        0.13225744180659654,
        0.394970338664599,
        0.1492494863867417,
        0.08199517824368657,
        0.32569130377804356,
        0.13163155293330994,
        0.11979962898018122,
        0.11837759239781458,
        0.33055935072674364,
        0.1297225377003922,
        0.13342498827965177,
        0.32671468998770875,
        0.11467744577766663,
        0.13130192959755785,
        0.10601525024040502,
        0.13545693657207777,
        0.1515785600432576,
        0.35531651476922754,
        0.1241903878148737,
        0.3385248415572928,
        0.3244364574276035,
        0.1270504946770066,
        0.3468720334590568,
        0.16196005957813575,
        0.376549322065052,
        0.3466715148878029,
        0.14164652981997983,
        0.10837055446592782,
        0.11718634989920672,
        0.10918860520992943,
        0.3043555520360276,
        0.07533211628094459,
        0.12281904628348492,
        0.13069991774070774,
        0.3286129146283676,
        0.09465873892847476,
        0.3598898046657567,
        0.12232110366105617,
        0.1236416053647338,
        0.3134376019308343,
        0.14187156931475822,
        0.3619187822577748,
        0.13869394705022411,
        0.13543197512180177,
        0.10387739563220684,
        0.3615020295927489,
        0.108964439278892,
        0.1608875318279674,
        0.350587852800733,
        0.35516615710076804,
        0.21191700670037286,
        0.14318358874126783,
        0.10561076424421968,
        0.14457340570825017,
        0.14145294625489394,
        0.3436965932944059,
        0.1388016212167803,
        0.34684835774006173,
        0.3592812310054782,
        0.10860389919024778,
        0.11294446206047831,
        0.11637638437901435,
        0.31568820847428375,
        0.346514097862232,
        0.13196195461406018,
        0.06095016218287094,
        0.3629545382093351,
        0.13176936390567934,
        0.12099497139282799,
        0.3622744752378819,
        0.16306567049385673,
        0.21151267352292855,
        0.11666435128972169,
        0.14288749656116664,
        0.12382521465092904,
        0.0901321316706617,
        0.12297116471212882,
        0.1659883447486239,
        0.15253132349800352,
        0.13414657404616084,
        0.13125435264517316,
        0.14704221083732205,
        0.21583276681731772,
        0.16153997147519758,
        0.115196492120881,
        0.3330774365498975,
        0.16162861981799548,
        0.10830572931739747,
        0.31843418948219254,
        0.11863384978116645,
        0.1899768532216003,
        0.12249002081528296,
        0.115760297521593,
        0.41125485497405995,
        0.23861670154460074,
        0.15436112014077127,
        0.32057109171413833,
        0.2989230960834469,
        0.22056619955291842,
        0.0972743755355107,
        0.12711516132672948,
        0.32932079320614954,
        0.11907626980484855,
        0.10540975137011573,
        0.1140308118810129,
        0.13055036933530698,
        0.11824466160509163,
        0.13390439978780613,
        0.17978971319873355,
        0.29706669657882023,
        0.21569238900193008,
        0.3108972225350242,
        0.4007671307689242,
        0.15726771002091428,
        0.3668521381103884,
        0.30660337240672386,
        0.13964895230967853,
        0.12634677806245848
    ],