{
    "time": "2022-10-06-22-35-36",
    "generations": 200,
    "fitness history": [
        0.14011242849873135,
        0.1476243439599706,
        0.12060854078899749,
        0.14843545872136146,
        0.11642564826495526,
        0.11819759615200005,
        0.13615868750378446,
        0.10925670460571041,
        0.11887460571477555,
        0.12808947331664547,
        0.22616191569381336,
        0.2612870758465942,
        0.25829667005069107,
        0.25186427127970584,
        0.21974908774026286,
        0.23436983196659056,
        0.22064685263459283,
        0.23411800594677432,
        0.25289390583038035,
        0.2349297167867028,
        0.24251755940533853,
        0.23034629285387176,
        0.2553174237125346,
        0.26506682769411577,
        0.2784287384924941,
        0.2408143691855659,
        0.23970445372095658,
        0.21687271761031032,
        0.2637262911063854,
        0.24813362837242714,
        0.2725564367818587,
        0.23845659046565867,
        0.2475234582429599,
        0.2032081006214296,
        0.22367308159031196,
        0.21189565832486487,
        0.23093747751679466,
        0.2547915734574477,
        0.23711056398021646,
        0.22092233077079823,
        0.2388162023424791,
        0.23273410425890684,
        0.2326050133259467,
        0.22114547772865872,
        0.21873848604842028,
        0.2660047941413455,
        0.22932918238206973,
        0.25416338638060504,
        0.23600752030787045,
        0.22445706231352222,
        0.23561059423693986,
        0.2595151173635923,
        0.2412170768912558,
        0.2311847310066981,
        0.24789075997268856,
        0.19457476312005184,
        0.23394393246053855,
        0.19877179520167676,
        0.24048416571563636,
        0.19333600703190748,
        0.22291511827645827,
        0.27801118171669525,
        0.22681958389660842,
        0.22554129487164867,
        0.23683512036002938,
        0.23477244513296547,
        0.2580926834090988,
        0.24969261477543092,
        0.2194830659164737,
        0.23247511173742244,
        0.23133720972082059,
        0.22546471646047572,
        0.23702060984662907,
        0.22035165868315587,
        0.24318318702967223,
        0.24738810628266336,
        0.21688805747198603,
        0.22023293094513657,
        0.22333787601135094,
        0.23838921158986257,
        0.24182646997423482,
        0.2108129994583255,
        0.21183131910027173,
        0.2460182983268797,
        0.21565616606775728,
        0.21474870149477351,
        0.2210150452893596,
        0.20251384463075994,
        0.21532193067163907,
        0.27453350597488035,
        0.22639969312001937,
        0.22585120925743443,
        0.2079447722053842,
        0.22533114880252783,
        0.2473856299105691,
        0.22925908412291332,
        0.21758547721214408,
        0.20227514117763565,
        0.24410163333729812,
        0.24195109088579578,
        0.23561846382401186,
        0.24208975272959574,
        0.2037348833000917,
        0.23165988907975293,
        0.1839509401622462,
        0.21685678084844345,
        0.2839573399835173,
        0.2786993014163331,
        0.18594538179947473,
        0.2658874775493894,
        0.2552074382694618,
        0.23166619589519827,
        0.2339052115028773,
        0.2109146065657926,
        0.19769716312409982,
        0.2230361619850605,
        0.20564941658381639,
        0.2017192345128891,
        0.24758178872698283,
        0.26468059799927823,
        0.2180878773474334,
        0.26163765461292326,
        0.19353676125855432,
        0.25818898302632626,
        0.2513749777106168,
        0.21156357963129832,
        0.22656244636918704,
        0.24092831967788586,
        0.23544347665900897,
        0.25642251552807954,
        0.2532058488628459,
        0.21509420576210012,
        0.23820947489201694,
        0.237336955758434,
        0.24761472773342288,
        0.3054233385551283,
        0.22058582232177937,
        0.24956374345166574,
        0.2509415064759486,
        0.21883290765966149,
        0.19546721116256605,
        0.2166222021465845,
        0.22326419543695458,
        0.23567439342632718,
        0.2300399803666499,
        0.2313317919398234,
        0.19950463106589922,
        0.22788998150023854,
        0.20324241623685071,
        0.21721747735392732,
        0.27039316998431645,
        0.24029759164473993,
        0.19649265348283992,
        0.2661722592146249,
        0.2416686959582423,
        0.22242824165463873,
        0.2390507165312462,
        0.2249629895194549,
        0.21750134031032764,
        0.22933304908652286,
        0.20369282591833168,
        0.2103392947990177,
        0.24983344989709758,
        0.21111660406304264,
        0.29003379929491313,
        0.24366690256756768,
        0.22781959478607786,
        0.28531371091707153,
        0.20862020772009007,
        0.23676707287663512,
        0.22790824542329044,
        0.24768255024954824,
        0.26004108251593466,
        0.2353022792498211,
        0.241086326584042,
        0.21828997708450035,
        0.2548265044888288,
        0.25212942360837376,
        0.22372244435288682,
        0.24757771502525158,
        0.23698728437548358,
        0.24029247088029496,
        0.2413317944378242,
        0.23867571217510442,
        0.22988549690383275,
        0.23582559050290308,
        0.2085771167680301,
        0.25362837653937054,
        0.2092336046580338,
        0.19579038191301368,
        0.24516560266638984,
        0.23451292270770352,
        0.2549373078564039,
        0.22751245564251,
        0.24157494496455784,
        0.25010216825221837,
        0.23457320974033144,
        0.2532692485137114,
        0.2483340577419661,
        0.2311012740963587
    ],