{
    "time": "2022-10-06-13-37-18",
    "generations": 200,
    "fitness history": [
        0.10382298973954375,
        0.12549611695153307,
        0.11870205580131414,
        0.11642825593559224,
        0.14471813916905465,
        0.14052565186542032,
        0.09225737886222003,
        0.13410491239830713,
        0.08927972236312667,
        0.12807939670299207,
        0.1353355892594062,
        0.1292163407310941,
        0.11308287242162245,
        0.12746827475789949,
        0.10543444390965974,
        0.22791184887291238,
        0.1008529700962445,
        0.27697932086720917,
        0.3500581744218964,
        0.34423478341970154,
        0.1493315675667505,
        0.13356978187768706,
        0.11298886280613304,
        0.11797234977844274,
        0.3335567310059778,
        0.10211153852538489,
        0.1271028213884267,
        0.3534323473224879,
        0.3537142860746956,
        0.31257787191119396,
        0.12786524796921384,
        0.11717435096148086,
        0.11685474518254921,
        0.3275398382835202,
        0.15926025581696263,
        0.10334427538247425,
        0.2892997892243758,
        0.3425073129659003,
        0.34726202174802323,
        0.3444514905374873,
        0.14207836877825142,
        0.7501997003755138,
        0.13286052727422046,
        0.12196641111015155,
        0.13711199606186775,
        0.23858011973303114,
        0.10166025651610652,
        0.12937616627470713,
        0.12816562429375936,
        0.11022863278944897,
        0.15341649618798014,
        0.10613670688682425,
        0.16171587996095035,
        0.11217038007134846,
        0.13247566270832994,
        0.11415658987957636,
        0.32382923144863496,
        0.3292056305164466,
        0.3178447790464443,
        0.12971579722472384,
        0.12716041951398827,
        0.31526429294084346,
        0.30400656697582085,
        0.21940923130125914,
        0.3032266758182987,
        0.12245021362630487,
        0.32863339556608095,
        0.3425050535915707,
        0.1279886091622742,
        0.06672416095642916,
        0.13461579065059165,
        0.3268367668579464,
        0.15133198758982236,
        0.12269800434763616,
        0.09806124263229009,
        0.1318788873834594,
        0.2980475889418778,
        0.113832923508317,
        0.13703650855595095,
        0.14176146291358338,
        0.13874648946307813,
        0.33351307249379497,
        0.3300335167738422,
        0.13598816237492717,
        0.19600545718479,
        0.10257190706814148,
        0.34370893126897706,
        0.1150885307313417,
        0.1170707578927627,
        0.359609628650806,
        0.12497676494341543,
        0.1201468963072456,
        0.35708762743881245,
        0.11671051226282049,
        0.1410602726511162,
        0.13848959900096638,
        0.14658414843452225,
        0.10488339510638063,
        0.11529207701054574,
        0.10551784330361118,
        0.11832384614301489,
        0.38241016759020985,
        0.12436698789834978,
        0.35062843910495445,
        0.13325700115213807,
        0.12879357799537858,
        0.2915992821997777,
        0.3438835881336826,
        0.11459632664563248,
        0.4042127727038914,
        0.3605717519935217,
        0.10220251661785333,
        0.3193600730892089,
        0.1361368754128351,
        0.13570259186376352,
        0.27683378339197384,
        0.12469837993634661,
        0.11540130615550158,
        0.1185524486329576,
        0.11740704247113357,
        0.27734315461420933,
        0.34329082561407126,
        0.09058397420567217,
        0.10225065099192344,
        0.08954861875460594,
        0.13992051294762556,
        0.3055592545047865,
        0.3287762107591902,
        0.16571366829145107,
        0.1848098362292476,
        0.13480674818816146,
        0.35126044764846404,
        0.13088848750361448,
        0.13616490468248746,
        0.1288727167118879,
        0.1334539280178616,
        0.36157032330265115,
        0.10479174719480834,
        0.11509543184267443,
        0.14351216862407498,
        0.3616188259226808,
        0.34778738966428846,
        0.12611542511044085,
        0.5768164141091957,
        0.13316626449279528,
        0.1390598569114193,
        0.13645901195021956,
        0.11578543237464244,
        0.31801536938281716,
        0.10323191805402336,
        0.3460665879773454,
        0.37498185551091046,
        0.12605130265962106,
        0.3091421402715635,
        0.10402454743383284,
        0.19392624572492767,
        0.104431725881877,
        0.3309066668032726,
        0.1285850524440476,
        0.3504724079976729,
        0.14403632563913457,
        0.3375912093812328,
        0.12313186710696813,
        0.1267140584009644,
        0.12166385527587936,
        0.36388882440129294,
        0.3517185045732025,
        0.11493605269901717,
        0.3482057061148883,
        0.35787421046523776,
        0.1305166906284602,
        0.13765238710475358,
        0.3391550998226618,
        0.11497784890067952,
        0.3195002304040237,
        0.1089001525385473,
        0.3530192192076328,
        0.14045029803561473,
        0.12221959232833092,
        0.19571637475110168,
        0.06444073956635106,
        0.1027132640530846,
        0.3316896029612173,
        0.30994029354597497,
        0.2598483345946965,
        0.1281110135930043,
        0.3590066925522787,
        0.13773749513321593,
        0.35743804904179177,
        0.1208427290197081,
        0.32985760095020666,
        0.3629631806030927,
        0.08963920651020754,
        0.34924463692482716,
        0.41825137004296997,
        0.12072431107457739,
        0.3366212775186983,
        0.3374496842661984,
        0.30362112695767646,
        0.36614652437132295
    ],