{
    "time": "2022-10-06-11-31-52",
    "generations": 200,
    "fitness history": [
        0.13812244348069386,
        0.12503923189062285,
        0.15941111001275918,
        0.1209238201874663,
        0.12184808149581575,
        0.1268336660347535,
        0.14296216746534132,
        0.12629328802387074,
        0.09421385387225674,
        0.15208569139646294,
        0.12841989864782957,
        0.1400416238642926,
        0.14005930256203156,
        0.1008005353826332,
        0.14574267158506607,
        0.12506729374226055,
        0.235578398476672,
        0.18934470420306085,
        0.19042511970107298,
        0.14407991880484805,
        0.11269550419558934,
        0.3219624805588049,
        0.34459311291378547,
        0.34850827821190045,
        0.14339248608082253,
        0.37249435406775533,
        0.12317139339042246,
        0.1254180292627098,
        0.1055975557619912,
        0.12369592196334626,
        0.32728680202474775,
        0.09617344501972074,
        0.1412213369654954,
        0.13560422606470618,
        0.3293284847578864,
        0.15772557273478488,
        0.1153119199934135,
        0.13825606716094646,
        0.13546606879916223,
        0.1318711688289527,
        0.14180614189281252,
        0.3456832565910268,
        0.11780402832502286,
        0.3721612463163254,
        0.12025317265506978,
        0.16111518427561503,
        0.1168050230766791,
        0.14203723296941825,
        0.1093526083819755,
        0.12403134215819243,
        0.34707395105575306,
        0.3096927461925554,
        0.12086489585170267,
        0.13858082734910626,
        0.2745134833145084,
        0.1564101072132933,
        0.13677209126736717,
        0.37797770276938175,
        0.35614515016243303,
        0.10545223251576827,
        0.3255094776251343,
        0.14088102255766746,
        0.33233937278624814,
        0.1147990182694343,
        0.32091647823036445,
        0.21163916819022166,
        0.34308607116134593,
        0.1489104215396223,
        0.35793461540908256,
        0.3319522974410756,
        0.33843474219347813,
        0.12822365193981164,
        0.15344868434452108,
        0.13898166278877935,
        0.20860410336673585,
        0.13234101639657975,
        0.26535314288162326,
        0.13266784351062916,
        0.33913907143878574,
        0.09488234653778878,
        0.15121685602278004,
        0.11693686290110167,
        0.4044823303388885,
        0.10371927144702706,
        0.1466748741705444,
        0.20793592349288306,
        0.11854977664816255,
        0.36703195963061364,
        0.13086680731083908,
        0.3323945989780545,
        0.35006041735173665,
        0.1152635762035982,
        0.12619307999899776,
        0.1280938697894171,
        0.12222414926374288,
        0.12989922467149204,
        0.13570198994618507,
        0.34510292042802065,
        0.20899959124867973,
        0.1477940001920692,
        0.34513546240720494,
        0.3546144795629565,
        0.161797145572086,
        0.4374742165499748,
        0.12051679745863514,
        0.3390868164680503,
        0.13410561930964593,
        0.10977401715560445,
        0.4533793797357562,
        0.14911354908490743,
        0.29438205818337865,
        0.1279313279830626,
        0.2787774725887471,
        0.33625969906669767,
        0.11077819331135885,
        0.34739636092914566,
        0.33239354487367995,
        0.3351948926424809,
        0.3142277533263353,
        0.3377990604112472,
        0.3663422076872017,
        0.3219420029606069,
        0.33797572039504586,
        0.32758464924138747,
        0.15350727755852586,
        0.12118170756321855,
        0.19568756127371675,
        0.09554925008885139,
        0.10750506449469807,
        0.13022161327964185,
        0.36652003367022556,
        0.14598739436839447,
        0.34134865487338373,
        0.07834027602177586,
        0.28633692555764984,
        0.12078857942037359,
        0.11609189625425657,
        0.12795567921529824,
        0.16209046862971094,
        0.15251270969322803,
        0.06575287013026383,
        0.3606812060285517,
        0.10399474707474836,
        0.3554786012133447,
        0.13004874631515512,
        0.13211797348847895,
        0.13540392372604773,
        0.12645203467124005,
        0.3347543586309463,
        0.14274850898583463,
        0.12477436141047629,
        0.12036712006452013,
        0.1408147320184716,
        0.0976994980653076,
        0.0919713915644504,
        0.1421079273531091,
        0.15183314052686522,
        0.10702256773440261,
        0.12660460795086842,
        0.11623209132248022,
        0.3868281074453702,
        0.11812002433954298,
        0.31644269923261115,
        0.3195519955257866,
        0.28648238570532814,
        0.1153814723603614,
        0.19352871234512337,
        0.08120186520877289,
        0.12238257804934331,
        0.33876027021297533,
        0.12034621955256611,
        0.31679667790467514,
        0.29789539837698464,
        0.1610892474214576,
        0.13125685849106308,
        0.33577049034149,
        0.07096580328759763,
        0.07458217980277386,
        0.1394580651728351,
        0.2958651873781669,
        0.35840700022835675,
        0.280317198759842,
        0.0970624581744669,
        0.1325758879507757,
        0.3364969779138008,
        0.1408759961264664,
        0.1401694335575237,
        0.13154203928939115,
        0.11418852645447986,
        0.1299393987553734,
        0.8249854428112244,
        0.3325794065348674,
        0.3501127873936914,
        0.13605592207092343,
        0.32462062202095454,
        0.3822428575932674,
        0.13322603323037563,
        0.10129361059471861,
        0.3114039995820908,
        0.1884386325897754
    ],