{
    "time": "2022-10-06-21-29-53",
    "generations": 200,
    "fitness history": [
        0.1180197884125408,
        0.12877534965200454,
        0.1282364633730385,
        0.1565862231407227,
        0.17531241957277974,
        0.22853688190760682,
        0.1207725064890439,
        0.11378946368638028,
        0.36397241873048086,
        0.3368228507592417,
        0.3322888775625185,
        0.339237932300903,
        0.3054802439389839,
        0.10157074965378793,
        0.13259020092103938,
        0.2992985621418793,
        0.3777142276667329,
        0.25733293987953687,
        0.3216031355364369,
        0.14705205240116467,
        0.2603655645049223,
        0.12755157746920764,
        0.34649293820143806,
        0.32157386179398045,
        0.1257795013433657,
        0.32342642038197267,
        0.33002202344176446,
        0.2881015791302026,
        0.14400820010384596,
        0.3297128795905748,
        0.12486218610921927,
        0.3209808133341832,
        0.1297662419840004,
        0.15769241318947555,
        0.32909092488078623,
        0.10221158118331138,
        0.13844190587121488,
        0.3145770177818564,
        0.12312623380334495,
        0.12715142828793788,
        0.28821649150630047,
        0.32029510851819454,
        0.15480241190214128,
        0.11300548641647554,
        0.1635196974811524,
        0.1174876327514219,
        0.1295938501977172,
        0.15945663781599081,
        0.18615801588966718,
        0.15897829437512434,
        0.36734924566706634,
        0.12061621415105296,
        0.26311539174625614,
        0.12088960875376627,
        0.13222780425047242,
        0.10057627225300551,
        0.35488115645590873,
        0.1008636421310542,
        0.34219323780929334,
        0.11120878266487196,
        0.1504785155547227,
        0.1423710016939082,
        0.34187004941325605,
        0.10899835780744002,
        0.14227470525170186,
        0.09908448115932528,
        0.1897405180185641,
        0.27374665238547286,
        0.10958716856298974,
        0.3407969003278934,
        0.3231620423020094,
        0.12789510470184562,
        0.35204072046202034,
        0.14051610340011203,
        0.33874022006189847,
        0.33624812231664686,
        0.1253138763205801,
        0.34983325053536385,
        0.12283218414139416,
        0.2259683924406781,
        0.12245622095830781,
        0.12967658256943929,
        0.3122429332651049,
        0.18481564303759104,
        0.3524669466038469,
        0.3596983421783346,
        0.14163236576251503,
        0.3199343939877128,
        0.3421427043585695,
        0.13651629471218305,
        0.11892853978074454,
        0.3454425784575845,
        0.16862308189263048,
        0.32820327268977395,
        0.12848299273785668,
        0.3647224387319015,
        0.12233740568170134,
        0.1333118947141001,
        0.14253641440923717,
        0.14281731795700414,
        0.12108316834124087,
        0.12301731624770909,
        0.09751799991988742,
        0.3172723091095265,
        0.31187347203249616,
        0.1286535299645506,
        0.1357134083822034,
        0.3237254039163728,
        0.11929395140591904,
        0.11742893306595975,
        0.325494571548915,
        0.12294157198544634,
        0.1373193081123074,
        0.31822404619205236,
        0.2066081655457904,
        0.1277138625936721,
        0.13005016325976426,
        0.12935896717413,
        0.22633726173167407,
        0.34828356673063526,
        0.12740109023332324,
        0.11741846936967307,
        0.11403375066582934,
        0.12063828387668833,
        0.12962479826281115,
        0.3181237889424667,
        0.3168361975184928,
        0.11152197687436899,
        0.3149845642412965,
        0.34705543070434436,
        0.1141484432354835,
        0.1288108347928955,
        0.10425939707091281,
        0.338747049188725,
        0.13818100372410913,
        0.1269386383619785,
        0.3353235492387819,
        0.1629800909800695,
        0.13297844119600882,
        0.13244650865283009,
        0.13588171918620168,
        0.34464676947539225,
        0.13479204310847223,
        0.12456074008604003,
        0.3656162412616208,
        0.11109657778681323,
        0.18943728358681505,
        0.3419118066798146,
        0.369959499692062,
        0.3111629091164097,
        0.3608897780415288,
        0.3415065743461336,
        0.3309810749030291,
        0.13933808798842715,
        0.12011814151126948,
        0.12129980755569889,
        0.1384379632929705,
        0.333125758737132,
        0.13271644388881837,
        0.31973172850156784,
        0.3256324989680231,
        0.12312164992683527,
        0.11823461513560102,
        0.3354819373891387,
        0.11854090358356509,
        0.3498394577650096,
        0.13151545619681662,
        0.3395077395020021,
        0.07375677132306678,
        0.153968216695103,
        0.1337302528656645,
        0.09936141415693278,
        0.13938051355089276,
        0.1384557406032722,
        0.11979176842584517,
        0.11789835015082857,
        0.12846850336216012,
        0.350143127308017,
        0.14235650798582905,
        0.12256459783212305,
        0.22467267459649562,
        0.22829836376036242,
        0.36479243498862424,
        0.1299672894779127,
        0.10576532291030176,
        0.16496416143801795,
        0.23743134343085598,
        0.11390879452408857,
        0.3541776671084461,
        0.11774036534661095,
        0.11137643832495168,
        0.36221708489172116,
        0.11301771160790725,
        0.3147049265301776,
        0.1293276554051507,
        0.13167241176758385,
        0.3385113549421292,
        0.1247549070043264,
        0.13608281408219441,
        0.3047215029031256
    ],