{
    "time": "2022-10-06-21-07-54",
    "generations": 200,
    "fitness history": [
        0.09812651436943272,
        0.1413006293455425,
        0.13411624173522343,
        0.1215715889971081,
        0.13637236482284093,
        0.1231947948614972,
        0.15390661886787638,
        0.10959058172691698,
        0.1301166853556445,
        0.1448286081582166,
        0.14227337722309247,
        0.11044898247056895,
        0.11955391175782179,
        0.1470140037467789,
        0.10868211596821299,
        0.1670984465783048,
        0.2856671218138247,
        0.1445716753655705,
        0.11723333401821037,
        0.12213953940658918,
        0.12839177364376783,
        0.3568809560615361,
        0.11803765761776157,
        0.15732952628301636,
        0.10974864445062087,
        0.19028496551992474,
        0.28111057262099926,
        0.3123425283056367,
        0.1146378433557726,
        0.3553560324162676,
        0.3414821498847229,
        0.12826049302345882,
        0.5017671171820591,
        0.11798720876501706,
        0.13799560933621968,
        0.3736827098146296,
        0.31585845426488207,
        0.35085624590897313,
        0.1338005605305486,
        0.12130135727092524,
        0.3334906067110623,
        0.13782632586922525,
        0.1957912769447465,
        0.15390164257872432,
        0.2486635380016274,
        0.34930106041202535,
        0.1347140887505633,
        0.3940043362630638,
        0.14004402000719388,
        0.1249954622512659,
        0.14459480601630098,
        0.1232228711463465,
        0.12221464628897274,
        0.12810087598183426,
        0.3047163270315441,
        0.11514499691247705,
        0.32224088361721115,
        0.1193946586720172,
        0.12228063336861995,
        0.1308593096106172,
        0.40522883139719434,
        0.13558672312435546,
        0.3260597966892742,
        0.32686174692509085,
        0.30935383426133545,
        0.10928374049819572,
        0.11634227573696654,
        0.3331921962491852,
        0.14379018593583986,
        0.0853398426764117,
        0.12805480929604898,
        0.23744393979322712,
        0.28313535707841436,
        0.12280241588241365,
        0.3331596132907093,
        0.36368213183389353,
        0.12894531213062443,
        0.09788376259226116,
        0.13543426475701756,
        0.13909544840016627,
        0.1030164934393017,
        0.3535208260928379,
        0.14400178379309658,
        0.14683688086629926,
        0.12868271613013088,
        0.3425383905739762,
        0.1567926849448287,
        0.12050736052350079,
        0.11283637116049969,
        0.35617935441544274,
        0.11301270153947851,
        0.1220765121919988,
        0.24851532408207277,
        0.14096963893091266,
        0.12045664945908018,
        0.12050564794054307,
        0.09705552280148541,
        0.1138469865068864,
        0.3414329065808793,
        0.1230378122896105,
        0.11872003374892572,
        0.10384621788390037,
        0.35257717378565334,
        0.3269220642241635,
        0.2946888225048243,
        0.15496453285147427,
        0.14270050415599503,
        0.2898577049203899,
        0.13396564986545217,
        0.34098373776863755,
        0.10858941155546181,
        0.3093488653511174,
        0.12569440356153883,
        0.13784706764688276,
        0.3106265541832579,
        0.11825640303873591,
        0.3643351711541745,
        0.11001456173667554,
        0.12913035012571092,
        0.33429450624282625,
        0.1378849225945475,
        0.141542259633537,
        0.07842141898137032,
        0.12225697060058675,
        0.14889333738470212,
        0.31469528615329817,
        0.3460817360716266,
        0.11718275754012986,
        0.1352034972857023,
        0.3503295027287944,
        0.11683177761303985,
        0.22032351935190475,
        0.12215460429174946,
        0.3266716110112563,
        0.11753507787952629,
        0.11359789702460324,
        0.11625966376311961,
        0.3478329564610469,
        0.1464779890964677,
        0.12855068218046214,
        0.3510869383241558,
        0.34768828692139153,
        0.12072145071156257,
        0.13466058707572204,
        0.13109334101555312,
        0.3596886325289645,
        0.37218426018635825,
        0.3561632367591002,
        0.5087020269774428,
        0.0977264492899832,
        0.21189671712337355,
        0.1252751573734342,
        0.1159284538621471,
        0.12709073075192515,
        0.32789541250562526,
        0.35430961025515045,
        0.3869883831079219,
        0.1367871266160115,
        0.3766493301867398,
        0.13617281419770355,
        0.33354235113651165,
        0.11887156810650923,
        0.1185508704371702,
        0.14575013269890436,
        0.12428640558380552,
        0.1181001922860707,
        0.1286857171216724,
        0.13414329047844714,
        0.23214174987903635,
        0.3579634110780593,
        0.09588979577907296,
        0.3343198144973794,
        0.128310933708446,
        0.12129411566920158,
        0.34815818038644814,
        0.30777435018510696,
        0.3641404912935943,
        0.15993166396152977,
        0.12319228996936551,
        0.1470192404989199,
        0.3165288990382484,
        0.14550545378005494,
        0.1501144493121799,
        0.12374783180169172,
        0.09807076656297628,
        0.14382999444797342,
        0.12143755959573317,
        0.10331305556813794,
        0.12823642930549342,
        0.3495052241238279,
        0.36823676204516687,
        0.403609289771502,
        0.12542750763454832,
        0.15138887015905703,
        0.34447758703568626,
        0.10686465439887785,
        0.1182896612906737,
        0.14339625730777766,
        0.13310488522532574,
        0.324196748608613
    ],