{
    "time": "2022-10-06-14-02-59",
    "generations": 200,
    "fitness history": [
        0.1570801296429508,
        0.11188546996457388,
        0.1286780777116046,
        0.1200521553882702,
        0.1310190875571665,
        0.13420603125737204,
        0.13587609205049536,
        0.08305925162950584,
        0.12397290421045794,
        0.12207649784373183,
        0.11547952764087491,
        0.14720547716401836,
        0.11714889637011151,
        0.13467235633186317,
        0.0998630723624367,
        0.11968989042671117,
        0.15099223521785843,
        0.09582851548267834,
        0.11059745600687103,
        0.10222696631555613,
        0.14707150653433076,
        0.12271148432129961,
        0.11073395231283087,
        0.11219548389922958,
        0.13580948727540698,
        0.1356111718688801,
        0.14722482061365913,
        0.11835829105662471,
        0.10753694320573681,
        0.11415607474755785,
        0.14232212513909498,
        0.14625801146581247,
        0.12119214708415091,
        0.11598050499516954,
        0.116694907751885,
        0.14888011380810903,
        0.12500126874348053,
        0.11857813691243262,
        0.11571148214757601,
        0.12154056412273981,
        0.12593696776057373,
        0.1224191941445259,
        0.12682579452218332,
        0.1474458688032062,
        0.1255917300528785,
        0.13562008357537897,
        0.12243839287397586,
        0.12018534791457075,
        0.13709135089722418,
        0.11876410470329164,
        0.11448833891794438,
        0.1265165420562016,
        0.12065603644391397,
        0.12480917003103477,
        0.1223045874691419,
        0.1253713439613681,
        0.1496915442352752,
        0.17361885010592437,
        0.14807950399747458,
        0.1644235882469603,
        0.14849159306581447,
        0.19093572895542768,
        0.16895253582098274,
        0.164303810564892,
        0.1867618934355828,
        0.18756719796051036,
        0.2222828595724766,
        0.20956536394082917,
        0.18915866262258035,
        0.19888395335026943,
        0.16635556518444447,
        0.16650005249873956,
        0.21297830243023125,
        0.21449038467950243,
        0.20585522573594792,
        0.21379847343376038,
        0.19888986483742713,
        0.21725899392632722,
        0.20429253379123888,
        0.22154912573092475,
        0.23493757828542564,
        0.23253152701257523,
        0.19571018417993413,
        0.21559092714954667,
        0.20953447339666706,
        0.21630692051379935,
        0.1808819904784335,
        0.17942165161915788,
        0.22340116281099068,
        0.21890618205901183,
        0.23953230784555374,
        0.21696696629983742,
        0.2296360261315966,
        0.22638745497232324,
        0.20396279747021953,
        0.23032764628139046,
        0.21346501359688463,
        0.18564032524763863,
        0.15866695164455677,
        0.2124621566745269,
        0.21004981717174318,
        0.23629172351466324,
        0.18667108951632566,
        0.19545135954344453,
        0.2101295570041096,
        0.1751922498120464,
        0.19769999031645416,
        0.22548779761586496,
        0.22024647679957204,
        0.22615387503132972,
        0.1919048258938967,
        0.1856123968823023,
        0.19328041315157854,
        0.1941299787516809,
        0.20609203752430522,
        0.20444051999958807,
        0.23555229537828712,
        0.18765133254665392,
        0.24054534460051286,
        0.1947452618961978,
        0.20332454560860266,
        0.1950577796222215,
        0.2015117054784084,
        0.19722874571205828,
        0.21999036820514015,
        0.2048228343202908,
        0.1724575706172945,
        0.20421898715023123,
        0.24020251792802128,
        0.19258567712486432,
        0.21694494376082363,
        0.20928391990303566,
        0.23714442070339692,
        0.18751722922250236,
        0.19426624727823255,
        0.22818024327211683,
        0.22453942862739582,
        0.2178322007648144,
        0.20339116428965096,
        0.19084239718426507,
        0.18814548160647693,
        0.1834754713213677,
        0.19523093718419196,
        0.19032120560024596,
        0.20438415634635818,
        0.1782196559386427,
        0.2110711022301613,
        0.24449772875053882,
        0.22331166622582646,
        0.22654429935646753,
        0.23550596213283229,
        0.19014769325815895,
        0.19635430735254825,
        0.16828862328402824,
        0.21092135226312375,
        0.21640966044405696,
        0.23883967785308338,
        0.20936782521335695,
        0.20814638967229185,
        0.19083330767991719,
        0.20409751481803654,
        0.19078112857772822,
        0.21249233576041562,
        0.2179218867817243,
        0.22879177651641178,
        0.2311567036664422,
        0.21510889610911207,
        0.1952674177866748,
        0.23158523973706494,
        0.17655814699505434,
        0.21134883944461805,
        0.2038843889177883,
        0.20828847200042652,
        0.22872566362069555,
        0.20982377543963893,
        0.20288105996727332,
        0.1888163273926388,
        0.19890896155494253,
        0.20019046978748287,
        0.18755543180209577,
        0.21529708284634064,
        0.2017027915742491,
        0.19597790173331642,
        0.21436864513494125,
        0.21777005958522455,
        0.23621871261080848,
        0.22874753925085883,
        0.21112459895484825,
        0.2137597212638118,
        0.19788127315826565,
        0.19660401843296138,
        0.18986573007317595,
        0.19287353895273207,
        0.20868911213892652,
        0.20743209479125646,
        0.17504240789298298,
        0.21514440483466635,
        0.18387932691922895,
        0.19909589308941492,
        0.1972201822207633
    ],