{
    "time": "2022-10-06-18-27-17",
    "generations": 200,
    "fitness history": [
        0.13155709299449603,
        0.12067125425994021,
        0.12496982604192838,
        0.1357015884343639,
        0.11932016924183228,
        0.13474179540774606,
        0.1962016201406775,
        0.24087178070798695,
        0.13092851214149678,
        0.1247345819559769,
        0.34103071872509433,
        0.14141779570939952,
        0.14139313000005893,
        0.2852481159375625,
        0.3337893606302099,
        0.10756637223380952,
        0.346082157248408,
        0.1253118219643048,
        0.3705509507706924,
        0.33495712011786266,
        0.31804401820857825,
        0.331393893685579,
        0.3193115737281607,
        0.1342420812617781,
        0.3050426029731678,
        0.3682498155243477,
        0.11873211608266254,
        0.38271799109866167,
        0.11769542654494847,
        0.43948889445060924,
        0.3243323360563103,
        0.12869004901709372,
        0.11881907878651855,
        0.11536110623649738,
        0.11993397430872076,
        0.3347093372202165,
        0.33710592248760607,
        0.11009502680980283,
        0.3515561319271771,
        0.3292868566861914,
        0.35099957705768303,
        0.13223422245153407,
        0.3440275691599014,
        0.34528503631469476,
        0.21855786766668675,
        0.26922645565716785,
        0.12166823193878215,
        0.1388867266802691,
        0.3147193902772144,
        0.3735294662069865,
        0.3623491327857448,
        0.11156524797419774,
        0.12908401315147144,
        0.350941141275092,
        0.1243524337998196,
        0.3505698180166884,
        0.13689447403330257,
        0.3173156840308073,
        0.3170529336604656,
        0.3909708736330164,
        0.13231376669621292,
        0.11415018433255125,
        0.3031522564030876,
        0.3243503037071843,
        0.14449736584126935,
        0.11573728121073776,
        0.3412043887172819,
        0.3428682844280948,
        0.24615444795568472,
        0.37198065315727386,
        0.12798009092345827,
        0.12057072068131966,
        0.13949302855120474,
        0.33463778872353045,
        0.14016638903736725,
        0.2739287108508346,
        0.1263575463354904,
        0.12484879080252229,
        0.3600617495036241,
        0.3196727600536996,
        0.13556786437562474,
        0.44613460953220724,
        0.34824121674142305,
        0.31300293897424536,
        0.3269596334152709,
        0.13609817796131624,
        0.3267183547409893,
        0.1213124758594566,
        0.13716513456812265,
        0.1448296796225561,
        0.11084887883922732,
        0.37198402406449405,
        0.13016699375274446,
        0.2688824356002431,
        0.3304944088052213,
        0.12450437845074369,
        0.10997534800596442,
        0.07722570218631242,
        0.11631090322333534,
        0.12531080051422927,
        0.06668189288965116,
        0.12863184377642262,
        0.12786307402468428,
        0.2311541070466346,
        0.1408699021689647,
        0.12011257988216492,
        0.3360553911512364,
        0.1406556401653833,
        0.14477188772885408,
        0.12918872618705288,
        0.16159254723284366,
        0.37241432563169524,
        0.10600827025482032,
        0.1261676302305327,
        0.3470185592032064,
        0.34599678282151886,
        0.34777227095293534,
        0.087047383329586,
        0.32873849545776473,
        0.2510901638467297,
        0.2486555125077957,
        0.11702500968896608,
        0.18362981844170279,
        0.1242655602701571,
        0.32485727952790455,
        0.31408064199472674,
        0.32214112859934013,
        0.12275238545165822,
        0.11830093842960451,
        0.33834534672243444,
        0.30084695601699374,
        0.11496883903222013,
        0.14160719902257402,
        0.38018562807071177,
        0.37347005925230115,
        0.36157529390970067,
        0.12440833507079167,
        0.12666084754201648,
        0.10700365093966864,
        0.14160989730234416,
        0.11892251795339444,
        0.11339116893384688,
        0.13294232535027967,
        0.1339691127398331,
        0.12796615375097,
        0.30124428892031285,
        0.0587667297205181,
        0.1451111840672946,
        0.14594332101379542,
        0.36502943639424745,
        0.3693354179174326,
        0.348993432544,
        0.12025226638809582,
        0.12026412600763513,
        0.21041414675035994,
        0.11072099419729056,
        0.36835406829703216,
        0.13715248168064118,
        0.335713059299961,
        0.11678953877580395,
        0.3553967146319957,
        0.3549865844206758,
        0.14797899440844314,
        0.1080259744978519,
        0.17629479713388221,
        0.12179814597848082,
        0.3707915926822792,
        0.3474428240355363,
        0.11919587108298353,
        0.11918160107997934,
        0.10826853908760604,
        0.3448671383355632,
        0.14858796167064228,
        0.11961905741448105,
        0.11328216114467507,
        0.35706527010176425,
        0.13373784755854476,
        0.3388570236935856,
        0.35767917001103017,
        0.12987227527995315,
        0.11501621525143785,
        0.12555473797578653,
        0.3269025646693121,
        0.25449024541044657,
        0.11024510764621492,
        0.26580789450365194,
        0.12513297146524027,
        0.07045152425929926,
        0.34300371481452524,
        0.32657367123530706,
        0.1015841005305318,
        0.09457270988476209,
        0.10618456461542033,
        0.32999845013772416,
        0.36618651667248386,
        0.07181160489805472,
        0.18569904606966486,
        0.35787397696924195,
        0.09594694256318281,
        0.3502808084113579
    ],