{
    "time": "2022-10-06-12-35-46",
    "generations": 200,
    "fitness history": [
        0.11522828915627135,
        0.15084147087156594,
        0.12184665302586736,
        0.10276695013765456,
        0.1323775818319421,
        0.11340850101545445,
        0.1174705020340903,
        0.11288648691230657,
        0.11149939269070115,
        0.11048740785458089,
        0.1305796566742649,
        0.11924269979723869,
        0.1366626703498561,
        0.12342067684601817,
        0.136933860016206,
        0.25489170341177586,
        0.22523630541978432,
        0.2717361406629197,
        0.17968012683940907,
        0.25514377322061216,
        0.272911779282256,
        0.18989736989029038,
        0.2420428666050235,
        0.23043508734927795,
        0.2331417181770064,
        0.25644340136822125,
        0.25376878859900764,
        0.2613490729191448,
        0.2641575139198375,
        0.24778952761924958,
        0.22563666587679487,
        0.2287760914388209,
        0.23660254828171762,
        0.21287334672750194,
        0.22678678113175404,
        0.2527669969852238,
        0.22676890591957333,
        0.2208378432095738,
        0.2497977182594183,
        0.2305927908686528,
        0.23870908677911826,
        0.22498177313907441,
        0.21434506597643904,
        0.22804772059974376,
        0.2597553522992946,
        0.25043631804050254,
        0.24716479793047225,
        0.2380241264963605,
        0.23999273566301368,
        0.24582304421051585,
        0.20340824278772263,
        0.2381510004190476,
        0.22449859732781532,
        0.22837362732141475,
        0.22725421709256563,
        0.21049400755583808,
        0.2650207081766056,
        0.18072783058825473,
        0.2314458158852621,
        0.2396182500838906,
        0.19791577604592386,
        0.23612787497613497,
        0.2153383776495902,
        0.24630669780033848,
        0.22260057416822934,
        0.24592731011172952,
        0.2240004552034235,
        0.25143466763615746,
        0.19641908478857104,
        0.2566648435863964,
        0.2888912175172531,
        0.24780679399794361,
        0.23592647332998049,
        0.2621646189333771,
        0.22136485297734204,
        0.2731025458669143,
        0.2028877511952561,
        0.2160513863006611,
        0.2057833769931519,
        0.24229300318340644,
        0.25677839791130613,
        0.23026780442463327,
        0.30237997774647757,
        0.20524398156352855,
        0.2575728141193929,
        0.23404325062940995,
        0.23224517630625946,
        0.23767144781579375,
        0.24559823799828057,
        0.2213919231111568,
        0.1659568692342269,
        0.23386765737904355,
        0.19084224950867473,
        0.239883469218256,
        0.2388538751388172,
        0.24078387408615967,
        0.22932564805730543,
        0.24866610700118194,
        0.24424133296777023,
        0.23434695403931857,
        0.2297830167954649,
        0.2523901218994766,
        0.23344167854381356,
        0.29803679845022957,
        0.2779321750957911,
        0.23258939502100973,
        0.21238745461908304,
        0.222215656387833,
        0.2266561407657811,
        0.24993136613320252,
        0.24498177689810877,
        0.23144007039106573,
        0.22258629505899996,
        0.23855927545071082,
        0.22434561198202904,
        0.2470696990803555,
        0.20311634856172844,
        0.20814962740794182,
        0.21856170737684244,
        0.23413280434427822,
        0.2132764932332415,
        0.2563774778501143,
        0.21406374458810287,
        0.21258477833292777,
        0.22696957217600944,
        0.19615060701325857,
        0.29211273190638304,
        0.26424858036782056,
        0.2151528780608582,
        0.2218202306459945,
        0.26509485119347853,
        0.21717250254452822,
        0.22468682490071676,
        0.2732144800786561,
        0.2426336401873481,
        0.22685955400380248,
        0.21079991635884027,
        0.24089549952007597,
        0.24195261741746538,
        0.2264228368741203,
        0.23896198392706655,
        0.23514928053109443,
        0.21106343248267756,
        0.23331591787595557,
        0.1994294107251487,
        0.2084146364471008,
        0.20859115408675236,
        0.23541692592817337,
        0.2293619804712949,
        0.2001553795534703,
        0.21071540974270167,
        0.22765051480895374,
        0.24303303257313413,
        0.24898310845778202,
        0.23884720827835967,
        0.2205566974068069,
        0.26006177839520733,
        0.22161741032456944,
        0.28688772026718573,
        0.27663996737753593,
        0.2235347633360497,
        0.23949219199192334,
        0.2530704704230291,
        0.22448209766580635,
        0.20323076140164148,
        0.20187296507474703,
        0.24719937091909247,
        0.2038256644006632,
        0.22193392753708657,
        0.2240739049836522,
        0.26574986864502376,
        0.2521941544009654,
        0.22062619339750308,
        0.2449817409784321,
        0.2223725712371399,
        0.2413737879384817,
        0.22078359832429645,
        0.2478495752133494,
        0.2401118188591164,
        0.22644451952880018,
        0.24693802385393354,
        0.27224277357210225,
        0.29044664453278624,
        0.20721084870133338,
        0.2351426987628099,
        0.2239879052694154,
        0.22449510300361514,
        0.23591195848381233,
        0.2643112307940946,
        0.2605228637120666,
        0.23830919064675812,
        0.2394868533571101,
        0.2662696091438354,
        0.24873138482378618,
        0.2552057550583635,
        0.27523539978695405,
        0.22446679126889324,
        0.20521324765304894,
        0.22504843059089158,
        0.23198124873570158
    ],