{
    "time": "2022-10-06-11-11-49",
    "generations": 200,
    "fitness history": [
        0.11089544784420381,
        0.1278202586727306,
        0.10269727129018089,
        0.14934433598953767,
        0.15061236774616643,
        0.15408565072597064,
        0.18644339278922306,
        0.13037936275187806,
        0.3287740172128511,
        0.1246206199281281,
        0.11810211903508185,
        0.10749044318057545,
        0.13961492043080886,
        0.3040595371808642,
        0.21634374189870073,
        0.11450435970739145,
        0.3378239752094789,
        0.16676416068208405,
        0.14589366973681192,
        0.36552282111000095,
        0.11209108288378886,
        0.34655231978496487,
        0.14693470888223717,
        0.34989165011526646,
        0.12956761981288983,
        0.11061251807132494,
        0.10655371754646083,
        0.12611279731335912,
        0.13321449202484195,
        0.15599639912125604,
        0.33754248569744805,
        0.12844444124078064,
        0.12256880733762313,
        0.12488499252162719,
        0.11053793398497845,
        0.13430974768581602,
        0.1179995280551125,
        0.34600936700894425,
        0.2440805392668515,
        0.12132951054639973,
        0.12578621982949392,
        0.1263353744661172,
        0.3584575935545772,
        0.35666277357722587,
        0.32879953247479476,
        0.31420947282899164,
        0.12255967712787783,
        0.13057753560758195,
        0.34264576590738277,
        0.36095825353391703,
        0.377950672443569,
        0.31441508420339226,
        0.3212181388109855,
        0.31904039704111986,
        0.11538881909817789,
        0.3155898908292649,
        0.16918610176561993,
        0.3281574970931637,
        0.14587167979398288,
        0.12402714521490164,
        0.17530005054343215,
        0.12094346063812676,
        0.3397330373177798,
        0.18632967586281723,
        0.12961980030989279,
        0.11639018126533048,
        0.31996068085384516,
        0.13638026743913373,
        0.3317111016346847,
        0.14482393400696594,
        0.10259580458176973,
        0.1293470389304882,
        0.12452635866678705,
        0.1129203808795168,
        0.12012905501588135,
        0.16848605022278662,
        0.10596227947884537,
        0.31746658788661203,
        0.14529167349938957,
        0.14161516607284674,
        0.3426989055679053,
        0.16046194633907962,
        0.10586782689875164,
        0.32379798368326257,
        0.11959090323846422,
        0.30161029593885014,
        0.12142452921901402,
        0.11250116580166171,
        0.3028685852363387,
        0.33831417717112233,
        0.2581286195862002,
        0.1459964430302755,
        0.12434320655207948,
        0.11295244395046371,
        0.27573958626716544,
        0.11733809658963279,
        0.10185235107195703,
        0.11863508477416636,
        0.32302043209195697,
        0.13145372871670127,
        0.333776402458897,
        0.12883881044965534,
        0.15013569822830447,
        0.12853897246214724,
        0.1383078026012405,
        0.12692733260448466,
        0.10645929926210693,
        0.315235937087677,
        0.13980351192458518,
        0.14550727259537144,
        0.12005049932057085,
        0.12177930336555244,
        0.33918081882948486,
        0.12252800080143014,
        0.14007858527138534,
        0.16360810899269468,
        0.28039012684069287,
        0.11018393014418516,
        0.38823241956314125,
        0.3707050438547382,
        0.3308392313182413,
        0.31865463575751624,
        0.1540594228706042,
        0.3344312647906715,
        0.12842118440199735,
        0.13712735228520803,
        0.14197626963697224,
        0.12272615449810892,
        0.13670655615923805,
        0.2958822612039362,
        0.12639960464373723,
        0.337773001633835,
        0.12974908656121487,
        0.11633719191119271,
        0.11718138433325077,
        0.34362597533494643,
        0.322428831517931,
        0.3728035845481138,
        0.340601463278194,
        0.10914530602230617,
        0.3212150847910313,
        0.13761944781967678,
        0.10178698633064748,
        0.31152179672658753,
        0.28209400000621576,
        0.3286745359636967,
        0.10929936029499256,
        0.10736946595180415,
        0.3443854021463087,
        0.32656579264478647,
        0.11637128536183342,
        0.12818802626749623,
        0.3171589099659956,
        0.14681810137469886,
        0.351272042395802,
        0.13193033003017895,
        0.31481201413683996,
        0.12065702946890729,
        0.3288460482225618,
        0.14478990295471791,
        0.15243138532626616,
        0.11256513303700809,
        0.12321455401819227,
        0.12798139718569437,
        0.36893819229396174,
        0.19094848299094053,
        0.14956187072933794,
        0.3183138539063345,
        0.2851966556067833,
        0.1368034345527256,
        0.26670014634582606,
        0.13234353360016501,
        0.13658097550048717,
        0.13414269428399422,
        0.13901660120578258,
        0.33486936401765777,
        0.1044740307393107,
        0.11999662979848326,
        0.1140069381558284,
        0.3384623435119587,
        0.1273844059140316,
        0.33542131829070443,
        0.1531394658036926,
        0.3325346565301015,
        0.36160003147809483,
        0.32645500016597767,
        0.3465166901925903,
        0.11901914589513587,
        0.13033561301282082,
        0.1023283740921835,
        0.1181200111596609,
        0.10576189408772979,
        0.325173618465761,
        0.12878907186325905,
        0.12262387960775355,
        0.11684016008030124,
        0.14305661368989622,
        0.31627614712726554,
        0.1352586439829837,
        0.1344309278616244
    ],