{
    "time": "2022-10-06-15-16-14",
    "generations": 200,
    "fitness history": [
        0.13711892924115,
        0.12488381758271114,
        0.11980007262978155,
        0.1021389377491737,
        0.12630777188257633,
        0.1307060135118986,
        0.11422429062572133,
        0.12222239598940961,
        0.14756373857787397,
        0.14081718498147755,
        0.1471832319784484,
        0.13005016784640894,
        0.13584890946268185,
        0.27573622070956405,
        0.1643934109697821,
        0.126431887198726,
        0.3208476547138073,
        0.2934399393486665,
        0.14092791084188078,
        0.2692568075782086,
        0.24895952944259925,
        0.23334343822989237,
        0.18848487051604595,
        0.2121680467527516,
        0.2349505473220991,
        0.24318185299713657,
        0.25453913720084725,
        0.22334520649417988,
        0.24471329026838773,
        0.23406396992279926,
        0.22856439307132054,
        0.21665782601393124,
        0.24122355636034562,
        0.25388804323821124,
        0.2067466636807679,
        0.22342427966379144,
        0.22345344327540584,
        0.2395810148016453,
        0.256339126799767,
        0.24116980501258406,
        0.23656621709919254,
        0.23300187695989524,
        0.20073664378455983,
        0.2578983376473166,
        0.254754981780987,
        0.28208192280872535,
        0.24547565072962665,
        0.24468166612409104,
        0.20967338305986657,
        0.2535172749333991,
        0.2371704905155167,
        0.24799704144408474,
        0.22983738179414398,
        0.27364340663295605,
        0.20808486761792414,
        0.24531021918759685,
        0.2495329143684814,
        0.27554064669247924,
        0.2200809855685002,
        0.23441361815456913,
        0.21423659209169557,
        0.1987028502136527,
        0.26610024426434653,
        0.2347651145318828,
        0.21315947190736168,
        0.2474070737665629,
        0.2338150301137713,
        0.2313416246801902,
        0.2685359059703754,
        0.25074643925287576,
        0.2247641224593653,
        0.2408855642818266,
        0.25119632825138855,
        0.22869388179699027,
        0.25471205095400756,
        0.19385570601993515,
        0.24371250733965702,
        0.2279408006330953,
        0.21887564693439457,
        0.23549654971504605,
        0.21903126391921904,
        0.23103777456469743,
        0.23181791467211238,
        0.2607275137075114,
        0.24137248596411823,
        0.20920553123629676,
        0.25598793561850797,
        0.2129550804194272,
        0.2164871534145687,
        0.2318717396926139,
        0.2555280739531178,
        0.25456758876823055,
        0.2286138936973182,
        0.2449339751808124,
        0.26048675144059197,
        0.2505169326097971,
        0.2168786001974969,
        0.23353197090042677,
        0.19709171957341393,
        0.2467620092567878,
        0.23866153223631406,
        0.23579715000020993,
        0.23407192561374462,
        0.23330079232416764,
        0.22668469786506443,
        0.20524172636999907,
        0.21519963893581195,
        0.23826123004395552,
        0.251535670593431,
        0.2694338711867553,
        0.2659005920636323,
        0.21926512631106568,
        0.2147388861407613,
        0.1935339583862716,
        0.21602171994208,
        0.23062851011783292,
        0.22963728689885662,
        0.24844853368249134,
        0.21848266822997744,
        0.2467032266926352,
        0.23244112145781046,
        0.21684414664753476,
        0.24985599370542477,
        0.21940911452277356,
        0.2405867190869279,
        0.22838086575812316,
        0.21782248021879952,
        0.25774460641079683,
        0.2336156638363767,
        0.24072755142865154,
        0.263975387360705,
        0.2417450646994464,
        0.2595137195514355,
        0.2246469332615603,
        0.24605649710068034,
        0.21746762171905287,
        0.20536070841218249,
        0.25426790939138183,
        0.21743462762704838,
        0.23637682210081024,
        0.20430922358663506,
        0.31291834761417364,
        0.2298904593683277,
        0.21488754888921033,
        0.20853033224436954,
        0.24175665276696118,
        0.2231431294293351,
        0.23471332528421246,
        0.19735714815445257,
        0.2170425514248234,
        0.20347409056702748,
        0.2287206214711703,
        0.2226543132692418,
        0.2098246645519852,
        0.212840426154267,
        0.2467681813204727,
        0.19247451212516256,
        0.20205796973301446,
        0.214271820387822,
        0.26930017316538435,
        0.2530045541541868,
        0.25376108421674587,
        0.20606807298865348,
        0.2356109374921371,
        0.21303544157837287,
        0.21290057792748146,
        0.22432170335937818,
        0.23309070274037655,
        0.24440304330336976,
        0.25126323048762644,
        0.2219472733889936,
        0.2472743915508404,
        0.2545646856258491,
        0.25690095438164795,
        0.26572367372401223,
        0.2564883281285478,
        0.22958308871313338,
        0.20937120821863317,
        0.21900479494057176,
        0.22822769088999362,
        0.2815705320291524,
        0.2613531569614255,
        0.19572004152668673,
        0.21537104714359567,
        0.24385633456844874,
        0.2603058604730319,
        0.2242580239619667,
        0.2055373295412384,
        0.2587926811668197,
        0.26069991854424945,
        0.2098126591502114,
        0.19617014881866246,
        0.23289089252423487,
        0.21900119150885694,
        0.23739186358475756,
        0.2433503233258266,
        0.2341375575587986,
        0.2320820874261994,
        0.24559459774461653,
        0.22546461350895808
    ],