{
    "time": "2022-10-06-23-39-46",
    "generations": 200,
    "fitness history": [
        0.09847112209296287,
        0.13689816522831666,
        0.14569165229489678,
        0.12559096206328982,
        0.11751219021820775,
        0.13251208782994206,
        0.1342566046568146,
        0.14717248264387428,
        0.12497722030528066,
        0.1286605645171113,
        0.1433778045413267,
        0.146899920371423,
        0.24006180107033162,
        0.19011649096472863,
        0.2344851607997159,
        0.24859604100792843,
        0.2554783858256187,
        0.15278401949117415,
        0.24081445875055288,
        0.2078717594087271,
        0.223097400425552,
        0.1967050136752654,
        0.22436168439120455,
        0.23024829500250452,
        0.24744052169809688,
        0.2394985160533671,
        0.2770859899078923,
        0.2804066732683392,
        0.23131380613700628,
        0.20066894679739847,
        0.23250320672118582,
        0.2732176915395004,
        0.24086245715075008,
        0.24931582335751895,
        0.2290601903996733,
        0.26579811351408233,
        0.22724355796471432,
        0.23613667103029531,
        0.2355054559556162,
        0.19733975125571768,
        0.2385890286484708,
        0.24573186374825137,
        0.23301531662529126,
        0.24063572840614156,
        0.26705056892484913,
        0.23262154081905673,
        0.2595662376812957,
        0.23817240236081766,
        0.22976823728006274,
        0.24713403764010103,
        0.23912542387390784,
        0.26164099604008667,
        0.2542490360690897,
        0.23144043647280263,
        0.28403316995632255,
        0.2254326657428247,
        0.2290964158627289,
        0.24665541150810108,
        0.2717082842876779,
        0.24513584268400185,
        0.2661074950282374,
        0.264460348875141,
        0.2533059819954401,
        0.23527814610379694,
        0.1950909694395103,
        0.20421862257346354,
        0.27358428674166757,
        0.24910351235881248,
        0.22961273326666892,
        0.2275687117864459,
        0.20515886997926205,
        0.2330272626009097,
        0.23434400807837324,
        0.19242868031448818,
        0.17903808852151568,
        0.24231240523582734,
        0.24187806837209774,
        0.21117246323738342,
        0.2202436395527435,
        0.21005419991861418,
        0.23361403792212418,
        0.2276348155080356,
        0.22936331533273627,
        0.25013323907481505,
        0.23770686525982343,
        0.22427570071988984,
        0.25131311871063927,
        0.22715231839477068,
        0.24844150070010318,
        0.2984911027136672,
        0.22482991410425526,
        0.24215644795341157,
        0.23184755817112435,
        0.21855428606064017,
        0.2366091243005667,
        0.19255056091546685,
        0.25123668867825405,
        0.2609555403389999,
        0.2018856495486741,
        0.20869734418622723,
        0.23533515951381975,
        0.24183511698696236,
        0.2361533162607183,
        0.23913483484746906,
        0.2272405498130716,
        0.27097560653266506,
        0.28288846379225396,
        0.23014164267060255,
        0.2140347205651127,
        0.2231185429337489,
        0.23191768255717765,
        0.23115631015870897,
        0.19577058908568098,
        0.24278111785188058,
        0.2353642929429533,
        0.23309165589564404,
        0.24391862754213156,
        0.22175382911894093,
        0.24031983147820257,
        0.27029695437056694,
        0.21007328866074765,
        0.24478948234043563,
        0.2233011341433431,
        0.24590941932762525,
        0.26033466571559055,
        0.20249534184105383,
        0.19832526908667122,
        0.2452431208924181,
        0.24465715814735237,
        0.23941715472105718,
        0.22376924755721322,
        0.267291793522121,
        0.2508016454457857,
        0.2152471927562379,
        0.2452949365243685,
        0.23556302060604709,
        0.21325885692574695,
        0.23653975006580322,
        0.29001366451976296,
        0.2530463506489398,
        0.281215114117522,
        0.2448486776751477,
        0.2258945058989235,
        0.23822858125532817,
        0.21585975966948517,
        0.23805277543889677,
        0.22365496925451311,
        0.22343848593302784,
        0.21154708043212156,
        0.2471767921945298,
        0.21103433911159317,
        0.2359529737707928,
        0.23808000629517106,
        0.23396174546185147,
        0.23158614242081352,
        0.24681200744697482,
        0.24909966653229232,
        0.2153136883780472,
        0.2441314878779334,
        0.22428672085342133,
        0.24990327833311518,
        0.2134514533254767,
        0.24621307463928063,
        0.2253575648983405,
        0.25902389343260235,
        0.2303736470407231,
        0.22558015806317425,
        0.2218749389995379,
        0.2331161907241128,
        0.24528006395792257,
        0.24266426186368625,
        0.2286964244619353,
        0.22868008554455352,
        0.21122630932054076,
        0.21310197753678864,
        0.22119189592614105,
        0.2026150951245957,
        0.24529566168080938,
        0.2353228063100007,
        0.2549711138802093,
        0.207638324545117,
        0.2334392736028919,
        0.207181950695994,
        0.2525287088326839,
        0.25814123226495095,
        0.23875436315790638,
        0.23512072222815,
        0.24717574544025542,
        0.24785082725348545,
        0.2662643444592844,
        0.18986190741900685,
        0.26136860937423567,
        0.21437399050940661,
        0.24313958684582426,
        0.20585011332934958,
        0.19777643390501537,
        0.2395806770674466,
        0.2275291123141467,
        0.21473895683966496,
        0.20737977519270978
    ],