{
    "time": "2022-10-06-20-46-51",
    "generations": 200,
    "fitness history": [
        0.13874773570811805,
        0.149427027723836,
        0.10652522944855755,
        0.14200203176634904,
        0.1367048086783524,
        0.12108860791571464,
        0.13745012381050198,
        0.11227327251768202,
        0.12381787780951534,
        0.11881043612198933,
        0.12018601059971541,
        0.10001181072051656,
        0.11813470497707237,
        0.12075354265894842,
        0.1318392576790155,
        0.10172603924572506,
        0.11943896193567755,
        0.1331818737709052,
        0.11098605086281373,
        0.1305773536496287,
        0.12111964666731836,
        0.14618991793761002,
        0.1345749047952682,
        0.11429290953808803,
        0.12140260102194304,
        0.150922440393363,
        0.10601897949573973,
        0.11342491397162728,
        0.13575391421128444,
        0.1450314281049932,
        0.1042738624180757,
        0.12090524372145266,
        0.13559463343071637,
        0.10679286704654235,
        0.1274332084779086,
        0.12739664969379152,
        0.14811258706808625,
        0.12934755145008153,
        0.13712683885055113,
        0.14608075009022392,
        0.1251393748621982,
        0.1044350794293032,
        0.14052823948263224,
        0.13256115975601668,
        0.11453825041258801,
        0.12465718688680236,
        0.11245051875823231,
        0.1111257975436086,
        0.1313675567441387,
        0.13817709127737918,
        0.13410897448348955,
        0.13495138776400586,
        0.12876626371509,
        0.12480697642561901,
        0.11188494810504018,
        0.11821020320388997,
        0.13625156674791877,
        0.13147489790522598,
        0.11805090482644459,
        0.14543502652571064,
        0.11709784929592752,
        0.13914867935646866,
        0.12342173707553078,
        0.14737707105557565,
        0.1346956257714411,
        0.08924062362979751,
        0.1167763328834475,
        0.11774577337526526,
        0.12180673883044164,
        0.11729597391838603,
        0.13229837675821074,
        0.1433305501371851,
        0.1602541215410573,
        0.15418511572030394,
        0.17981395901258165,
        0.17409782147359285,
        0.19789645112927026,
        0.16717252996159027,
        0.19841739987063542,
        0.1765723261174583,
        0.1959328610241414,
        0.17166020919322744,
        0.21616814853086003,
        0.20263118588782053,
        0.1786314270000107,
        0.2239923562492095,
        0.18405543906256056,
        0.17379027698095162,
        0.18531096749769752,
        0.20153851978899123,
        0.1886301276597417,
        0.21010854073607013,
        0.2011437346293025,
        0.20662798597490853,
        0.17944167005253864,
        0.21029077207816804,
        0.22818543720461248,
        0.1868849585636823,
        0.18966029218254285,
        0.2147546774381829,
        0.1957622749878064,
        0.21004979225084014,
        0.21479624557465957,
        0.19058913353405935,
        0.1862311403875798,
        0.21483650796028564,
        0.20622875648717962,
        0.16928015834486268,
        0.18696114153881854,
        0.1409522037553607,
        0.17534305786127072,
        0.18348393524355566,
        0.19803760446944563,
        0.21171164604514497,
        0.23693379481665267,
        0.18467409691614886,
        0.24653539780519082,
        0.17736501178788022,
        0.19160906572640027,
        0.21359521219116964,
        0.21266962446723994,
        0.21981390836039158,
        0.20051686419818018,
        0.1824103744210837,
        0.18237384160256384,
        0.19560657949032018,
        0.21192401921676152,
        0.21614115329458308,
        0.18393438471646334,
        0.1925221841446556,
        0.17570282312958102,
        0.20480369301565912,
        0.21598999551168344,
        0.21608316831532648,
        0.1818418260132951,
        0.22884190275249863,
        0.2079430710406465,
        0.20018259572634353,
        0.1905789212142491,
        0.21334959431818465,
        0.20762205501606176,
        0.1875369028407365,
        0.19648401611146993,
        0.20696597392261037,
        0.2331967154240685,
        0.2125913330573398,
        0.19847590253911765,
        0.20380375291720326,
        0.24486565733442425,
        0.22538189937135247,
        0.20475044314997903,
        0.20615016654514423,
        0.22723300584488107,
        0.19680471901729799,
        0.19799057264674222,
        0.16543796454651793,
        0.20831632330181754,
        0.187672163039714,
        0.2165469793706648,
        0.24326863080481767,
        0.22678898632692412,
        0.23700108567752398,
        0.23963330317252057,
        0.21698890983967253,
        0.2085438264687802,
        0.18902835892418682,
        0.18399989944451323,
        0.20457827665267456,
        0.1904142838679681,
        0.19107555215988037,
        0.2336641993675458,
        0.22084614914513356,
        0.23781674968598657,
        0.20343859391441502,
        0.19815324882223165,
        0.19161868076176383,
        0.20885702773367798,
        0.2071694751687301,
        0.22215191572644635,
        0.2165939779750797,
        0.20524982323925964,
        0.19735478532129475,
        0.19929583880232102,
        0.16987772802573162,
        0.2206395306798433,
        0.19504759621850606,
        0.19115104989276324,
        0.21976715112735504,
        0.2369471865831964,
        0.2435824265084069,
        0.21560633582418892,
        0.20683501616393843,
        0.23775615222567495,
        0.21931252207575613,
        0.23487463846091544,
        0.233009377994452,
        0.21528417783760503,
        0.2520909960269922,
        0.20644372148798834,
        0.25954452581277854
    ],