{
    "time": "2022-10-06-14-16-17",
    "generations": 200,
    "fitness history": [
        0.14364952950052678,
        0.14847059942875843,
        0.11252012189242336,
        0.11228807099725124,
        0.23580401952830254,
        0.29263015010279503,
        0.3260611471269263,
        0.24260916100057553,
        0.2342419902039709,
        0.22419223434132785,
        0.2819119486365533,
        0.26479154781070374,
        0.24554911269737126,
        0.25235824277791324,
        0.2631503454097606,
        0.24695888984521044,
        0.2682658244569692,
        0.24912157290592327,
        0.27631435242913194,
        0.23476841006538415,
        0.22459952219103577,
        0.22522582263657334,
        0.2532414409353556,
        0.2528656403738423,
        0.25203411368566686,
        0.2225477577109429,
        0.24763422029289084,
        0.22211058170733036,
        0.24418977487266033,
        0.2167117663766059,
        0.19869118742299233,
        0.23961430431059913,
        0.2585470437233155,
        0.2465129530269342,
        0.2314809766178152,
        0.2327812930921967,
        0.24155889613201736,
        0.24371552726051188,
        0.24407197624888816,
        0.22122132279420587,
        0.27597867701848033,
        0.20657649427321645,
        0.24950109571180906,
        0.25513190049295714,
        0.2386599065875398,
        0.2367403829654209,
        0.23043271217644534,
        0.22813800811535015,
        0.22321213138958906,
        0.2561976683774725,
        0.2132695690348552,
        0.2525894009216802,
        0.25436815300729704,
        0.2638653266181746,
        0.18820562386680784,
        0.24824051146319,
        0.25018636459926397,
        0.2722459124377208,
        0.2558609061646742,
        0.21605373204758407,
        0.2915726817671829,
        0.26020032743188826,
        0.23273327062490012,
        0.2385092569609886,
        0.23244752919539033,
        0.2407835506679727,
        0.22266821839620468,
        0.23318699723873618,
        0.23393373719881794,
        0.23347840742922613,
        0.22606418215288077,
        0.22527371743019275,
        0.2432265885118613,
        0.22136108566642243,
        0.2279662049782393,
        0.2160835201037008,
        0.23751716408783577,
        0.2285912764061096,
        0.18682844449735242,
        0.24742840899202767,
        0.23061547183694805,
        0.23732083591016648,
        0.2075472575572242,
        0.21485942685244389,
        0.2597526531472385,
        0.24742680083197274,
        0.23077379158171285,
        0.23297218924106228,
        0.23229527721050364,
        0.2639532277415772,
        0.23871027318821814,
        0.28368381581941315,
        0.22120599969815488,
        0.26290067416363533,
        0.22955702537977365,
        0.240828639991194,
        0.2364651485376394,
        0.22850534577998882,
        0.24719745772076468,
        0.2024241197425951,
        0.22099368247503157,
        0.2209332640930816,
        0.21796148952751365,
        0.21996126011577932,
        0.292024355826769,
        0.2663602475419606,
        0.2334923657444091,
        0.21925786194559754,
        0.26195195404955657,
        0.20134923119162398,
        0.21398734747256973,
        0.22023986263593132,
        0.223144235747429,
        0.23781766478714975,
        0.26048809372761417,
        0.222685885666986,
        0.24213758921695525,
        0.2558515187259116,
        0.217507798447822,
        0.2582759473864868,
        0.23716721674562277,
        0.2285186029412272,
        0.26506414139730483,
        0.23312514746826557,
        0.27473649604911593,
        0.19788715763969558,
        0.2723232982814663,
        0.20545512903633817,
        0.2211451972841955,
        0.23975864446519043,
        0.20991569847309222,
        0.19996286659263535,
        0.20473882848669228,
        0.2325699298252034,
        0.23795454392466933,
        0.223527667145489,
        0.2161346895103631,
        0.22175060671406924,
        0.21841597875945687,
        0.23680043781585042,
        0.23861628277646393,
        0.2522774151622783,
        0.24926926844414946,
        0.2216275186147879,
        0.20976288075235808,
        0.25358053479964154,
        0.24399271742347226,
        0.27248581107361747,
        0.23090710019475819,
        0.2193131367370046,
        0.26778319733859623,
        0.22675080891657273,
        0.26277132358083266,
        0.23128183462780721,
        0.21459935980701844,
        0.20612984951007515,
        0.25657614343111446,
        0.2261676604843287,
        0.25028117003192374,
        0.22607009190572705,
        0.23072841678287065,
        0.24141984318383727,
        0.24345035160662612,
        0.24889262691656472,
        0.23032320541496076,
        0.2549484718544491,
        0.21479122961952918,
        0.2014547429927065,
        0.22025504352779623,
        0.2460831321094817,
        0.2670016799951156,
        0.2872593409823446,
        0.21911557542382806,
        0.2307037210338647,
        0.24644271736834586,
        0.22989392398426373,
        0.24424309295740967,
        0.2473829479534633,
        0.2121177255821994,
        0.24920997340402798,
        0.2518302847151129,
        0.25847438828855773,
        0.2442722141454311,
        0.2536090669610684,
        0.2248660998688833,
        0.2602083742132717,
        0.2113933938343799,
        0.23267261674555134,
        0.21003918136017188,
        0.22566112306764027,
        0.25815227552709713,
        0.27623534495151864,
        0.23812719577537433,
        0.20906400676339898,
        0.24301590096527773,
        0.24751031929127884,
        0.2585038789625163,
        0.25869935018111434,
        0.22829622045469442,
        0.2433627761485428
    ],