{
    "time": "2022-10-06-20-01-25",
    "generations": 200,
    "fitness history": [
        0.10456210939576943,
        0.13916399001291743,
        0.13003614413365167,
        0.13486713033632014,
        0.14468999441192054,
        0.10394014300263138,
        0.15198885024283332,
        0.27710700687033185,
        0.13195334178156798,
        0.3323346394637857,
        0.3366584957537895,
        0.33162229077667926,
        0.13038065358917797,
        0.3189509772986603,
        0.13115312829764342,
        0.32856519829648606,
        0.11112634642385637,
        0.34865944656522047,
        0.3532955743644772,
        0.15121092022230342,
        0.35061098432612503,
        0.14072040659915205,
        0.33170858689938576,
        0.14006116487292686,
        0.3066733866726772,
        0.12979765844750826,
        0.23711323560215367,
        0.12196245752646201,
        0.1276012861419934,
        0.10484383179367818,
        0.13390734606791674,
        0.13158149479421632,
        0.16236907003055184,
        0.12212942756325923,
        0.12661393468545068,
        0.11986548097259928,
        0.47949996760497726,
        0.3205394095261329,
        0.14247455287733177,
        0.4827058895648256,
        0.3010789040764117,
        0.15115173405082405,
        0.44037592966188494,
        0.1298432574508196,
        0.11253562386557546,
        0.12491081144877932,
        0.3489450296906045,
        0.13296172829480038,
        0.13064211359967814,
        0.11310773900093464,
        0.3528232641118975,
        0.3316321392214834,
        0.30507995892567946,
        0.11140934731895001,
        0.11350124912405356,
        0.14124825119118126,
        0.1226135814739257,
        0.11406011948153587,
        0.12578120100450232,
        0.3514864820674607,
        0.3233617981289853,
        0.34772655747044995,
        0.11856074865876916,
        0.15531028744277708,
        0.11437227410525526,
        0.3734294932816898,
        0.13178484824740305,
        0.3524392691165776,
        0.14784778489846048,
        0.34527641039604284,
        0.32194418174562633,
        0.1332203285577503,
        0.14051749203090513,
        0.3499867439477673,
        0.32866307804404654,
        0.10644625303375062,
        0.3430906150259204,
        0.13096807296723542,
        0.15865858806796063,
        0.1256942159588223,
        0.33985403003268577,
        0.11007245967147167,
        0.12392031015308294,
        0.13646568018711874,
        0.5621564765648543,
        0.32675094395434046,
        0.14142809645248247,
        0.13125562500992677,
        0.11470381797897863,
        0.12585737794318252,
        0.4416230801396205,
        0.33275159183448866,
        0.1282897393624276,
        0.355852169432933,
        0.4134009753078823,
        0.1232311200154483,
        0.11135459734097433,
        0.11053398022654495,
        0.12207339093390651,
        0.13896134127771795,
        0.33155181261792194,
        0.3538122260633862,
        0.11185690262262055,
        0.4605156066625057,
        0.11892104890027744,
        0.15161061361899575,
        0.34201354057895883,
        0.11572649429910882,
        0.3212281882096407,
        0.35525877860610683,
        0.11465411495097678,
        0.11830968277978007,
        0.11662618694027721,
        0.37331852303014673,
        0.3019900386015997,
        0.11999544900071603,
        0.11613448208864931,
        0.11379750143975136,
        0.14458946457773764,
        0.23916055472302325,
        0.10780447161805429,
        0.1121001889388836,
        0.1448692999620516,
        0.20681793741424112,
        0.1360030528137586,
        0.33283346116032525,
        0.17461369001875954,
        0.37143860585363764,
        0.14379508255264153,
        0.34289261767032214,
        0.4823442543963315,
        0.32576622641222314,
        0.12320296032109121,
        0.14100307253963246,
        0.13266209587114214,
        0.2813803329083811,
        0.09853862743631676,
        0.1638639955533139,
        0.10153223898321109,
        0.23992101675673475,
        0.14436151831485983,
        0.307870944254426,
        0.22768557883871965,
        0.08465565034095729,
        0.1300623157179575,
        0.14638714027773325,
        0.1070083137221768,
        0.09467613175776604,
        0.10964838787741885,
        0.11937175822611938,
        0.12367685599108418,
        0.32261504663889595,
        0.13023972044091717,
        0.126369980197836,
        0.06848190255440308,
        0.07252966215078445,
        0.11799733516198949,
        0.35997145272093944,
        0.3271462577648203,
        0.3323228306211412,
        0.12053164031282775,
        0.11747377783673865,
        0.3673053158016886,
        0.13622193610634045,
        0.12023895525798939,
        0.3428854938059306,
        0.33559539542271105,
        0.3752316378822959,
        0.26874187844156433,
        0.13088952132467999,
        0.110544837588445,
        0.20407066317746728,
        0.10697223078199393,
        0.3695773724063644,
        0.08333332110874107,
        0.27543657310785646,
        0.31878124535822744,
        0.35638982764513194,
        0.13436975843552637,
        0.08633821827521221,
        0.10524015101346633,
        0.31551842496902865,
        0.10597204766702878,
        0.23150607387699662,
        0.40980931410984583,
        0.11913109658692517,
        0.12096205100558534,
        0.3081614486931645,
        0.3138884504891251,
        0.13144436524277237,
        0.35568049668279983,
        0.26779319740030766,
        0.43010604051872825,
        0.1288938901239304,
        0.15083969842923306,
        0.35876724563108353,
        0.40634554327329914,
        0.3779294295498455,
        0.11504060473612814,
        0.24297494343687187
    ],