{
    "time": "2022-10-06-23-26-20",
    "generations": 200,
    "fitness history": [
        0.12964457015857042,
        0.13264265434166864,
        0.12195672672886487,
        0.12225790412416247,
        0.11933326366531276,
        0.14092029159464387,
        0.12194856507133137,
        0.11428833004316644,
        0.12582261911953468,
        0.1228732735502567,
        0.12806414496428847,
        0.11694463630044066,
        0.11113076372667002,
        0.12249867353033127,
        0.12794763779069201,
        0.1070995548609028,
        0.13603657753573586,
        0.12186204043105481,
        0.13329187467181064,
        0.14878036106702208,
        0.1347303177151689,
        0.12540537202171,
        0.13853719876918746,
        0.12865129860479002,
        0.1597853013441229,
        0.12727601243377534,
        0.11785926626079395,
        0.11990423653616718,
        0.11076037481624988,
        0.10599186289131284,
        0.15152610543636644,
        0.10438129729668098,
        0.11938206128564746,
        0.14279042371949274,
        0.140969898624123,
        0.1554229378803425,
        0.11929848947794218,
        0.11632049662882177,
        0.1401096519557932,
        0.13839380660953648,
        0.1650854012114972,
        0.16447290809346868,
        0.14418325225699882,
        0.12655386554141157,
        0.1529821422886697,
        0.15408398918739646,
        0.15242962705348534,
        0.17028789191443253,
        0.140216718436932,
        0.18904941503930706,
        0.16340414265732303,
        0.16619177532144616,
        0.22343003578887724,
        0.1757248528454082,
        0.1958571489139169,
        0.191327004704359,
        0.20467605620922277,
        0.1938978764934335,
        0.19110559390237306,
        0.2151060514902369,
        0.18337800617510155,
        0.20990288653122957,
        0.20404589835844056,
        0.2015175157311495,
        0.19701606370991862,
        0.18858483080449695,
        0.21872762211313188,
        0.22139675275173384,
        0.17837900139393476,
        0.19760685876212758,
        0.17033740287591892,
        0.19897549054383754,
        0.19604909582902086,
        0.24044872550402033,
        0.22608415460580644,
        0.1954273448930176,
        0.2352432825854895,
        0.22634952605324166,
        0.19265617944120728,
        0.19013116787631743,
        0.22167890064922718,
        0.1936832765051869,
        0.25522477510269853,
        0.23412665863578852,
        0.25007707601553497,
        0.19903737264660123,
        0.20790622129656117,
        0.2313383350608852,
        0.24500286057125042,
        0.23585436272942148,
        0.20815000841206494,
        0.22990051089981808,
        0.18368867850433135,
        0.1916203731511091,
        0.2157472340457974,
        0.23886532650196413,
        0.21790153683689215,
        0.18503657817706926,
        0.19993586196917765,
        0.18651620782184128,
        0.21360695105349284,
        0.22805448712711127,
        0.23227761427417953,
        0.21685201018329334,
        0.2017775569006323,
        0.21002267334354688,
        0.2152583116525636,
        0.2232873324699143,
        0.20818925271513702,
        0.20655427975480894,
        0.20355589182772735,
        0.19436799771056254,
        0.22836022037263476,
        0.19755571417106071,
        0.20110062323540465,
        0.2045441075110049,
        0.22233069297006153,
        0.17788070809188336,
        0.19163347483452015,
        0.204334807988784,
        0.20136866564485112,
        0.19090927230603882,
        0.18441796102412183,
        0.19556114616197207,
        0.2027433811934976,
        0.18757454932916473,
        0.2235336243164176,
        0.18334154714962042,
        0.22052658885399926,
        0.23707048707991177,
        0.20693573235286195,
        0.22987377848085466,
        0.22796963938503997,
        0.21590226891976783,
        0.24223095365859643,
        0.2407146274234497,
        0.20879392803885127,
        0.22618320801798236,
        0.2515977833572535,
        0.2192227761990754,
        0.21235220130771418,
        0.2270319234205601,
        0.19472423494539978,
        0.2226219204616616,
        0.20846248393432215,
        0.21452256087408691,
        0.20372831965817764,
        0.19501671858440836,
        0.18924811839032535,
        0.18535901969938087,
        0.2130055566139128,
        0.22854108952597144,
        0.2366459085962366,
        0.23858824320380725,
        0.25751503626103833,
        0.2270893920014544,
        0.214894331102959,
        0.20641696112036972,
        0.21937548340691304,
        0.2413592282548745,
        0.2318324028531953,
        0.21489469037244024,
        0.17256830474216553,
        0.2248211561087322,
        0.19461180687446472,
        0.1756183219091022,
        0.19638414145906644,
        0.23367648809373645,
        0.21098053114818863,
        0.20476518284802073,
        0.20188857936526994,
        0.23178075912680915,
        0.22451654208378513,
        0.2065427819657076,
        0.22288013142791752,
        0.22643426489080593,
        0.21654534448832682,
        0.23511006336473936,
        0.23577906529911064,
        0.25270774874612933,
        0.2213169264305834,
        0.2605599728748129,
        0.25442477897257526,
        0.22486666232749566,
        0.19120567040706216,
        0.24867193923180497,
        0.22188949411793515,
        0.23121362920012267,
        0.2263299889753962,
        0.20633765354601571,
        0.20068740151262646,
        0.22590098918322418,
        0.22912344094491754,
        0.2424986142898276,
        0.22402753074330228,
        0.23271102035068794,
        0.22102332873868133,
        0.21355987389264072,
        0.20313285949188026,
        0.22965932263182748
    ],