{
    "time": "2022-10-06-10-51-04",
    "generations": 200,
    "fitness history": [
        0.13186419219825432,
        0.10136868331270132,
        0.10722512011465747,
        0.13509785494565352,
        0.12410948836989273,
        0.16944011784434956,
        0.2680623477212186,
        0.2564802007286224,
        0.24745775567841757,
        0.22454875859744344,
        0.23811589435503147,
        0.24086439991126377,
        0.24482968478560443,
        0.24785955340255758,
        0.2269578307754724,
        0.21481229139354574,
        0.23847342779805153,
        0.24480525201960304,
        0.22700154519188598,
        0.2667206904583454,
        0.24170736283962974,
        0.25711773711353597,
        0.2920429568018893,
        0.21860876602769977,
        0.20423002986267014,
        0.24710492804366546,
        0.2561571718284852,
        0.23632659302995307,
        0.20679610850501118,
        0.20233599868231877,
        0.24591220923431933,
        0.21572742458744176,
        0.2528879581812494,
        0.23171965832335956,
        0.23183880305348342,
        0.23814372581938734,
        0.23667564239928537,
        0.2417961488654472,
        0.2711929164595468,
        0.23431481003687835,
        0.22345113288941312,
        0.18856188080661831,
        0.2534587894889204,
        0.23490196623988088,
        0.2279748544284187,
        0.2293479427817916,
        0.20246701678299478,
        0.21446753525796222,
        0.2437165024437375,
        0.22213347399103195,
        0.2488840672908701,
        0.21978042375417572,
        0.22128593358295845,
        0.24967653644390567,
        0.2741180899208642,
        0.23933493274344786,
        0.23116943950136146,
        0.25503833157540357,
        0.24718147285009878,
        0.2321489287368567,
        0.2558287449522344,
        0.23470498583457608,
        0.23644498835355818,
        0.2587926732669642,
        0.26191268419373354,
        0.22568611990249102,
        0.2276479241794558,
        0.19065893946291484,
        0.22470406802230727,
        0.22284822228769477,
        0.20376822538404762,
        0.1987324504927281,
        0.22661746754587805,
        0.21579338821145144,
        0.20286052325725581,
        0.26974649318064725,
        0.24928595246121257,
        0.25554418068183216,
        0.2395019277371007,
        0.2735801368106699,
        0.26497162150539266,
        0.21380485993023707,
        0.20193631115550328,
        0.21716082676790793,
        0.26302489190002837,
        0.20396863825146194,
        0.24732389143571215,
        0.2623972886665281,
        0.2234804094258264,
        0.24210197814251078,
        0.19607332030148644,
        0.24175763211546275,
        0.22804819962289777,
        0.28319343998000446,
        0.2522083990951601,
        0.23150985736173127,
        0.25117768677594277,
        0.23085594563910888,
        0.23372014340584923,
        0.24284444390485235,
        0.2310193835340068,
        0.2665315575502212,
        0.2662597757253706,
        0.23082845186405682,
        0.20551155935665194,
        0.23036202038835532,
        0.257046872567771,
        0.2359815400099153,
        0.22881515809303976,
        0.22759275071373344,
        0.21175496690014217,
        0.23540699293932485,
        0.24633474751096673,
        0.23641530195371935,
        0.203724188687937,
        0.20940814889524859,
        0.22952110833787992,
        0.24658469466802413,
        0.22471333006159636,
        0.2324523670112318,
        0.2347854010479361,
        0.22343354569155552,
        0.24511072665285139,
        0.2553962637627663,
        0.22370899156583543,
        0.20376717511010398,
        0.27047713634447623,
        0.2290012717319331,
        0.24393495591914163,
        0.20817050057566788,
        0.2002662872030044,
        0.25214947866615395,
        0.2751717801238327,
        0.21543222063345546,
        0.20837136348218022,
        0.23369662764826785,
        0.2276526718343033,
        0.24498160091063434,
        0.22112641933348773,
        0.2119358718636307,
        0.21322377610198526,
        0.22215093604691633,
        0.23579980796965175,
        0.2099318453267137,
        0.2431820149651735,
        0.24206917939836106,
        0.2152807526834752,
        0.2361371645862806,
        0.25411978594932677,
        0.23346097262639043,
        0.24157618476612058,
        0.2072714999372981,
        0.26265988193966716,
        0.24899244288589245,
        0.24239501751018794,
        0.22444791096994612,
        0.25781321150987635,
        0.23730042646745883,
        0.23232276844459324,
        0.21481888478265085,
        0.21572788974283655,
        0.25613253985214834,
        0.23581224813092017,
        0.2419890532129057,
        0.2457611696208106,
        0.24088004371886626,
        0.24556396703115269,
        0.2204162716841589,
        0.2180958346427041,
        0.2470212947483058,
        0.23667946027338463,
        0.22381329893066948,
        0.2026774153353106,
        0.23934125556989386,
        0.2489561585300854,
        0.21605608689089897,
        0.20755730623915017,
        0.2135247959755945,
        0.23128192038716075,
        0.23473744825215762,
        0.22271945676547258,
        0.22931924136058213,
        0.23214263001518365,
        0.26958613732372155,
        0.23053326431837529,
        0.22619964143608168,
        0.22879343191382467,
        0.23024770922109,
        0.22369856402625576,
        0.22754113705230108,
        0.25581320150512776,
        0.24140111747645804,
        0.22876732492049545,
        0.23406275699732337,
        0.2178701958575169,
        0.23398283564202366,
        0.23255356764392016,
        0.24835313661384714,
        0.22555870927955174,
        0.24125298486983282
    ],