{
    "time": "2022-10-06-16-53-14",
    "generations": 200,
    "fitness history": [
        0.1059575221466615,
        0.12133497056976038,
        0.13587874843943626,
        0.13069453147827603,
        0.12224356257716734,
        0.13116499798670053,
        0.13013167964601274,
        0.15559926549243458,
        0.11605232589059294,
        0.13458278562996553,
        0.2879217538735836,
        0.1427021469245315,
        0.3462393442727006,
        0.13485092575650778,
        0.14985204974181962,
        0.17842826600284323,
        0.33701583542715324,
        0.11754511220785156,
        0.33898612784392057,
        0.12083751136880251,
        0.3371084872563543,
        0.2713312267373056,
        0.2653922156312084,
        0.22988080558162616,
        0.1976466693291592,
        0.1987735680231579,
        0.26056075154346425,
        0.2835139962892049,
        0.26048331551857173,
        0.24398987106196035,
        0.25480996438284115,
        0.25188504309891874,
        0.23762722718874252,
        0.26361065377001347,
        0.24234696270978218,
        0.26483793102662084,
        0.23278010086631432,
        0.2781073857733207,
        0.2656223228889063,
        0.25423911206678246,
        0.24599802813016147,
        0.2388127397482643,
        0.20700862182491758,
        0.22703013855553572,
        0.27506238316436676,
        0.24601664799538608,
        0.22463744115475268,
        0.23600667631529101,
        0.2530294739352385,
        0.2004802658950846,
        0.21037269545647153,
        0.23369186685257082,
        0.23743037820998755,
        0.22786714293596244,
        0.219525818317361,
        0.22041428295646212,
        0.24112911728639705,
        0.22966567405928814,
        0.23352705271222343,
        0.24885832056477564,
        0.213134479301155,
        0.22924627182583027,
        0.25370460928945915,
        0.3033540397255898,
        0.2339095918277979,
        0.21610518580085825,
        0.2696304903476617,
        0.21568003730290816,
        0.2518908128817885,
        0.22646440658747619,
        0.24778446996709913,
        0.2687180756331569,
        0.2505379418358988,
        0.23505337053947323,
        0.2547799391348968,
        0.30785746126820474,
        0.22009402398746006,
        0.28435991490196005,
        0.2327485244307923,
        0.2582448999551248,
        0.24186362623110724,
        0.22419954535515582,
        0.2432570161261343,
        0.24223033826867443,
        0.26735239813763245,
        0.22384435577764472,
        0.22915839568542712,
        0.23097381936998734,
        0.22238267984762472,
        0.263847139282447,
        0.2428343781369659,
        0.24541288884722545,
        0.21893759358108558,
        0.2401164699906262,
        0.244687544000497,
        0.24966009499793582,
        0.2507918180472279,
        0.20939927618000254,
        0.2352808238942958,
        0.23480767542436148,
        0.23120145450149757,
        0.25448203628864774,
        0.23747494950187906,
        0.26249256898936274,
        0.21896428583372773,
        0.2415089959378956,
        0.21484873798493825,
        0.25043434573482326,
        0.2209029549785999,
        0.23787592989817719,
        0.20470329758038364,
        0.21913151282450952,
        0.21525926218869684,
        0.24964165461622262,
        0.23067298307252704,
        0.21319433930206905,
        0.20738626112442662,
        0.2241131629618382,
        0.2423367204190509,
        0.25462355048218255,
        0.250532934846493,
        0.239722631337305,
        0.23838232734919185,
        0.20504228679888165,
        0.2458677828639447,
        0.2361593301988314,
        0.2251206837763076,
        0.23083432482245336,
        0.22636863494536666,
        0.25135981129546137,
        0.22667591066986742,
        0.23396011028407712,
        0.23846056412903727,
        0.22056494320106412,
        0.24071821846057376,
        0.22268550838532164,
        0.264264661230124,
        0.2312303987162099,
        0.26012938250171314,
        0.21961330432039575,
        0.24530502372541116,
        0.22350794346498468,
        0.2230985406552615,
        0.23304107562898402,
        0.2617374609368771,
        0.22158646123349748,
        0.25353286706589306,
        0.2473469562094881,
        0.2272825020341676,
        0.256054246692325,
        0.19695834711303245,
        0.25433096420140583,
        0.21016652895039964,
        0.19156078126485107,
        0.2432508317591176,
        0.2681711466558352,
        0.23832513907274483,
        0.2631327088001265,
        0.2626319490110799,
        0.21011611393095475,
        0.23222572182517942,
        0.2170931681915933,
        0.22173154292471678,
        0.2308190830727323,
        0.22500853761815026,
        0.2104348184384756,
        0.21881405410999125,
        0.22995910637559494,
        0.2588051592775577,
        0.2198232298145811,
        0.23753300095826593,
        0.2235624672994109,
        0.20698363647835272,
        0.24025172241561915,
        0.2287186680888513,
        0.2330482942777042,
        0.2076945824538838,
        0.2453179616125065,
        0.23680885049863754,
        0.19201540590780516,
        0.24746119222682256,
        0.225385192404247,
        0.2143574065182412,
        0.25120239691206636,
        0.2190977318283155,
        0.2513231822736849,
        0.21686177481822397,
        0.2261803358774469,
        0.2501998405015893,
        0.2465916358416821,
        0.19975254691662594,
        0.23222960309421536,
        0.23866014435882454,
        0.23812741105552362,
        0.2235842739030288,
        0.2303661342868866,
        0.24870097397900712,
        0.22129162432516325,
        0.2614316623660852,
        0.2331701944468235
    ],