{
    "time": "2022-10-06-22-21-51",
    "generations": 200,
    "fitness history": [
        0.11600042888340113,
        0.11714996904418871,
        0.12714203248899894,
        0.14311807217162634,
        0.1330446052139324,
        0.11786579802740756,
        0.11446288366115402,
        0.12494204948190692,
        0.1384075747336185,
        0.1520271699406005,
        0.11931460152924336,
        0.13490682752325991,
        0.14393579850807092,
        0.1379211206134793,
        0.14684024315415237,
        0.10227928429069916,
        0.13954545153888812,
        0.13860803325095206,
        0.16496176644540358,
        0.10681404187071458,
        0.11631595608941835,
        0.12122934865759055,
        0.11133633386618,
        0.12273885219104029,
        0.12364393032644841,
        0.13459074700441692,
        0.12476916699057242,
        0.14852321484567338,
        0.11764310525616078,
        0.12318607838467527,
        0.14140232161316557,
        0.1349146151753021,
        0.13266730755994138,
        0.13649348075724188,
        0.10610555220035037,
        0.11589091690253474,
        0.12657656853164154,
        0.13336697425232194,
        0.12252806068204505,
        0.13139900000429983,
        0.10507136315320638,
        0.11474882705470674,
        0.12098162533050828,
        0.13779265165403423,
        0.10569241362653518,
        0.13381840090702218,
        0.12450063003983577,
        0.12998283727341892,
        0.19125759951258373,
        0.18046786265331705,
        0.17466753955952236,
        0.14963900808077008,
        0.1732471892332313,
        0.15300532732223598,
        0.16393970205596212,
        0.20156555657057462,
        0.19325036410734725,
        0.22858299352084172,
        0.20067190312465497,
        0.20736218853189445,
        0.16523519505497838,
        0.21016785046147468,
        0.18861825551884148,
        0.17744892558556213,
        0.21417904948147337,
        0.1778084725864616,
        0.22449547257477612,
        0.19725533557584857,
        0.17761759191134063,
        0.1715219023410824,
        0.22354695325133175,
        0.2118137831550975,
        0.18142288391897465,
        0.2101183612207589,
        0.22919680663522662,
        0.17446228650169884,
        0.22278330185174727,
        0.21181530221483946,
        0.2028142197593592,
        0.19551645489094308,
        0.224110249148668,
        0.22396620578720206,
        0.17398144663835916,
        0.19139717019993924,
        0.18386448840889802,
        0.23674409734024668,
        0.18964532879083362,
        0.22226846077195483,
        0.20609954601721206,
        0.21073375591320187,
        0.22331113677422537,
        0.23281871401964352,
        0.1990035580825496,
        0.20947036241687958,
        0.21264301595008323,
        0.23165916672168074,
        0.20426765804487254,
        0.21722354110726383,
        0.22450989231759005,
        0.17298302716475572,
        0.19891122456932175,
        0.21210929135470838,
        0.19191629944435307,
        0.20536856957884336,
        0.20883740510076224,
        0.2119064446381125,
        0.2122119896599373,
        0.20620774562146327,
        0.1866203765487665,
        0.1871416494854178,
        0.2363667742671175,
        0.18633584577900467,
        0.20775017407396384,
        0.19283203455841608,
        0.19310082215218305,
        0.21112057472369,
        0.1976917977847473,
        0.21438091664682277,
        0.22652327970120478,
        0.19845613570571632,
        0.22021752833139527,
        0.20022169623578406,
        0.1954916096646897,
        0.2124665763973365,
        0.20128497774761434,
        0.19156232608062188,
        0.20011380741568804,
        0.18608946423473444,
        0.1930366048974818,
        0.21264576919727296,
        0.22158258939562828,
        0.23589963204484746,
        0.21126780402309087,
        0.19622263666619572,
        0.1879043553959018,
        0.20737362108510848,
        0.2006308341477553,
        0.20563818229116435,
        0.18840370062352246,
        0.20506317857115378,
        0.19428504937237306,
        0.21645615424457382,
        0.1912708810637204,
        0.22897446832359405,
        0.21023489809286755,
        0.2021967578156592,
        0.19895794609134881,
        0.2281575081876458,
        0.18850011534315392,
        0.2043735925291093,
        0.21390151817331315,
        0.17713619653639584,
        0.22078336854726058,
        0.1691340761756862,
        0.20725740835893197,
        0.17228956220918792,
        0.19975138681294669,
        0.20088036132153897,
        0.1710191799420115,
        0.17889577054996095,
        0.20826949352039478,
        0.21906610492083367,
        0.19503092444019487,
        0.22548952141461462,
        0.21109068135941464,
        0.21201530741299274,
        0.23407586404853853,
        0.1681230340802552,
        0.1944756067129151,
        0.22096228187517164,
        0.19989310298411211,
        0.2417021329002924,
        0.19591008775338062,
        0.19333351199029677,
        0.21673045996406526,
        0.21152838446737454,
        0.19587368769228294,
        0.17903847367356632,
        0.1966228250322951,
        0.21059358478831405,
        0.23006137852333913,
        0.19576096339697213,
        0.22493266504946074,
        0.2017057440368877,
        0.21774491363301574,
        0.21232761661046504,
        0.22742678493143406,
        0.21204439256090385,
        0.1728362780683112,
        0.21792517012195475,
        0.2435248374357952,
        0.18527830439654405,
        0.219381923331054,
        0.18335873851837953,
        0.20772147582714148,
        0.19943233189212756,
        0.2030180312387439,
        0.18996664652946954,
        0.2034002498068632,
        0.2157890192185646
    ],