{
    "time": "2022-10-05-20-39-11",
    "episodes": 200,
    "performance history": [
        0.15702479338842976,
        0.0,
        0.0,
        0.2628398791540785,
        0.0,
        0.0,
        0.19662921348314608,
        0.0,
        0.10333333333333333,
        0.9924012158054711,
        0.29,
        0.027586206896551724,
        0.4019607843137255,
        0.6140350877192983,
        0.1925925925925926,
        0.18181818181818182,
        0.31722054380664655,
        0.252465483234714,
        0.0,
        0.0,
        0.0,
        0.0,
        0.0,
        0.324468085106383,
        0.0,
        0.0,
        0.32663316582914576,
        0.44366197183098594,
        0.0,
        0.0,
        0.09433962264150944,
        0.072992700729927,
        0.0,
        0.0,
        0.0,
        0.16822429906542055,
        0.0,
        0.17630057803468208,
        0.22467771639042358,
        0.2627118644067797,
        0.0,
        0.19254658385093168,
        0.1402439024390244,
        0.24074074074074073,
        0.16831683168316833,
        0.007042253521126761,
        0.1743486973947896,
        0.0,
        0.12953367875647667,
        0.0,
        0.30303030303030304,
        0.23214285714285715,
        0.08080808080808081,
        0.0,
        0.0,
        0.14173228346456693,
        0.4391891891891892,
        0.0,
        0.37073170731707317,
        0.0,
        0.0,
        0.0,
        0.19815668202764977,
        0.4006849315068493,
        0.0,
        0.3238993710691824,
        0.43478260869565216,
        0.28110599078341014,
        0.2773109243697479,
        0.06930693069306931,
        0.0,
        0.14807302231237324,
        0.0,
        0.0,
        0.2903225806451613,
        0.34,
        0.034482758620689655,
        0.33727810650887574,
        0.4236111111111111,
        0.0,
        0.22018348623853212,
        0.22966507177033493,
        0.1559633027522936,
        0.37735849056603776,
        0.0,
        0.2628398791540785,
        0.0,
        0.0,
        0.29464285714285715,
        0.17894736842105263,
        0.2564705882352941,
        0.11009174311926606,
        0.15,
        0.26973684210526316,
        0.0,
        0.16352201257861634,
        0.0,
        0.0,
        0.0,
        0.32669322709163345,
        0.31901840490797545,
        0.3259493670886076,
        0.0,
        0.0738255033557047,
        0.0,
        0.24566473988439305,
        0.23893805309734514,
        0.23478260869565218,
        0.11,
        0.16483516483516483,
        0.14210526315789473,
        0.29347826086956524,
        0.23823529411764705,
        0.0,
        0.0,
        0.0,
        0.5763888888888888,
        0.32576985413290116,
        0.0,
        0.0,
        0.09009009009009009,
        0.41509433962264153,
        0.8704318936877077,
        0.0,
        0.05373134328358209,
        0.0,
        0.43356643356643354,
        0.0,
        0.0,
        0.25748502994011974,
        0.25688073394495414,
        0.1891891891891892,
        0.25757575757575757,
        0.57,
        0.20395201129146084,
        0.8431372549019608,
        0.7304964539007093,
        0.0,
        0.3732876712328767,
        0.1650485436893204,
        0.21782178217821782,
        0.0,
        0.0,
        0.10526315789473684,
        0.16161616161616163,
        0.3090909090909091,
        0.1320754716981132,
        0.6176470588235294,
        0.07407407407407407,
        0.8,
        0.044642857142857144,
        0.3942307692307692,
        0.85,
        0.034722222222222224,
        0.2542372881355932,
        0.23837209302325582,
        0.027522935779816515,
        0.4,
        0.14595103578154425,
        0.1,
        0.0,
        0.0,
        0.0,
        0.0,
        0.21305841924398625,
        0.21497584541062803,
        0.0,
        0.4861111111111111,
        0.288,
        0.0,
        0.0033222591362126247,
        0.26586102719033233,
        0.17270194986072424,
        0.23308270676691728,
        0.0,
        0.37579617834394907,
        0.25149700598802394,
        0.009345794392523364,
        0.42758620689655175,
        0.0,
        0.06779661016949153,
        0.0,
        0.008928571428571428,
        0.4065040650406504,
        0.0,
        0.43434343434343436,
        0.43795620437956206,
        0.2350230414746544,
        0.4627659574468085,
        0.0,
        0.008849557522123894,
        0.09523809523809523,
        0.0,
        0.4444444444444444,
        0.30513595166163143,
        0.4789915966386555,
        0.007462686567164179,
        0.04672897196261682,
        0.0,
        0.0
    ],