{
    "time": "2022-10-05-17-33-51",
    "episodes": 200,
    "performance history": [
        0.0847457627118644,
        0.225130890052356,
        0.18115942028985507,
        0.1329243353783231,
        0.0,
        0.0,
        0.45652173913043476,
        0.20165745856353592,
        0.0,
        0.1975806451612903,
        0.0,
        0.0,
        0.3881578947368421,
        0.0,
        0.0,
        0.0,
        0.0,
        0.0,
        0.15584415584415584,
        0.09,
        0.0,
        0.37373737373737376,
        0.0,
        0.05194805194805195,
        0.0,
        0.0,
        0.0,
        0.2463768115942029,
        0.0,
        0.06015037593984962,
        0.10101010101010101,
        0.11612903225806452,
        0.0872093023255814,
        0.030508474576271188,
        0.0,
        0.26127819548872183,
        0.2172211350293542,
        0.24850299401197604,
        0.0,
        0.24629080118694363,
        0.0,
        0.0,
        0.0,
        0.0,
        0.0,
        0.29593810444874274,
        0.16822429906542055,
        0.2079207920792079,
        0.08737864077669903,
        0.06278026905829596,
        0.0873015873015873,
        0.0970873786407767,
        0.0,
        0.0,
        0.09782608695652174,
        0.0,
        0.040268456375838924,
        0.1926163723916533,
        0.10377358490566038,
        0.050505050505050504,
        0.19161676646706588,
        0.49038461538461536,
        0.4,
        0.47,
        0.14285714285714285,
        0.42,
        0.0,
        0.3902439024390244,
        0.3391812865497076,
        0.06414473684210527,
        0.0,
        0.0,
        0.28440366972477066,
        0.30656934306569344,
        0.008403361344537815,
        0.1553398058252427,
        0.3728813559322034,
        0.06481481481481481,
        0.0761904761904762,
        0.26262626262626265,
        0.2727272727272727,
        0.0,
        0.26262626262626265,
        0.0,
        0.31690140845070425,
        0.0,
        0.09523809523809523,
        0.27624309392265195,
        0.47126436781609193,
        0.01680672268907563,
        0.26291079812206575,
        0.26409495548961426,
        0.24342105263157895,
        0.009433962264150943,
        0.296,
        0.5,
        0.02702702702702703,
        0.15384615384615385,
        0.2048780487804878,
        0.34459459459459457,
        0.0,
        0.009523809523809525,
        0.3125,
        0.2958579881656805,
        0.007692307692307693,
        0.25510204081632654,
        0.3510971786833856,
        0.010101010101010102,
        0.5957446808510638,
        0.14948453608247422,
        0.008849557522123894,
        0.8,
        0.2234910277324633,
        0.02586206896551724,
        0.04040404040404041,
        0.0,
        0.008849557522123894,
        0.08080808080808081,
        0.3508771929824561,
        0.0,
        0.0,
        0.3246753246753247,
        0.45454545454545453,
        0.010101010101010102,
        0.3680555555555556,
        0.39730639730639733,
        0.0,
        0.584192439862543,
        0.0,
        0.31329113924050633,
        0.0,
        0.2433234421364985,
        0.3684210526315789,
        0.28852459016393445,
        0.0,
        0.168141592920354,
        0.27586206896551724,
        0.06015037593984962,
        0.3549222797927461,
        0.35347432024169184,
        0.7425742574257426,
        0.6767676767676768,
        0.44329896907216493,
        0.6666666666666666,
        0.0,
        0.0,
        0.625,
        0.8380281690140845,
        0.0,
        0.0,
        0.2403846153846154,
        0.7026647966339411,
        0.3987538940809969,
        0.0,
        0.8101983002832861,
        0.5037593984962406,
        0.0,
        0.3805031446540881,
        0.8282828282828283,
        0.5283018867924528,
        0.00909090909090909,
        0.9754385964912281,
        0.4142857142857143,
        0.35714285714285715,
        0.20588235294117646,
        0.9965986394557823,
        0.0,
        0.0,
        0.41359773371104813,
        0.2639593908629442,
        0.0,
        0.0,
        0.0,
        0.40534262485482,
        0.562962962962963,
        0.48,
        0.0,
        0.0,
        0.6146179401993356,
        0.0,
        0.4403409090909091,
        0.8263888888888888,
        0.3431952662721893,
        0.48872180451127817,
        0.0,
        0.0,
        0.5961538461538461,
        0.0,
        0.4503772489843297,
        0.23157894736842105,
        0.3333333333333333,
        0.4166666666666667,
        0.6928104575163399,
        0.4180064308681672,
        0.5260115606936416,
        0.3719512195121951,
        0.18181818181818182,
        0.12745098039215685,
        0.46875,
        0.37341772151898733
    ],