{
    "time": "2022-10-05-10-39-56",
    "episodes": 200,
    "performance history": [
        0.33,
        0.7789473684210526,
        0.0,
        0.0,
        0.3569230769230769,
        0.0,
        0.0,
        0.13744075829383887,
        0.0,
        0.0,
        0.01,
        0.345679012345679,
        0.0,
        0.0,
        0.0,
        0.0,
        0.23846153846153847,
        0.29,
        0.0,
        0.2282958199356913,
        0.0,
        0.08080808080808081,
        0.19136960600375236,
        0.2951388888888889,
        0.2605042016806723,
        0.48623853211009177,
        0.14814814814814814,
        0.27450980392156865,
        0.8282828282828283,
        0.006756756756756757,
        0.328125,
        0.5779816513761468,
        0.0,
        0.0,
        0.35555555555555557,
        0.0,
        0.0,
        0.18867924528301888,
        0.0,
        0.40828402366863903,
        0.4083044982698962,
        0.2808219178082192,
        0.0,
        0.4642857142857143,
        0.0,
        0.1382488479262673,
        0.0,
        0.7762237762237763,
        0.0,
        0.5486111111111112,
        0.13333333333333333,
        0.32525951557093424,
        0.46464646464646464,
        0.10909090909090909,
        0.34513274336283184,
        0.08620689655172414,
        0.2112676056338028,
        0.007518796992481203,
        0.15748031496062992,
        0.5223367697594502,
        0.0078125,
        0.7367303609341825,
        0.22815533980582525,
        0.5428571428571428,
        0.8653846153846154,
        0.0990990990990991,
        0.4722222222222222,
        0.5535714285714286,
        0.0,
        0.008771929824561403,
        0.22404371584699453,
        0.12149532710280374,
        0.26605504587155965,
        0.21465968586387435,
        0.4161676646706587,
        0.0457516339869281,
        0.2972972972972973,
        0.2806026365348399,
        0.5272108843537415,
        0.0,
        0.2588996763754045,
        0.34269662921348315,
        0.0,
        0.35195530726256985,
        0.1564245810055866,
        0.14917127071823205,
        0.3089430894308943,
        0.2222222222222222,
        0.10679611650485436,
        0.993006993006993,
        0.3,
        0.38095238095238093,
        0.009708737864077669,
        0.17857142857142858,
        0.1891891891891892,
        0.3929824561403509,
        0.3333333333333333,
        0.27293064876957496,
        0.23469387755102042,
        0.4097222222222222,
        0.07758620689655173,
        0.1802168021680217,
        0.42201834862385323,
        0.0,
        0.0,
        0.2360248447204969,
        0.3007518796992481,
        0.31496062992125984,
        0.009900990099009901,
        0.37735849056603776,
        0.20365535248041775,
        0.24516129032258063,
        0.36607142857142855,
        0.009900990099009901,
        0.48484848484848486,
        0.1559633027522936,
        0.371900826446281,
        0.003484320557491289,
        0.0,
        0.36541598694942906,
        0.35714285714285715,
        0.0,
        0.3466135458167331,
        0.19254658385093168,
        0.39335180055401664,
        0.6771929824561403,
        0.4120603015075377,
        0.3665338645418327,
        0.3611898016997167,
        0.5254237288135594,
        0.3523809523809524,
        0.5304878048780488,
        0.34974093264248707,
        0.2713178294573643,
        0.4899328859060403,
        0.5971223021582733,
        0.3316708229426434,
        0.4882154882154882,
        0.13131313131313133,
        0.32,
        0.3888888888888889,
        0.4772727272727273,
        0.4005681818181818,
        0.832572298325723,
        0.39823008849557523,
        0.4897959183673469,
        0.5583673469387755,
        0.4143835616438356,
        0.592156862745098,
        0.0,
        0.4094955489614243,
        0.6498740554156172,
        0.8175438596491228,
        0.8529411764705882,
        0.4632352941176471,
        0.5063113604488079,
        0.6382252559726962,
        0.9097222222222222,
        0.7859327217125383,
        0.7218137254901961,
        0.722495894909688,
        0.9368421052631579,
        0.7985074626865671,
        0.7716262975778547,
        0.9438596491228071,
        0.0,
        0.5931232091690545,
        0.0,
        0.0,
        0.0,
        0.4387755102040816,
        0.009900990099009901,
        0.7407407407407407,
        0.5946843853820598,
        0.0,
        0.0,
        0.746031746031746,
        0.9964912280701754,
        0.92,
        0.9003436426116839,
        0.7291666666666666,
        0.057692307692307696,
        0.6635514018691588,
        0.5223367697594502,
        0.6525679758308157,
        0.8895348837209303,
        0.8114478114478114,
        0.7530864197530864,
        0.6944444444444444,
        0.9587628865979382,
        0.7460815047021944,
        0.7008310249307479,
        0.8947368421052632,
        0.6111111111111112,
        0.7194719471947195,
        0.8264705882352941,
        0.5770833333333333,
        0.48168839230291743,
        0.8159722222222222,
        0.7326388888888888
    ],