{
    "time": "2022-10-05-18-01-23",
    "episodes": 200,
    "performance history": [
        0.39603960396039606,
        0.0,
        0.5,
        0.0,
        0.37254901960784315,
        0.10256410256410256,
        0.10050251256281408,
        0.6319444444444444,
        0.4941860465116279,
        0.6140350877192983,
        0.47244094488188976,
        0.10534591194968554,
        0.2066115702479339,
        0.13050570962479607,
        0.12380952380952381,
        0.009900990099009901,
        0.009900990099009901,
        0.7543859649122807,
        0.009433962264150943,
        0.22141119221411193,
        0.4230769230769231,
        0.14646464646464646,
        0.0,
        0.0,
        0.0,
        0.0196078431372549,
        0.5980392156862745,
        0.19239373601789708,
        0.856140350877193,
        0.5392156862745098,
        0.18388791593695272,
        0.0,
        0.0,
        0.010101010101010102,
        0.042735042735042736,
        0.25547445255474455,
        0.0,
        0.06382978723404255,
        0.17757009345794392,
        0.3490566037735849,
        0.3148148148148148,
        0.5784313725490197,
        0.04929577464788732,
        0.23076923076923078,
        0.0,
        0.8047138047138047,
        0.0,
        0.0,
        0.0,
        0.0,
        0.22719734660033167,
        0.0,
        0.0,
        0.0,
        0.3016759776536313,
        0.0,
        0.27586206896551724,
        0.0,
        0.0,
        0.0,
        0.26506024096385544,
        0.4217687074829932,
        0.0945945945945946,
        0.08333333333333333,
        0.17378048780487804,
        0.0,
        0.0,
        0.0,
        0.0,
        0.0,
        0.0,
        0.25663716814159293,
        0.0,
        0.12074303405572756,
        0.0,
        0.10559006211180125,
        0.0,
        0.0,
        0.0,
        0.2727272727272727,
        0.0,
        0.0,
        0.18181818181818182,
        0.11764705882352941,
        0.1274787535410765,
        0.2616822429906542,
        0.0,
        0.44176706827309237,
        0.3979135618479881,
        0.24971231300345226,
        0.18840579710144928,
        0.050955414012738856,
        0.35492957746478876,
        0.3923512747875354,
        0.4425287356321839,
        0.0,
        0.0,
        0.06944444444444445,
        0.0,
        0.22916666666666666,
        0.2869318181818182,
        0.0,
        0.47766323024054985,
        0.21142857142857144,
        0.0,
        0.0,
        0.32344213649851633,
        0.19832402234636873,
        0.0,
        0.0,
        0.3259668508287293,
        0.32931424265259984,
        0.06862745098039216,
        0.0,
        0.4032258064516129,
        0.0,
        0.25806451612903225,
        0.5092592592592593,
        0.32558139534883723,
        0.338368580060423,
        0.6338028169014085,
        0.47774480712166173,
        0.0,
        0.20334261838440112,
        0.0,
        0.4658385093167702,
        0.5034802784222738,
        0.4124629080118694,
        0.0,
        0.1574074074074074,
        0.5125725338491296,
        0.05405405405405406,
        0.22115384615384615,
        0.4743202416918429,
        0.0,
        0.45045045045045046,
        0.437984496124031,
        0.27531645569620256,
        0.32636469221835074,
        0.1,
        0.0,
        0.0,
        0.0,
        0.059113300492610835,
        0.8383838383838383,
        0.578125,
        0.7346938775510204,
        0.0,
        0.36176470588235293,
        0.0,
        0.292817679558011,
        0.7074829931972789,
        0.3160919540229885,
        0.0,
        0.42142857142857143,
        0.0,
        0.0,
        0.45317220543806647,
        0.49635036496350365,
        0.4222222222222222,
        0.3543859649122807,
        0.4166666666666667,
        0.53,
        0.4844649021864212,
        0.6085526315789473,
        0.09090909090909091,
        0.0,
        0.3478964401294498,
        0.08571428571428572,
        0.1111111111111111,
        0.2275449101796407,
        0.2565789473684211,
        0.0,
        0.1797752808988764,
        0.2362093352192362,
        0.05714285714285714,
        0.2831858407079646,
        0.15419501133786848,
        0.08571428571428572,
        0.32867132867132864,
        0.0,
        0.20537897310513448,
        0.5288461538461539,
        0.030303030303030304,
        0.10391822827938671,
        0.0,
        0.0,
        0.312280701754386,
        0.2786885245901639,
        0.6644736842105263,
        0.34421364985163205,
        0.0,
        0.3523809523809524,
        0.0,
        0.0,
        0.09655172413793103,
        0.06862745098039216,
        0.12658227848101267,
        0.0,
        0.0
    ],