{
    "time": "2022-10-05-11-51-03",
    "episodes": 200,
    "performance history": [
        0.1564245810055866,
        0.13,
        0.136986301369863,
        0.046632124352331605,
        0.19852941176470587,
        0.1111111111111111,
        0.0,
        0.0,
        0.0,
        0.2616822429906542,
        0.0,
        0.3076923076923077,
        0.47297297297297297,
        0.0,
        0.2450592885375494,
        0.0,
        0.0,
        0.2190082644628099,
        0.24242424242424243,
        0.4,
        0.28125,
        0.009615384615384616,
        0.043859649122807015,
        0.4205607476635514,
        0.17857142857142858,
        0.2037037037037037,
        0.64,
        0.06542056074766354,
        0.32696390658174096,
        0.0,
        0.1649122807017544,
        0.16350496838301717,
        0.0,
        0.010101010101010102,
        0.15384615384615385,
        0.0,
        0.0,
        0.14497041420118342,
        0.5904761904761905,
        0.045454545454545456,
        0.21957040572792363,
        0.530827067669173,
        0.008064516129032258,
        0.007352941176470588,
        0.5339805825242718,
        0.519298245614035,
        0.710806697108067,
        0.13675213675213677,
        0.18095238095238095,
        0.0,
        0.009708737864077669,
        0.7474747474747475,
        0.0,
        0.46710526315789475,
        0.0,
        0.0,
        0.3076923076923077,
        0.4233128834355828,
        0.3162393162393162,
        0.0,
        0.0,
        0.0,
        0.0,
        0.0,
        0.15778251599147122,
        0.0,
        0.008849557522123894,
        0.05660377358490566,
        0.8771929824561403,
        0.0,
        0.45,
        0.0,
        0.0,
        0.0,
        0.0,
        0.26666666666666666,
        0.3018867924528302,
        0.0,
        0.21739130434782608,
        0.008264462809917356,
        0.14285714285714285,
        0.10476190476190476,
        0.272,
        0.009174311926605505,
        0.7627811860940695,
        0.3047619047619048,
        0.0,
        0.0,
        0.0,
        0.29365079365079366,
        0.1308411214953271,
        0.16058394160583941,
        0.24229979466119098,
        0.2419127988748242,
        0.7263157894736842,
        0.008620689655172414,
        0.18095238095238095,
        0.23728813559322035,
        0.0,
        0.0,
        0.486013986013986,
        0.7534246575342466,
        0.48567335243553006,
        0.0,
        0.6423611111111112,
        0.0,
        0.1786743515850144,
        0.22115384615384615,
        0.04697986577181208,
        0.08403361344537816,
        0.47058823529411764,
        0.5403726708074534,
        0.31645569620253167,
        0.41228070175438597,
        0.25037481259370314,
        0.1760154738878143,
        0.0,
        0.009259259259259259,
        0.0990990990990991,
        0.16129032258064516,
        0.42857142857142855,
        0.16666666666666666,
        0.18574108818011256,
        0.1524390243902439,
        0.01834862385321101,
        0.3390804597701149,
        0.5403508771929825,
        0.27225806451612905,
        0.3183183183183183,
        0.47368421052631576,
        0.20202020202020202,
        0.15454545454545454,
        0.1925925925925926,
        0.14166666666666666,
        0.3508771929824561,
        0.47619047619047616,
        0.17647058823529413,
        0.18663594470046083,
        0.15328467153284672,
        0.7281553398058253,
        0.009009009009009009,
        0.12213740458015267,
        0.2571428571428571,
        0.17475728155339806,
        0.7228070175438597,
        0.3644859813084112,
        0.31683168316831684,
        0.7112827112827113,
        0.05,
        0.5799011532125206,
        0.74,
        0.17687074829931973,
        0.7263157894736842,
        0.6447368421052632,
        0.0,
        0.2857142857142857,
        0.712280701754386,
        0.7804459691252144,
        0.5454545454545454,
        0.2641509433962264,
        0.1415929203539823,
        0.44108761329305135,
        0.0,
        0.3894736842105263,
        0.0,
        0.010101010101010102,
        0.4207961007311129,
        0.3939393939393939,
        0.00641025641025641,
        0.6783216783216783,
        0.4267515923566879,
        0.3236040609137056,
        0.6681614349775785,
        0.2755244755244755,
        0.6257861635220126,
        0.9990281827016521,
        0.20588235294117646,
        0.4114391143911439,
        0.6497005988023952,
        0.010101010101010102,
        0.5889212827988338,
        0.4020618556701031,
        0.5070821529745042,
        0.3706896551724138,
        0.4930555555555556,
        0.33141542002301494,
        0.0,
        0.4680232558139535,
        0.32916666666666666,
        0.19705882352941176,
        0.310126582278481,
        0.31891891891891894,
        0.5521885521885522,
        0.0,
        0.3302180685358255,
        0.37037037037037035,
        0.2916666666666667,
        0.007194244604316547,
        0.3917525773195876,
        0.4853801169590643
    ],