{
    "time": "2022-10-05-23-45-06",
    "episodes": 200,
    "performance history": [
        0.6963477210987021,
        0.0,
        0.0,
        0.6877192982456141,
        0.224283305227656,
        0.0,
        0.0,
        0.0,
        0.0,
        0.0,
        0.0,
        0.0,
        0.2701812191103789,
        0.6744791666666666,
        0.32621951219512196,
        0.2761437908496732,
        0.3384615384615385,
        0.0,
        0.3395061728395062,
        0.32,
        0.4326241134751773,
        0.0,
        0.2628398791540785,
        0.0,
        0.0,
        0.0,
        0.0,
        0.0,
        0.4539877300613497,
        0.29508196721311475,
        0.27901234567901234,
        0.4507042253521127,
        0.29444444444444445,
        0.0,
        0.0,
        0.0,
        0.008928571428571428,
        0.05309734513274336,
        0.09,
        0.2569832402234637,
        0.26917057902973396,
        0.008849557522123894,
        0.33860759493670883,
        0.2411764705882353,
        0.30288461538461536,
        0.5481283422459893,
        0.0,
        0.009259259259259259,
        0.0,
        0.11,
        0.0,
        0.0,
        0.0,
        0.21052631578947367,
        0.0,
        0.0,
        0.4397590361445783,
        0.26174496644295303,
        0.1,
        0.2620192307692308,
        0.3023952095808383,
        0.5474452554744526,
        0.38562091503267976,
        0.01,
        0.0,
        0.0,
        0.009900990099009901,
        0.0,
        0.0,
        0.30174563591022446,
        0.36056338028169016,
        0.29444444444444445,
        0.0,
        0.4934210526315789,
        0.25149700598802394,
        0.39453357100415926,
        0.465324384787472,
        0.9965277777777778,
        0.7709563164108618,
        0.9771689497716894,
        0.775811209439528,
        0.989345509893455,
        0.5106382978723404,
        0.30357142857142855,
        0.6060606060606061,
        0.3621495327102804,
        0.08823529411764706,
        0.7350427350427351,
        0.3756906077348066,
        0.38996763754045305,
        0.09090909090909091,
        0.008849557522123894,
        0.23739837398373984,
        0.050505050505050504,
        0.26194398682042835,
        0.0,
        0.0,
        0.2760416666666667,
        0.3373493975903614,
        0.0,
        0.0,
        0.2789473684210526,
        0.0,
        0.0,
        0.25149700598802394,
        0.0,
        0.0,
        0.0,
        0.22150882825040127,
        0.20309477756286268,
        0.0,
        0.0,
        0.0,
        0.0,
        0.0,
        0.0,
        0.0,
        0.0,
        0.22549019607843138,
        0.12095400340715502,
        0.0,
        0.16054267947993217,
        0.0,
        0.0,
        0.21484375,
        0.20309477756286268,
        0.0,
        0.0,
        0.0,
        0.0,
        0.0,
        0.0,
        0.0,
        0.0,
        0.0,
        0.0,
        0.0,
        0.0,
        0.0,
        0.0,
        0.0,
        0.0,
        0.19922630560928434,
        0.19922630560928434,
        0.0,
        0.0,
        0.0,
        0.27134146341463417,
        0.0,
        0.2032967032967033,
        0.0,
        0.0,
        0.0,
        0.0,
        0.2202572347266881,
        0.0,
        0.3584905660377358,
        0.0,
        0.5,
        0.0,
        0.0,
        0.24629080118694363,
        0.0,
        0.0,
        0.2056338028169014,
        0.3496932515337423,
        0.2463768115942029,
        0.0,
        0.0,
        0.3396825396825397,
        0.0,
        0.22254335260115607,
        0.0,
        0.16876574307304787,
        0.2465483234714004,
        0.290519877675841,
        0.0,
        0.0,
        0.22823984526112184,
        0.34408602150537637,
        0.5,
        0.5231788079470199,
        0.37988826815642457,
        0.24758220502901354,
        0.0,
        0.0,
        0.22841225626740946,
        0.0,
        0.0,
        0.25486381322957197,
        0.0,
        0.0,
        0.0,
        0.0,
        0.3211267605633803,
        0.0,
        0.0,
        0.0,
        0.0,
        0.0
    ],