{
    "time": "2022-10-05-22-53-54",
    "episodes": 200,
    "performance history": [
        0.55,
        0.42857142857142855,
        0.1883656509695291,
        0.0,
        0.0,
        0.4631578947368421,
        0.43059490084985835,
        0.16831683168316833,
        0.0,
        0.0,
        0.0,
        0.29411764705882354,
        0.0,
        0.6228373702422145,
        0.26153846153846155,
        0.49523809523809526,
        0.00909090909090909,
        0.28640776699029125,
        0.3740648379052369,
        0.4383561643835616,
        0.39603960396039606,
        0.36538461538461536,
        0.562111801242236,
        0.009900990099009901,
        0.4132295719844358,
        0.38650306748466257,
        0.2918918918918919,
        0.23529411764705882,
        0.0,
        0.1262135922330097,
        0.5144927536231884,
        0.45454545454545453,
        0.54,
        0.45544554455445546,
        0.030303030303030304,
        0.4423076923076923,
        0.5169082125603864,
        0.010101010101010102,
        0.8731343283582089,
        0.6795252225519288,
        0.3107344632768362,
        0.49038461538461536,
        0.0,
        0.0,
        0.3238095238095238,
        0.8625429553264605,
        0.009900990099009901,
        0.29411764705882354,
        0.3601340033500838,
        0.3368421052631579,
        0.20437956204379562,
        0.0,
        0.0,
        0.36716171617161714,
        0.29385964912280704,
        0.0,
        0.0,
        0.0,
        0.0,
        0.5011494252873563,
        0.6736111111111112,
        0.5180555555555556,
        0.0,
        0.0,
        0.20221606648199447,
        0.0,
        0.0,
        0.3924050632911392,
        0.010101010101010102,
        0.8333333333333334,
        0.3333333333333333,
        0.42939481268011526,
        0.7425742574257426,
        0.48532289628180036,
        0.42403628117913833,
        0.5228070175438596,
        0.5555555555555556,
        0.7204081632653061,
        0.7129909365558912,
        0.2727272727272727,
        0.47005988023952094,
        0.6518987341772152,
        0.009259259259259259,
        0.4289772727272727,
        0.0,
        0.0,
        0.18241042345276873,
        0.27596439169139464,
        0.3589462129527991,
        0.44142857142857145,
        0.32038834951456313,
        0.36879432624113473,
        0.5,
        0.3073170731707317,
        0.34521880064829824,
        0.68,
        0.5352112676056338,
        0.0,
        0.009345794392523364,
        0.38235294117647056,
        0.0,
        0.22030981067125646,
        0.7239057239057239,
        0.3640226628895184,
        0.3323262839879154,
        0.3468208092485549,
        0.375,
        0.47477744807121663,
        0.7894736842105263,
        0.4845360824742268,
        0.4475043029259897,
        0.35657686212361334,
        0.0,
        0.5400593471810089,
        0.26732673267326734,
        0.8125,
        0.29985855728429983,
        0.7663230240549829,
        0.3487654320987654,
        0.27335640138408307,
        0.5589123867069486,
        0.6144994246260069,
        0.7147766323024055,
        0.8299319727891157,
        0.4661508704061896,
        0.7270194986072424,
        0.7525773195876289,
        0.6192528735632183,
        0.8193146417445483,
        0.5995397008055235,
        0.7981072555205048,
        0.5220417633410673,
        0.5246913580246914,
        0.6822157434402333,
        0.9518900343642611,
        0.009708737864077669,
        0.21100917431192662,
        0.6842105263157895,
        0.5838926174496645,
        0.009345794392523364,
        0.4823529411764706,
        0.9397183098591549,
        0.2857142857142857,
        0.5031055900621118,
        0.5196374622356495,
        0.3794466403162055,
        0.0,
        0.42462845010615713,
        0.0,
        0.0,
        0.009900990099009901,
        0.2627118644067797,
        0.3034188034188034,
        0.0,
        0.34134615384615385,
        0.7938144329896907,
        0.00909090909090909,
        0.31521739130434784,
        0.13821138211382114,
        0.0,
        0.0,
        0.2549019607843137,
        0.2655367231638418,
        0.15,
        0.712280701754386,
        0.009523809523809525,
        0.3977272727272727,
        0.37848101265822787,
        0.42153846153846153,
        0.8408304498269896,
        0.009174311926605505,
        0.17757009345794392,
        0.4070175438596491,
        0.6494845360824743,
        0.47619047619047616,
        0.2980769230769231,
        0.4431137724550898,
        0.6456140350877193,
        0.6616541353383458,
        0.6891891891891891,
        0.7320441988950276,
        0.7315668202764977,
        0.774294670846395,
        0.7190332326283988,
        0.93,
        0.7433380084151473,
        0.8636363636363636,
        0.7946969696969697,
        0.8282789992418499,
        0.9897260273972602,
        0.9228486646884273,
        0.8510028653295129,
        0.31683168316831684,
        0.9489795918367347,
        0.6701754385964912,
        0.7986577181208053,
        0.6421052631578947,
        0.48743718592964824,
        0.6185567010309279,
        0.49382716049382713
    ],