{
    "time": "2022-10-05-10-09-43",
    "episodes": 200,
    "performance history": [
        0.7543859649122807,
        0.654485049833887,
        0.5849056603773585,
        0.5412844036697247,
        0.0,
        0.6338185890257558,
        0.5535168195718655,
        0.0,
        0.31805157593123207,
        0.28700906344410876,
        0.40454545454545454,
        0.49707602339181284,
        0.6911764705882353,
        0.0,
        0.62,
        0.5622895622895623,
        0.630057803468208,
        0.0196078431372549,
        0.38513513513513514,
        0.3684210526315789,
        0.1223021582733813,
        0.6123076923076923,
        0.0,
        0.34496510468594216,
        0.0,
        0.2686084142394822,
        0.26666666666666666,
        0.0,
        0.631578947368421,
        0.6391129032258065,
        0.0,
        0.6180758017492711,
        0.2762039660056657,
        0.0,
        0.00909090909090909,
        0.39473684210526316,
        0.297029702970297,
        0.2913752913752914,
        0.5064935064935064,
        0.6736111111111112,
        0.0,
        0.0,
        0.2542372881355932,
        0.5403508771929825,
        0.0,
        0.3157894736842105,
        0.24731182795698925,
        0.4884393063583815,
        0.3165266106442577,
        0.7664233576642335,
        0.5381944444444444,
        0.0,
        0.5918367346938775,
        0.2868217054263566,
        0.0,
        0.0,
        0.0,
        0.0,
        0.8469387755102041,
        0.43103448275862066,
        0.5348101265822784,
        0.5384615384615384,
        0.0,
        0.0,
        0.3644859813084112,
        0.45217391304347826,
        0.4823529411764706,
        0.3825503355704698,
        0.6729559748427673,
        0.7093023255813954,
        0.7054698457223001,
        0.0,
        0.6014150943396226,
        0.4106280193236715,
        0.0,
        0.0,
        0.42574257425742573,
        0.225,
        0.21774193548387097,
        0.48598130841121495,
        0.5514018691588785,
        0.10743801652892562,
        0.46017699115044247,
        0.8484848484848485,
        0.4948453608247423,
        0.6421052631578947,
        0.5473684210526316,
        0.8315789473684211,
        0.30976430976430974,
        0.07692307692307693,
        0.13131313131313133,
        0.45930232558139533,
        0.0,
        0.625,
        0.008547008547008548,
        0.38596491228070173,
        0.09482758620689655,
        0.17857142857142858,
        0.519298245614035,
        0.19327731092436976,
        0.04,
        0.009433962264150943,
        0.05357142857142857,
        0.31451612903225806,
        0.08680555555555555,
        0.3470319634703196,
        0.0,
        0.08235294117647059,
        0.7222222222222222,
        0.20863309352517986,
        0.3050314465408805,
        0.0,
        0.24225352112676057,
        0.2363013698630137,
        0.0,
        0.008333333333333333,
        0.34355828220858897,
        0.39134125636672323,
        0.3173076923076923,
        0.07894736842105263,
        0.003205128205128205,
        0.19889502762430938,
        0.1651376146788991,
        0.9984779299847792,
        0.0,
        0.4413793103448276,
        0.0,
        0.0,
        0.0,
        0.0,
        0.45864661654135336,
        0.009615384615384616,
        0.3128491620111732,
        0.5157232704402516,
        0.0,
        0.0,
        0.009345794392523364,
        0.0660377358490566,
        0.4050632911392405,
        0.009615384615384616,
        0.29916897506925205,
        0.0,
        0.0,
        0.0,
        0.0,
        0.35275080906148865,
        0.6645161290322581,
        0.0,
        0.28500823723228996,
        0.16666666666666666,
        0.1925925925925926,
        0.5899280575539568,
        0.0,
        0.43795620437956206,
        0.0,
        0.0,
        0.0,
        0.3339304908634898,
        0.4392220421393841,
        0.4373401534526854,
        0.6255201109570042,
        0.0,
        0.5909090909090909,
        0.8451178451178452,
        0.0,
        0.5275715800636267,
        0.30246913580246915,
        0.900990099009901,
        0.3958333333333333,
        0.46794871794871795,
        0.6333333333333333,
        0.4431554524361949,
        0.6708074534161491,
        0.38109756097560976,
        0.8140293637846656,
        0.7970588235294118,
        0.9339622641509434,
        0.9161073825503355,
        0.972318339100346,
        0.870253164556962,
        0.978110599078341,
        0.9822784810126582,
        0.9725085910652921,
        0.9794364051789795,
        0.9415807560137457,
        0.9709976798143851,
        0.9243986254295533,
        0.9396914446002805,
        0.9403508771929825,
        0.9861111111111112,
        0.9494949494949495,
        0.9428571428571428,
        0.9939098660170523,
        0.9528619528619529,
        0.9948152948801037,
        0.9937106918238994,
        0.9958391123439667,
        0.9347079037800687,
        0.9439024390243902,
        0.9479166666666666
    ],