{
    "time": "2022-10-06-03-06-44",
    "episodes": 200,
    "performance history": [
        0.25547445255474455,
        0.31767337807606266,
        0.6099009900990099,
        0.20833333333333334,
        0.13725490196078433,
        0.0,
        0.168141592920354,
        0.0,
        0.22479564032697547,
        0.06722689075630252,
        0.0,
        0.0,
        0.2263083451202263,
        0.0,
        0.35403726708074534,
        0.0,
        0.08461538461538462,
        0.02112676056338028,
        0.1509433962264151,
        0.07317073170731707,
        0.06040268456375839,
        0.4899328859060403,
        0.0,
        0.0,
        0.0,
        0.07142857142857142,
        0.3786127167630058,
        0.14516129032258066,
        0.12612612612612611,
        0.48598130841121495,
        0.2857142857142857,
        0.25688073394495414,
        0.030303030303030304,
        0.2760416666666667,
        0.06,
        0.008333333333333333,
        0.2621359223300971,
        0.035398230088495575,
        0.01,
        0.212890625,
        0.0,
        0.08661417322834646,
        0.0,
        0.0,
        0.0,
        0.0,
        0.07647058823529412,
        0.0,
        0.3270440251572327,
        0.0,
        0.12781954887218044,
        0.045112781954887216,
        0.09009009009009009,
        0.26011560693641617,
        0.0,
        0.20155038759689922,
        0.6666666666666666,
        0.03546099290780142,
        0.2193877551020408,
        0.6178343949044586,
        0.27692307692307694,
        0.0,
        0.29651162790697677,
        0.45454545454545453,
        0.3342541436464088,
        0.3699421965317919,
        0.0,
        0.0,
        0.009174311926605505,
        0.30097087378640774,
        0.0,
        0.0,
        0.0,
        0.0,
        0.44861660079051385,
        0.0,
        0.0,
        0.5085227272727273,
        0.208984375,
        0.3273809523809524,
        0.0,
        0.0,
        0.0,
        0.0,
        0.3188405797101449,
        0.10784313725490197,
        0.3640776699029126,
        0.2637889688249401,
        0.407514450867052,
        0.3333333333333333,
        0.0,
        0.0,
        0.45652173913043476,
        0.0,
        0.2808988764044944,
        0.23076923076923078,
        0.2391653290529695,
        0.008849557522123894,
        0.035398230088495575,
        0.0,
        0.0,
        0.0,
        0.42758620689655175,
        0.009615384615384616,
        0.01,
        0.008620689655172414,
        0.020833333333333332,
        0.45652173913043476,
        0.0,
        0.009345794392523364,
        0.013071895424836602,
        0.0,
        0.2222222222222222,
        0.30258899676375406,
        0.22772277227722773,
        0.14545454545454545,
        0.0,
        0.26239067055393583,
        0.0859375,
        0.2079207920792079,
        0.2259294566253575,
        0.009900990099009901,
        0.5973597359735974,
        0.009900990099009901,
        0.17391304347826086,
        0.38323353293413176,
        0.2084507042253521,
        0.0,
        0.0,
        0.225,
        0.5774946921443737,
        0.205607476635514,
        0.27184466019417475,
        0.009523809523809525,
        0.23210831721470018,
        0.43333333333333335,
        0.008,
        0.8385964912280702,
        0.25892857142857145,
        0.13821138211382114,
        0.19611650485436893,
        0.0,
        0.0,
        0.26679841897233203,
        0.21306818181818182,
        0.37888198757763975,
        0.00980392156862745,
        0.16981132075471697,
        0.08943089430894309,
        0.7804878048780488,
        0.4178082191780822,
        0.0,
        0.4744525547445255,
        0.20348837209302326,
        0.2652439024390244,
        0.42657342657342656,
        0.24629080118694363,
        0.14146341463414633,
        0.0,
        0.0,
        0.22682445759368836,
        0.0,
        0.0,
        0.0,
        0.3959731543624161,
        0.0,
        0.0,
        0.0,
        0.0,
        0.0,
        0.0,
        0.233201581027668,
        0.0,
        0.39072847682119205,
        0.0,
        0.0,
        0.0,
        0.42657342657342656,
        0.40939597315436244,
        0.0,
        0.3333333333333333,
        0.0,
        0.292817679558011,
        0.0,
        0.0,
        0.0,
        0.0,
        0.0,
        0.48507462686567165,
        0.0,
        0.0,
        0.0,
        0.0,
        0.0,
        0.009009009009009009,
        0.01,
        0.0,
        0.0,
        0.0,
        0.0990990990990991
    ],