{
    "time": "2022-10-05-20-14-56",
    "episodes": 200,
    "performance history": [
        0.20161290322580644,
        0.2358490566037736,
        0.11278195488721804,
        0.0891089108910891,
        0.212890625,
        0.0,
        0.0,
        0.7333333333333333,
        0.08064516129032258,
        0.18867924528301888,
        0.009708737864077669,
        0.037037037037037035,
        0.02564102564102564,
        0.27,
        0.9964912280701754,
        0.010101010101010102,
        0.6504854368932039,
        0.16441441441441443,
        0.0,
        0.0,
        0.29017857142857145,
        0.0,
        0.5069444444444444,
        0.7368421052631579,
        0.17257683215130024,
        0.0,
        0.2112676056338028,
        0.0,
        0.0,
        0.0,
        0.0,
        0.0,
        0.0,
        0.5223880597014925,
        0.5815602836879432,
        0.26822157434402333,
        0.0,
        0.0,
        0.0,
        0.3089887640449438,
        0.30057803468208094,
        0.0,
        0.5849056603773585,
        0.6568627450980392,
        0.5490196078431373,
        0.0,
        0.2789473684210526,
        0.0,
        0.0,
        0.0,
        0.0,
        0.0,
        0.2808641975308642,
        0.06153846153846154,
        0.29914529914529914,
        0.0949367088607595,
        0.09803921568627451,
        0.0,
        0.16891891891891891,
        0.11,
        0.0,
        0.13089005235602094,
        0.1111111111111111,
        0.0,
        0.0,
        0.0,
        0.0,
        0.21052631578947367,
        0.10101010101010101,
        0.0,
        0.42613636363636365,
        0.0,
        0.009345794392523364,
        0.15151515151515152,
        0.009523809523809525,
        0.1,
        0.0,
        0.1346153846153846,
        0.01507537688442211,
        0.0,
        0.17222222222222222,
        0.01,
        0.0136986301369863,
        0.15673981191222572,
        0.15673981191222572,
        0.20165745856353592,
        0.3028571428571429,
        0.0,
        0.0,
        0.5514705882352942,
        0.009259259259259259,
        0.04040404040404041,
        0.5223880597014925,
        0.0,
        0.0,
        0.0,
        0.2888198757763975,
        0.008264462809917356,
        0.09090909090909091,
        0.0,
        0.0,
        0.0,
        0.0,
        0.0,
        0.01,
        0.02586206896551724,
        0.4120603015075377,
        0.007142857142857143,
        0.16806722689075632,
        0.3203592814371258,
        0.3051044083526682,
        0.5808823529411765,
        0.20502901353965183,
        0.0,
        0.0,
        0.2818991097922849,
        0.0,
        0.0,
        0.0,
        0.21306818181818182,
        0.0,
        0.2857142857142857,
        0.0,
        0.0,
        0.21739130434782608,
        0.0,
        0.0,
        0.17676767676767677,
        0.23782234957020057,
        0.0,
        0.0,
        0.0,
        0.22375690607734808,
        0.0,
        0.0,
        0.0,
        0.17849462365591398,
        0.0,
        0.0,
        0.0,
        0.0,
        0.24849699398797595,
        0.0,
        0.0,
        0.0,
        0.0,
        0.22905027932960895,
        0.0078125,
        0.038461538461538464,
        0.3216374269005848,
        0.0,
        0.16181229773462782,
        0.2864864864864865,
        0.45,
        0.23519736842105263,
        0.0,
        0.0,
        0.24471299093655588,
        0.0,
        0.0,
        0.0,
        0.0,
        0.0,
        0.0,
        0.0,
        0.29120879120879123,
        0.18696883852691218,
        0.0,
        0.0,
        0.0,
        0.0,
        0.0,
        0.2374429223744292,
        0.0,
        0.3216374269005848,
        0.0,
        0.0,
        0.0,
        0.0,
        0.0,
        0.2606060606060606,
        0.15581854043392504,
        0.23668639053254437,
        0.0,
        0.0,
        0.0,
        0.4647887323943662,
        0.0,
        0.0,
        0.0,
        0.0,
        0.4246575342465753,
        0.0,
        0.24850299401197604,
        0.2303206997084548,
        0.0,
        0.28342245989304815,
        0.0,
        0.0,
        0.48148148148148145
    ],