{
    "time": "2022-10-06-01-05-00",
    "episodes": 200,
    "performance history": [
        0.19642857142857142,
        0.0,
        0.0,
        0.0,
        0.13238095238095238,
        0.0,
        0.0,
        0.4397163120567376,
        0.3933333333333333,
        0.0,
        0.0,
        0.0,
        0.0,
        0.25,
        0.23323615160349853,
        0.0,
        0.0,
        0.27439024390243905,
        0.0,
        0.48148148148148145,
        0.0,
        0.0,
        0.22879684418145957,
        0.0,
        0.2109375,
        0.0,
        0.24186704384724186,
        0.35625,
        0.0,
        0.0,
        0.21717171717171718,
        0.0,
        0.3104575163398693,
        0.15934959349593497,
        0.15151515151515152,
        0.10784313725490197,
        0.0,
        0.23468057366362452,
        0.09285714285714286,
        0.0,
        0.32941176470588235,
        0.07339449541284404,
        0.31756756756756754,
        0.0,
        0.40445859872611467,
        0.2913907284768212,
        0.3159722222222222,
        0.05172413793103448,
        0.2515151515151515,
        0.008547008547008548,
        0.7676646706586826,
        0.2720156555772994,
        0.21359223300970873,
        0.0,
        0.0,
        0.48507462686567165,
        0.007462686567164179,
        0.2680652680652681,
        0.007874015748031496,
        0.019801980198019802,
        0.9832572298325722,
        0.3527397260273973,
        0.41262135922330095,
        0.3130841121495327,
        0.3070739549839228,
        0.2535211267605634,
        0.23737373737373738,
        0.27941176470588236,
        0.07272727272727272,
        0.03816793893129771,
        0.8027725267800883,
        0.0,
        0.37579617834394907,
        0.0,
        0.17491749174917492,
        0.006993006993006993,
        0.5075187969924813,
        0.3434343434343434,
        0.3711340206185567,
        0.0,
        0.18,
        0.25245098039215685,
        0.0,
        0.21311475409836064,
        0.5882352941176471,
        0.11428571428571428,
        0.10101010101010101,
        0.009009009009009009,
        0.14942528735632185,
        0.007692307692307693,
        0.29245283018867924,
        0.047058823529411764,
        0.15702479338842976,
        0.8282828282828283,
        0.4397163120567376,
        0.0,
        0.08080808080808081,
        0.4632768361581921,
        0.27384615384615385,
        0.0,
        0.0,
        0.29673590504451036,
        0.3933333333333333,
        0.0,
        0.2571428571428571,
        0.00909090909090909,
        0.21238938053097345,
        0.19008264462809918,
        0.08,
        0.32646048109965636,
        0.07017543859649122,
        0.0,
        0.0,
        0.0,
        0.14563106796116504,
        0.034482758620689655,
        0.37,
        0.3611111111111111,
        0.0,
        0.42105263157894735,
        0.3240223463687151,
        0.1891891891891892,
        0.4456140350877193,
        0.1984126984126984,
        0.3333333333333333,
        0.0,
        0.0,
        0.17966101694915254,
        0.17647058823529413,
        0.08080808080808081,
        0.16666666666666666,
        0.058823529411764705,
        0.0,
        0.0,
        0.622356495468278,
        0.0,
        0.0,
        0.0,
        0.0,
        0.44285714285714284,
        0.0,
        0.0,
        0.0,
        0.26582278481012656,
        0.0,
        0.2888198757763975,
        0.0,
        0.6712328767123288,
        0.0,
        0.2159090909090909,
        0.0,
        0.0,
        0.32934131736526945,
        0.0,
        0.0,
        0.00205761316872428,
        0.2485207100591716,
        0.37623762376237624,
        0.5880398671096345,
        0.14106583072100312,
        0.0594059405940594,
        0.1559633027522936,
        0.04807692307692308,
        0.0,
        0.4405594405594406,
        0.6947368421052632,
        0.02877697841726619,
        0.65,
        0.16379310344827586,
        0.06569343065693431,
        0.10569105691056911,
        0.29411764705882354,
        0.08547008547008547,
        0.11363636363636363,
        0.1743119266055046,
        0.2545454545454545,
        0.18120805369127516,
        0.36227544910179643,
        0.0,
        0.0,
        0.0,
        0.47794117647058826,
        0.36942675159235666,
        0.0,
        0.0,
        0.22397476340694006,
        0.26646706586826346,
        0.28611898016997167,
        0.36893203883495146,
        0.45454545454545453,
        0.4,
        0.282312925170068,
        0.01,
        0.23492723492723494,
        0.0,
        0.0,
        0.0,
        0.32263242375601925,
        0.5151515151515151,
        0.38613861386138615
    ],