{
    "time": "2022-10-06-00-14-21",
    "episodes": 200,
    "performance history": [
        0.5135135135135135,
        0.0,
        0.5202492211838006,
        0.25806451612903225,
        0.3072100313479624,
        0.27134146341463417,
        0.3630769230769231,
        0.780952380952381,
        0.0,
        0.3916083916083916,
        0.0,
        0.0,
        0.0,
        0.26586102719033233,
        0.23102310231023102,
        0.7941176470588235,
        0.7,
        0.0,
        0.2896174863387978,
        0.0,
        0.0,
        0.2651162790697674,
        0.24324324324324326,
        0.2054794520547945,
        0.18584070796460178,
        0.1487603305785124,
        0.42,
        0.6435643564356436,
        0.14035087719298245,
        0.6138613861386139,
        0.17391304347826086,
        0.5,
        0.3798076923076923,
        0.0,
        0.0,
        0.0,
        0.016260162601626018,
        0.0,
        0.0,
        0.6915422885572139,
        0.0,
        0.0,
        0.0,
        0.0,
        0.10303030303030303,
        0.0,
        0.31446540880503143,
        0.5632911392405063,
        0.0,
        0.30197444831591175,
        0.3982808022922636,
        0.0,
        0.0,
        0.4246153846153846,
        0.2391304347826087,
        0.019801980198019802,
        0.6319444444444444,
        0.43857493857493857,
        0.6122448979591837,
        0.0,
        0.0,
        0.0,
        0.27756653992395436,
        0.3173076923076923,
        0.0,
        0.7951388888888888,
        0.4236111111111111,
        0.0,
        0.0,
        0.0,
        0.8396501457725948,
        0.26582278481012656,
        0.5075075075075075,
        0.04040404040404041,
        0.5588235294117647,
        0.47058823529411764,
        0.21052631578947367,
        0.3590504451038576,
        0.0,
        0.5914634146341463,
        0.47156726768377255,
        0.0,
        0.0,
        0.4791666666666667,
        0.009708737864077669,
        0.08080808080808081,
        0.5705882352941176,
        0.0,
        0.3072100313479624,
        0.8210526315789474,
        0.4157142857142857,
        0.7551020408163265,
        0.009708737864077669,
        0.4182825484764543,
        0.5159235668789809,
        0.17757009345794392,
        0.23391812865497075,
        0.43137254901960786,
        0.7403508771929824,
        0.0,
        0.009615384615384616,
        0.11607142857142858,
        0.3474576271186441,
        0.0,
        0.7052631578947368,
        0.5555555555555556,
        0.2953846153846154,
        0.15625,
        0.2857142857142857,
        0.4430769230769231,
        0.6625514403292181,
        0.7869415807560137,
        0.26244343891402716,
        0.0,
        0.16216216216216217,
        0.41590214067278286,
        0.007246376811594203,
        0.19,
        0.0,
        0.007518796992481203,
        0.0707070707070707,
        0.0,
        0.31197771587743733,
        0.02,
        0.8006993006993007,
        0.0,
        0.1962025316455696,
        0.2283464566929134,
        0.3849129593810445,
        0.7272727272727273,
        0.1793478260869565,
        0.15748031496062992,
        0.5722543352601156,
        0.2570194384449244,
        0.0,
        0.0,
        0.37142857142857144,
        0.0,
        0.38095238095238093,
        0.0,
        0.39156626506024095,
        0.4411764705882353,
        0.4294117647058823,
        0.5235008103727715,
        0.3263888888888889,
        0.5,
        0.7388059701492538,
        0.14285714285714285,
        0.5412844036697247,
        0.639751552795031,
        0.993127147766323,
        0.6456140350877193,
        0.0,
        0.0,
        0.4773413897280967,
        0.4484848484848485,
        0.39488636363636365,
        0.5619047619047619,
        0.0,
        0.0,
        0.562015503875969,
        0.6941580756013745,
        0.47058823529411764,
        0.5190311418685121,
        0.5886524822695035,
        0.5,
        0.6784810126582278,
        0.0,
        0.9157894736842105,
        0.18115942028985507,
        0.6277777777777778,
        0.4273743016759777,
        0.6117511520737328,
        0.46827794561933533,
        0.6708333333333333,
        0.0,
        0.0,
        0.5451388888888888,
        0.6975806451612904,
        0.6544117647058824,
        0.6736842105263158,
        0.7631344612644702,
        0.71,
        0.6648199445983379,
        0.48196114708603144,
        0.4824561403508772,
        0.23776223776223776,
        0.41798941798941797,
        0.5964912280701754,
        0.009900990099009901,
        0.9789473684210527,
        0.5909090909090909,
        0.3223787167449139,
        0.23823529411764705,
        0.23148148148148148,
        0.10101010101010101,
        0.00819672131147541,
        0.010101010101010102,
        0.2702169625246548,
        0.38368580060422963
    ],