{
    "time": "2022-10-05-17-09-48",
    "episodes": 200,
    "performance history": [
        0.29292929292929293,
        0.11888111888111888,
        0.11822660098522167,
        0.0782608695652174,
        0.21,
        0.06622516556291391,
        0.22108843537414966,
        0.6565656565656566,
        0.06521739130434782,
        0.0,
        0.26262626262626265,
        0.07920792079207921,
        0.22429906542056074,
        0.16071428571428573,
        0.0,
        0.17532467532467533,
        0.0,
        0.09420289855072464,
        0.0,
        0.24489795918367346,
        0.17647058823529413,
        0.08163265306122448,
        0.0,
        0.1171875,
        0.0,
        0.12814070351758794,
        0.0,
        0.0,
        0.0,
        0.3438202247191011,
        0.0,
        0.0,
        0.3549382716049383,
        0.0,
        0.0,
        0.46206896551724136,
        0.009615384615384616,
        0.36075949367088606,
        0.27384615384615385,
        0.0,
        0.212890625,
        0.16169544740973313,
        0.32063492063492066,
        0.0,
        0.0,
        0.0,
        0.18612521150592218,
        0.0,
        0.0,
        0.24177631578947367,
        0.21869782971619364,
        0.0,
        0.0392156862745098,
        0.0,
        0.0,
        0.326984126984127,
        0.29449838187702265,
        0.0,
        0.09803921568627451,
        0.0,
        0.0,
        0.0,
        0.5675675675675675,
        0.4178082191780822,
        0.0,
        0.5037593984962406,
        0.0072992700729927005,
        0.06862745098039216,
        0.03418803418803419,
        0.020134228187919462,
        0.21904761904761905,
        0.239067055393586,
        0.23011363636363635,
        0.06,
        0.2254335260115607,
        0.03418803418803419,
        0.03007518796992481,
        0.2172211350293542,
        0.0,
        0.24761904761904763,
        0.23209169054441262,
        0.0,
        0.0,
        0.19922630560928434,
        0.32934131736526945,
        0.2219020172910663,
        0.22309197651663404,
        0.4206896551724138,
        0.32947976878612717,
        0.2056338028169014,
        0.2628398791540785,
        0.11952861952861953,
        0.33527696793002915,
        0.009708737864077669,
        0.0,
        0.4178082191780822,
        0.0,
        0.0,
        0.42657342657342656,
        0.0,
        0.0,
        0.3670886075949367,
        0.0594059405940594,
        0.0,
        0.3004784688995215,
        0.0,
        0.7157894736842105,
        0.5674157303370787,
        0.3046875,
        0.12149532710280374,
        0.565068493150685,
        0.0,
        0.514018691588785,
        0.594059405940594,
        0.36585365853658536,
        0.2591623036649215,
        0.0,
        0.2328767123287671,
        0.0,
        0.0,
        0.33163265306122447,
        0.4743202416918429,
        0.16109422492401215,
        0.09219858156028368,
        0.0,
        0.0,
        0.07407407407407407,
        0.36893203883495146,
        0.4097331240188383,
        0.28334956183057447,
        0.2540983606557377,
        0.7859649122807018,
        0.1891891891891892,
        0.1805324459234609,
        0.46107784431137727,
        0.4666666666666667,
        0.6643356643356644,
        0.0,
        0.2490118577075099,
        0.5478260869565217,
        0.24115755627009647,
        0.32608695652173914,
        0.7821782178217822,
        0.0,
        0.2206703910614525,
        0.025477707006369428,
        0.019867549668874173,
        0.0,
        0.18823529411764706,
        0.0,
        0.0,
        0.11504424778761062,
        0.46464646464646464,
        0.09285714285714286,
        0.24271844660194175,
        0.008928571428571428,
        0.22429906542056074,
        0.1717171717171717,
        0.0,
        0.6223776223776224,
        0.5227272727272727,
        0.008695652173913044,
        0.3739130434782609,
        0.0,
        0.23121387283236994,
        0.18232044198895028,
        0.2972972972972973,
        0.3333333333333333,
        0.010101010101010102,
        0.0,
        0.3008130081300813,
        0.009433962264150943,
        0.22826086956521738,
        0.0,
        0.28804347826086957,
        0.0,
        0.30726256983240224,
        0.0,
        0.23355263157894737,
        0.0,
        0.0,
        0.0,
        0.0,
        0.0,
        0.0,
        0.20498614958448755,
        0.3116279069767442,
        0.5405405405405406,
        0.2915451895043732,
        0.4,
        0.008547008547008548,
        0.1417910447761194,
        0.31516587677725116,
        0.14285714285714285,
        0.4842105263157895,
        0.0,
        0.345679012345679,
        0.0,
        0.0,
        0.0
    ],