{
    "time": "2022-10-06-02-43-11",
    "episodes": 200,
    "performance history": [
        0.0707070707070707,
        0.2628458498023715,
        0.20168067226890757,
        0.0,
        0.0,
        0.0,
        0.0,
        0.04040404040404041,
        0.0,
        0.0,
        0.0,
        0.0,
        0.0,
        0.1336405529953917,
        0.2619047619047619,
        0.08108108108108109,
        0.03759398496240601,
        0.010101010101010102,
        0.0,
        0.0,
        0.21714285714285714,
        0.0,
        0.1990521327014218,
        0.296,
        0.12673267326732673,
        0.2376237623762376,
        0.1306532663316583,
        0.1306930693069307,
        0.3368055555555556,
        0.020202020202020204,
        0.008695652173913044,
        0.0,
        0.35398230088495575,
        0.008849557522123894,
        0.020202020202020204,
        0.0,
        0.0,
        0.336283185840708,
        0.0196078431372549,
        0.00847457627118644,
        0.3925925925925926,
        0.0,
        0.06,
        0.11926605504587157,
        0.010101010101010102,
        0.009433962264150943,
        0.02877697841726619,
        0.22448979591836735,
        0.3371710526315789,
        0.21875,
        0.0,
        0.336283185840708,
        0.25,
        0.0,
        0.3103448275862069,
        0.3719298245614035,
        0.0,
        0.0,
        0.3017241379310345,
        0.0,
        0.0,
        0.0,
        0.0,
        0.0,
        0.12121212121212122,
        0.37623762376237624,
        0.24299065420560748,
        0.08411214953271028,
        0.16964285714285715,
        0.16987179487179488,
        0.5116772823779193,
        0.0,
        0.3179190751445087,
        0.11848341232227488,
        0.48,
        0.0,
        0.0,
        0.0,
        0.0,
        0.0,
        0.7157894736842105,
        0.0,
        0.391304347826087,
        0.006896551724137931,
        0.09433962264150944,
        0.3939393939393939,
        0.010101010101010102,
        0.01,
        0.16666666666666666,
        0.27522935779816515,
        0.3627450980392157,
        0.18032786885245902,
        0.13380281690140844,
        0.0,
        0.010101010101010102,
        0.580952380952381,
        0.11475409836065574,
        0.46017699115044247,
        0.3877551020408163,
        0.06040268456375839,
        0.2920962199312715,
        0.3193069306930693,
        0.4097222222222222,
        0.39714285714285713,
        0.0,
        0.0,
        0.0,
        0.0,
        0.0,
        0.5084745762711864,
        0.0,
        0.0,
        0.0,
        0.0,
        0.1111111111111111,
        0.13756613756613756,
        0.24347826086956523,
        0.11398963730569948,
        0.636986301369863,
        0.3014705882352941,
        0.0,
        0.2147239263803681,
        0.19658119658119658,
        0.0,
        0.0,
        0.10976103685702714,
        0.19753086419753085,
        0.14960629921259844,
        0.2777777777777778,
        0.49732620320855614,
        0.28860759493670884,
        0.0,
        0.0196078431372549,
        0.12776831345826234,
        0.0,
        0.0,
        0.0,
        0.010101010101010102,
        0.7138508371385084,
        0.0,
        0.27,
        0.02054794520547945,
        0.0594059405940594,
        0.009345794392523364,
        0.29411764705882354,
        0.0,
        0.5010615711252654,
        0.42424242424242425,
        0.17,
        0.14285714285714285,
        0.0918918918918919,
        0.3724137931034483,
        0.5431034482758621,
        0.2318840579710145,
        0.107421875,
        0.37606837606837606,
        0.45017182130584193,
        0.8155339805825242,
        0.18357487922705315,
        0.77,
        0.24077046548956663,
        0.370253164556962,
        0.1891891891891892,
        0.09375,
        0.7508417508417509,
        0.0,
        0.6209912536443148,
        0.2692307692307692,
        0.7029702970297029,
        0.18243243243243243,
        0.09219858156028368,
        0.0,
        0.0,
        0.11787072243346007,
        0.0,
        0.0,
        0.0,
        0.0,
        0.11475409836065574,
        0.472636815920398,
        0.01,
        0.1326530612244898,
        0.1276595744680851,
        0.1889763779527559,
        0.29245283018867924,
        0.5922330097087378,
        0.0,
        0.27147766323024053,
        0.0,
        0.008,
        0.125,
        0.058419243986254296,
        0.411214953271028,
        0.16151202749140894,
        0.2358490566037736,
        0.0,
        0.0,
        0.0,
        0.0,
        0.0
    ],