{
    "time": "2022-10-06-03-53-17",
    "episodes": 200,
    "performance history": [
        0.1930835734870317,
        0.45,
        0.39520958083832336,
        0.31329113924050633,
        0.0,
        0.0,
        0.0,
        0.3,
        0.21246458923512748,
        0.43661971830985913,
        0.3216374269005848,
        0.22879684418145957,
        0.45141065830721006,
        0.007692307692307693,
        0.5047619047619047,
        0.0,
        0.18035426731078905,
        0.009615384615384616,
        0.2288135593220339,
        0.20388349514563106,
        0.0,
        0.0,
        0.010101010101010102,
        0.041666666666666664,
        0.64,
        0.2836676217765043,
        0.42718446601941745,
        0.0,
        0.29106280193236717,
        0.0,
        0.37404580152671757,
        0.3235294117647059,
        0.28307692307692306,
        0.375,
        0.25,
        0.35049019607843135,
        0.6226415094339622,
        0.8365384615384616,
        0.7447552447552448,
        0.35353535353535354,
        0.40615384615384614,
        0.30124223602484473,
        0.23,
        0.00980392156862745,
        0.2682926829268293,
        0.0,
        0.2997032640949555,
        0.13861386138613863,
        0.11,
        0.3872340425531915,
        0.27134146341463417,
        0.5220588235294118,
        0.40061162079510704,
        0.3735294117647059,
        0.34269662921348315,
        0.5182481751824818,
        0.3989071038251366,
        0.30973451327433627,
        0.4989384288747346,
        0.39166666666666666,
        0.3018867924528302,
        0.731495661051557,
        0.6653696498054474,
        0.6245136186770428,
        0.32945736434108525,
        0.8842105263157894,
        0.0,
        0.0,
        0.28431372549019607,
        0.0,
        0.1329479768786127,
        0.40384615384615385,
        0.5451388888888888,
        0.2222222222222222,
        0.43573667711598746,
        0.17834394904458598,
        0.1695906432748538,
        0.37538461538461537,
        0.5907590759075908,
        0.0,
        0.0,
        0.4326241134751773,
        0.0,
        0.7,
        0.650887573964497,
        0.64,
        0.2919254658385093,
        0.5452261306532663,
        0.7295373665480427,
        0.41452991452991456,
        0.30726256983240224,
        0.51,
        0.47086247086247085,
        0.6458333333333334,
        0.5421686746987951,
        0.6104651162790697,
        0.3218390804597701,
        0.619815668202765,
        0.7152542372881356,
        0.6147058823529412,
        0.6443594646271511,
        0.44680851063829785,
        0.5684695051783659,
        0.5317829457364341,
        0.767578125,
        0.0,
        0.2919254658385093,
        0.5454545454545454,
        0.0,
        0.0,
        0.0,
        0.48058252427184467,
        0.7380952380952381,
        0.6923076923076923,
        0.7069943289224953,
        0.8160901045856798,
        0.8721374045801527,
        0.9368421052631579,
        0.7866666666666666,
        0.8178694158075601,
        0.8333333333333334,
        0.81859410430839,
        0.806930693069307,
        0.8843797856049005,
        0.9093078758949881,
        0.8450704225352113,
        0.9172185430463576,
        0.9826388888888888,
        0.9236111111111112,
        0.9130434782608695,
        0.9013157894736842,
        0.4961832061068702,
        0.968944099378882,
        0.9791666666666666,
        0.8145833333333333,
        0.8775510204081632,
        0.9553264604810997,
        0.6628895184135978,
        0.6264044943820225,
        0.7550200803212851,
        0.8581081081081081,
        0.9473684210526315,
        0.7593457943925234,
        0.9010152284263959,
        0.9235127478753541,
        0.9305555555555556,
        0.9094269870609981,
        0.9843260188087775,
        0.9739336492890995,
        0.9168207024029574,
        0.9817671809256662,
        0.9230769230769231,
        0.9698952879581152,
        0.928125,
        0.968421052631579,
        0.9476744186046512,
        0.7845789651673994,
        0.6028880866425993,
        0.37142857142857144,
        0.5181818181818182,
        0.9157894736842105,
        0.3954659949622166,
        0.7828571428571428,
        0.6896551724137931,
        0.9964912280701754,
        0.009615384615384616,
        0.46273291925465837,
        0.6245847176079734,
        0.6279906457996043,
        0.4740932642487047,
        0.4140127388535032,
        0.1111111111111111,
        0.6496598639455783,
        0.0,
        0.12121212121212122,
        0.898989898989899,
        0.0,
        0.44019138755980863,
        0.4807692307692308,
        0.8543046357615894,
        0.0,
        0.0,
        0.08,
        0.0,
        0.8187134502923976,
        0.37209302325581395,
        0.49390243902439024,
        0.0196078431372549,
        0.45098039215686275,
        0.573170731707317,
        0.6956521739130435,
        0.8288590604026845,
        0.7779056386651323,
        0.8628571428571429,
        0.8597475455820477,
        0.9111747851002865,
        0.8759493670886076,
        0.9560906515580736,
        0.9556962025316456,
        0.9018036072144289
    ],