{
    "time": "2022-10-06-08-28-01",
    "episodes": 200,
    "performance history": [
        0.3103448275862069,
        0.3008849557522124,
        0.2204724409448819,
        0.21243523316062177,
        0.27230046948356806,
        0.0,
        0.0,
        0.2033898305084746,
        0.00819672131147541,
        0.11162790697674418,
        0.0,
        0.0858085808580858,
        0.0,
        0.3434959349593496,
        0.3838383838383838,
        0.0,
        0.23529411764705882,
        0.16071428571428573,
        0.3008849557522124,
        0.2631578947368421,
        0.15310077519379844,
        0.32038834951456313,
        0.09322033898305085,
        0.0,
        0.3160919540229885,
        0.0,
        0.13267326732673268,
        0.16835016835016836,
        0.13761467889908258,
        0.25217391304347825,
        0.06923076923076923,
        0.0,
        0.06310679611650485,
        0.8173076923076923,
        0.13157894736842105,
        0.0,
        0.5961538461538461,
        0.7864077669902912,
        0.42,
        0.3069306930693069,
        0.1,
        0.0,
        0.16923076923076924,
        0.1556122448979592,
        0.10743801652892562,
        0.28,
        0.18791946308724833,
        0.11794871794871795,
        0.05194805194805195,
        0.0,
        0.2920353982300885,
        0.6384615384615384,
        0.12598425196850394,
        0.11818181818181818,
        0.5307855626326964,
        0.12850467289719625,
        0.41403508771929826,
        0.034482758620689655,
        0.0,
        0.14285714285714285,
        0.12903225806451613,
        0.4864864864864865,
        0.07894736842105263,
        0.25252525252525254,
        0.08080808080808081,
        0.0,
        0.0,
        0.4485981308411215,
        0.208955223880597,
        0.008695652173913044,
        0.5673076923076923,
        0.14754098360655737,
        0.0,
        0.2818181818181818,
        0.271356783919598,
        0.0,
        0.0,
        0.0,
        0.4835164835164835,
        0.44242424242424244,
        0.0,
        0.0,
        0.6666666666666666,
        0.2152777777777778,
        0.10648148148148148,
        0.4755244755244755,
        0.05357142857142857,
        0.0,
        0.28776978417266186,
        0.373015873015873,
        0.39316239316239315,
        0.04424778761061947,
        0.0,
        0.0,
        0.29508196721311475,
        0.09836065573770492,
        0.14615384615384616,
        0.25862068965517243,
        0.06060606060606061,
        0.12903225806451613,
        0.0,
        0.0,
        0.0,
        0.0,
        0.0,
        0.08130081300813008,
        0.3333333333333333,
        0.01694915254237288,
        0.0,
        0.32407407407407407,
        0.0,
        0.0,
        0.16455696202531644,
        0.0,
        0.0,
        0.0,
        0.0,
        0.3101851851851852,
        0.08411214953271028,
        0.27722772277227725,
        0.0,
        0.09174311926605505,
        0.4807692307692308,
        0.2920353982300885,
        0.2920353982300885,
        0.043478260869565216,
        0.13317422434367543,
        0.0,
        0.0,
        0.11212814645308924,
        0.4245614035087719,
        0.09803921568627451,
        0.06293706293706294,
        0.07758620689655173,
        0.28431372549019607,
        0.009009009009009009,
        0.116,
        0.16216216216216217,
        0.12878787878787878,
        0.30392156862745096,
        0.1826086956521739,
        0.24271844660194175,
        0.0,
        0.00847457627118644,
        0.13333333333333333,
        0.09848484848484848,
        0.5714285714285714,
        0.0,
        0.0,
        0.0,
        0.12437810945273632,
        0.0,
        0.1893939393939394,
        0.08411214953271028,
        0.16494845360824742,
        0.049019607843137254,
        0.06766917293233082,
        0.038834951456310676,
        0.2881944444444444,
        0.02631578947368421,
        0.0,
        0.11251758087201125,
        0.0,
        0.0,
        0.0,
        0.0,
        0.21768707482993196,
        0.54,
        0.6868686868686869,
        0.0,
        0.0,
        0.0,
        0.0,
        0.28448275862068967,
        0.2051792828685259,
        0.0,
        0.0,
        0.0,
        0.1739824421388667,
        0.3128205128205128,
        0.0,
        0.0,
        0.0,
        0.33229813664596275,
        0.0,
        0.0,
        0.0,
        0.0970873786407767,
        0.0,
        0.0,
        0.22341568206229862,
        0.0,
        0.3023255813953488,
        0.0,
        0.0,
        0.0,
        0.0,
        0.0,
        0.2901353965183752,
        0.26047904191616766
    ],