{
    "time": "2022-10-06-06-25-39",
    "episodes": 200,
    "performance history": [
        0.7878787878787878,
        0.0,
        0.0,
        0.0,
        0.0,
        0.0,
        0.0,
        0.6300268096514745,
        0.0,
        0.0,
        0.16083916083916083,
        0.19760479041916168,
        0.3977272727272727,
        0.36470588235294116,
        0.009433962264150943,
        0.050505050505050504,
        0.0,
        0.01,
        0.3670886075949367,
        0.01,
        0.5825242718446602,
        0.007142857142857143,
        0.36541598694942906,
        0.2631578947368421,
        0.16279069767441862,
        0.42424242424242425,
        0.3350253807106599,
        0.4086294416243655,
        0.8645357686453576,
        0.0,
        0.08737864077669903,
        0.24242424242424243,
        0.0,
        0.0,
        0.34309623430962344,
        0.3144963144963145,
        0.33146067415730335,
        0.30523255813953487,
        0.4661458333333333,
        0.0,
        0.36495388669301715,
        0.0,
        0.3103448275862069,
        0.24574209245742093,
        0.2570093457943925,
        0.0,
        0.2919254658385093,
        0.4714285714285714,
        0.0,
        0.0,
        0.2075098814229249,
        0.4513888888888889,
        0.8469750889679716,
        0.20654911838790932,
        0.0,
        0.3026706231454006,
        0.0,
        0.16820276497695852,
        0.3434991974317817,
        0.7034883720930233,
        0.0,
        0.0,
        0.5276967930029155,
        0.6280701754385964,
        0.6363636363636364,
        0.30745341614906835,
        0.0970873786407767,
        0.4962962962962963,
        0.0,
        0.0,
        0.44108761329305135,
        0.19463087248322147,
        0.34560906515580736,
        0.11932773109243698,
        0.3235294117647059,
        0.0,
        0.22727272727272727,
        0.18,
        0.0,
        0.00980392156862745,
        0.3163841807909605,
        0.0707070707070707,
        0.23274161735700197,
        0.1414141414141414,
        0.0,
        0.10891089108910891,
        0.29120879120879123,
        0.22879684418145957,
        0.30538922155688625,
        0.2561174551386623,
        0.0970873786407767,
        0.0,
        0.006097560975609756,
        0.009615384615384616,
        0.31907308377896615,
        0.0,
        0.30414746543778803,
        0.3140495867768595,
        0.0,
        0.0,
        0.3465909090909091,
        0.3247706422018349,
        0.25146198830409355,
        0.43273231622746183,
        0.0,
        0.0,
        0.35789473684210527,
        0.36747624076029567,
        0.14423076923076922,
        0.06779661016949153,
        0.631578947368421,
        0.0,
        0.0,
        0.4753246753246753,
        0.48905109489051096,
        0.38562091503267976,
        0.5914,
        0.527027027027027,
        0.559801693864904,
        0.5110565110565111,
        0.0,
        0.009174311926605505,
        0.3092105263157895,
        0.7714285714285715,
        0.019801980198019802,
        0.631578947368421,
        0.0,
        0.5253164556962026,
        0.6874518860662048,
        0.6631578947368421,
        0.0,
        0.41968911917098445,
        0.6258503401360545,
        0.6178343949044586,
        0.028037383177570093,
        0.9217687074829932,
        0.683046683046683,
        0.6497005988023952,
        0.5485714285714286,
        0.40404040404040403,
        0.34411764705882353,
        0.49940688018979834,
        0.5588235294117647,
        0.6858345021037868,
        0.4934210526315789,
        0.7612293144208038,
        0.36728395061728397,
        0.6628895184135978,
        0.7275449101796407,
        0.6982248520710059,
        0.8428874734607219,
        0.3544827586206897,
        0.0,
        0.0,
        0.19469026548672566,
        0.4937106918238994,
        0.6888260254596889,
        0.5493197278911565,
        0.6721311475409836,
        0.7184466019417476,
        0.72,
        0.8866666666666667,
        0.8053691275167785,
        0.0,
        0.683076923076923,
        0.7404021937842779,
        0.01,
        0.7304189435336976,
        0.775,
        0.936026936026936,
        0.8277511961722488,
        0.9759450171821306,
        0.752112676056338,
        0.9361111111111111,
        0.7743055555555556,
        0.7563739376770539,
        0.9342629482071713,
        0.9164619164619164,
        0.9238095238095239,
        0.9855491329479769,
        0.9678638941398866,
        0.9463087248322147,
        0.8984615384615384,
        0.9450867052023122,
        0.9534883720930233,
        0.8805237315875614,
        0.9580712788259959,
        0.9820359281437125,
        0.9333333333333333,
        0.7684210526315789,
        0.9278350515463918,
        0.9202453987730062,
        0.9498432601880877,
        0.967741935483871,
        0.886685552407932,
        0.9193302891933028,
        0.8081761006289309,
        0.8848484848484849,
        0.9863945578231292,
        0.6484848484848484
    ],