{
    "time": "2022-10-05-15-45-19",
    "episodes": 200,
    "performance history": [
        0.21739130434782608,
        0.0,
        0.0,
        0.05421686746987952,
        0.6587837837837838,
        0.40939597315436244,
        0.3180428134556575,
        0.54,
        0.35384615384615387,
        0.4178082191780822,
        0.010101010101010102,
        0.4970484061393152,
        0.5317919075144508,
        0.515850144092219,
        0.46706586826347307,
        0.40853658536585363,
        0.47619047619047616,
        0.49258160237388726,
        0.5006451612903225,
        0.5100250626566416,
        0.4371069182389937,
        0.5086705202312138,
        0.6136363636363636,
        0.0,
        0.2807017543859649,
        0.12,
        0.5224586288416075,
        0.10891089108910891,
        0.5136612021857924,
        0.5247524752475248,
        0.5314505776636713,
        0.6968164236834276,
        0.6691729323308271,
        0.7256944444444444,
        0.8784722222222222,
        0.6546762589928058,
        0.8022875816993464,
        0.8159722222222222,
        0.8658536585365854,
        0.947249434815373,
        0.9206798866855525,
        0.9184652278177458,
        0.703187250996016,
        0.9964912280701754,
        0.9603658536585366,
        0.8847352024922118,
        0.9694915254237289,
        0.9243027888446215,
        0.8730964467005076,
        0.9449152542372882,
        0.9131944444444444,
        0.9312714776632303,
        0.9635258358662614,
        0.9965034965034965,
        0.8204419889502762,
        0.9640883977900553,
        0.9894736842105263,
        0.9233333333333333,
        0.9795918367346939,
        0.7512562814070352,
        0.9455782312925171,
        0.7113821138211383,
        0.9052631578947369,
        0.7837837837837838,
        0.5780730897009967,
        0.637137989778535,
        0.596100278551532,
        0.8010443864229765,
        0.9323671497584541,
        0.8962818003913894,
        0.8588235294117647,
        0.8066465256797583,
        0.9206349206349206,
        0.8414634146341463,
        0.9656160458452722,
        0.8700906344410876,
        0.9854227405247813,
        0.9965034965034965,
        0.29766536964980544,
        0.634703196347032,
        0.5618729096989966,
        0.9115646258503401,
        0.8825214899713467,
        0.847457627118644,
        0.9653179190751445,
        0.8888888888888888,
        0.9653259361997226,
        0.0,
        0.8561643835616438,
        0.7549148099606815,
        0.8177570093457944,
        0.7852941176470588,
        0.8729641693811075,
        0.8982456140350877,
        0.7628865979381443,
        0.7828162291169452,
        0.8321513002364066,
        0.8034188034188035,
        0.8715277777777778,
        0.009345794392523364,
        0.9527027027027027,
        0.9228611500701263,
        0.8597359735973598,
        0.9272997032640949,
        0.9475218658892128,
        0.926509186351706,
        0.9276729559748428,
        0.9680365296803652,
        0.9518987341772152,
        0.8596491228070176,
        0.9254185692541856,
        0.8333333333333334,
        0.8805555555555555,
        0.875,
        0.9242636746143057,
        0.9593220338983051,
        0.9543859649122807,
        0.9965986394557823,
        0.9117647058823529,
        0.7859649122807018,
        0.8862559241706162,
        0.9503105590062112,
        0.9558263518659559,
        0.9610136452241715,
        0.9428571428571428,
        0.9797160243407708,
        0.9003322259136213,
        0.9903147699757869,
        0.9450171821305842,
        0.9152542372881356,
        0.9661277906081601,
        0.8923611111111112,
        0.8866666666666667,
        0.935374149659864,
        0.9151343705799151,
        0.9656357388316151,
        0.8666666666666667,
        0.9968354430379747,
        0.9441176470588235,
        0.9320987654320988,
        0.9663299663299664,
        0.9715189873417721,
        0.9980563654033042,
        0.9733333333333334,
        0.9521739130434783,
        0.9984779299847792,
        0.989345509893455,
        0.984743411927878,
        0.9649368863955119,
        0.7248427672955975,
        0.9476923076923077,
        0.9460093896713615,
        0.0,
        0.8275488069414316,
        0.9543859649122807,
        0.9802130898021308,
        0.9894736842105263,
        0.96398891966759,
        0.9340974212034384,
        0.743859649122807,
        0.9969418960244648,
        0.8865248226950354,
        0.9883381924198251,
        0.9969558599695586,
        0.8788187372708758,
        0.7629482071713147,
        0.9929824561403509,
        0.6911392405063291,
        0.4224137931034483,
        0.43520309477756286,
        0.6666666666666666,
        0.6880733944954128,
        0.7869415807560137,
        0.9046728971962616,
        0.937888198757764,
        0.9471947194719472,
        0.859122401847575,
        0.9613259668508287,
        0.9859649122807017,
        0.9776286353467561,
        0.9938650306748467,
        0.9112903225806451,
        0.9895591647331786,
        0.9683544303797469,
        0.9865319865319865,
        0.4491525423728814,
        0.9867674858223062,
        0.9700598802395209,
        0.9438596491228071,
        0.975609756097561,
        0.6027397260273972,
        0.9567901234567902,
        0.968421052631579,
        0.9620253164556962,
        0.9703264094955489,
        0.9473684210526315,
        0.976027397260274,
        0.8863109048723898,
        0.988394584139265,
        0.967816091954023
    ],