{
    "time": "2022-10-06-06-52-08",
    "episodes": 200,
    "performance history": [
        0.1,
        0.28034682080924855,
        0.0,
        0.43434343434343436,
        0.0,
        0.358974358974359,
        0.0,
        0.2361111111111111,
        0.0,
        0.1899335232668566,
        0.2587621178225205,
        0.58,
        0.17567567567567569,
        0.007462686567164179,
        0.1294851794071763,
        0.0,
        0.0,
        0.4965034965034965,
        0.0,
        0.0,
        0.0,
        0.1996124031007752,
        0.0,
        0.008849557522123894,
        0.07920792079207921,
        0.32748538011695905,
        0.5034722222222222,
        0.0,
        0.6981132075471698,
        0.7894736842105263,
        0.18622448979591838,
        0.27,
        0.0,
        0.0,
        0.18613861386138614,
        0.0,
        0.5138888888888888,
        0.0,
        0.28776978417266186,
        0.00980392156862745,
        0.0,
        0.21379310344827587,
        0.6978954514596063,
        0.34285714285714286,
        0.587248322147651,
        0.00980392156862745,
        0.3452471482889734,
        0.0,
        0.008771929824561403,
        0.07,
        0.3442622950819672,
        0.30642504118616143,
        0.4921875,
        0.0,
        0.20984455958549222,
        0.0,
        0.0,
        0.3299319727891156,
        0.0,
        0.0,
        0.40993788819875776,
        0.0,
        0.1267605633802817,
        0.6491228070175439,
        0.37606837606837606,
        0.2868217054263566,
        0.006666666666666667,
        0.3781094527363184,
        0.0,
        0.6026490066225165,
        0.0,
        0.008403361344537815,
        0.0,
        0.25042301184433163,
        0.7291666666666666,
        0.0,
        0.0,
        0.0,
        0.44954128440366975,
        0.0,
        0.009615384615384616,
        0.04,
        0.2482758620689655,
        0.5963302752293578,
        0.33203125,
        0.46788990825688076,
        0.4383561643835616,
        0.009708737864077669,
        0.02654867256637168,
        0.0,
        0.0,
        0.29846938775510207,
        0.3463687150837989,
        0.7075471698113207,
        0.5178571428571429,
        0.27624309392265195,
        0.14285714285714285,
        0.29873417721518986,
        0.2636986301369863,
        0.009615384615384616,
        0.056074766355140186,
        0.291358024691358,
        0.2926356589147287,
        0.3104575163398693,
        0.020202020202020204,
        0.5049833887043189,
        0.0,
        0.0,
        0.01,
        0.6875,
        0.3476923076923077,
        0.56875,
        0.009708737864077669,
        0.22039473684210525,
        0.08771929824561403,
        0.023622047244094488,
        0.009708737864077669,
        0.2882882882882883,
        0.8301886792452831,
        0.27901234567901234,
        0.007142857142857143,
        0.3490566037735849,
        0.4329896907216495,
        0.01,
        0.2288135593220339,
        0.32019704433497537,
        0.13178294573643412,
        0.25951557093425603,
        0.007633587786259542,
        0.5353535353535354,
        0.39939024390243905,
        0.7864077669902912,
        0.2485207100591716,
        0.22712418300653595,
        0.0,
        0.20588235294117646,
        0.375,
        0.23125,
        0.16080402010050251,
        0.24965325936199723,
        0.0,
        0.2628398791540785,
        0.5162162162162162,
        0.0,
        0.4818181818181818,
        0.46226415094339623,
        0.391578947368421,
        0.3263598326359833,
        0.34375,
        0.29133858267716534,
        0.3388888888888889,
        0.3333333333333333,
        0.21705426356589147,
        0.36893203883495146,
        0.35802469135802467,
        0.0,
        0.0,
        0.009523809523809525,
        0.0990990990990991,
        0.2111801242236025,
        0.11009174311926606,
        0.52,
        0.31942215088282505,
        0.22096317280453256,
        0.7326732673267327,
        0.34705882352941175,
        0.3108910891089109,
        0.00980392156862745,
        0.2230971128608924,
        0.4041095890410959,
        0.3563218390804598,
        0.09803921568627451,
        0.22727272727272727,
        0.40594059405940597,
        0.363013698630137,
        0.009259259259259259,
        1.0,
        0.07377049180327869,
        0.5882352941176471,
        0.625,
        0.696078431372549,
        0.12403100775193798,
        0.9964912280701754,
        0.007874015748031496,
        0.4523809523809524,
        0.45588235294117646,
        0.2,
        0.010101010101010102,
        0.47337278106508873,
        0.7291666666666666,
        0.4519230769230769,
        0.0,
        0.5113122171945701,
        0.007751937984496124,
        0.38263665594855306,
        0.32289628180039137,
        0.6206896551724138,
        0.9270833333333334,
        0.35789473684210527,
        0.3220338983050847
    ],