{
    "time": "2022-10-06-04-16-06",
    "episodes": 200,
    "performance history": [
        0.1717171717171717,
        0.4326241134751773,
        0.0,
        0.0,
        0.24925816023738873,
        0.0,
        0.0,
        0.0,
        0.0,
        0.0,
        0.0,
        0.0,
        0.0,
        0.24644549763033174,
        0.0,
        0.0,
        0.048484848484848485,
        0.2191780821917808,
        0.16169544740973313,
        0.28,
        0.0,
        0.0,
        0.0,
        0.0,
        0.0,
        0.0,
        0.5070422535211268,
        0.45,
        0.0,
        0.0,
        0.0,
        0.4632352941176471,
        0.0,
        0.0,
        0.3238993710691824,
        0.25862068965517243,
        0.0,
        0.15165876777251186,
        0.2809667673716012,
        0.0,
        0.0,
        0.0,
        0.47794117647058826,
        0.0,
        0.0,
        0.0,
        0.16890080428954424,
        0.0,
        0.0,
        0.0,
        0.0,
        0.20736434108527133,
        0.2639593908629442,
        0.032,
        0.006329113924050633,
        0.0,
        0.19889502762430938,
        0.0,
        0.43661971830985913,
        0.18244406196213425,
        0.0,
        0.0,
        0.0,
        0.3496932515337423,
        0.28307692307692306,
        0.0,
        0.28,
        0.0,
        0.24519230769230768,
        0.23076923076923078,
        0.2598187311178248,
        0.0,
        0.28615384615384615,
        0.0,
        0.0,
        0.0,
        0.2267536704730832,
        0.0,
        0.40869565217391307,
        0.4240506329113924,
        0.0,
        0.48214285714285715,
        0.35833333333333334,
        0.0,
        0.3468208092485549,
        0.1807909604519774,
        0.2818181818181818,
        0.039014373716632446,
        0.0,
        0.0,
        0.0,
        0.0,
        0.0,
        0.21846553966189858,
        0.0,
        0.5,
        0.2509881422924901,
        0.2616822429906542,
        0.3180428134556575,
        0.23255813953488372,
        0.0,
        0.0,
        0.0,
        0.0,
        0.0,
        0.0,
        0.1111111111111111,
        0.0,
        0.0,
        0.0,
        0.26548672566371684,
        0.21634615384615385,
        0.2219020172910663,
        0.0,
        0.0,
        0.0,
        0.0,
        0.33015873015873015,
        0.0,
        0.2247191011235955,
        0.0,
        0.0,
        0.0,
        0.0,
        0.0,
        0.25120772946859904,
        0.0,
        0.0,
        0.0,
        0.0,
        0.0,
        0.0,
        0.08024691358024691,
        0.0,
        0.2159090909090909,
        0.42758620689655175,
        0.0,
        0.29347826086956524,
        0.16587677725118483,
        0.33532934131736525,
        0.0,
        0.0,
        0.25728155339805825,
        0.0,
        0.0,
        0.0,
        0.256797583081571,
        0.24629080118694363,
        0.058823529411764705,
        0.0,
        0.38961038961038963,
        0.0,
        0.22113502935420742,
        0.16422764227642275,
        0.1828793774319066,
        0.0,
        0.0,
        0.5142857142857142,
        0.0,
        0.24629080118694363,
        0.0,
        0.0,
        0.0,
        0.0,
        0.0,
        0.2522255192878338,
        0.07352941176470588,
        0.3029411764705882,
        0.0,
        0.4482758620689655,
        0.0,
        0.009174311926605505,
        0.1532258064516129,
        0.08411214953271028,
        0.0,
        0.31645569620253167,
        0.0,
        0.23314606741573032,
        0.0,
        0.0,
        0.22309197651663404,
        0.0,
        0.0,
        0.0,
        0.20748299319727892,
        0.328125,
        0.18658280922431866,
        0.0,
        0.5148279952550415,
        0.26025459688826025,
        0.0,
        0.0,
        0.0,
        0.4166666666666667,
        0.40816326530612246,
        0.43356643356643354,
        0.0,
        0.0,
        0.008695652173913044,
        0.05357142857142857
    ],