{
    "time": "2022-10-05-13-04-41",
    "episodes": 200,
    "performance history": [
        0.1650485436893204,
        0.0,
        0.181058495821727,
        0.17178362573099415,
        0.3687150837988827,
        0.024,
        0.0,
        0.007633587786259542,
        0.0,
        0.009433962264150943,
        0.13920454545454544,
        0.43902439024390244,
        0.3090909090909091,
        0.3048128342245989,
        0.3090865152247462,
        0.0,
        0.0,
        0.0,
        0.0,
        0.4305555555555556,
        0.0,
        0.0,
        0.22549019607843138,
        0.0,
        0.06666666666666667,
        0.0,
        0.0,
        0.28353658536585363,
        0.1994459833795014,
        0.39072847682119205,
        0.0,
        0.0,
        0.21014492753623187,
        0.09090909090909091,
        0.008771929824561403,
        0.08080808080808081,
        0.45614035087719296,
        0.34513274336283184,
        0.19287833827893175,
        0.0,
        0.008771929824561403,
        0.04310344827586207,
        0.009345794392523364,
        0.050505050505050504,
        0.0,
        0.13928012519561817,
        0.0,
        0.00909090909090909,
        0.056910569105691054,
        0.03,
        0.22794117647058823,
        0.2153846153846154,
        0.043478260869565216,
        0.05785123966942149,
        0.21149425287356322,
        0.2828282828282828,
        0.0,
        0.0,
        0.0,
        0.0,
        0.3806970509383378,
        0.15789473684210525,
        0.18055555555555555,
        0.18468468468468469,
        0.0,
        0.04639175257731959,
        0.20391061452513967,
        0.4811320754716981,
        0.0,
        0.0,
        0.0,
        0.0,
        0.0,
        0.24788732394366197,
        0.12804878048780488,
        0.0,
        0.34782608695652173,
        0.02,
        0.009259259259259259,
        0.02586206896551724,
        0.2848101265822785,
        0.0,
        0.2929936305732484,
        0.08653846153846154,
        0.4471299093655589,
        0.5181818181818182,
        0.009174311926605505,
        0.5844155844155844,
        0.08571428571428572,
        0.07627118644067797,
        0.11518324607329843,
        0.009615384615384616,
        0.6560509554140127,
        0.1794871794871795,
        0.0,
        0.09090909090909091,
        0.19230769230769232,
        0.0,
        0.0,
        0.2459016393442623,
        0.43119266055045874,
        0.3197969543147208,
        0.0,
        0.22580645161290322,
        0.36649214659685864,
        0.34545454545454546,
        0.0,
        0.3333333333333333,
        0.14691943127962084,
        0.5865384615384616,
        0.0594059405940594,
        0.32558139534883723,
        0.10891089108910891,
        0.2982456140350877,
        0.4722222222222222,
        0.0625,
        0.10784313725490197,
        0.39649122807017545,
        0.2642857142857143,
        0.10919540229885058,
        0.009523809523809525,
        0.04854368932038835,
        0.15517241379310345,
        0.0,
        0.0,
        0.2549019607843137,
        0.0,
        0.0,
        0.0,
        0.0,
        0.23661971830985915,
        0.75,
        0.7431192660550459,
        0.0,
        0.26903553299492383,
        0.0392156862745098,
        0.3795620437956204,
        0.10101010101010101,
        0.0,
        0.0,
        0.0,
        0.0,
        0.0,
        0.0,
        0.14150943396226415,
        0.016,
        0.10828025477707007,
        0.2930513595166163,
        0.274703557312253,
        0.0,
        0.2222222222222222,
        0.3236994219653179,
        0.0,
        0.11764705882352941,
        0.0,
        0.0,
        0.0,
        0.0,
        0.37425149700598803,
        0.0,
        0.5740740740740741,
        0.0,
        0.0,
        0.0,
        0.2818991097922849,
        0.0,
        0.0,
        0.020202020202020204,
        0.0,
        0.0,
        0.010101010101010102,
        0.21626297577854672,
        0.0,
        0.0,
        0.0,
        0.23274161735700197,
        0.030303030303030304,
        0.0,
        0.0,
        0.05825242718446602,
        0.07339449541284404,
        0.06993006993006994,
        0.35514018691588783,
        0.1461187214611872,
        0.007633587786259542,
        0.030303030303030304,
        0.11304347826086956,
        0.22941176470588234,
        0.09803921568627451,
        0.17543859649122806,
        0.16042780748663102,
        0.34108527131782945,
        0.15,
        0.0,
        0.3087719298245614,
        0.47619047619047616,
        0.21935483870967742,
        0.2922077922077922,
        0.6033898305084746,
        0.0
    ],