{
    "time": "2022-10-05-18-56-14",
    "episodes": 200,
    "performance history": [
        0.49846153846153846,
        0.0,
        0.19718309859154928,
        0.0,
        0.3670886075949367,
        0.0979381443298969,
        0.27287319422150885,
        0.0,
        0.0,
        0.39622641509433965,
        0.3106796116504854,
        0.0392156862745098,
        0.21226415094339623,
        0.0,
        0.1649122807017544,
        0.0,
        0.0,
        0.0,
        0.0,
        0.0,
        0.27419354838709675,
        0.14,
        0.0,
        0.1716589861751152,
        0.0,
        0.0,
        0.0,
        0.09523809523809523,
        0.1069182389937107,
        0.06521739130434782,
        0.10101010101010101,
        0.0,
        0.17061611374407584,
        0.5242718446601942,
        0.017543859649122806,
        0.044642857142857144,
        0.16470588235294117,
        0.0,
        0.085,
        0.1644295302013423,
        0.0,
        0.0,
        0.0,
        0.0,
        0.0,
        0.0,
        0.10555555555555556,
        0.013513513513513514,
        0.10052910052910052,
        0.42201834862385323,
        0.5523809523809524,
        0.4528301886792453,
        0.21804511278195488,
        0.06153846153846154,
        0.09433962264150944,
        0.0,
        0.0,
        0.0,
        0.0,
        0.0,
        0.6596491228070176,
        0.34293948126801155,
        0.0,
        0.14261168384879724,
        0.0,
        0.0,
        0.27102803738317754,
        0.3109987357774968,
        0.26436781609195403,
        0.40938511326860844,
        0.0,
        0.3088235294117647,
        0.0,
        0.0,
        0.3119533527696793,
        0.04040404040404041,
        0.0,
        0.0,
        0.2222222222222222,
        0.5034013605442177,
        0.0,
        0.0,
        0.0,
        0.0,
        0.4046242774566474,
        0.3125,
        0.0,
        0.0,
        0.31390134529147984,
        0.0,
        0.0,
        0.2072072072072072,
        0.030303030303030304,
        0.3953488372093023,
        0.42424242424242425,
        0.013986013986013986,
        0.0,
        0.5089285714285714,
        0.8020833333333334,
        0.0,
        0.27179763186221745,
        0.09090909090909091,
        0.2845528455284553,
        0.0,
        0.20553359683794467,
        0.0,
        0.0,
        0.47619047619047616,
        0.25207296849087896,
        0.0,
        0.5779816513761468,
        0.8315789473684211,
        0.8518518518518519,
        0.0,
        0.0,
        0.0,
        0.24170616113744076,
        0.17177097203728361,
        0.0,
        0.0,
        0.0,
        0.5485074626865671,
        0.0,
        0.18164435946462715,
        0.14928909952606634,
        0.6938775510204082,
        0.46,
        0.0,
        0.0,
        0.33766233766233766,
        0.008849557522123894,
        0.514018691588785,
        0.5514018691588785,
        0.23648648648648649,
        0.18958333333333333,
        0.17699115044247787,
        0.0,
        0.0,
        0.43636363636363634,
        0.3333333333333333,
        0.2473266643670231,
        0.6041666666666666,
        0.0,
        0.22349570200573066,
        0.23737373737373738,
        0.2549019607843137,
        0.16556291390728478,
        0.8301486199575372,
        0.03773584905660377,
        0.35833333333333334,
        0.00980392156862745,
        0.5910652920962199,
        0.21641791044776118,
        0.21367521367521367,
        0.0,
        0.2687296416938111,
        0.0,
        0.21518987341772153,
        0.2079207920792079,
        0.3261538461538461,
        0.6701030927835051,
        0.009708737864077669,
        0.4444444444444444,
        0.0784313725490196,
        0.36151603498542273,
        0.12,
        0.04040404040404041,
        0.2919254658385093,
        0.2903225806451613,
        0.2056338028169014,
        0.23529411764705882,
        0.0,
        0.2771929824561403,
        0.12121212121212122,
        0.18666666666666668,
        0.06060606060606061,
        0.7523809523809524,
        0.4323529411764706,
        0.5590277777777778,
        0.2079207920792079,
        0.5,
        0.0,
        0.009708737864077669,
        0.2782874617737003,
        0.29614767255216695,
        0.41621621621621624,
        0.5057471264367817,
        0.8368055555555556,
        0.39473684210526316,
        0.4578313253012048,
        0.40559440559440557,
        0.7596153846153846,
        0.7757009345794392,
        0.8213058419243986,
        0.7673611111111112,
        0.2787878787878788,
        0.2146341463414634,
        0.28133704735376047,
        0.39745403111739747,
        0.44285714285714284
    ],